INFO-FLOW: Workspace /home/sam/project/vitis_hls/new_fixedpoint2205/solution1 opened at Tue May 30 11:08:11 CEST 2023
Execute     ap_set_clock -name default -period 6.75 -default=false 
INFO: [SYN 201-201] Setting up clock 'default' with a period of 6.75ns.
Execute     set_part xc7z020-clg400-1 
Execute       create_platform xc7z020-clg400-1 -board  
DBG:HLSDevice: Trying to load device library: /tools/Xilinx/Vitis_HLS/2021.2/lib/lnx64.o/librdi_hlsvwrap.so
DBG:HLSDevice: first parts/arch.xml in RDI_DATADIR: /tools/Xilinx/Vivado/2021.2/data/parts/arch.xml
DBG:HLSDevice: init success
Execute         source /tools/Xilinx/Vitis_HLS/2021.2/common/technology/xilinx/DSP48/dsp48.hlp 
Execute         source /tools/Xilinx/Vitis_HLS/2021.2/common/technology/xilinx/DSP48/zynq_dsp48e1.hlp 
INFO: [HLS 200-1611] Setting target device to 'xc7z020-clg400-1'
Command       create_platform done; 1.01 sec.
Execute       source /tools/Xilinx/Vitis_HLS/2021.2/common/technology/xilinx/common/xilinx.gen 
Execute         source /tools/Xilinx/Vitis_HLS/2021.2/common/technology/xilinx/interface/plb46.gen 
Execute         source /tools/Xilinx/Vitis_HLS/2021.2/common/technology/xilinx/interface/axi4.gen 
Execute         source /tools/Xilinx/Vitis_HLS/2021.2/common/technology/xilinx/interface/nativeAXI4.gen 
Execute           source /tools/Xilinx/Vitis_HLS/2021.2/common/technology/xilinx/interface/saxilite.gen 
Execute           source /tools/Xilinx/Vitis_HLS/2021.2/common/technology/xilinx/interface/maxi.gen 
Execute         source /tools/Xilinx/Vitis_HLS/2021.2/common/technology/xilinx/scripts/xilinxcoregen.gen 
Execute         source /tools/Xilinx/Vitis_HLS/2021.2/common/technology/xilinx/interface/XilEDKCoreGen.gen 
Execute         source /tools/Xilinx/Vitis_HLS/2021.2/common/technology/xilinx/ip/util.gen 
Execute         source /tools/Xilinx/Vitis_HLS/2021.2/common/technology/xilinx/ip/xfft.gen 
Execute         source /tools/Xilinx/Vitis_HLS/2021.2/common/technology/xilinx/ip/xfir.gen 
Execute         source /tools/Xilinx/Vitis_HLS/2021.2/common/technology/xilinx/ip/dds_compiler.gen 
Execute         source /tools/Xilinx/Vitis_HLS/2021.2/common/technology/xilinx/DSP48/dsp48.gen 
Execute       ap_part_info -name xc7z020-clg400-1 -data info 
Execute       config_compile -quiet -complex-mul-dsp=0 
Command     set_part done; 1.13 sec.
Execute     send_msg_by_id INFO @200-1505@%s%s  vivado 
INFO: [HLS 200-1505] Using flow_target 'vivado'
Execute     get_config_interface -m_axi_latency 
Execute     get_config_interface -m_axi_alignment_byte_size 
Execute     get_config_interface -m_axi_max_widen_bitwidth 
Execute     get_config_interface -default_interface 
Execute     get_config_rtl -register_reset_num 
Execute     send_msg_by_id INFO @200-1464@%s config_export -display_name=nfp02 
INFO: [HLS 200-1464] Running solution command: config_export -display_name=nfp02
Execute     config_export -display_name=nfp02 
Execute     send_msg_by_id INFO @200-1464@%s config_export -format=ip_catalog 
INFO: [HLS 200-1464] Running solution command: config_export -format=ip_catalog
Execute     config_export -format=ip_catalog 
Execute     send_msg_by_id INFO @200-1464@%s config_export -rtl=verilog 
INFO: [HLS 200-1464] Running solution command: config_export -rtl=verilog
Execute     config_export -rtl=verilog 
Command   open_solution done; 1.15 sec.
Execute   set_part xc7z020-clg400-1 
INFO: [HLS 200-1510] Running: set_part xc7z020-clg400-1 
Execute     create_platform xc7z020-clg400-1 -board  
Execute       source /tools/Xilinx/Vitis_HLS/2021.2/common/technology/xilinx/DSP48/dsp48.hlp 
Execute       source /tools/Xilinx/Vitis_HLS/2021.2/common/technology/xilinx/DSP48/zynq_dsp48e1.hlp 
Execute     source /tools/Xilinx/Vitis_HLS/2021.2/common/technology/xilinx/common/xilinx.gen 
Execute       source /tools/Xilinx/Vitis_HLS/2021.2/common/technology/xilinx/interface/plb46.gen 
Execute       source /tools/Xilinx/Vitis_HLS/2021.2/common/technology/xilinx/interface/axi4.gen 
Execute       source /tools/Xilinx/Vitis_HLS/2021.2/common/technology/xilinx/interface/nativeAXI4.gen 
Execute         source /tools/Xilinx/Vitis_HLS/2021.2/common/technology/xilinx/interface/saxilite.gen 
Execute         source /tools/Xilinx/Vitis_HLS/2021.2/common/technology/xilinx/interface/maxi.gen 
Execute       source /tools/Xilinx/Vitis_HLS/2021.2/common/technology/xilinx/scripts/xilinxcoregen.gen 
Execute       source /tools/Xilinx/Vitis_HLS/2021.2/common/technology/xilinx/interface/XilEDKCoreGen.gen 
Execute       source /tools/Xilinx/Vitis_HLS/2021.2/common/technology/xilinx/ip/util.gen 
Execute       source /tools/Xilinx/Vitis_HLS/2021.2/common/technology/xilinx/ip/xfft.gen 
Execute       source /tools/Xilinx/Vitis_HLS/2021.2/common/technology/xilinx/ip/xfir.gen 
Execute       source /tools/Xilinx/Vitis_HLS/2021.2/common/technology/xilinx/ip/dds_compiler.gen 
Execute       source /tools/Xilinx/Vitis_HLS/2021.2/common/technology/xilinx/DSP48/dsp48.gen 
Execute     ap_part_info -name xc7z020-clg400-1 -data info 
Execute     config_compile -quiet -complex-mul-dsp=0 
Command   set_part done; 0.11 sec.
Execute   create_clock -period 6.75 -name default 
INFO: [HLS 200-1510] Running: create_clock -period 6.75 -name default 
Execute   config_export -display_name nfp02 -format ip_catalog -rtl verilog 
INFO: [HLS 200-1510] Running: config_export -display_name nfp02 -format ip_catalog -rtl verilog 
Execute   source ./new_fixedpoint2205/solution1/directives.tcl 
Execute     set_directive_top -name rrt rrt 
INFO: [HLS 200-1510] Running: set_directive_top -name rrt rrt 
Execute   csynth_design 
INFO: [HLS 200-1510] Running: csynth_design 
Execute     get_config_compile -effort 
Execute     get_config_compile -enable_clang39 
Execute     get_config_compile -g 
Execute     get_config_compile -hw_syn 
Execute     get_config_compile -ng 
Execute     get_config_compile -opt_fp 
Execute     get_config_compile -skip_cdt 
Execute     get_config_compile -skip_syncheck 
Execute     get_config_compile -skip_transform 
Execute     get_config_compile -pre_tcl 
Execute     get_config_compile -keep_printf 
Execute     elaborate -effort=medium -skip_syncheck=0 -keep_printf=0 -skip_cdt=0 -skip_transform=0 -ng=0 -g=0 -opt_fp=0 -from_csynth_design=1 
INFO: [HLS 200-111] Finished File checks and directory preparation: CPU user time: 0.01 seconds. CPU system time: 0 seconds. Elapsed time: 0.01 seconds; current allocated memory: 1.194 GB.
INFO: [HLS 200-10] Analyzing design file 'new_fixedpoint2205/main.cpp' ... 
INFO-FLOW: Compiling one TU...
Execute       get_config_compile -pragma_strict_mode 
INFO-FLOW: Handling new_fixedpoint2205/main.cpp as C++
Execute       ap_part_info -name xc7z020-clg400-1 -data info 
INFO-FLOW: Running: GCC PP 39
INFO-FLOW: Source preprocessing
Execute       ap_eval exec -ignorestderr /tools/Xilinx/Vitis_HLS/2021.2/lnx64/tools/clang-3.9-csynth/bin/clang new_fixedpoint2205/main.cpp -foptimization-record-file=/home/sam/project/vitis_hls/new_fixedpoint2205/solution1/.autopilot/db/main.cpp.clang.diag.yml -mllvm -pass-remarks-missed=reflow|pasta|unroll -mllvm -pass-remarks=reflow|pasta|unroll|inline -fno-limit-debug-info -gcc-toolchain /tools/Xilinx/Vitis_HLS/2021.2/tps/lnx64/gcc-6.2.0 -fhls -fno-exceptions -E -fno-math-errno -c -emit-llvm -mllvm -disable-llvm-optzns -Werror=implicit-function-declaration -Werror=implicit-hls-streams -Werror=return-type -Wpragmas -Wunused-parameter -Wdump-hls-pragmas -fno-threadsafe-statics -fno-use-cxa-atexit -std=gnu++14 -target fpga64-xilinx-linux-gnu -fno-threadsafe-statics -fno-use-cxa-atexit -D__VITIS_HLS__ -DAESL_SYN -D__SYNTHESIS__ -D__HLS_SYN__ -I /tools/Xilinx/Vitis_HLS/2021.2/common/technology/autopilot -I /tools/Xilinx/Vitis_HLS/2021.2/common/technology/autopilot/ap_sysc -include etc/autopilot_ssdm_op.h -D__DSP48E1__ -I /usr/include/x86_64-linux-gnu -o /home/sam/project/vitis_hls/new_fixedpoint2205/solution1/.autopilot/db/main.pp.0.cpp -hls-platform-db-name=/tools/Xilinx/Vitis_HLS/2021.2/common/technology/xilinx/common/platform.db -hls-platform-name=zynq_slow > /home/sam/project/vitis_hls/new_fixedpoint2205/solution1/.autopilot/db/main.cpp.clang.out.log 2> /home/sam/project/vitis_hls/new_fixedpoint2205/solution1/.autopilot/db/main.cpp.clang.err.log 
Command       ap_eval done; 0.11 sec.
INFO-FLOW: Done: GCC PP 39 time: 0.1 seconds per iteration
Execute       set_directive_top rrt -name=rrt 
Execute       source /tools/Xilinx/Vitis_HLS/2021.2/tps/tcl/tcllib1.11.1/yaml/huddle.tcl 
Execute       source /tools/Xilinx/Vitis_HLS/2021.2/tps/tcl/tcllib1.11.1/yaml/json2huddle.tcl 
Execute         source /tools/Xilinx/Vitis_HLS/2021.2/tps/tcl/tcllib1.11.1/try/try.tcl 
Execute       list_core -type functional_unit 
INFO-FLOW: Source syntax check for synthesis
Execute       ap_eval exec -ignorestderr /tools/Xilinx/Vitis_HLS/2021.2/lnx64/tools/clang-3.9-csynth/bin/clang -foptimization-record-file=/home/sam/project/vitis_hls/new_fixedpoint2205/solution1/.autopilot/db/clang.diag.yml -mllvm -pass-remarks-missed=reflow|pasta|unroll -mllvm -pass-remarks=reflow|pasta|unroll|inline -fsyntax-only -fhls -target fpga64-xilinx-linux-gnu /home/sam/project/vitis_hls/new_fixedpoint2205/solution1/.autopilot/db/main.pp.0.cpp -hls-platform-db-name=/tools/Xilinx/Vitis_HLS/2021.2/common/technology/xilinx/common/platform.db -hls-platform-name=zynq_slow > /home/sam/project/vitis_hls/new_fixedpoint2205/solution1/.autopilot/db/clang.out.log 2> /home/sam/project/vitis_hls/new_fixedpoint2205/solution1/.autopilot/db/clang.err.log 
Command       ap_eval done; 0.42 sec.
Execute       clang_tidy xilinx-systemc-detector -desc systemc-detector /home/sam/project/vitis_hls/new_fixedpoint2205/solution1/.autopilot/db/main.pp.0.cpp std=gnu++14 -target fpga  -directive=/home/sam/project/vitis_hls/new_fixedpoint2205/solution1/.autopilot/db/.systemc_flag 
INFO-FLOW: exec /tools/Xilinx/Vitis_HLS/2021.2/lnx64/tools/clang-3.9-csynth/bin/clang-tidy -header-filter=.* --checks=-*,xilinx-systemc-detector -import-directive=/home/sam/project/vitis_hls/new_fixedpoint2205/solution1/.autopilot/db/.systemc_flag -fix-errors /home/sam/project/vitis_hls/new_fixedpoint2205/solution1/.autopilot/db/main.pp.0.cpp -- -std=gnu++14 -target fpga -fhls -ferror-limit=0
Command       clang_tidy done; 0.41 sec.
INFO-FLOW: Running: clang-tidy CDT preprocess 39
Execute       clang_tidy xilinx-directive2pragma -desc directive2pragma /home/sam/project/vitis_hls/new_fixedpoint2205/solution1/.autopilot/db/main.pp.0.cpp std=gnu++14 -target fpga  -directive=/home/sam/project/vitis_hls/new_fixedpoint2205/solution1/.autopilot/db/all.directive.json 
INFO-FLOW: exec /tools/Xilinx/Vitis_HLS/2021.2/lnx64/tools/clang-3.9-csynth/bin/clang-tidy -header-filter=.* --checks=-*,xilinx-directive2pragma -import-directive=/home/sam/project/vitis_hls/new_fixedpoint2205/solution1/.autopilot/db/all.directive.json -fix-errors /home/sam/project/vitis_hls/new_fixedpoint2205/solution1/.autopilot/db/main.pp.0.cpp -- -std=gnu++14 -target fpga -fhls -ferror-limit=0
Command       clang_tidy done; 0.61 sec.
Execute       clang_tidy xilinx-constantarray-param,xilinx-remove-assert -desc constantarray_remove-assert /home/sam/project/vitis_hls/new_fixedpoint2205/solution1/.autopilot/db/main.pp.0.cpp std=gnu++14 -target fpga  
INFO-FLOW: exec /tools/Xilinx/Vitis_HLS/2021.2/lnx64/tools/clang-3.9-csynth/bin/clang-tidy -header-filter=.* --checks=-*,xilinx-constantarray-param,xilinx-remove-assert -fix-errors /home/sam/project/vitis_hls/new_fixedpoint2205/solution1/.autopilot/db/main.pp.0.cpp -- -std=gnu++14 -target fpga -fhls -ferror-limit=0
Command       clang_tidy done; 0.68 sec.
INFO-FLOW: Done: clang-tidy CDT preprocess 39 time: 1.3 seconds per iteration
INFO-FLOW: Calling xilinx-label-all-loops ... 
INFO-FLOW: Calling xilinx-aggregate-on-hls-vector ... 
Execute       clang_tidy -errorcheck -desc loop-label xilinx-label-all-loops,xilinx-aggregate-on-hls-vector,,xilinx-warn-mayneed-no-ctor-attribute /home/sam/project/vitis_hls/new_fixedpoint2205/solution1/.autopilot/db/main.pp.0.cpp std=gnu++14 -target fpga  
Execute         ap_eval exec -ignorestderr /tools/Xilinx/Vitis_HLS/2021.2/lnx64/tools/clang-3.9-csynth/bin/clang-tidy -export-fixes=/home/sam/project/vitis_hls/new_fixedpoint2205/solution1/.autopilot/db/main.pp.0.cpp.clang-tidy.loop-label.diag.yml -header-filter=.* --checks=-*,xilinx-label-all-loops,xilinx-aggregate-on-hls-vector,,xilinx-warn-mayneed-no-ctor-attribute -fix-errors /home/sam/project/vitis_hls/new_fixedpoint2205/solution1/.autopilot/db/main.pp.0.cpp -- -std=gnu++14 -target fpga -fhls -ferror-limit=0 > /home/sam/project/vitis_hls/new_fixedpoint2205/solution1/.autopilot/db/main.pp.0.cpp.clang-tidy.loop-label.out.log 2> /home/sam/project/vitis_hls/new_fixedpoint2205/solution1/.autopilot/db/main.pp.0.cpp.clang-tidy.loop-label.err.log 
Command         ap_eval done; 0.8 sec.
Execute         source /tools/Xilinx/Vitis_HLS/2021.2/tps/tcl/tcllib1.11.1/yaml/yaml.tcl 
Command       clang_tidy done; 0.83 sec.
Execute       get_config_dataflow -strict_mode 
Execute       ap_eval exec -ignorestderr /tools/Xilinx/Vitis_HLS/2021.2/lnx64/tools/clang-3.9-csynth/bin/xilinx-dataflow-lawyer -export-fixes=/home/sam/project/vitis_hls/new_fixedpoint2205/solution1/.autopilot/db/main.pp.0.cpp.xilinx-dataflow-lawyer.diag.yml /home/sam/project/vitis_hls/new_fixedpoint2205/solution1/.autopilot/db/main.pp.0.cpp -- -std=gnu++14 -target fpga -fhls -ferror-limit=0 -fstrict-dataflow > /home/sam/project/vitis_hls/new_fixedpoint2205/solution1/.autopilot/db/main.pp.0.cpp.xilinx-dataflow-lawyer.out.log 2> /home/sam/project/vitis_hls/new_fixedpoint2205/solution1/.autopilot/db/main.pp.0.cpp.xilinx-dataflow-lawyer.err.log 
Command       ap_eval done; 0.38 sec.
Execute       ap_part_info -name xc7z020-clg400-1 -data info 
INFO-FLOW: compiling source code to llvm bc
Execute       ap_eval exec -ignorestderr /tools/Xilinx/Vitis_HLS/2021.2/lnx64/tools/clang-3.9-csynth/bin/clang -foptimization-record-file=/home/sam/project/vitis_hls/new_fixedpoint2205/solution1/.autopilot/db/main.pp.0.cpp.clang.diag.yml -mllvm -pass-remarks-missed=reflow|pasta|unroll -mllvm -pass-remarks=reflow|pasta|unroll|inline -fno-limit-debug-info -fhls -flto -fno-exceptions -Wno-error=c++11-narrowing /home/sam/project/vitis_hls/new_fixedpoint2205/solution1/.autopilot/db/main.pp.0.cpp -fno-math-errno -c -emit-llvm -mllvm -disable-llvm-optzns -Werror=implicit-function-declaration -Werror=implicit-hls-streams -Werror=return-type -Wpragmas -Wunused-parameter -Wdump-hls-pragmas -fno-threadsafe-statics -fno-use-cxa-atexit -std=gnu++14 -target fpga64-xilinx-linux-gnu -D__VITIS_HLS__ -DAESL_SYN -D__SYNTHESIS__ -D__HLS_SYN__ -I /tools/Xilinx/Vitis_HLS/2021.2/common/technology/autopilot -I /tools/Xilinx/Vitis_HLS/2021.2/common/technology/autopilot/ap_sysc -include etc/autopilot_ssdm_op.h -D__DSP48E1__ -g -o /home/sam/project/vitis_hls/new_fixedpoint2205/solution1/.autopilot/db/main.bc -hls-platform-db-name=/tools/Xilinx/Vitis_HLS/2021.2/common/technology/xilinx/common/platform.db -hls-platform-name=zynq_slow > /home/sam/project/vitis_hls/new_fixedpoint2205/solution1/.autopilot/db/main.pp.0.cpp.clang.out.log 2> /home/sam/project/vitis_hls/new_fixedpoint2205/solution1/.autopilot/db/main.pp.0.cpp.clang.err.log 
Command       ap_eval done; 0.43 sec.
WARNING: [HLS 207-5287] unused parameter 'nn' (new_fixedpoint2205/Aux_Lib_hw.hpp:68:46)
WARNING: [HLS 207-5287] unused parameter 'i' (new_fixedpoint2205/Aux_Lib_hw.hpp:68:53)
WARNING: [HLS 207-5287] unused parameter 'nn' (new_fixedpoint2205/Aux_Lib_hw.hpp:101:55)
WARNING: [HLS 207-5287] unused parameter 'i' (new_fixedpoint2205/Aux_Lib_hw.hpp:101:62)
WARNING: [HLS 207-5287] unused parameter 'i' (new_fixedpoint2205/main.cpp:38:93)
INFO: [HLS 200-111] Finished Source Code Analysis and Preprocessing: CPU user time: 4.35 seconds. CPU system time: 0.45 seconds. Elapsed time: 3.95 seconds; current allocated memory: 285.219 MB.
INFO-FLOW: Linking Debug ...
INFO-FLOW: Linking dut bc code.
Execute       run_link_or_opt -out /home/sam/project/vitis_hls/new_fixedpoint2205/solution1/.autopilot/db/a.g.ld.0.bc -args  "/home/sam/project/vitis_hls/new_fixedpoint2205/solution1/.autopilot/db/main.g.bc"  
Execute         ap_eval exec -ignorestderr /tools/Xilinx/Vitis_HLS/2021.2/lnx64/tools/clang-3.9-csynth/bin/llvm-link /home/sam/project/vitis_hls/new_fixedpoint2205/solution1/.autopilot/db/main.g.bc -o /home/sam/project/vitis_hls/new_fixedpoint2205/solution1/.autopilot/db/a.g.ld.0.bc > /home/sam/project/vitis_hls/new_fixedpoint2205/solution1/.autopilot/db/a.g.ld.0.bc.llvm-link.out.log 2> /home/sam/project/vitis_hls/new_fixedpoint2205/solution1/.autopilot/db/a.g.ld.0.bc.llvm-link.err.log 
INFO-FLOW: 
Execute       run_link_or_opt -opt -out /home/sam/project/vitis_hls/new_fixedpoint2205/solution1/.autopilot/db/a.g.ld.1.lower.bc -args /home/sam/project/vitis_hls/new_fixedpoint2205/solution1/.autopilot/db/a.g.ld.0.bc -reflow-lower-math-intrinsics 
Execute         ap_eval exec -ignorestderr /tools/Xilinx/Vitis_HLS/2021.2/lnx64/tools/clang-3.9-csynth/bin/opt -pass-remarks-missed=reflow|pasta|unroll -pass-remarks=reflow|pasta|unroll|inline -pass-remarks-output=/home/sam/project/vitis_hls/new_fixedpoint2205/solution1/.autopilot/db/a.g.ld.1.lower.bc.opt.diag.yml /home/sam/project/vitis_hls/new_fixedpoint2205/solution1/.autopilot/db/a.g.ld.0.bc -reflow-lower-math-intrinsics -o /home/sam/project/vitis_hls/new_fixedpoint2205/solution1/.autopilot/db/a.g.ld.1.lower.bc > /home/sam/project/vitis_hls/new_fixedpoint2205/solution1/.autopilot/db/a.g.ld.1.lower.bc.opt.out.log 2> /home/sam/project/vitis_hls/new_fixedpoint2205/solution1/.autopilot/db/a.g.ld.1.lower.bc.opt.err.log 
INFO-FLOW: 
INFO-FLOW: Linking math bc lib
Execute       run_link_or_opt -out /home/sam/project/vitis_hls/new_fixedpoint2205/solution1/.autopilot/db/a.g.ld.2.m1.bc -args /home/sam/project/vitis_hls/new_fixedpoint2205/solution1/.autopilot/db/a.g.ld.1.lower.bc -only-needed /tools/Xilinx/Vitis_HLS/2021.2/lnx64/lib/libhlsm_39.bc /tools/Xilinx/Vitis_HLS/2021.2/lnx64/lib/libhlsmc++_39.bc 
Execute         ap_eval exec -ignorestderr /tools/Xilinx/Vitis_HLS/2021.2/lnx64/tools/clang-3.9-csynth/bin/llvm-link /home/sam/project/vitis_hls/new_fixedpoint2205/solution1/.autopilot/db/a.g.ld.1.lower.bc -only-needed /tools/Xilinx/Vitis_HLS/2021.2/lnx64/lib/libhlsm_39.bc /tools/Xilinx/Vitis_HLS/2021.2/lnx64/lib/libhlsmc++_39.bc -o /home/sam/project/vitis_hls/new_fixedpoint2205/solution1/.autopilot/db/a.g.ld.2.m1.bc > /home/sam/project/vitis_hls/new_fixedpoint2205/solution1/.autopilot/db/a.g.ld.2.m1.bc.llvm-link.out.log 2> /home/sam/project/vitis_hls/new_fixedpoint2205/solution1/.autopilot/db/a.g.ld.2.m1.bc.llvm-link.err.log 
Command         ap_eval done; 1.8 sec.
INFO-FLOW: 
Command       run_link_or_opt done; 1.8 sec.
Execute       run_link_or_opt -opt -out /home/sam/project/vitis_hls/new_fixedpoint2205/solution1/.autopilot/db/a.g.ld.3.fpc.bc -args /home/sam/project/vitis_hls/new_fixedpoint2205/solution1/.autopilot/db/a.g.ld.2.m1.bc -reflow-globaldce -hls-top-function-name=rrt -reflow-float-conversion 
Execute         ap_eval exec -ignorestderr /tools/Xilinx/Vitis_HLS/2021.2/lnx64/tools/clang-3.9-csynth/bin/opt -pass-remarks-missed=reflow|pasta|unroll -pass-remarks=reflow|pasta|unroll|inline -pass-remarks-output=/home/sam/project/vitis_hls/new_fixedpoint2205/solution1/.autopilot/db/a.g.ld.3.fpc.bc.opt.diag.yml /home/sam/project/vitis_hls/new_fixedpoint2205/solution1/.autopilot/db/a.g.ld.2.m1.bc -reflow-globaldce -hls-top-function-name=rrt -reflow-float-conversion -o /home/sam/project/vitis_hls/new_fixedpoint2205/solution1/.autopilot/db/a.g.ld.3.fpc.bc > /home/sam/project/vitis_hls/new_fixedpoint2205/solution1/.autopilot/db/a.g.ld.3.fpc.bc.opt.out.log 2> /home/sam/project/vitis_hls/new_fixedpoint2205/solution1/.autopilot/db/a.g.ld.3.fpc.bc.opt.err.log 
Command         ap_eval done; 0.62 sec.
INFO-FLOW: 
Command       run_link_or_opt done; 0.62 sec.
Execute       run_link_or_opt -out /home/sam/project/vitis_hls/new_fixedpoint2205/solution1/.autopilot/db/a.g.ld.4.m2.bc -args /home/sam/project/vitis_hls/new_fixedpoint2205/solution1/.autopilot/db/a.g.ld.3.fpc.bc -only-needed /tools/Xilinx/Vitis_HLS/2021.2/lnx64/lib/libfloatconversion_39.bc 
Execute         ap_eval exec -ignorestderr /tools/Xilinx/Vitis_HLS/2021.2/lnx64/tools/clang-3.9-csynth/bin/llvm-link /home/sam/project/vitis_hls/new_fixedpoint2205/solution1/.autopilot/db/a.g.ld.3.fpc.bc -only-needed /tools/Xilinx/Vitis_HLS/2021.2/lnx64/lib/libfloatconversion_39.bc -o /home/sam/project/vitis_hls/new_fixedpoint2205/solution1/.autopilot/db/a.g.ld.4.m2.bc > /home/sam/project/vitis_hls/new_fixedpoint2205/solution1/.autopilot/db/a.g.ld.4.m2.bc.llvm-link.out.log 2> /home/sam/project/vitis_hls/new_fixedpoint2205/solution1/.autopilot/db/a.g.ld.4.m2.bc.llvm-link.err.log 
INFO-FLOW: 
Execute       run_link_or_opt -opt -out /home/sam/project/vitis_hls/new_fixedpoint2205/solution1/.autopilot/db/a.g.ld.5.gdce.bc -args /home/sam/project/vitis_hls/new_fixedpoint2205/solution1/.autopilot/db/a.g.ld.4.m2.bc -reflow-globaldce -hls-top-function-name=rrt 
Execute         ap_eval exec -ignorestderr /tools/Xilinx/Vitis_HLS/2021.2/lnx64/tools/clang-3.9-csynth/bin/opt -pass-remarks-missed=reflow|pasta|unroll -pass-remarks=reflow|pasta|unroll|inline -pass-remarks-output=/home/sam/project/vitis_hls/new_fixedpoint2205/solution1/.autopilot/db/a.g.ld.5.gdce.bc.opt.diag.yml /home/sam/project/vitis_hls/new_fixedpoint2205/solution1/.autopilot/db/a.g.ld.4.m2.bc -reflow-globaldce -hls-top-function-name=rrt -o /home/sam/project/vitis_hls/new_fixedpoint2205/solution1/.autopilot/db/a.g.ld.5.gdce.bc > /home/sam/project/vitis_hls/new_fixedpoint2205/solution1/.autopilot/db/a.g.ld.5.gdce.bc.opt.out.log 2> /home/sam/project/vitis_hls/new_fixedpoint2205/solution1/.autopilot/db/a.g.ld.5.gdce.bc.opt.err.log 
INFO-FLOW: 
Execute       get_solution -flow_target 
Execute       get_config_export -xo 
Execute       get_config_export -format 
Execute       get_config_rtl -module_prefix 
Execute       get_config_interface -default_slave_interface 
Execute       get_solution -flow_target 
Execute       get_config_export -xo 
Execute       get_config_export -format 
Execute       get_config_interface -m_axi_offset 
Execute       get_config_interface -m_axi_latency 
Execute       get_config_interface -m_axi_alignment_byte_size 
Execute       get_config_interface -m_axi_min_bitwidth 
Execute       get_config_interface -m_axi_max_bitwidth 
Execute       get_config_interface -m_axi_max_widen_bitwidth 
Execute       get_config_interface -m_axi_num_read_outstanding 
Execute       get_config_interface -m_axi_num_write_outstanding 
Execute       get_config_interface -m_axi_max_read_burst_length 
Execute       get_config_interface -m_axi_max_write_burst_length 
Execute       get_config_interface -m_axi_min_bitwidth 
Execute       get_config_interface -m_axi_max_bitwidth 
Execute       get_config_interface -m_axi_latency 
Execute       get_config_interface -m_axi_min_bitwidth 
Execute       get_config_interface -m_axi_max_bitwidth 
Execute       get_config_interface -m_axi_max_widen_bitwidth 
Execute       get_config_interface -m_axi_auto_max_ports 
Execute       get_config_interface -m_axi_num_read_outstanding 
Execute       get_config_interface -m_axi_num_write_outstanding 
Execute       get_config_interface -m_axi_max_read_burst_length 
Execute       get_config_interface -m_axi_max_write_burst_length 
Execute       get_config_interface -s_axilite_data64 
Execute       get_config_compile -instruction_warning_threshold 
Execute       get_config_interface -m_axi_alignment_byte_size 
Execute       get_config_compile -pragma_strict_mode 
Execute       get_config_compile -pipeline_style 
Execute       get_config_array_partition -throughput_driven 
Execute       send_msg_by_id INFO @200-777@%s Vivado 
INFO: [HLS 200-777] Using interface defaults for 'Vivado' flow target.
Execute       is_m_axi_addr64 
INFO-FLOW: Doing LTO.
Execute       ap_eval exec -ignorestderr /tools/Xilinx/Vitis_HLS/2021.2/lnx64/tools/clang-3.9-csynth/bin/clang -foptimization-record-file=/home/sam/project/vitis_hls/new_fixedpoint2205/solution1/.autopilot/db/a.g.ld.0.bc.clang.diag.yml -mllvm -pass-remarks-missed=reflow|pasta|unroll -mllvm -pass-remarks=reflow|pasta|unroll|inline -fhls -mllvm -hls-top-function-name=rrt -mllvm -hls-db-dir -mllvm /home/sam/project/vitis_hls/new_fixedpoint2205/solution1/.autopilot/db -emit-llvm -c -target fpga64-xilinx-none -mllvm -xcl-xmlinfo=/home/sam/project/vitis_hls/new_fixedpoint2205/solution1/.autopilot/db/kernel.internal.xml -mllvm -top-io-mapping-info=/home/sam/project/vitis_hls/new_fixedpoint2205/solution1/.autopilot/db/top-io-fe.xml -mllvm -hls-bitcode-version=3.1 -mllvm -reflow-enable-slave-interface-default-setting=true -mllvm -gen-kernel-xml=false -mllvm -default-maxi-offset=slave -mllvm -maxi-latency=0 -mllvm -hls-maxi-data-size-in-bits=8 -mllvm -hls-maxi-max-data-size-in-bits=1024 -mllvm -hls-max-widen-size-in-bits=0 -mllvm -xcl-kernel-max-mem-ports=0 -mllvm -maxi-read-trans=16 -mllvm -maxi-write-trans=16 -mllvm -maxi-read-burst-len=16 -mllvm -maxi-write-burst-len=16 -mllvm -reflow-enable-saxi-64bits=0 -mllvm -reflow-basic-block-instr-threshhold=200000 -mllvm -assume-maxi-align=0 -mllvm -no-unaligned-maxi-accesses -mllvm -reflow-pipeline-style-llvm-setting=0 -mllvm -reflow-auto-array-partition-mode=default -mllvm -reflow-enable-auto-array-partition=true -mllvm -reflow-aggregate-bitwidth-threshold=4096 -mllvm -reflow-disaggregate-bitwidth-threshold=4096 -mllvm -hls -mllvm -disable-inlined-alloca-merging=true -x ir /home/sam/project/vitis_hls/new_fixedpoint2205/solution1/.autopilot/db/a.g.ld.5.gdce.bc -o /home/sam/project/vitis_hls/new_fixedpoint2205/solution1/.autopilot/db/a.g.lto.bc -hls-platform-db-name=/tools/Xilinx/Vitis_HLS/2021.2/common/technology/xilinx/common/platform.db -hls-platform-name=zynq_slow > /home/sam/project/vitis_hls/new_fixedpoint2205/solution1/.autopilot/db/a.g.ld.0.bc.clang.out.log 2> /home/sam/project/vitis_hls/new_fixedpoint2205/solution1/.autopilot/db/a.g.ld.0.bc.clang.err.log 
Command       ap_eval done; 1.04 sec.
INFO: [HLS 214-284] Auto array partition mode is set into default.
INFO: [HLS 214-178] Inlining function 'Point_2hw::Point_2hw()' into 'Segment_3hw::Segment_3hw()' (new_fixedpoint2205/Aux_Lib_hw.hpp:45:0)
INFO: [HLS 214-178] Inlining function 'fp_struct<double>::fp_struct(double)' into 'int generic_cast_IEEE754<int, (ap_q_mode)6, double>(double, bool, hls::enable_if<std::numeric_limits<int>::is_signed, bool>::type)' (/wrk/ci/prod/2021.2/rdi_builds/continuous/2021_10_19_3367213/src/shared/hls/clib/hlsmath/include/FloatingPoint/hls_case_IEEE754.h:12:0)
INFO: [HLS 214-178] Inlining function 'fp_struct<double>::mantissa() const' into 'int generic_cast_IEEE754<int, (ap_q_mode)6, double>(double, bool, hls::enable_if<std::numeric_limits<int>::is_signed, bool>::type)' (/wrk/ci/prod/2021.2/rdi_builds/continuous/2021_10_19_3367213/src/shared/hls/clib/hlsmath/include/FloatingPoint/hls_case_IEEE754.h:12:0)
INFO: [HLS 214-178] Inlining function 'fp_struct<double>::expv() const' into 'int generic_cast_IEEE754<int, (ap_q_mode)6, double>(double, bool, hls::enable_if<std::numeric_limits<int>::is_signed, bool>::type)' (/wrk/ci/prod/2021.2/rdi_builds/continuous/2021_10_19_3367213/src/shared/hls/clib/hlsmath/include/FloatingPoint/hls_case_IEEE754.h:12:0)
INFO: [HLS 214-178] Inlining function 'fp_struct<double>::__signbit() const' into 'int generic_cast_IEEE754<int, (ap_q_mode)6, double>(double, bool, hls::enable_if<std::numeric_limits<int>::is_signed, bool>::type)' (/wrk/ci/prod/2021.2/rdi_builds/continuous/2021_10_19_3367213/src/shared/hls/clib/hlsmath/include/FloatingPoint/hls_case_IEEE754.h:12:0)
INFO: [HLS 214-178] Inlining function 'int generic_cast_IEEE754<int, (ap_q_mode)6, double>(double, bool, hls::enable_if<std::numeric_limits<int>::is_signed, bool>::type)' into 'int generic_cast_IEEE754<int, double>(double, bool)' (/wrk/ci/prod/2021.2/rdi_builds/continuous/2021_10_19_3367213/src/shared/hls/clib/hlsmath/include/FloatingPoint/hls_case_IEEE754.h:116:0)
INFO: [HLS 214-178] Inlining function 'int generic_cast_IEEE754<int, double>(double, bool)' into '__hls_fptosi_double_i32' (/wrk/ci/prod/2021.2/rdi_builds/continuous/2021_10_19_3367213/src/shared/hls/clib/hlsmath/src/lib_floatconversion.cpp:55:0)
INFO: [HLS 214-178] Inlining function '__hls_fptosi_double_i32' into 'int FloatToFixed<16ul>(float)' (new_fixedpoint2205/fixedpt.h:6:0)
INFO: [HLS 214-178] Inlining function 'int FloatToFixed<16ul>(float)' into 'Position_Holonomic_hw::Position_Holonomic_hw() (.177)' (new_fixedpoint2205/RRT_Star_hw.hpp:13:0)
INFO: [HLS 214-178] Inlining function 'Position_Holonomic_hw::Position_Holonomic_hw() (.177)' into 'Node_RRT_Poshw::Node_RRT_Poshw() (.169.174)' (new_fixedpoint2205/RRT_Star_hw.hpp:85:0)
INFO: [HLS 214-178] Inlining function 'int FloatToFixed<16ul>(float)' into 'Node_RRT_Poshw::Node_RRT_Poshw() (.169.174)' (new_fixedpoint2205/RRT_Star_hw.hpp:85:0)
INFO: [HLS 214-178] Inlining function 'Position_Holonomic_hw::Position_Holonomic_hw() (.177)' into 'Node_Randhw::Node_Randhw()' (new_fixedpoint2205/RRT_Star_hw.hpp:66:0)
INFO: [HLS 214-178] Inlining function 'int FloatToFixed<16ul>(float)' into 'Position_Holonomic_hw::Position_Holonomic_hw()' (new_fixedpoint2205/RRT_Star_hw.hpp:13:0)
INFO: [HLS 214-178] Inlining function 'Position_Holonomic_hw::Position_Holonomic_hw()' into 'Node_RRT_Poshw::Node_RRT_Poshw()' (new_fixedpoint2205/RRT_Star_hw.hpp:85:0)
INFO: [HLS 214-178] Inlining function 'int FloatToFixed<16ul>(float)' into 'Node_RRT_Poshw::Node_RRT_Poshw()' (new_fixedpoint2205/RRT_Star_hw.hpp:85:0)
INFO: [HLS 214-178] Inlining function 'fp_struct<float>::fp_struct(float)' into 'int generic_cast_IEEE754<int, (ap_q_mode)6, float>(float, bool, hls::enable_if<std::numeric_limits<int>::is_signed, bool>::type)' (/wrk/ci/prod/2021.2/rdi_builds/continuous/2021_10_19_3367213/src/shared/hls/clib/hlsmath/include/FloatingPoint/hls_case_IEEE754.h:12:0)
INFO: [HLS 214-178] Inlining function 'fp_struct<float>::mantissa() const' into 'int generic_cast_IEEE754<int, (ap_q_mode)6, float>(float, bool, hls::enable_if<std::numeric_limits<int>::is_signed, bool>::type)' (/wrk/ci/prod/2021.2/rdi_builds/continuous/2021_10_19_3367213/src/shared/hls/clib/hlsmath/include/FloatingPoint/hls_case_IEEE754.h:12:0)
INFO: [HLS 214-178] Inlining function 'fp_struct<float>::expv() const' into 'int generic_cast_IEEE754<int, (ap_q_mode)6, float>(float, bool, hls::enable_if<std::numeric_limits<int>::is_signed, bool>::type)' (/wrk/ci/prod/2021.2/rdi_builds/continuous/2021_10_19_3367213/src/shared/hls/clib/hlsmath/include/FloatingPoint/hls_case_IEEE754.h:12:0)
INFO: [HLS 214-178] Inlining function 'fp_struct<float>::__signbit() const' into 'int generic_cast_IEEE754<int, (ap_q_mode)6, float>(float, bool, hls::enable_if<std::numeric_limits<int>::is_signed, bool>::type)' (/wrk/ci/prod/2021.2/rdi_builds/continuous/2021_10_19_3367213/src/shared/hls/clib/hlsmath/include/FloatingPoint/hls_case_IEEE754.h:12:0)
INFO: [HLS 214-178] Inlining function 'int generic_cast_IEEE754<int, (ap_q_mode)6, float>(float, bool, hls::enable_if<std::numeric_limits<int>::is_signed, bool>::type)' into 'int generic_cast_IEEE754<int, float>(float, bool)' (/wrk/ci/prod/2021.2/rdi_builds/continuous/2021_10_19_3367213/src/shared/hls/clib/hlsmath/include/FloatingPoint/hls_case_IEEE754.h:116:0)
INFO: [HLS 214-178] Inlining function 'int generic_cast_IEEE754<int, float>(float, bool)' into '__hls_fptosi_float_i32' (/wrk/ci/prod/2021.2/rdi_builds/continuous/2021_10_19_3367213/src/shared/hls/clib/hlsmath/src/lib_floatconversion.cpp:51:0)
INFO: [HLS 214-178] Inlining function 'Point_2hw::x() const (.155)' into 'Point_2hw::squared_distance(Point_2hw&)' (new_fixedpoint2205/Aux_Lib_hw.hpp:34:0)
INFO: [HLS 214-178] Inlining function '__hls_fptosi_float_i32' into 'Point_2hw::squared_distance(Point_2hw&)' (new_fixedpoint2205/Aux_Lib_hw.hpp:34:0)
INFO: [HLS 214-178] Inlining function 'fp_mult(int, int)' into 'Point_2hw::squared_distance(Point_2hw&)' (new_fixedpoint2205/Aux_Lib_hw.hpp:34:0)
INFO: [HLS 214-178] Inlining function 'Point_2hw::y() const (.152)' into 'Point_2hw::squared_distance(Point_2hw&)' (new_fixedpoint2205/Aux_Lib_hw.hpp:34:0)
INFO: [HLS 214-178] Inlining function 'Point_2hw::Point_2hw(int, int)' into 'Cal_Squared_Disthw(Node_Randhw&, Node_RRT_Poshw&)' (new_fixedpoint2205/main.cpp:21:0)
INFO: [HLS 214-178] Inlining function 'Point_2hw::squared_distance(Point_2hw&)' into 'Cal_Squared_Disthw(Node_Randhw&, Node_RRT_Poshw&)' (new_fixedpoint2205/main.cpp:21:0)
INFO: [HLS 214-178] Inlining function 'Point_2hw::Point_2hw(int, int)' into 'Cal_Disthw(Node_RRT_Poshw&, Node_Randhw&)' (new_fixedpoint2205/main.cpp:8:0)
INFO: [HLS 214-178] Inlining function 'Point_2hw::squared_distance(Point_2hw&)' into 'Cal_Disthw(Node_RRT_Poshw&, Node_Randhw&)' (new_fixedpoint2205/main.cpp:8:0)
INFO: [HLS 214-178] Inlining function 'fp_sqrtt(int)' into 'Cal_Disthw(Node_RRT_Poshw&, Node_Randhw&)' (new_fixedpoint2205/main.cpp:8:0)
INFO: [HLS 214-178] Inlining function 'Node_RRT_Poshw::Node_RRT_Poshw() (.169.174)' into 'A_StreamReaderhw(Node_RRT_Poshw&, Node_Randhw&, int)' (new_fixedpoint2205/main.cpp:39:0)
INFO: [HLS 214-178] Inlining function 'int FloatToFixed<16ul>(float)' into 'A_StreamReaderhw(Node_RRT_Poshw&, Node_Randhw&, int)' (new_fixedpoint2205/main.cpp:39:0)
INFO: [HLS 214-178] Inlining function 'fp_div(int, int)' into 'A_StreamReaderhw(Node_RRT_Poshw&, Node_Randhw&, int)' (new_fixedpoint2205/main.cpp:39:0)
INFO: [HLS 214-178] Inlining function 'Position_Holonomic_hw::Insert_Position(int, int)' into 'A_StreamReaderhw(Node_RRT_Poshw&, Node_Randhw&, int)' (new_fixedpoint2205/main.cpp:39:0)
INFO: [HLS 214-178] Inlining function 'fp_mult(int, int)' into 'A_StreamReaderhw(Node_RRT_Poshw&, Node_Randhw&, int)' (new_fixedpoint2205/main.cpp:39:0)
INFO: [HLS 214-178] Inlining function 'fp_mult(int, int)' into 'Point_2hw::squared_distance(int, int)' (new_fixedpoint2205/Aux_Lib_hw.hpp:39:0)
INFO: [HLS 214-178] Inlining function 'Point_2hw::x() const' into 'Segment_3hw::squared_distance(int&, int&, int, int)' (new_fixedpoint2205/Aux_Lib_hw.hpp:102:0)
INFO: [HLS 214-178] Inlining function 'fp_mult(int, int)' into 'Segment_3hw::squared_distance(int&, int&, int, int)' (new_fixedpoint2205/Aux_Lib_hw.hpp:102:0)
INFO: [HLS 214-178] Inlining function 'Point_2hw::y() const' into 'Segment_3hw::squared_distance(int&, int&, int, int)' (new_fixedpoint2205/Aux_Lib_hw.hpp:102:0)
INFO: [HLS 214-178] Inlining function 'fp_div(int, int)' into 'Segment_3hw::squared_distance(int&, int&, int, int)' (new_fixedpoint2205/Aux_Lib_hw.hpp:102:0)
INFO: [HLS 214-178] Inlining function 'Point_2hw::squared_distance(int, int)' into 'Segment_3hw::squared_distance(int&, int&, int, int)' (new_fixedpoint2205/Aux_Lib_hw.hpp:102:0)
INFO: [HLS 214-178] Inlining function 'Segment_3hw::squared_distance(int&, int&, int, int)' into 'Collision_detectedhw(int&, int&, int, Segment_3hw*, int)' (new_fixedpoint2205/main.cpp:78:0)
INFO: [HLS 214-178] Inlining function 'Position_Holonomic_hw::Position_Holonomic_hw()' into 'Obstacle_Freehw(Position_Holonomic_hw&, Position_Holonomic_hw&, int, Segment_3hw*, int)' (new_fixedpoint2205/main.cpp:100:0)
INFO: [HLS 214-178] Inlining function 'int FloatToFixed<16ul>(float)' into 'Obstacle_Freehw(Position_Holonomic_hw&, Position_Holonomic_hw&, int, Segment_3hw*, int)' (new_fixedpoint2205/main.cpp:100:0)
INFO: [HLS 214-178] Inlining function 'fp_div(int, int)' into 'Obstacle_Freehw(Position_Holonomic_hw&, Position_Holonomic_hw&, int, Segment_3hw*, int)' (new_fixedpoint2205/main.cpp:100:0)
INFO: [HLS 214-178] Inlining function 'fp_mult(int, int)' into 'Obstacle_Freehw(Position_Holonomic_hw&, Position_Holonomic_hw&, int, Segment_3hw*, int)' (new_fixedpoint2205/main.cpp:100:0)
INFO: [HLS 214-178] Inlining function 'Point_2hw::Point_2hw(int, int)' into 'Cal_Squared_Disthw(Node_RRT_Poshw&, Node_RRT_Poshw&)' (new_fixedpoint2205/main.cpp:31:0)
INFO: [HLS 214-178] Inlining function 'Point_2hw::squared_distance(Point_2hw&)' into 'Cal_Squared_Disthw(Node_RRT_Poshw&, Node_RRT_Poshw&)' (new_fixedpoint2205/main.cpp:31:0)
INFO: [HLS 214-178] Inlining function 'Cal_Squared_Disthw(Node_RRT_Poshw&, Node_RRT_Poshw&)' into 'Nearhw(int*, Node_RRT_Poshw*, Node_RRT_Poshw&, int, int, int&)' (new_fixedpoint2205/main.cpp:136:0)
INFO: [HLS 214-178] Inlining function 'fp_mult(int, int)' into 'Costhw(Position_Holonomic_hw&, Position_Holonomic_hw&)' (new_fixedpoint2205/main.cpp:157:0)
INFO: [HLS 214-178] Inlining function 'fp_sqrtt(int)' into 'Costhw(Position_Holonomic_hw&, Position_Holonomic_hw&)' (new_fixedpoint2205/main.cpp:157:0)
INFO: [HLS 214-178] Inlining function 'Segment_3hw::Segment_3hw()' into 'rrt(hls::stream<hls::axis<ap_int<64>, 2ul, 5ul, 6ul>, 0>&, float, float, int, float*, float, float, hls::stream<hls::axis<ap_int<32>, 2ul, 5ul, 6ul>, 0>&)' (new_fixedpoint2205/main.cpp:182:0)
INFO: [HLS 214-178] Inlining function 'Node_RRT_Poshw::Node_RRT_Poshw() (.169.174)' into 'rrt(hls::stream<hls::axis<ap_int<64>, 2ul, 5ul, 6ul>, 0>&, float, float, int, float*, float, float, hls::stream<hls::axis<ap_int<32>, 2ul, 5ul, 6ul>, 0>&)' (new_fixedpoint2205/main.cpp:182:0)
INFO: [HLS 214-178] Inlining function 'Node_Randhw::Node_Randhw()' into 'rrt(hls::stream<hls::axis<ap_int<64>, 2ul, 5ul, 6ul>, 0>&, float, float, int, float*, float, float, hls::stream<hls::axis<ap_int<32>, 2ul, 5ul, 6ul>, 0>&)' (new_fixedpoint2205/main.cpp:182:0)
INFO: [HLS 214-178] Inlining function 'Node_RRT_Poshw::Node_RRT_Poshw()' into 'rrt(hls::stream<hls::axis<ap_int<64>, 2ul, 5ul, 6ul>, 0>&, float, float, int, float*, float, float, hls::stream<hls::axis<ap_int<32>, 2ul, 5ul, 6ul>, 0>&)' (new_fixedpoint2205/main.cpp:182:0)
INFO: [HLS 214-178] Inlining function 'Cal_Squared_Disthw(Node_Randhw&, Node_RRT_Poshw&)' into 'rrt(hls::stream<hls::axis<ap_int<64>, 2ul, 5ul, 6ul>, 0>&, float, float, int, float*, float, float, hls::stream<hls::axis<ap_int<32>, 2ul, 5ul, 6ul>, 0>&)' (new_fixedpoint2205/main.cpp:182:0)
INFO: [HLS 214-178] Inlining function 'float FixedToFloat<16ul>(int)' into 'rrt(hls::stream<hls::axis<ap_int<64>, 2ul, 5ul, 6ul>, 0>&, float, float, int, float*, float, float, hls::stream<hls::axis<ap_int<32>, 2ul, 5ul, 6ul>, 0>&)' (new_fixedpoint2205/main.cpp:182:0)
INFO: [HLS 214-178] Inlining function 'Costhw(Position_Holonomic_hw&, Position_Holonomic_hw&)' into 'rrt(hls::stream<hls::axis<ap_int<64>, 2ul, 5ul, 6ul>, 0>&, float, float, int, float*, float, float, hls::stream<hls::axis<ap_int<32>, 2ul, 5ul, 6ul>, 0>&)' (new_fixedpoint2205/main.cpp:182:0)
INFO: [HLS 214-270] Starting automatic array partition analysis...
INFO: [HLS 214-131] Inlining function '_llvm.fpga.unpack.none.s_struct.ap_int<64>s.i64' into 'rrt(hls::stream<hls::axis<ap_int<64>, 2ul, 5ul, 6ul>, 0>&, float, float, int, float*, float, float, hls::stream<hls::axis<ap_int<32>, 2ul, 5ul, 6ul>, 0>&)' (/tools/Xilinx/Vitis_HLS/2021.2/common/technology/autopilot/ap_axi_sdata.h:293:5)
INFO: [HLS 214-131] Inlining function '_llvm.fpga.pack.none.i6.s_struct.ap_uint<6>s' into 'rrt(hls::stream<hls::axis<ap_int<64>, 2ul, 5ul, 6ul>, 0>&, float, float, int, float*, float, float, hls::stream<hls::axis<ap_int<32>, 2ul, 5ul, 6ul>, 0>&)' (/tools/Xilinx/Vitis_HLS/2021.2/common/technology/autopilot/ap_axi_sdata.h:304:5)
INFO: [HLS 214-131] Inlining function '_llvm.fpga.pack.none.i5.s_struct.ap_uint<5>s' into 'rrt(hls::stream<hls::axis<ap_int<64>, 2ul, 5ul, 6ul>, 0>&, float, float, int, float*, float, float, hls::stream<hls::axis<ap_int<32>, 2ul, 5ul, 6ul>, 0>&)' (/tools/Xilinx/Vitis_HLS/2021.2/common/technology/autopilot/ap_axi_sdata.h:304:5)
INFO: [HLS 214-131] Inlining function '_llvm.fpga.pack.none.i1.s_struct.ap_uint<1>s' into 'rrt(hls::stream<hls::axis<ap_int<64>, 2ul, 5ul, 6ul>, 0>&, float, float, int, float*, float, float, hls::stream<hls::axis<ap_int<32>, 2ul, 5ul, 6ul>, 0>&)' (/tools/Xilinx/Vitis_HLS/2021.2/common/technology/autopilot/ap_axi_sdata.h:304:5)
INFO: [HLS 214-131] Inlining function '_llvm.fpga.pack.none.i2.s_struct.ap_uint<2>s' into 'rrt(hls::stream<hls::axis<ap_int<64>, 2ul, 5ul, 6ul>, 0>&, float, float, int, float*, float, float, hls::stream<hls::axis<ap_int<32>, 2ul, 5ul, 6ul>, 0>&)' (/tools/Xilinx/Vitis_HLS/2021.2/common/technology/autopilot/ap_axi_sdata.h:304:5)
INFO: [HLS 214-131] Inlining function '_llvm.fpga.pack.none.i4.s_struct.ap_uint<4>s' into 'rrt(hls::stream<hls::axis<ap_int<64>, 2ul, 5ul, 6ul>, 0>&, float, float, int, float*, float, float, hls::stream<hls::axis<ap_int<32>, 2ul, 5ul, 6ul>, 0>&)' (/tools/Xilinx/Vitis_HLS/2021.2/common/technology/autopilot/ap_axi_sdata.h:304:5)
INFO: [HLS 214-131] Inlining function '_llvm.fpga.pack.none.i32.s_struct.ap_int<32>s' into 'rrt(hls::stream<hls::axis<ap_int<64>, 2ul, 5ul, 6ul>, 0>&, float, float, int, float*, float, float, hls::stream<hls::axis<ap_int<32>, 2ul, 5ul, 6ul>, 0>&)' (/tools/Xilinx/Vitis_HLS/2021.2/common/technology/autopilot/ap_axi_sdata.h:304:5)
INFO: [HLS 214-131] Inlining function '_llvm.fpga.unpack.none.s_struct.ap_uint<8>s.i8' into 'rrt(hls::stream<hls::axis<ap_int<64>, 2ul, 5ul, 6ul>, 0>&, float, float, int, float*, float, float, hls::stream<hls::axis<ap_int<32>, 2ul, 5ul, 6ul>, 0>&)' (/tools/Xilinx/Vitis_HLS/2021.2/common/technology/autopilot/ap_axi_sdata.h:293:5)
INFO: [HLS 214-131] Inlining function '_llvm.fpga.unpack.none.s_struct.ap_uint<2>s.i2' into 'rrt(hls::stream<hls::axis<ap_int<64>, 2ul, 5ul, 6ul>, 0>&, float, float, int, float*, float, float, hls::stream<hls::axis<ap_int<32>, 2ul, 5ul, 6ul>, 0>&)' (/tools/Xilinx/Vitis_HLS/2021.2/common/technology/autopilot/ap_axi_sdata.h:293:5)
INFO: [HLS 214-131] Inlining function '_llvm.fpga.unpack.none.s_struct.ap_uint<1>s.i1' into 'rrt(hls::stream<hls::axis<ap_int<64>, 2ul, 5ul, 6ul>, 0>&, float, float, int, float*, float, float, hls::stream<hls::axis<ap_int<32>, 2ul, 5ul, 6ul>, 0>&)' (/tools/Xilinx/Vitis_HLS/2021.2/common/technology/autopilot/ap_axi_sdata.h:293:5)
INFO: [HLS 214-131] Inlining function '_llvm.fpga.unpack.none.s_struct.ap_uint<5>s.i5' into 'rrt(hls::stream<hls::axis<ap_int<64>, 2ul, 5ul, 6ul>, 0>&, float, float, int, float*, float, float, hls::stream<hls::axis<ap_int<32>, 2ul, 5ul, 6ul>, 0>&)' (/tools/Xilinx/Vitis_HLS/2021.2/common/technology/autopilot/ap_axi_sdata.h:293:5)
INFO: [HLS 214-131] Inlining function '_llvm.fpga.unpack.none.s_struct.ap_uint<6>s.i6' into 'rrt(hls::stream<hls::axis<ap_int<64>, 2ul, 5ul, 6ul>, 0>&, float, float, int, float*, float, float, hls::stream<hls::axis<ap_int<32>, 2ul, 5ul, 6ul>, 0>&)' (/tools/Xilinx/Vitis_HLS/2021.2/common/technology/autopilot/ap_axi_sdata.h:293:5)
INFO-FLOW: DBG:PUTS: copy_raw_kernel_xml ap_link_39: kernel.xml not generated: /home/sam/project/vitis_hls/new_fixedpoint2205/solution1/.autopilot/db/kernel.internal.xml
INFO: [HLS 200-111] Finished Compiling Optimization and Transform: CPU user time: 3.82 seconds. CPU system time: 0.26 seconds. Elapsed time: 4.1 seconds; current allocated memory: 287.211 MB.
INFO: [HLS 200-111] Finished Checking Pragmas: CPU user time: 0 seconds. CPU system time: 0 seconds. Elapsed time: 0 seconds; current allocated memory: 287.211 MB.
Execute       opt_and_import_c a -opt_level=2 -skip_syncheck=0 -ng=0 -keep_printf=0 
Execute         cleanup_all_models 
INFO: [HLS 200-10] Starting code transformations ...
INFO-FLOW: Running Standard Transforms...
Execute         transform -hls -share-std-xform -demangle-name -inline-byval-memcpy -always-inline -promote-dbg-pointer -interface-preproc -mem2reg -scalarrepl -mem2reg -keep-read-access -instcombine -dce -promote-dbg-pointer -bitop-raise -loop-simplify -indvarspre -indvars -loop-simplify -xunroll -constprop -instcombine -simplifycfg -indvars -simplifycfg -dce -globaldce -basicaa -simplifycfg -mem2reg -globalopt -global-constprop -deadargelim -instcombine -simplifycfg -scalarrepl -instcombine -reassociate -licm -simplifycfg -loop-simplify -indvars -instcombine -simplifycfg -mem2reg -loop-simplify -indvars -instcombine -gvn -gvn -instcombine -adce -break-crit-edges -simplifycfg -loop-delete -global-array-opt -dce -dse -adce -find-syn-modules -top rrt -deadargelim -mem2reg -instcombine -dce -presyn-prepare -auto-rom-infer -interface-preproc -syn-check -check-rec-only -find-region -simplifycfg -func-extr -function-inline -globaldce -mem2reg -instcombine -dce -gvn -globaldce -adce -adse -constprop -instcombine -bit-constprop -instcombine -dce -simplifycfg -bitop-raise -simplifycfg -dce -loop-delete -reassociate -globalopt -global-privatize -mem2reg -dce -global-constprop -pointer-simplify -constprop -dce -func-inst -deadargelim -auto-shift-reg-idiom -promote-dbg-pointer -norm-name /home/sam/project/vitis_hls/new_fixedpoint2205/solution1/.autopilot/db/a.g.0.bc -o /home/sam/project/vitis_hls/new_fixedpoint2205/solution1/.autopilot/db/a.g.1.bc -f -phase std-opt 
Command         transform done; 0.39 sec.
INFO: [HLS 200-111] Finished Standard Transforms: CPU user time: 0.35 seconds. CPU system time: 0.04 seconds. Elapsed time: 0.39 seconds; current allocated memory: 366.148 MB.
INFO: [HLS 200-10] Checking synthesizability ...
INFO-FLOW: Checking Synthesizability 1/2..
Execute         transform -hls -syn-check -check-rec-only -scalarrepl -norm-name -dce -mem2reg -instcombine -function-uniquify -directive-preproc -mem2reg -dse -dce -auto-rom-infer -dce -pag -array-normalize -instcombine -dce -array-seg-normalize -instcombine -dce -data-pack -instcombine -dce -inst-simplify -array-flatten -instcombine -dce -array-burst -dce -deadargelim -promote-global-argument -simplifycfg -mem2reg -globaldce -dce -deadargelim -dce -instcombine -function-inline -globaldce -dce -doublePtrSimplify -doublePtrElim -dce -doublePtrSimplify -promote-dbg-pointer -dce -scalarrepl -dse -adse -instcombine -ptrLegalization -simplifycfg -dce -instcombine -pointer-simplify -ptrArgReplace -dce -instcombine -resolve-double-ptr -scalarrepl -norm-name -dce -mem2reg -instcombine -ptrLegalization -simplifycfg -deadargelim -instcombine -dce -inst-simplify -function-uniquify -directive-preproc -mem2reg -dse -dce -globaldce -check-dspbuiltin /home/sam/project/vitis_hls/new_fixedpoint2205/solution1/.autopilot/db/a.g.1.bc -o /home/sam/project/vitis_hls/new_fixedpoint2205/solution1/.autopilot/db/a.g.2.prechk.bc -f 
INFO: [XFORM 203-602] Inlining function 'Cal_Disthw' into 'A_StreamReaderhw' (new_fixedpoint2205/main.cpp:41) automatically.
INFO: [XFORM 203-602] Inlining function 'FloatToFixed<16ul>' into 'Collision_detectedhw' (new_fixedpoint2205/Aux_Lib_hw.hpp:115) automatically.
INFO: [XFORM 203-602] Inlining function '__hls_fptosi_float_i32' into 'Collision_detectedhw' (new_fixedpoint2205/Aux_Lib_hw.hpp:106) automatically.
Command         transform done; 0.44 sec.
INFO-FLOW: Checking Synthesizability 2/2..
Execute         transform -syn-check /home/sam/project/vitis_hls/new_fixedpoint2205/solution1/.autopilot/db/a.g.2.prechk.bc -o /home/sam/project/vitis_hls/new_fixedpoint2205/solution1/.autopilot/db/a.g.2.bc -f -phase syn-check 
Command         transform done; 0.25 sec.
INFO: [HLS 200-111] Finished Checking Synthesizability: CPU user time: 0.67 seconds. CPU system time: 0.02 seconds. Elapsed time: 0.7 seconds; current allocated memory: 460.238 MB.
INFO-FLOW: Compiler optimizing ...
INFO-FLOW: Share syncheck's 1.bc for syn flow: copy /home/sam/project/vitis_hls/new_fixedpoint2205/solution1/.autopilot/db/a.g.1.bc to /home/sam/project/vitis_hls/new_fixedpoint2205/solution1/.autopilot/db/a.o.1.bc
INFO-FLOW: Presyn 1...
Execute         transform -hls -tmp /home/sam/project/vitis_hls/new_fixedpoint2205/solution1/.autopilot/db -interface-port-rename -function-uniquify -directive-preproc -mem2reg -dse -dce -scalarrepl -norm-name -deadargelim -mem2reg -instcombine -dce -simplifycfg -auto-rom-infer -dce -function-uniquify -resource-proc -clib-intrinsic-prepare -dce -func-buffer -dce -pag -array-normalize -func-legal -instcombine -gvn -constprop -dce -simplifycfg -mem2reg -globaldce -resolve-double-ptr -dce -deadargelim -dce -instcombine -ptrArgReplace -mem2reg -dce -array-seg-normalize -deadargelim -instcombine -dce -function-uniquify -directive-preproc -mem2reg -dse -dce -pointer-simplify -dce -port-alignment -dce -interface-preproc -data-pack -instcombine -dce -basicaa -aggr-aa -aggrmodref-aa -aggr-aa -gvn -gvn -basicaa -aggr-aa -aggrmodref-aa -aggr-aa -dse -adse -adce -loop-simplify -indvars -instcombine -gvn -loop-simplify -mem2reg -dce -find-region -instcombine -auto-loop-pipeline -inst-simplify -interface-preproc -cfgopt -instcombine -indvars -auto-loop-unroll -loop-simplify -loop-bound -xunroll -constprop -instcombine -simplifycfg -indvars -simplifycfg -dce -globaldce -clean-region -attach-range -gvn -inst-simplify -constprop -simplifycfg -dce -pointer-simplify -dce -globalopt -constprop -dce -array-promote -constprop -dce -ptrArgReplace -mem2reg -simplifycfg -dce -instcombine -dce -array-transform-check -array-reshape -instcombine -simplifycfg -dce -ptrArgReplace -deadargelim -mem2reg -instcombine -simplifycfg -dce -indvars -loop-simplify -loop-bound -xunroll -constprop -instcombine -simplifycfg -indvars -simplifycfg -dce -globaldce -basicaa -aggr-aa -aggrmodref-aa -aggr-aa -dse -duplicate-dataflow-processes -globaldce -instcombine -array-partition -instcombine -simplifycfg -dce -ptrArgReplace -global-constprop -deadargelim -mem2reg -func-legal -dce -global-constprop -deadargelim -mem2reg -simplifycfg -dce -merge-param -deadargelim -globalopt -constprop -dce -array-promote -constprop -dce -ptrArgReplace -mem2reg -simplifycfg -dce -mem-intrinsic-preproc -dce -global-internalize -global-privatize -mem2reg -globaldce -promote-global-argument -ptrArgReplace -mem2reg -dce -globalopt -mergereturn -simplify-global-access -mem2reg -dce -pointer-simplify -dce -functionattrs -basicaa -aggr-aa -aggrmodref-aa -aggr-aa -gvn -gvn -basicaa -aggr-aa -aggrmodref-aa -aggr-aa -dse -adse -adce -dce -norm-name -basicaa -aggr-aa -aggrmodref-aa -aggr-aa -accesses-merge -function-inline -complex-op-raise -inst-simplify -globaldce -func-inst -constprop -instcombine -simplifycfg -dce -func-legal -dce -loop-bound -arraycheck -bitwidthmin2 -bitwidthmin2 -on-by-dataflow -loop-delete -instcombine -simplifycfg -globaldce -dce -gvn -deadargelim -dce -loop-simplify -clean-region -simplifycfg -propagate-stable-arguments -loop-stream -instcombine -simplifycfg -dce -globaldce -duplicate-dataflow-processes -stream-intrinsic-preproc -dce -check-ap-stream -loop-simplify -eliminate-keepreads -extract-dataflow-in-loop -loop-simplify -dce -gvn -deadargelim -dse -duplicate-dataflow-processes -check-dataflow-syntax -legalize-stream-variable -legalize-global -extract-subproc -dce -dead-channel-elimination -canonicalize-gep -globaldce -dce -gvn -hls-dead-arg-elim -deadargelim -directive-preproc -annotate-dataflow-channels -scalar-preprocessing -scalar-propagation2 -deadargelim -globaldce -mem2reg -check-dataflow-channels -function-stream -dce -globaldce -prop-fifo-spec -internal-stream-gen -canonicalize-gep -globaldce -dce -gvn -deadargelim -mergereturn -indvars -loop-simplify -instcombine -array-stream -array-seg-normalize -array-partition -func-legal -instcombine -simplifycfg -dce -bundle-memfifo-ops -deadargelim -function-uniquify -directive-preproc -mem2reg -dse -dce -group-axi-access -licm -simplifycfg -dce -loop-delete -hls-display -norm-name /home/sam/project/vitis_hls/new_fixedpoint2205/solution1/.autopilot/db/a.o.1.bc -o /home/sam/project/vitis_hls/new_fixedpoint2205/solution1/.autopilot/db/a.o.1.tmp.bc -f 
INFO: [XFORM 203-510] Pipelining loop 'VITIS_LOOP_47_1' (new_fixedpoint2205/fixedpt.h:49) in function 'Cal_Disthw' automatically.
INFO: [XFORM 203-510] Pipelining loop 'Loop-2' (new_fixedpoint2205/main.cpp:105) in function 'Obstacle_Freehw' automatically.
INFO: [XFORM 203-510] Pipelining loop 'VITIS_LOOP_112_1' (/wrk/ci/prod/2021.2/rdi_builds/continuous/2021_10_19_3367213/src/shared/hls/clib/hlsmath/include/FloatingPoint/hls_case_IEEE754.h:13) in function 'Obstacle_Freehw' automatically.
INFO: [XFORM 203-510] Pipelining loop 'VITIS_LOOP_141_1' (/wrk/ci/prod/2021.2/rdi_builds/continuous/2021_10_19_3367213/src/shared/hls/clib/hlsmath/include/FloatingPoint/hls_case_IEEE754.h:13) in function 'Nearhw' automatically.
INFO: [XFORM 203-510] Pipelining loop 'Loop-2' (new_fixedpoint2205/main.cpp:335) in function 'rrt' automatically.
INFO: [XFORM 203-510] Pipelining loop 'VITIS_LOOP_47_1' (new_fixedpoint2205/fixedpt.h:49) in function 'rrt' automatically.
INFO: [XFORM 203-510] Pipelining loop 'VITIS_LOOP_396_2' (new_fixedpoint2205/main.cpp:396) in function 'rrt' automatically.
INFO: [XFORM 203-510] Pipelining loop 'VITIS_LOOP_420_3' (new_fixedpoint2205/main.cpp:204) in function 'rrt' automatically.
INFO: [XFORM 203-502] Unrolling all loops for pipelining in function 'Collision_detectedhw' (new_fixedpoint2205/Aux_Lib_hw.hpp:27:5).
INFO: [HLS 200-489] Unrolling loop 'VITIS_LOOP_83_1' (new_fixedpoint2205/main.cpp:83) in function 'Collision_detectedhw' completely with a factor of 28.
INFO: [XFORM 203-102] Partitioning array 'Bool' (new_fixedpoint2205/main.cpp:81) automatically.
INFO: [XFORM 203-602] Inlining function 'Cal_Disthw' into 'A_StreamReaderhw' (new_fixedpoint2205/main.cpp:41) automatically.
INFO: [XFORM 203-602] Inlining function 'FloatToFixed<16ul>' into 'Collision_detectedhw' (new_fixedpoint2205/Aux_Lib_hw.hpp:115) automatically.
Command         transform done; 0.54 sec.
INFO-FLOW: Presyn 2...
Execute         transform -hls -keep-callgraph -scalarrepl -mem2reg -port-alignment -attach-range -dce -pipe-mux-gen -indvars -loop-bound -inst-simplify -instcombine -dce -merge-array-access -mem2reg -dce -clean-region -mergereturn -if-conv -instcombine -dce -constprop -basicaa -aggr-aa -aggrmodref-aa -aggr-aa -gvn -gvn -basicaa -aggr-aa -aggrmodref-aa -aggr-aa -dse -adse -adce -scalarrepl -mem2reg -global-constprop -deadargelim -deadargelim -instcombine -dce -simplifycfg -ptrArgReplace -mem2reg -function-inline -globaldce -mem2reg -instcombine -dce -expr-balance -instcombine -dce -bitwidthmin2 -bitwidthmin2 -interface-preproc -directive-preproc -inst-rectify -instcombine -dce -functionattrs -constprop -instcombine -bit-constprop -simplify-global-access -globalopt -globaldce -inst-simplify -instcombine -elimdeaddata -dce -loop-delete -simplifycfg -loop-simplify -auto-burst -barrier -norm-name /home/sam/project/vitis_hls/new_fixedpoint2205/solution1/.autopilot/db/a.o.1.tmp.bc -o /home/sam/project/vitis_hls/new_fixedpoint2205/solution1/.autopilot/db/a.o.2.bc -f -phase presyn 
INFO: [XFORM 203-401] Performing if-conversion on hyperblock from (/wrk/ci/prod/2021.2/rdi_builds/continuous/2021_10_19_3367213/src/shared/hls/clib/hlsmath/include/FloatingPoint/hls_case_IEEE754.h:13:17) in function 'rrt'... converting 3 basic blocks.
INFO: [XFORM 203-401] Performing if-conversion on hyperblock from (new_fixedpoint2205/fixedpt.h:58:7) in function 'A_StreamReaderhw'... converting 3 basic blocks.
INFO: [XFORM 203-602] Inlining function 'A_StreamReaderhw' into 'rrt' (new_fixedpoint2205/main.cpp:370) automatically.
INFO: [XFORM 203-602] Inlining function 'Obstacle_Freehw' into 'rrt' (new_fixedpoint2205/main.cpp:380) automatically.
INFO: [XFORM 203-11] Balancing expressions in function 'rrt' (new_fixedpoint2205/main.cpp:7:47)...9 expression(s) balanced.
INFO: [XFORM 203-11] Balancing expressions in function 'Collision_detectedhw' (new_fixedpoint2205/Aux_Lib_hw.hpp:34:5)...3 expression(s) balanced.
Command         transform done; 0.31 sec.
INFO: [HLS 200-111] Finished Loop, function and other optimizations: CPU user time: 0.81 seconds. CPU system time: 0.05 seconds. Elapsed time: 0.85 seconds; current allocated memory: 580.168 MB.
Execute         get_config_compile -enable_auto_rewind 
Execute         get_config_compile -enable_loop_extract 
INFO-FLOW: Building ssdm...
Execute         transform -hls -function-uniquify -auto-function-inline -globaldce -ptrArgReplace -mem2reg -dce -reset-lda -loop-simplify -indvars -aggr-aa -licm -loop-dep -loop-bound -licm -loop-simplify -loop-sink-hoist -flattenloopnest -array-flatten -gvn -instcombine -dce -array-map -dce -func-legal -gvn -adce -instcombine -cfgopt -simplifycfg -loop-simplify -array-burst -promote-global-argument -dce -array-seg-normalize -basicaa -aggrmodref-aa -globalsmodref-aa -aggr-aa -gvn -gvn -basicaa -aggrmodref-aa -globalsmodref-aa -aggr-aa -dse -adse -adce -licm -inst-simplify -dce -globaldce -instcombine -array-stream -eliminate-keepreads -instcombine -dce -deadargelim -doublePtrSimplify -doublePtrElim -dce -doublePtrSimplify -promote-dbg-pointer -dce -scalarrepl -mem2reg -norm-name -mem2reg -instcombine -dse -adse -adce -ptrLegalization -dce -auto-rom-infer -array-flatten -dce -instcombine -check-doubleptr -loop-rot -constprop -cfgopt -simplifycfg -loop-simplify -indvars -pointer-simplify -dce -loop-bound -loop-simplify -loop-preproc -constprop -global-constprop -gvn -mem2reg -instcombine -dce -loop-bound -loop-merge -dce -deadargelim -dce -canonicalize-dataflow -dce -scalar-propagation2 -deadargelim -globaldce -mem2reg -load-elim -read-loop-dep -loop-simplify -loop-extract-inner -directive-preproc -bitwidthmin2 -bitwidthmin2 -read-loop-dep -interface-preproc -directive-preproc -interface-gen -bram-byte-enable -deadargelim -inst-simplify -dce -gvn -mem2reg -instcombine -dce -adse -loop-bound -instcombine -cfgopt -simplifycfg -loop-simplify -clean-region -io-protocol -find-region -mem2reg -bitop-raise -complex-op-raise -inst-simplify -inst-rectify -instcombine -adce -deadargelim -float-op-raise -loop-simplify -phi-opt -bitop-raise -cfgopt -simplifycfg -strip-dead-prototypes -interface-lower -bitop-lower -intrinsic-lower -auto-function-inline -basicaa -aggrmodref-aa -globalsmodref-aa -aggr-aa -inst-simplify -simplifycfg -loop-simplify -mergereturn -inst-simplify -inst-rectify -dce -load-elim -bitop-lower -float-op-raise -fma-raise -loop-rewind -pointer-simplify -dce -cfgopt -dce -loop-bound -loop-dep -read-loop-dep -dce -dyn-mem-reuse -dce -recurrence-min -dce -share-scalar-alloca -deadargelim -dce -check-stream -norm-name -legalize -validate-dataflow -inst-clarity -bitwidth -dump-loop-dep-to-ir -check-all-ssdm -cdfg-build /home/sam/project/vitis_hls/new_fixedpoint2205/solution1/.autopilot/db/a.o.2.bc -o /home/sam/project/vitis_hls/new_fixedpoint2205/solution1/.autopilot/db/a.o.3.bc -f -phase build-ssdm 
INFO: [XFORM 203-603] Evaluating the output(s) of a call to function '__hls_fptosi_float_i32' (new_fixedpoint2205/Aux_Lib_hw.hpp:106:42) in function 'Collision_detectedhw' and propagating its result(s) since all actual argument(s) to the function are constants.
INFO: [XFORM 203-603] Evaluating the output(s) of a call to function '__hls_fptosi_float_i32' (new_fixedpoint2205/Aux_Lib_hw.hpp:107:34) in function 'Collision_detectedhw' and propagating its result(s) since all actual argument(s) to the function are constants.
INFO: [HLS 200-472] Inferring partial write operation for 'X_near' (new_fixedpoint2205/main.cpp:151:24)
INFO: [HLS 200-472] Inferring partial write operation for 'RRT_Star.Position.x' (new_fixedpoint2205/RRT_Star_hw.hpp:14:5)
INFO: [HLS 200-472] Inferring partial write operation for 'RRT_Star.Position.y' (new_fixedpoint2205/RRT_Star_hw.hpp:15:5)
INFO: [HLS 200-472] Inferring partial write operation for 'RRT_Star.Location_List' (new_fixedpoint2205/RRT_Star_hw.hpp:87:17)
INFO: [HLS 200-472] Inferring partial write operation for 'RRT_Star.Position.x' (new_fixedpoint2205/main.cpp:348:25)
INFO: [HLS 200-472] Inferring partial write operation for 'RRT_Star.Position.y' (new_fixedpoint2205/main.cpp:349:25)
INFO: [HLS 200-472] Inferring partial write operation for 'RRT_Star.Location_List' (new_fixedpoint2205/main.cpp:350:28)
INFO: [HLS 200-472] Inferring partial write operation for 'Bool' (new_fixedpoint2205/main.cpp:122:10)
Command         transform done; 0.49 sec.
INFO: [HLS 200-111] Finished Architecture Synthesis: CPU user time: 0.48 seconds. CPU system time: 0.01 seconds. Elapsed time: 0.49 seconds; current allocated memory: 707.121 MB.
INFO-FLOW: Finish building internal data model.
Command       opt_and_import_c done; 2.44 sec.
Command     elaborate done; 10.5 sec.
Execute     ap_eval exec zip -j /home/sam/project/vitis_hls/new_fixedpoint2205/solution1/.autopilot/db/dut.hcp $dbDir/a.o.3.bc $dbDir/${topname}.rtl_wrap.cfg.tcl $dbDir/apatb_${topname}.cpp $dbDir/apatb_${topname}_util.cpp $dbDir/apatb_${topname}_ir.ll $dbDir/mapper_${topname}.cpp $dbDir/top-io-fe.xml $dbDir/kernel.internal.xml $workdir/../hls.app 
Command     ap_eval done; 0.12 sec.
Execute     autosyn -from_csynth_design=1 
INFO: [HLS 200-10] Starting hardware synthesis ...
INFO-FLOW: Synthesizing C/C++ design ...
INFO: [HLS 200-10] Synthesizing 'rrt' ...
Execute       ap_set_top_model rrt 
WARNING: [SYN 201-103] Legalizing function name 'FloatToFixed<16ul>' to 'FloatToFixed_16ul_s'.
WARNING: [SYN 201-103] Legalizing function name '__hls_fptosi_float_i32' to 'p_hls_fptosi_float_i32'.
Execute       get_model_list rrt -filter all-wo-channel -topdown 
Execute       preproc_iomode -model rrt 
Execute       preproc_iomode -model rrt_Pipeline_VITIS_LOOP_396_2 
Execute       preproc_iomode -model rrt_Pipeline_VITIS_LOOP_47_12 
Execute       preproc_iomode -model Nearhw 
Execute       preproc_iomode -model rrt_Pipeline_VITIS_LOOP_420_3 
Execute       preproc_iomode -model rrt_Pipeline_VITIS_LOOP_112_1 
Execute       preproc_iomode -model Collision_detectedhw 
Execute       preproc_iomode -model __hls_fptosi_float_i32 
Execute       preproc_iomode -model rrt_Pipeline_VITIS_LOOP_47_1 
Execute       preproc_iomode -model rrt_Pipeline_VITIS_LOOP_342_1 
Execute       preproc_iomode -model rrt_Pipeline_1 
Execute       preproc_iomode -model FloatToFixed<16ul> 
Execute       get_model_list rrt -filter all-wo-channel 
INFO-FLOW: Model list for configure: FloatToFixed<16ul> rrt_Pipeline_1 rrt_Pipeline_VITIS_LOOP_342_1 rrt_Pipeline_VITIS_LOOP_47_1 __hls_fptosi_float_i32 Collision_detectedhw rrt_Pipeline_VITIS_LOOP_112_1 rrt_Pipeline_VITIS_LOOP_420_3 Nearhw rrt_Pipeline_VITIS_LOOP_47_12 rrt_Pipeline_VITIS_LOOP_396_2 rrt
INFO-FLOW: Configuring Module : FloatToFixed<16ul> ...
Execute       set_default_model FloatToFixed<16ul> 
Execute       apply_spec_resource_limit FloatToFixed<16ul> 
INFO-FLOW: Configuring Module : rrt_Pipeline_1 ...
Execute       set_default_model rrt_Pipeline_1 
Execute       apply_spec_resource_limit rrt_Pipeline_1 
INFO-FLOW: Configuring Module : rrt_Pipeline_VITIS_LOOP_342_1 ...
Execute       set_default_model rrt_Pipeline_VITIS_LOOP_342_1 
Execute       apply_spec_resource_limit rrt_Pipeline_VITIS_LOOP_342_1 
INFO-FLOW: Configuring Module : rrt_Pipeline_VITIS_LOOP_47_1 ...
Execute       set_default_model rrt_Pipeline_VITIS_LOOP_47_1 
Execute       apply_spec_resource_limit rrt_Pipeline_VITIS_LOOP_47_1 
INFO-FLOW: Configuring Module : __hls_fptosi_float_i32 ...
Execute       set_default_model __hls_fptosi_float_i32 
Execute       apply_spec_resource_limit __hls_fptosi_float_i32 
INFO-FLOW: Configuring Module : Collision_detectedhw ...
Execute       set_default_model Collision_detectedhw 
Execute       apply_spec_resource_limit Collision_detectedhw 
INFO-FLOW: Configuring Module : rrt_Pipeline_VITIS_LOOP_112_1 ...
Execute       set_default_model rrt_Pipeline_VITIS_LOOP_112_1 
Execute       apply_spec_resource_limit rrt_Pipeline_VITIS_LOOP_112_1 
INFO-FLOW: Configuring Module : rrt_Pipeline_VITIS_LOOP_420_3 ...
Execute       set_default_model rrt_Pipeline_VITIS_LOOP_420_3 
Execute       apply_spec_resource_limit rrt_Pipeline_VITIS_LOOP_420_3 
INFO-FLOW: Configuring Module : Nearhw ...
Execute       set_default_model Nearhw 
Execute       apply_spec_resource_limit Nearhw 
INFO-FLOW: Configuring Module : rrt_Pipeline_VITIS_LOOP_47_12 ...
Execute       set_default_model rrt_Pipeline_VITIS_LOOP_47_12 
Execute       apply_spec_resource_limit rrt_Pipeline_VITIS_LOOP_47_12 
INFO-FLOW: Configuring Module : rrt_Pipeline_VITIS_LOOP_396_2 ...
Execute       set_default_model rrt_Pipeline_VITIS_LOOP_396_2 
Execute       apply_spec_resource_limit rrt_Pipeline_VITIS_LOOP_396_2 
INFO-FLOW: Configuring Module : rrt ...
Execute       set_default_model rrt 
Execute       apply_spec_resource_limit rrt 
INFO-FLOW: Model list for preprocess: FloatToFixed<16ul> rrt_Pipeline_1 rrt_Pipeline_VITIS_LOOP_342_1 rrt_Pipeline_VITIS_LOOP_47_1 __hls_fptosi_float_i32 Collision_detectedhw rrt_Pipeline_VITIS_LOOP_112_1 rrt_Pipeline_VITIS_LOOP_420_3 Nearhw rrt_Pipeline_VITIS_LOOP_47_12 rrt_Pipeline_VITIS_LOOP_396_2 rrt
INFO-FLOW: Preprocessing Module: FloatToFixed<16ul> ...
Execute       set_default_model FloatToFixed<16ul> 
Execute       cdfg_preprocess -model FloatToFixed<16ul> 
Execute       rtl_gen_preprocess FloatToFixed<16ul> 
INFO-FLOW: Preprocessing Module: rrt_Pipeline_1 ...
Execute       set_default_model rrt_Pipeline_1 
Execute       cdfg_preprocess -model rrt_Pipeline_1 
Execute       rtl_gen_preprocess rrt_Pipeline_1 
INFO-FLOW: Preprocessing Module: rrt_Pipeline_VITIS_LOOP_342_1 ...
Execute       set_default_model rrt_Pipeline_VITIS_LOOP_342_1 
Execute       cdfg_preprocess -model rrt_Pipeline_VITIS_LOOP_342_1 
Execute       rtl_gen_preprocess rrt_Pipeline_VITIS_LOOP_342_1 
INFO-FLOW: Preprocessing Module: rrt_Pipeline_VITIS_LOOP_47_1 ...
Execute       set_default_model rrt_Pipeline_VITIS_LOOP_47_1 
Execute       cdfg_preprocess -model rrt_Pipeline_VITIS_LOOP_47_1 
Execute       rtl_gen_preprocess rrt_Pipeline_VITIS_LOOP_47_1 
INFO-FLOW: Preprocessing Module: __hls_fptosi_float_i32 ...
Execute       set_default_model __hls_fptosi_float_i32 
Execute       cdfg_preprocess -model __hls_fptosi_float_i32 
Execute       rtl_gen_preprocess __hls_fptosi_float_i32 
INFO-FLOW: Preprocessing Module: Collision_detectedhw ...
Execute       set_default_model Collision_detectedhw 
Execute       cdfg_preprocess -model Collision_detectedhw 
Execute       rtl_gen_preprocess Collision_detectedhw 
INFO-FLOW: Preprocessing Module: rrt_Pipeline_VITIS_LOOP_112_1 ...
Execute       set_default_model rrt_Pipeline_VITIS_LOOP_112_1 
Execute       cdfg_preprocess -model rrt_Pipeline_VITIS_LOOP_112_1 
Execute       rtl_gen_preprocess rrt_Pipeline_VITIS_LOOP_112_1 
INFO-FLOW: Preprocessing Module: rrt_Pipeline_VITIS_LOOP_420_3 ...
Execute       set_default_model rrt_Pipeline_VITIS_LOOP_420_3 
Execute       cdfg_preprocess -model rrt_Pipeline_VITIS_LOOP_420_3 
Execute       rtl_gen_preprocess rrt_Pipeline_VITIS_LOOP_420_3 
INFO-FLOW: Preprocessing Module: Nearhw ...
Execute       set_default_model Nearhw 
Execute       cdfg_preprocess -model Nearhw 
Execute       rtl_gen_preprocess Nearhw 
INFO-FLOW: Preprocessing Module: rrt_Pipeline_VITIS_LOOP_47_12 ...
Execute       set_default_model rrt_Pipeline_VITIS_LOOP_47_12 
Execute       cdfg_preprocess -model rrt_Pipeline_VITIS_LOOP_47_12 
Execute       rtl_gen_preprocess rrt_Pipeline_VITIS_LOOP_47_12 
INFO-FLOW: Preprocessing Module: rrt_Pipeline_VITIS_LOOP_396_2 ...
Execute       set_default_model rrt_Pipeline_VITIS_LOOP_396_2 
Execute       cdfg_preprocess -model rrt_Pipeline_VITIS_LOOP_396_2 
Execute       rtl_gen_preprocess rrt_Pipeline_VITIS_LOOP_396_2 
INFO-FLOW: Preprocessing Module: rrt ...
Execute       set_default_model rrt 
Execute       cdfg_preprocess -model rrt 
Execute       rtl_gen_preprocess rrt 
INFO-FLOW: Model list for synthesis: FloatToFixed<16ul> rrt_Pipeline_1 rrt_Pipeline_VITIS_LOOP_342_1 rrt_Pipeline_VITIS_LOOP_47_1 __hls_fptosi_float_i32 Collision_detectedhw rrt_Pipeline_VITIS_LOOP_112_1 rrt_Pipeline_VITIS_LOOP_420_3 Nearhw rrt_Pipeline_VITIS_LOOP_47_12 rrt_Pipeline_VITIS_LOOP_396_2 rrt
INFO: [HLS 200-10] ----------------------------------------------------------------
INFO: [HLS 200-42] -- Implementing module 'FloatToFixed_16ul_s' 
INFO: [HLS 200-10] ----------------------------------------------------------------
Execute       set_default_model FloatToFixed<16ul> 
Execute       schedule -model FloatToFixed<16ul> 
INFO: [SCHED 204-11] Starting scheduling ...
INFO: [SCHED 204-61] Pipelining function 'FloatToFixed<16ul>'.
INFO: [HLS 200-1470] Pipelining result : Target II = NA, Final II = 1, Depth = 22, function 'FloatToFixed<16ul>'
INFO: [SCHED 204-11] Finished scheduling.
INFO: [HLS 200-111] Finished Scheduling: CPU user time: 0.16 seconds. CPU system time: 0.05 seconds. Elapsed time: 0.21 seconds; current allocated memory: 707.832 MB.
Execute       syn_report -verbosereport -o /home/sam/project/vitis_hls/new_fixedpoint2205/solution1/.autopilot/db/FloatToFixed_16ul_s.verbose.sched.rpt 
Execute         AP::get_flow_target_display_name
Execute           get_solution -flow_target 
Execute       db_write -o /home/sam/project/vitis_hls/new_fixedpoint2205/solution1/.autopilot/db/FloatToFixed_16ul_s.sched.adb -f 
INFO-FLOW: Finish scheduling FloatToFixed<16ul>.
Execute       set_default_model FloatToFixed<16ul> 
Execute       bind -model FloatToFixed<16ul> 
INFO: [BIND 205-100] Starting micro-architecture generation ...
INFO: [BIND 205-101] Performing variable lifetime analysis.
INFO: [BIND 205-101] Exploring resource sharing.
INFO: [BIND 205-101] Binding ...
INFO: [BIND 205-100] Finished micro-architecture generation.
INFO: [HLS 200-111] Finished Binding: CPU user time: 0.1 seconds. CPU system time: 0 seconds. Elapsed time: 0.1 seconds; current allocated memory: 707.832 MB.
Execute       syn_report -verbosereport -o /home/sam/project/vitis_hls/new_fixedpoint2205/solution1/.autopilot/db/FloatToFixed_16ul_s.verbose.bind.rpt 
Execute         AP::get_flow_target_display_name
Execute           get_solution -flow_target 
Execute       db_write -o /home/sam/project/vitis_hls/new_fixedpoint2205/solution1/.autopilot/db/FloatToFixed_16ul_s.bind.adb -f 
INFO-FLOW: Finish binding FloatToFixed<16ul>.
INFO: [HLS 200-10] ----------------------------------------------------------------
INFO: [HLS 200-42] -- Implementing module 'rrt_Pipeline_1' 
INFO: [HLS 200-10] ----------------------------------------------------------------
Execute       set_default_model rrt_Pipeline_1 
Execute       schedule -model rrt_Pipeline_1 
INFO: [SCHED 204-11] Starting scheduling ...
INFO: [SCHED 204-61] Pipelining loop 'Loop 1'.
INFO: [HLS 200-1470] Pipelining result : Target II = NA, Final II = 1, Depth = 1, loop 'Loop 1'
INFO: [SCHED 204-11] Finished scheduling.
INFO: [HLS 200-111] Finished Scheduling: CPU user time: 0.08 seconds. CPU system time: 0 seconds. Elapsed time: 0.09 seconds; current allocated memory: 707.898 MB.
Execute       syn_report -verbosereport -o /home/sam/project/vitis_hls/new_fixedpoint2205/solution1/.autopilot/db/rrt_Pipeline_1.verbose.sched.rpt 
Execute         AP::get_flow_target_display_name
Execute           get_solution -flow_target 
Execute       db_write -o /home/sam/project/vitis_hls/new_fixedpoint2205/solution1/.autopilot/db/rrt_Pipeline_1.sched.adb -f 
INFO-FLOW: Finish scheduling rrt_Pipeline_1.
Execute       set_default_model rrt_Pipeline_1 
Execute       bind -model rrt_Pipeline_1 
INFO: [BIND 205-100] Starting micro-architecture generation ...
INFO: [BIND 205-101] Performing variable lifetime analysis.
INFO: [BIND 205-101] Exploring resource sharing.
INFO: [BIND 205-101] Binding ...
INFO: [BIND 205-100] Finished micro-architecture generation.
INFO: [HLS 200-111] Finished Binding: CPU user time: 0.01 seconds. CPU system time: 0 seconds. Elapsed time: 0.01 seconds; current allocated memory: 707.898 MB.
Execute       syn_report -verbosereport -o /home/sam/project/vitis_hls/new_fixedpoint2205/solution1/.autopilot/db/rrt_Pipeline_1.verbose.bind.rpt 
Execute         AP::get_flow_target_display_name
Execute           get_solution -flow_target 
Execute       db_write -o /home/sam/project/vitis_hls/new_fixedpoint2205/solution1/.autopilot/db/rrt_Pipeline_1.bind.adb -f 
INFO-FLOW: Finish binding rrt_Pipeline_1.
INFO: [HLS 200-10] ----------------------------------------------------------------
INFO: [HLS 200-42] -- Implementing module 'rrt_Pipeline_VITIS_LOOP_342_1' 
INFO: [HLS 200-10] ----------------------------------------------------------------
Execute       set_default_model rrt_Pipeline_VITIS_LOOP_342_1 
Execute       schedule -model rrt_Pipeline_VITIS_LOOP_342_1 
INFO: [SCHED 204-11] Starting scheduling ...
INFO: [SCHED 204-61] Pipelining loop 'VITIS_LOOP_342_1'.
INFO: [HLS 200-1470] Pipelining result : Target II = NA, Final II = 1, Depth = 52, loop 'VITIS_LOOP_342_1'
WARNING: [HLS 200-871] Estimated clock period (6.312ns) exceeds the target (target clock period: 6.75ns, clock uncertainty: 1.8225ns, effective delay budget: 4.9275ns).
WARNING: [HLS 200-1016] The critical path in module 'rrt_Pipeline_VITIS_LOOP_342_1' consists of the following:	'sitofp' operation ('conv_i_i_i', new_fixedpoint2205/Aux_Lib_hw.hpp:27) [70]  (6.31 ns)

INFO: [SCHED 204-11] Finished scheduling.
Command       schedule done; 0.11 sec.
INFO: [HLS 200-111] Finished Scheduling: CPU user time: 0.12 seconds. CPU system time: 0.01 seconds. Elapsed time: 0.13 seconds; current allocated memory: 708.328 MB.
Execute       syn_report -verbosereport -o /home/sam/project/vitis_hls/new_fixedpoint2205/solution1/.autopilot/db/rrt_Pipeline_VITIS_LOOP_342_1.verbose.sched.rpt 
Execute         AP::get_flow_target_display_name
Execute           get_solution -flow_target 
Command       syn_report done; 0.12 sec.
Execute       db_write -o /home/sam/project/vitis_hls/new_fixedpoint2205/solution1/.autopilot/db/rrt_Pipeline_VITIS_LOOP_342_1.sched.adb -f 
INFO-FLOW: Finish scheduling rrt_Pipeline_VITIS_LOOP_342_1.
Execute       set_default_model rrt_Pipeline_VITIS_LOOP_342_1 
Execute       bind -model rrt_Pipeline_VITIS_LOOP_342_1 
INFO: [BIND 205-100] Starting micro-architecture generation ...
INFO: [BIND 205-101] Performing variable lifetime analysis.
INFO: [BIND 205-101] Exploring resource sharing.
INFO: [BIND 205-101] Binding ...
INFO: [BIND 205-100] Finished micro-architecture generation.
INFO: [HLS 200-111] Finished Binding: CPU user time: 0.21 seconds. CPU system time: 0 seconds. Elapsed time: 0.22 seconds; current allocated memory: 708.328 MB.
Execute       syn_report -verbosereport -o /home/sam/project/vitis_hls/new_fixedpoint2205/solution1/.autopilot/db/rrt_Pipeline_VITIS_LOOP_342_1.verbose.bind.rpt 
Execute         AP::get_flow_target_display_name
Execute           get_solution -flow_target 
Command       syn_report done; 0.16 sec.
Execute       db_write -o /home/sam/project/vitis_hls/new_fixedpoint2205/solution1/.autopilot/db/rrt_Pipeline_VITIS_LOOP_342_1.bind.adb -f 
INFO-FLOW: Finish binding rrt_Pipeline_VITIS_LOOP_342_1.
INFO: [HLS 200-10] ----------------------------------------------------------------
INFO: [HLS 200-42] -- Implementing module 'rrt_Pipeline_VITIS_LOOP_47_1' 
INFO: [HLS 200-10] ----------------------------------------------------------------
Execute       set_default_model rrt_Pipeline_VITIS_LOOP_47_1 
Execute       schedule -model rrt_Pipeline_VITIS_LOOP_47_1 
INFO: [SCHED 204-11] Starting scheduling ...
INFO: [SCHED 204-61] Pipelining loop 'VITIS_LOOP_47_1'.
WARNING: [HLS 200-880] The II Violation in module 'rrt_Pipeline_VITIS_LOOP_47_1' (loop 'VITIS_LOOP_47_1'): Unable to enforce a carried dependence constraint (II = 1, distance = 1, offset = 0) between 'store' operation ('q_1_write_ln47', new_fixedpoint2205/fixedpt.h:47->new_fixedpoint2205/main.cpp:370) of variable 'q', new_fixedpoint2205/fixedpt.h:50->new_fixedpoint2205/main.cpp:370 on local variable 'q' and 'load' operation ('q_1_load', new_fixedpoint2205/fixedpt.h:49->new_fixedpoint2205/main.cpp:370) on local variable 'q'.
INFO: [HLS 200-1470] Pipelining result : Target II = NA, Final II = 2, Depth = 4, loop 'VITIS_LOOP_47_1'
INFO: [SCHED 204-11] Finished scheduling.
INFO: [HLS 200-111] Finished Scheduling: CPU user time: 0.19 seconds. CPU system time: 0 seconds. Elapsed time: 0.2 seconds; current allocated memory: 708.328 MB.
Execute       syn_report -verbosereport -o /home/sam/project/vitis_hls/new_fixedpoint2205/solution1/.autopilot/db/rrt_Pipeline_VITIS_LOOP_47_1.verbose.sched.rpt 
Execute         AP::get_flow_target_display_name
Execute           get_solution -flow_target 
Execute       db_write -o /home/sam/project/vitis_hls/new_fixedpoint2205/solution1/.autopilot/db/rrt_Pipeline_VITIS_LOOP_47_1.sched.adb -f 
INFO-FLOW: Finish scheduling rrt_Pipeline_VITIS_LOOP_47_1.
Execute       set_default_model rrt_Pipeline_VITIS_LOOP_47_1 
Execute       bind -model rrt_Pipeline_VITIS_LOOP_47_1 
INFO: [BIND 205-100] Starting micro-architecture generation ...
INFO: [BIND 205-101] Performing variable lifetime analysis.
INFO: [BIND 205-101] Exploring resource sharing.
INFO: [BIND 205-101] Binding ...
INFO: [BIND 205-100] Finished micro-architecture generation.
INFO: [HLS 200-111] Finished Binding: CPU user time: 0.03 seconds. CPU system time: 0 seconds. Elapsed time: 0.03 seconds; current allocated memory: 708.328 MB.
Execute       syn_report -verbosereport -o /home/sam/project/vitis_hls/new_fixedpoint2205/solution1/.autopilot/db/rrt_Pipeline_VITIS_LOOP_47_1.verbose.bind.rpt 
Execute         AP::get_flow_target_display_name
Execute           get_solution -flow_target 
Execute       db_write -o /home/sam/project/vitis_hls/new_fixedpoint2205/solution1/.autopilot/db/rrt_Pipeline_VITIS_LOOP_47_1.bind.adb -f 
INFO-FLOW: Finish binding rrt_Pipeline_VITIS_LOOP_47_1.
INFO: [HLS 200-10] ----------------------------------------------------------------
INFO: [HLS 200-42] -- Implementing module 'p_hls_fptosi_float_i32' 
INFO: [HLS 200-10] ----------------------------------------------------------------
Execute       set_default_model __hls_fptosi_float_i32 
Execute       schedule -model __hls_fptosi_float_i32 
INFO: [SCHED 204-11] Starting scheduling ...
INFO: [SCHED 204-61] Pipelining function '__hls_fptosi_float_i32'.
INFO: [HLS 200-1470] Pipelining result : Target II = NA, Final II = 1, Depth = 3, function '__hls_fptosi_float_i32'
INFO: [SCHED 204-11] Finished scheduling.
INFO: [HLS 200-111] Finished Scheduling: CPU user time: 0.05 seconds. CPU system time: 0 seconds. Elapsed time: 0.05 seconds; current allocated memory: 708.344 MB.
Execute       syn_report -verbosereport -o /home/sam/project/vitis_hls/new_fixedpoint2205/solution1/.autopilot/db/p_hls_fptosi_float_i32.verbose.sched.rpt 
Execute         AP::get_flow_target_display_name
Execute           get_solution -flow_target 
Execute       db_write -o /home/sam/project/vitis_hls/new_fixedpoint2205/solution1/.autopilot/db/p_hls_fptosi_float_i32.sched.adb -f 
INFO-FLOW: Finish scheduling __hls_fptosi_float_i32.
Execute       set_default_model __hls_fptosi_float_i32 
Execute       bind -model __hls_fptosi_float_i32 
INFO: [BIND 205-100] Starting micro-architecture generation ...
INFO: [BIND 205-101] Performing variable lifetime analysis.
INFO: [BIND 205-101] Exploring resource sharing.
INFO: [BIND 205-101] Binding ...
INFO: [BIND 205-100] Finished micro-architecture generation.
INFO: [HLS 200-111] Finished Binding: CPU user time: 0.02 seconds. CPU system time: 0.01 seconds. Elapsed time: 0.02 seconds; current allocated memory: 708.344 MB.
Execute       syn_report -verbosereport -o /home/sam/project/vitis_hls/new_fixedpoint2205/solution1/.autopilot/db/p_hls_fptosi_float_i32.verbose.bind.rpt 
Execute         AP::get_flow_target_display_name
Execute           get_solution -flow_target 
Execute       db_write -o /home/sam/project/vitis_hls/new_fixedpoint2205/solution1/.autopilot/db/p_hls_fptosi_float_i32.bind.adb -f 
INFO-FLOW: Finish binding __hls_fptosi_float_i32.
INFO: [HLS 200-10] ----------------------------------------------------------------
INFO: [HLS 200-42] -- Implementing module 'Collision_detectedhw' 
INFO: [HLS 200-10] ----------------------------------------------------------------
Execute       set_default_model Collision_detectedhw 
Execute       schedule -model Collision_detectedhw 
INFO: [SCHED 204-11] Starting scheduling ...
INFO: [SCHED 204-61] Pipelining function 'Collision_detectedhw'.
INFO: [HLS 200-1470] Pipelining result : Target II = NA, Final II = 1, Depth = 40, function 'Collision_detectedhw'
WARNING: [HLS 200-871] Estimated clock period (6.312ns) exceeds the target (target clock period: 6.75ns, clock uncertainty: 1.8225ns, effective delay budget: 4.9275ns).
WARNING: [HLS 200-1016] The critical path in module 'Collision_detectedhw' consists of the following:	wire read operation ('x') on port 'p_read' [6]  (0 ns)
	'sitofp' operation ('conv_i') [7]  (6.31 ns)

INFO: [SCHED 204-11] Finished scheduling.
Command       schedule done; 0.2 sec.
INFO: [HLS 200-111] Finished Scheduling: CPU user time: 0.22 seconds. CPU system time: 0 seconds. Elapsed time: 0.23 seconds; current allocated memory: 710.879 MB.
Execute       syn_report -verbosereport -o /home/sam/project/vitis_hls/new_fixedpoint2205/solution1/.autopilot/db/Collision_detectedhw.verbose.sched.rpt 
Execute         AP::get_flow_target_display_name
Execute           get_solution -flow_target 
Command       syn_report done; 0.17 sec.
Execute       db_write -o /home/sam/project/vitis_hls/new_fixedpoint2205/solution1/.autopilot/db/Collision_detectedhw.sched.adb -f 
INFO-FLOW: Finish scheduling Collision_detectedhw.
Execute       set_default_model Collision_detectedhw 
Execute       bind -model Collision_detectedhw 
INFO: [BIND 205-100] Starting micro-architecture generation ...
INFO: [BIND 205-101] Performing variable lifetime analysis.
INFO: [BIND 205-101] Exploring resource sharing.
INFO: [BIND 205-101] Binding ...
INFO: [BIND 205-100] Finished micro-architecture generation.
Command       bind done; 0.14 sec.
INFO: [HLS 200-111] Finished Binding: CPU user time: 0.31 seconds. CPU system time: 0 seconds. Elapsed time: 0.32 seconds; current allocated memory: 710.879 MB.
Execute       syn_report -verbosereport -o /home/sam/project/vitis_hls/new_fixedpoint2205/solution1/.autopilot/db/Collision_detectedhw.verbose.bind.rpt 
Execute         AP::get_flow_target_display_name
Execute           get_solution -flow_target 
Command       syn_report done; 0.39 sec.
Execute       db_write -o /home/sam/project/vitis_hls/new_fixedpoint2205/solution1/.autopilot/db/Collision_detectedhw.bind.adb -f 
INFO-FLOW: Finish binding Collision_detectedhw.
INFO: [HLS 200-10] ----------------------------------------------------------------
INFO: [HLS 200-42] -- Implementing module 'rrt_Pipeline_VITIS_LOOP_112_1' 
INFO: [HLS 200-10] ----------------------------------------------------------------
Execute       set_default_model rrt_Pipeline_VITIS_LOOP_112_1 
Execute       schedule -model rrt_Pipeline_VITIS_LOOP_112_1 
INFO: [SCHED 204-11] Starting scheduling ...
INFO: [SCHED 204-61] Pipelining loop 'VITIS_LOOP_112_1'.
INFO: [HLS 200-1470] Pipelining result : Target II = NA, Final II = 1, Depth = 75, loop 'VITIS_LOOP_112_1'
WARNING: [HLS 200-871] Estimated clock period (6.312ns) exceeds the target (target clock period: 6.75ns, clock uncertainty: 1.8225ns, effective delay budget: 4.9275ns).
WARNING: [HLS 200-1016] The critical path in module 'rrt_Pipeline_VITIS_LOOP_112_1' consists of the following:	'alloca' operation ('i') [7]  (0 ns)
	'load' operation ('i', new_fixedpoint2205/main.cpp:112->new_fixedpoint2205/main.cpp:380) on local variable 'i' [16]  (0 ns)
	'sitofp' operation ('d', new_fixedpoint2205/main.cpp:114->new_fixedpoint2205/main.cpp:380) [26]  (6.31 ns)

INFO: [SCHED 204-11] Finished scheduling.
Command       schedule done; 0.12 sec.
INFO: [HLS 200-111] Finished Scheduling: CPU user time: 0.54 seconds. CPU system time: 0.01 seconds. Elapsed time: 0.54 seconds; current allocated memory: 711.621 MB.
Execute       syn_report -verbosereport -o /home/sam/project/vitis_hls/new_fixedpoint2205/solution1/.autopilot/db/rrt_Pipeline_VITIS_LOOP_112_1.verbose.sched.rpt 
Execute         AP::get_flow_target_display_name
Execute           get_solution -flow_target 
Command       syn_report done; 0.15 sec.
Execute       db_write -o /home/sam/project/vitis_hls/new_fixedpoint2205/solution1/.autopilot/db/rrt_Pipeline_VITIS_LOOP_112_1.sched.adb -f 
INFO-FLOW: Finish scheduling rrt_Pipeline_VITIS_LOOP_112_1.
Execute       set_default_model rrt_Pipeline_VITIS_LOOP_112_1 
Execute       bind -model rrt_Pipeline_VITIS_LOOP_112_1 
INFO: [BIND 205-100] Starting micro-architecture generation ...
INFO: [BIND 205-101] Performing variable lifetime analysis.
INFO: [BIND 205-101] Exploring resource sharing.
INFO: [BIND 205-101] Binding ...
INFO: [BIND 205-100] Finished micro-architecture generation.
Command       bind done; 0.18 sec.
INFO: [HLS 200-111] Finished Binding: CPU user time: 0.32 seconds. CPU system time: 0 seconds. Elapsed time: 0.34 seconds; current allocated memory: 711.621 MB.
Execute       syn_report -verbosereport -o /home/sam/project/vitis_hls/new_fixedpoint2205/solution1/.autopilot/db/rrt_Pipeline_VITIS_LOOP_112_1.verbose.bind.rpt 
Execute         AP::get_flow_target_display_name
Execute           get_solution -flow_target 
Command       syn_report done; 0.36 sec.
Execute       db_write -o /home/sam/project/vitis_hls/new_fixedpoint2205/solution1/.autopilot/db/rrt_Pipeline_VITIS_LOOP_112_1.bind.adb -f 
INFO-FLOW: Finish binding rrt_Pipeline_VITIS_LOOP_112_1.
INFO: [HLS 200-10] ----------------------------------------------------------------
INFO: [HLS 200-42] -- Implementing module 'rrt_Pipeline_VITIS_LOOP_420_3' 
INFO: [HLS 200-10] ----------------------------------------------------------------
Execute       set_default_model rrt_Pipeline_VITIS_LOOP_420_3 
Execute       schedule -model rrt_Pipeline_VITIS_LOOP_420_3 
INFO: [SCHED 204-11] Starting scheduling ...
INFO: [SCHED 204-61] Pipelining loop 'VITIS_LOOP_420_3'.
INFO: [HLS 200-1470] Pipelining result : Target II = NA, Final II = 1, Depth = 2, loop 'VITIS_LOOP_420_3'
INFO: [SCHED 204-11] Finished scheduling.
INFO: [HLS 200-111] Finished Scheduling: CPU user time: 0.39 seconds. CPU system time: 0 seconds. Elapsed time: 0.39 seconds; current allocated memory: 712.398 MB.
Execute       syn_report -verbosereport -o /home/sam/project/vitis_hls/new_fixedpoint2205/solution1/.autopilot/db/rrt_Pipeline_VITIS_LOOP_420_3.verbose.sched.rpt 
Execute         AP::get_flow_target_display_name
Execute           get_solution -flow_target 
Execute       db_write -o /home/sam/project/vitis_hls/new_fixedpoint2205/solution1/.autopilot/db/rrt_Pipeline_VITIS_LOOP_420_3.sched.adb -f 
INFO-FLOW: Finish scheduling rrt_Pipeline_VITIS_LOOP_420_3.
Execute       set_default_model rrt_Pipeline_VITIS_LOOP_420_3 
Execute       bind -model rrt_Pipeline_VITIS_LOOP_420_3 
INFO: [BIND 205-100] Starting micro-architecture generation ...
INFO: [BIND 205-101] Performing variable lifetime analysis.
INFO: [BIND 205-101] Exploring resource sharing.
INFO: [BIND 205-101] Binding ...
INFO: [BIND 205-100] Finished micro-architecture generation.
INFO: [HLS 200-111] Finished Binding: CPU user time: 0.01 seconds. CPU system time: 0 seconds. Elapsed time: 0.01 seconds; current allocated memory: 712.398 MB.
Execute       syn_report -verbosereport -o /home/sam/project/vitis_hls/new_fixedpoint2205/solution1/.autopilot/db/rrt_Pipeline_VITIS_LOOP_420_3.verbose.bind.rpt 
Execute         AP::get_flow_target_display_name
Execute           get_solution -flow_target 
Execute       db_write -o /home/sam/project/vitis_hls/new_fixedpoint2205/solution1/.autopilot/db/rrt_Pipeline_VITIS_LOOP_420_3.bind.adb -f 
INFO-FLOW: Finish binding rrt_Pipeline_VITIS_LOOP_420_3.
INFO: [HLS 200-10] ----------------------------------------------------------------
INFO: [HLS 200-42] -- Implementing module 'Nearhw' 
INFO: [HLS 200-10] ----------------------------------------------------------------
Execute       set_default_model Nearhw 
Execute       schedule -model Nearhw 
INFO: [SCHED 204-11] Starting scheduling ...
INFO: [SCHED 204-61] Pipelining loop 'VITIS_LOOP_141_1'.
INFO: [HLS 200-1470] Pipelining result : Target II = NA, Final II = 1, Depth = 30, loop 'VITIS_LOOP_141_1'
WARNING: [HLS 200-871] Estimated clock period (6.312ns) exceeds the target (target clock period: 6.75ns, clock uncertainty: 1.8225ns, effective delay budget: 4.9275ns).
WARNING: [HLS 200-1016] The critical path in module 'Nearhw' consists of the following:	wire read operation ('p_read_2') on port 'p_read' [15]  (0 ns)
	'sitofp' operation ('conv_i_i') [16]  (6.31 ns)

INFO: [SCHED 204-11] Finished scheduling.
INFO: [HLS 200-111] Finished Scheduling: CPU user time: 0.1 seconds. CPU system time: 0 seconds. Elapsed time: 0.09 seconds; current allocated memory: 712.828 MB.
Execute       syn_report -verbosereport -o /home/sam/project/vitis_hls/new_fixedpoint2205/solution1/.autopilot/db/Nearhw.verbose.sched.rpt 
Execute         AP::get_flow_target_display_name
Execute           get_solution -flow_target 
Command       syn_report done; 0.11 sec.
Execute       db_write -o /home/sam/project/vitis_hls/new_fixedpoint2205/solution1/.autopilot/db/Nearhw.sched.adb -f 
INFO-FLOW: Finish scheduling Nearhw.
Execute       set_default_model Nearhw 
Execute       bind -model Nearhw 
INFO: [BIND 205-100] Starting micro-architecture generation ...
INFO: [BIND 205-101] Performing variable lifetime analysis.
INFO: [BIND 205-101] Exploring resource sharing.
INFO: [BIND 205-101] Binding ...
INFO: [BIND 205-100] Finished micro-architecture generation.
INFO: [HLS 200-111] Finished Binding: CPU user time: 0.17 seconds. CPU system time: 0 seconds. Elapsed time: 0.17 seconds; current allocated memory: 712.828 MB.
Execute       syn_report -verbosereport -o /home/sam/project/vitis_hls/new_fixedpoint2205/solution1/.autopilot/db/Nearhw.verbose.bind.rpt 
Execute         AP::get_flow_target_display_name
Execute           get_solution -flow_target 
Execute       db_write -o /home/sam/project/vitis_hls/new_fixedpoint2205/solution1/.autopilot/db/Nearhw.bind.adb -f 
INFO-FLOW: Finish binding Nearhw.
INFO: [HLS 200-10] ----------------------------------------------------------------
INFO: [HLS 200-42] -- Implementing module 'rrt_Pipeline_VITIS_LOOP_47_12' 
INFO: [HLS 200-10] ----------------------------------------------------------------
Execute       set_default_model rrt_Pipeline_VITIS_LOOP_47_12 
Execute       schedule -model rrt_Pipeline_VITIS_LOOP_47_12 
INFO: [SCHED 204-11] Starting scheduling ...
INFO: [SCHED 204-61] Pipelining loop 'VITIS_LOOP_47_1'.
WARNING: [HLS 200-880] The II Violation in module 'rrt_Pipeline_VITIS_LOOP_47_12' (loop 'VITIS_LOOP_47_1'): Unable to enforce a carried dependence constraint (II = 1, distance = 1, offset = 0) between 'store' operation ('q_write_ln47', new_fixedpoint2205/fixedpt.h:47) of variable 'q', new_fixedpoint2205/fixedpt.h:50 on local variable 'q' and 'load' operation ('q_load', new_fixedpoint2205/fixedpt.h:49) on local variable 'q'.
INFO: [HLS 200-1470] Pipelining result : Target II = NA, Final II = 2, Depth = 4, loop 'VITIS_LOOP_47_1'
INFO: [SCHED 204-11] Finished scheduling.
INFO: [HLS 200-111] Finished Scheduling: CPU user time: 0.14 seconds. CPU system time: 0.01 seconds. Elapsed time: 0.14 seconds; current allocated memory: 713.746 MB.
Execute       syn_report -verbosereport -o /home/sam/project/vitis_hls/new_fixedpoint2205/solution1/.autopilot/db/rrt_Pipeline_VITIS_LOOP_47_12.verbose.sched.rpt 
Execute         AP::get_flow_target_display_name
Execute           get_solution -flow_target 
Execute       db_write -o /home/sam/project/vitis_hls/new_fixedpoint2205/solution1/.autopilot/db/rrt_Pipeline_VITIS_LOOP_47_12.sched.adb -f 
INFO-FLOW: Finish scheduling rrt_Pipeline_VITIS_LOOP_47_12.
Execute       set_default_model rrt_Pipeline_VITIS_LOOP_47_12 
Execute       bind -model rrt_Pipeline_VITIS_LOOP_47_12 
INFO: [BIND 205-100] Starting micro-architecture generation ...
INFO: [BIND 205-101] Performing variable lifetime analysis.
INFO: [BIND 205-101] Exploring resource sharing.
INFO: [BIND 205-101] Binding ...
INFO: [BIND 205-100] Finished micro-architecture generation.
INFO: [HLS 200-111] Finished Binding: CPU user time: 0.03 seconds. CPU system time: 0 seconds. Elapsed time: 0.03 seconds; current allocated memory: 713.746 MB.
Execute       syn_report -verbosereport -o /home/sam/project/vitis_hls/new_fixedpoint2205/solution1/.autopilot/db/rrt_Pipeline_VITIS_LOOP_47_12.verbose.bind.rpt 
Execute         AP::get_flow_target_display_name
Execute           get_solution -flow_target 
Execute       db_write -o /home/sam/project/vitis_hls/new_fixedpoint2205/solution1/.autopilot/db/rrt_Pipeline_VITIS_LOOP_47_12.bind.adb -f 
INFO-FLOW: Finish binding rrt_Pipeline_VITIS_LOOP_47_12.
INFO: [HLS 200-10] ----------------------------------------------------------------
INFO: [HLS 200-42] -- Implementing module 'rrt_Pipeline_VITIS_LOOP_396_2' 
INFO: [HLS 200-10] ----------------------------------------------------------------
Execute       set_default_model rrt_Pipeline_VITIS_LOOP_396_2 
Execute       schedule -model rrt_Pipeline_VITIS_LOOP_396_2 
INFO: [SCHED 204-11] Starting scheduling ...
INFO: [SCHED 204-61] Pipelining loop 'VITIS_LOOP_396_2'.
INFO: [HLS 200-1470] Pipelining result : Target II = NA, Final II = 1, Depth = 2, loop 'VITIS_LOOP_396_2'
INFO: [SCHED 204-11] Finished scheduling.
INFO: [HLS 200-111] Finished Scheduling: CPU user time: 0.05 seconds. CPU system time: 0 seconds. Elapsed time: 0.05 seconds; current allocated memory: 714.078 MB.
Execute       syn_report -verbosereport -o /home/sam/project/vitis_hls/new_fixedpoint2205/solution1/.autopilot/db/rrt_Pipeline_VITIS_LOOP_396_2.verbose.sched.rpt 
Execute         AP::get_flow_target_display_name
Execute           get_solution -flow_target 
Execute       db_write -o /home/sam/project/vitis_hls/new_fixedpoint2205/solution1/.autopilot/db/rrt_Pipeline_VITIS_LOOP_396_2.sched.adb -f 
INFO-FLOW: Finish scheduling rrt_Pipeline_VITIS_LOOP_396_2.
Execute       set_default_model rrt_Pipeline_VITIS_LOOP_396_2 
Execute       bind -model rrt_Pipeline_VITIS_LOOP_396_2 
INFO: [BIND 205-100] Starting micro-architecture generation ...
INFO: [BIND 205-101] Performing variable lifetime analysis.
INFO: [BIND 205-101] Exploring resource sharing.
INFO: [BIND 205-101] Binding ...
INFO: [BIND 205-100] Finished micro-architecture generation.
INFO: [HLS 200-111] Finished Binding: CPU user time: 0.02 seconds. CPU system time: 0 seconds. Elapsed time: 0.02 seconds; current allocated memory: 714.078 MB.
Execute       syn_report -verbosereport -o /home/sam/project/vitis_hls/new_fixedpoint2205/solution1/.autopilot/db/rrt_Pipeline_VITIS_LOOP_396_2.verbose.bind.rpt 
Execute         AP::get_flow_target_display_name
Execute           get_solution -flow_target 
Execute       db_write -o /home/sam/project/vitis_hls/new_fixedpoint2205/solution1/.autopilot/db/rrt_Pipeline_VITIS_LOOP_396_2.bind.adb -f 
INFO-FLOW: Finish binding rrt_Pipeline_VITIS_LOOP_396_2.
INFO: [HLS 200-10] ----------------------------------------------------------------
INFO: [HLS 200-42] -- Implementing module 'rrt' 
INFO: [HLS 200-10] ----------------------------------------------------------------
Execute       set_default_model rrt 
Execute       schedule -model rrt 
INFO: [SCHED 204-11] Starting scheduling ...
WARNING: [HLS 200-871] Estimated clock period (6.312ns) exceeds the target (target clock period: 6.75ns, clock uncertainty: 1.8225ns, effective delay budget: 4.9275ns).
WARNING: [HLS 200-1016] The critical path in module 'rrt' consists of the following:	'sitofp' operation ('conv_i_i', new_fixedpoint2205/main.cpp:321) [86]  (6.31 ns)

INFO: [SCHED 204-11] Finished scheduling.
Command       schedule done; 0.25 sec.
INFO: [HLS 200-111] Finished Scheduling: CPU user time: 0.26 seconds. CPU system time: 0 seconds. Elapsed time: 0.27 seconds; current allocated memory: 715.988 MB.
Execute       syn_report -verbosereport -o /home/sam/project/vitis_hls/new_fixedpoint2205/solution1/.autopilot/db/rrt.verbose.sched.rpt 
Execute         AP::get_flow_target_display_name
Execute           get_solution -flow_target 
Command       syn_report done; 0.35 sec.
Execute       db_write -o /home/sam/project/vitis_hls/new_fixedpoint2205/solution1/.autopilot/db/rrt.sched.adb -f 
INFO-FLOW: Finish scheduling rrt.
Execute       set_default_model rrt 
Execute       bind -model rrt 
INFO: [BIND 205-100] Starting micro-architecture generation ...
INFO: [BIND 205-101] Performing variable lifetime analysis.
INFO: [BIND 205-101] Exploring resource sharing.
INFO: [BIND 205-101] Binding ...
INFO: [BIND 205-100] Finished micro-architecture generation.
Command       bind done; 0.39 sec.
INFO: [HLS 200-111] Finished Binding: CPU user time: 0.75 seconds. CPU system time: 0.01 seconds. Elapsed time: 0.75 seconds; current allocated memory: 716.145 MB.
Execute       syn_report -verbosereport -o /home/sam/project/vitis_hls/new_fixedpoint2205/solution1/.autopilot/db/rrt.verbose.bind.rpt 
Execute         AP::get_flow_target_display_name
Execute           get_solution -flow_target 
Command       syn_report done; 0.85 sec.
Execute       db_write -o /home/sam/project/vitis_hls/new_fixedpoint2205/solution1/.autopilot/db/rrt.bind.adb -f 
INFO-FLOW: Finish binding rrt.
Execute       get_model_list rrt -filter all-wo-channel 
INFO-FLOW: Preprocessing for RTLGen ...
Execute       rtl_gen_preprocess FloatToFixed<16ul> 
Execute       rtl_gen_preprocess rrt_Pipeline_1 
Execute       rtl_gen_preprocess rrt_Pipeline_VITIS_LOOP_342_1 
Execute       rtl_gen_preprocess rrt_Pipeline_VITIS_LOOP_47_1 
Execute       rtl_gen_preprocess __hls_fptosi_float_i32 
Execute       rtl_gen_preprocess Collision_detectedhw 
Execute       rtl_gen_preprocess rrt_Pipeline_VITIS_LOOP_112_1 
Execute       rtl_gen_preprocess rrt_Pipeline_VITIS_LOOP_420_3 
Execute       rtl_gen_preprocess Nearhw 
Execute       rtl_gen_preprocess rrt_Pipeline_VITIS_LOOP_47_12 
Execute       rtl_gen_preprocess rrt_Pipeline_VITIS_LOOP_396_2 
Execute       rtl_gen_preprocess rrt 
INFO-FLOW: Model list for RTL generation: FloatToFixed<16ul> rrt_Pipeline_1 rrt_Pipeline_VITIS_LOOP_342_1 rrt_Pipeline_VITIS_LOOP_47_1 __hls_fptosi_float_i32 Collision_detectedhw rrt_Pipeline_VITIS_LOOP_112_1 rrt_Pipeline_VITIS_LOOP_420_3 Nearhw rrt_Pipeline_VITIS_LOOP_47_12 rrt_Pipeline_VITIS_LOOP_396_2 rrt
INFO: [HLS 200-10] ----------------------------------------------------------------
INFO: [HLS 200-10] -- Generating RTL for module 'FloatToFixed_16ul_s' 
INFO: [HLS 200-10] ----------------------------------------------------------------
Execute       get_config_rtl -module_prefix 
Execute       get_config_rtl -module_auto_prefix 
Execute       get_config_rtl -module_prefix 
Execute       get_config_rtl -module_auto_prefix 
Execute       create_rtl_model FloatToFixed<16ul> -top_prefix rrt_ -sub_prefix rrt_ -mg_file /home/sam/project/vitis_hls/new_fixedpoint2205/solution1/.autopilot/db/FloatToFixed_16ul_s.compgen.tcl 
INFO: [RTGEN 206-100] Generating core module 'dadd_64ns_64ns_64_12_full_dsp_0': 1 instance(s).
INFO: [RTGEN 206-100] Generating core module 'fcmp_32ns_32ns_1_3_no_dsp_0': 1 instance(s).
INFO: [RTGEN 206-100] Generating core module 'fmul_32ns_32ns_32_5_max_dsp_0': 1 instance(s).
INFO: [RTGEN 206-100] Generating core module 'fpext_32ns_64_2_no_dsp_0': 1 instance(s).
INFO: [RTGEN 206-100] Finished creating RTL model for 'FloatToFixed_16ul_s'.
INFO: [HLS 200-111] Finished Creating RTL model: CPU user time: 0.88 seconds. CPU system time: 0 seconds. Elapsed time: 0.89 seconds; current allocated memory: 716.941 MB.
Execute       source /home/sam/project/vitis_hls/new_fixedpoint2205/solution1/.autopilot/db/rrt.rtl_wrap.cfg.tcl 
Execute       gen_rtl FloatToFixed<16ul> -style xilinx -f -lang vhdl -o /home/sam/project/vitis_hls/new_fixedpoint2205/solution1/syn/vhdl/rrt_FloatToFixed_16ul_s 
Execute       gen_rtl FloatToFixed<16ul> -style xilinx -f -lang vlog -o /home/sam/project/vitis_hls/new_fixedpoint2205/solution1/syn/verilog/rrt_FloatToFixed_16ul_s 
Execute       syn_report -csynth -model FloatToFixed<16ul> -o /home/sam/project/vitis_hls/new_fixedpoint2205/solution1/syn/report/FloatToFixed_16ul_s_csynth.rpt 
Execute         AP::get_flow_target_display_name
Execute           get_solution -flow_target 
Execute       syn_report -rtlxml -model FloatToFixed<16ul> -o /home/sam/project/vitis_hls/new_fixedpoint2205/solution1/syn/report/FloatToFixed_16ul_s_csynth.xml 
Execute         get_solution -flow_target
Execute           get_solution -flow_target 
Execute       syn_report -verbosereport -model FloatToFixed<16ul> -o /home/sam/project/vitis_hls/new_fixedpoint2205/solution1/.autopilot/db/FloatToFixed_16ul_s.verbose.rpt 
Execute         AP::get_flow_target_display_name
Execute           get_solution -flow_target 
Execute       db_write -model FloatToFixed<16ul> -f -o /home/sam/project/vitis_hls/new_fixedpoint2205/solution1/.autopilot/db/FloatToFixed_16ul_s.adb 
Execute       db_write -model FloatToFixed<16ul> -bindview -o /home/sam/project/vitis_hls/new_fixedpoint2205/solution1/.autopilot/db/design.bindinfo.xml 
Execute       gen_tb_info FloatToFixed<16ul> -p /home/sam/project/vitis_hls/new_fixedpoint2205/solution1/.autopilot/db -o /home/sam/project/vitis_hls/new_fixedpoint2205/solution1/.autopilot/db/FloatToFixed_16ul_s 
INFO: [HLS 200-10] ----------------------------------------------------------------
INFO: [HLS 200-10] -- Generating RTL for module 'rrt_Pipeline_1' 
INFO: [HLS 200-10] ----------------------------------------------------------------
Execute       get_config_rtl -module_prefix 
Execute       get_config_rtl -module_auto_prefix 
Execute       get_config_rtl -module_prefix 
Execute       get_config_rtl -module_auto_prefix 
Execute       create_rtl_model rrt_Pipeline_1 -top_prefix rrt_ -sub_prefix rrt_ -mg_file /home/sam/project/vitis_hls/new_fixedpoint2205/solution1/.autopilot/db/rrt_Pipeline_1.compgen.tcl 
INFO: [RTGEN 206-100] Finished creating RTL model for 'rrt_Pipeline_1'.
INFO: [HLS 200-111] Finished Creating RTL model: CPU user time: 0.14 seconds. CPU system time: 0 seconds. Elapsed time: 0.14 seconds; current allocated memory: 718.070 MB.
Execute       source /home/sam/project/vitis_hls/new_fixedpoint2205/solution1/.autopilot/db/rrt.rtl_wrap.cfg.tcl 
Execute       gen_rtl rrt_Pipeline_1 -style xilinx -f -lang vhdl -o /home/sam/project/vitis_hls/new_fixedpoint2205/solution1/syn/vhdl/rrt_rrt_Pipeline_1 
Execute       gen_rtl rrt_Pipeline_1 -style xilinx -f -lang vlog -o /home/sam/project/vitis_hls/new_fixedpoint2205/solution1/syn/verilog/rrt_rrt_Pipeline_1 
Execute       syn_report -csynth -model rrt_Pipeline_1 -o /home/sam/project/vitis_hls/new_fixedpoint2205/solution1/syn/report/rrt_Pipeline_1_csynth.rpt 
Execute         AP::get_flow_target_display_name
Execute           get_solution -flow_target 
Execute       syn_report -rtlxml -model rrt_Pipeline_1 -o /home/sam/project/vitis_hls/new_fixedpoint2205/solution1/syn/report/rrt_Pipeline_1_csynth.xml 
Execute         get_solution -flow_target
Execute           get_solution -flow_target 
Execute       syn_report -verbosereport -model rrt_Pipeline_1 -o /home/sam/project/vitis_hls/new_fixedpoint2205/solution1/.autopilot/db/rrt_Pipeline_1.verbose.rpt 
Execute         AP::get_flow_target_display_name
Execute           get_solution -flow_target 
Execute       db_write -model rrt_Pipeline_1 -f -o /home/sam/project/vitis_hls/new_fixedpoint2205/solution1/.autopilot/db/rrt_Pipeline_1.adb 
Execute       db_write -model rrt_Pipeline_1 -bindview -o /home/sam/project/vitis_hls/new_fixedpoint2205/solution1/.autopilot/db/design.bindinfo.xml 
Execute       gen_tb_info rrt_Pipeline_1 -p /home/sam/project/vitis_hls/new_fixedpoint2205/solution1/.autopilot/db -o /home/sam/project/vitis_hls/new_fixedpoint2205/solution1/.autopilot/db/rrt_Pipeline_1 
INFO: [HLS 200-10] ----------------------------------------------------------------
INFO: [HLS 200-10] -- Generating RTL for module 'rrt_Pipeline_VITIS_LOOP_342_1' 
INFO: [HLS 200-10] ----------------------------------------------------------------
Execute       get_config_rtl -module_prefix 
Execute       get_config_rtl -module_auto_prefix 
Execute       get_config_rtl -module_prefix 
Execute       get_config_rtl -module_auto_prefix 
Execute       create_rtl_model rrt_Pipeline_VITIS_LOOP_342_1 -top_prefix rrt_ -sub_prefix rrt_ -mg_file /home/sam/project/vitis_hls/new_fixedpoint2205/solution1/.autopilot/db/rrt_Pipeline_VITIS_LOOP_342_1.compgen.tcl 
INFO: [HLS 200-1030] Apply Unified Pipeline Control on module 'rrt_Pipeline_VITIS_LOOP_342_1' pipeline 'VITIS_LOOP_342_1' pipeline type 'loop pipeline'
INFO: [RTGEN 206-100] Generating core module 'fsub_32ns_32ns_32_9_full_dsp_1': 2 instance(s).
INFO: [RTGEN 206-100] Generating core module 'hptosp_16ns_32_2_no_dsp_1': 2 instance(s).
INFO: [RTGEN 206-100] Generating core module 'mul_32s_32s_48_5_1': 2 instance(s).
INFO: [RTGEN 206-100] Generating core module 'sitofp_32ns_32_7_no_dsp_1': 2 instance(s).
INFO: [RTGEN 206-100] Finished creating RTL model for 'rrt_Pipeline_VITIS_LOOP_342_1'.
INFO: [HLS 200-111] Finished Creating RTL model: CPU user time: 0.08 seconds. CPU system time: 0 seconds. Elapsed time: 0.09 seconds; current allocated memory: 721.578 MB.
Execute       source /home/sam/project/vitis_hls/new_fixedpoint2205/solution1/.autopilot/db/rrt.rtl_wrap.cfg.tcl 
Execute       gen_rtl rrt_Pipeline_VITIS_LOOP_342_1 -style xilinx -f -lang vhdl -o /home/sam/project/vitis_hls/new_fixedpoint2205/solution1/syn/vhdl/rrt_rrt_Pipeline_VITIS_LOOP_342_1 
Execute       gen_rtl rrt_Pipeline_VITIS_LOOP_342_1 -style xilinx -f -lang vlog -o /home/sam/project/vitis_hls/new_fixedpoint2205/solution1/syn/verilog/rrt_rrt_Pipeline_VITIS_LOOP_342_1 
Execute       syn_report -csynth -model rrt_Pipeline_VITIS_LOOP_342_1 -o /home/sam/project/vitis_hls/new_fixedpoint2205/solution1/syn/report/rrt_Pipeline_VITIS_LOOP_342_1_csynth.rpt 
Execute         AP::get_flow_target_display_name
Execute           get_solution -flow_target 
Execute       syn_report -rtlxml -model rrt_Pipeline_VITIS_LOOP_342_1 -o /home/sam/project/vitis_hls/new_fixedpoint2205/solution1/syn/report/rrt_Pipeline_VITIS_LOOP_342_1_csynth.xml 
Execute         get_solution -flow_target
Execute           get_solution -flow_target 
Execute       syn_report -verbosereport -model rrt_Pipeline_VITIS_LOOP_342_1 -o /home/sam/project/vitis_hls/new_fixedpoint2205/solution1/.autopilot/db/rrt_Pipeline_VITIS_LOOP_342_1.verbose.rpt 
Execute         AP::get_flow_target_display_name
Execute           get_solution -flow_target 
Command       syn_report done; 0.18 sec.
Execute       db_write -model rrt_Pipeline_VITIS_LOOP_342_1 -f -o /home/sam/project/vitis_hls/new_fixedpoint2205/solution1/.autopilot/db/rrt_Pipeline_VITIS_LOOP_342_1.adb 
Execute       db_write -model rrt_Pipeline_VITIS_LOOP_342_1 -bindview -o /home/sam/project/vitis_hls/new_fixedpoint2205/solution1/.autopilot/db/design.bindinfo.xml 
Execute       gen_tb_info rrt_Pipeline_VITIS_LOOP_342_1 -p /home/sam/project/vitis_hls/new_fixedpoint2205/solution1/.autopilot/db -o /home/sam/project/vitis_hls/new_fixedpoint2205/solution1/.autopilot/db/rrt_Pipeline_VITIS_LOOP_342_1 
INFO: [HLS 200-10] ----------------------------------------------------------------
INFO: [HLS 200-10] -- Generating RTL for module 'rrt_Pipeline_VITIS_LOOP_47_1' 
INFO: [HLS 200-10] ----------------------------------------------------------------
Execute       get_config_rtl -module_prefix 
Execute       get_config_rtl -module_auto_prefix 
Execute       get_config_rtl -module_prefix 
Execute       get_config_rtl -module_auto_prefix 
Execute       create_rtl_model rrt_Pipeline_VITIS_LOOP_47_1 -top_prefix rrt_ -sub_prefix rrt_ -mg_file /home/sam/project/vitis_hls/new_fixedpoint2205/solution1/.autopilot/db/rrt_Pipeline_VITIS_LOOP_47_1.compgen.tcl 
INFO: [HLS 200-1030] Apply Unified Pipeline Control on module 'rrt_Pipeline_VITIS_LOOP_47_1' pipeline 'VITIS_LOOP_47_1' pipeline type 'loop pipeline'
INFO: [RTGEN 206-100] Finished creating RTL model for 'rrt_Pipeline_VITIS_LOOP_47_1'.
INFO: [HLS 200-111] Finished Creating RTL model: CPU user time: 0.33 seconds. CPU system time: 0.01 seconds. Elapsed time: 0.33 seconds; current allocated memory: 724.520 MB.
Execute       source /home/sam/project/vitis_hls/new_fixedpoint2205/solution1/.autopilot/db/rrt.rtl_wrap.cfg.tcl 
Execute       gen_rtl rrt_Pipeline_VITIS_LOOP_47_1 -style xilinx -f -lang vhdl -o /home/sam/project/vitis_hls/new_fixedpoint2205/solution1/syn/vhdl/rrt_rrt_Pipeline_VITIS_LOOP_47_1 
Execute       gen_rtl rrt_Pipeline_VITIS_LOOP_47_1 -style xilinx -f -lang vlog -o /home/sam/project/vitis_hls/new_fixedpoint2205/solution1/syn/verilog/rrt_rrt_Pipeline_VITIS_LOOP_47_1 
Execute       syn_report -csynth -model rrt_Pipeline_VITIS_LOOP_47_1 -o /home/sam/project/vitis_hls/new_fixedpoint2205/solution1/syn/report/rrt_Pipeline_VITIS_LOOP_47_1_csynth.rpt 
Execute         AP::get_flow_target_display_name
Execute           get_solution -flow_target 
Execute       syn_report -rtlxml -model rrt_Pipeline_VITIS_LOOP_47_1 -o /home/sam/project/vitis_hls/new_fixedpoint2205/solution1/syn/report/rrt_Pipeline_VITIS_LOOP_47_1_csynth.xml 
Execute         get_solution -flow_target
Execute           get_solution -flow_target 
Execute       syn_report -verbosereport -model rrt_Pipeline_VITIS_LOOP_47_1 -o /home/sam/project/vitis_hls/new_fixedpoint2205/solution1/.autopilot/db/rrt_Pipeline_VITIS_LOOP_47_1.verbose.rpt 
Execute         AP::get_flow_target_display_name
Execute           get_solution -flow_target 
Execute       db_write -model rrt_Pipeline_VITIS_LOOP_47_1 -f -o /home/sam/project/vitis_hls/new_fixedpoint2205/solution1/.autopilot/db/rrt_Pipeline_VITIS_LOOP_47_1.adb 
Execute       db_write -model rrt_Pipeline_VITIS_LOOP_47_1 -bindview -o /home/sam/project/vitis_hls/new_fixedpoint2205/solution1/.autopilot/db/design.bindinfo.xml 
Execute       gen_tb_info rrt_Pipeline_VITIS_LOOP_47_1 -p /home/sam/project/vitis_hls/new_fixedpoint2205/solution1/.autopilot/db -o /home/sam/project/vitis_hls/new_fixedpoint2205/solution1/.autopilot/db/rrt_Pipeline_VITIS_LOOP_47_1 
INFO: [HLS 200-10] ----------------------------------------------------------------
INFO: [HLS 200-10] -- Generating RTL for module 'p_hls_fptosi_float_i32' 
INFO: [HLS 200-10] ----------------------------------------------------------------
Execute       get_config_rtl -module_prefix 
Execute       get_config_rtl -module_auto_prefix 
Execute       get_config_rtl -module_prefix 
Execute       get_config_rtl -module_auto_prefix 
Execute       create_rtl_model __hls_fptosi_float_i32 -top_prefix rrt_ -sub_prefix rrt_ -mg_file /home/sam/project/vitis_hls/new_fixedpoint2205/solution1/.autopilot/db/p_hls_fptosi_float_i32.compgen.tcl 
INFO: [RTGEN 206-100] Finished creating RTL model for 'p_hls_fptosi_float_i32'.
INFO: [HLS 200-111] Finished Creating RTL model: CPU user time: 0.08 seconds. CPU system time: 0 seconds. Elapsed time: 0.08 seconds; current allocated memory: 725.645 MB.
Execute       source /home/sam/project/vitis_hls/new_fixedpoint2205/solution1/.autopilot/db/rrt.rtl_wrap.cfg.tcl 
Execute       gen_rtl __hls_fptosi_float_i32 -style xilinx -f -lang vhdl -o /home/sam/project/vitis_hls/new_fixedpoint2205/solution1/syn/vhdl/rrt_p_hls_fptosi_float_i32 
Execute       gen_rtl __hls_fptosi_float_i32 -style xilinx -f -lang vlog -o /home/sam/project/vitis_hls/new_fixedpoint2205/solution1/syn/verilog/rrt_p_hls_fptosi_float_i32 
Execute       syn_report -csynth -model __hls_fptosi_float_i32 -o /home/sam/project/vitis_hls/new_fixedpoint2205/solution1/syn/report/p_hls_fptosi_float_i32_csynth.rpt 
Execute         AP::get_flow_target_display_name
Execute           get_solution -flow_target 
Execute       syn_report -rtlxml -model __hls_fptosi_float_i32 -o /home/sam/project/vitis_hls/new_fixedpoint2205/solution1/syn/report/p_hls_fptosi_float_i32_csynth.xml 
Execute         get_solution -flow_target
Execute           get_solution -flow_target 
Execute       syn_report -verbosereport -model __hls_fptosi_float_i32 -o /home/sam/project/vitis_hls/new_fixedpoint2205/solution1/.autopilot/db/p_hls_fptosi_float_i32.verbose.rpt 
Execute         AP::get_flow_target_display_name
Execute           get_solution -flow_target 
Execute       db_write -model __hls_fptosi_float_i32 -f -o /home/sam/project/vitis_hls/new_fixedpoint2205/solution1/.autopilot/db/p_hls_fptosi_float_i32.adb 
Execute       db_write -model __hls_fptosi_float_i32 -bindview -o /home/sam/project/vitis_hls/new_fixedpoint2205/solution1/.autopilot/db/design.bindinfo.xml 
Execute       gen_tb_info __hls_fptosi_float_i32 -p /home/sam/project/vitis_hls/new_fixedpoint2205/solution1/.autopilot/db -o /home/sam/project/vitis_hls/new_fixedpoint2205/solution1/.autopilot/db/p_hls_fptosi_float_i32 
INFO: [HLS 200-10] ----------------------------------------------------------------
INFO: [HLS 200-10] -- Generating RTL for module 'Collision_detectedhw' 
INFO: [HLS 200-10] ----------------------------------------------------------------
Execute       get_config_rtl -module_prefix 
Execute       get_config_rtl -module_auto_prefix 
Execute       get_config_rtl -module_prefix 
Execute       get_config_rtl -module_auto_prefix 
Execute       create_rtl_model Collision_detectedhw -top_prefix rrt_ -sub_prefix rrt_ -mg_file /home/sam/project/vitis_hls/new_fixedpoint2205/solution1/.autopilot/db/Collision_detectedhw.compgen.tcl 
WARNING: [RTGEN 206-101] RTL name 'sitofp_32ns_32_7_no_dsp_1' is changed to 'sitofp_32ns_32_7_no_dsp_1_x' due to conflict.
WARNING: [RTGEN 206-101] RTL name 'mul_32s_32s_48_5_1' is changed to 'mul_32s_32s_48_5_1_x' due to conflict.
INFO: [RTGEN 206-104] Estimated max fanout for 'Collision_detectedhw' is 10950 from HDL expression: (1'b0 == ap_block_pp0_stage0_11001)
INFO: [RTGEN 206-100] Generating core module 'fadd_32ns_32ns_32_9_full_dsp_1': 4 instance(s).
INFO: [RTGEN 206-100] Generating core module 'mul_24s_32s_48_5_1': 4 instance(s).
INFO: [RTGEN 206-100] Generating core module 'mul_32s_32s_48_5_1_x': 14 instance(s).
INFO: [RTGEN 206-100] Generating core module 'mul_48s_50ns_97_3_1': 8 instance(s).
INFO: [RTGEN 206-100] Generating core module 'sitofp_32ns_32_7_no_dsp_1_x': 2 instance(s).
INFO: [RTGEN 206-100] Finished creating RTL model for 'Collision_detectedhw'.
INFO: [HLS 200-111] Finished Creating RTL model: CPU user time: 0.14 seconds. CPU system time: 0.01 seconds. Elapsed time: 0.15 seconds; current allocated memory: 730.297 MB.
Execute       source /home/sam/project/vitis_hls/new_fixedpoint2205/solution1/.autopilot/db/rrt.rtl_wrap.cfg.tcl 
Execute       gen_rtl Collision_detectedhw -style xilinx -f -lang vhdl -o /home/sam/project/vitis_hls/new_fixedpoint2205/solution1/syn/vhdl/rrt_Collision_detectedhw 
Execute       gen_rtl Collision_detectedhw -style xilinx -f -lang vlog -o /home/sam/project/vitis_hls/new_fixedpoint2205/solution1/syn/verilog/rrt_Collision_detectedhw 
Execute       syn_report -csynth -model Collision_detectedhw -o /home/sam/project/vitis_hls/new_fixedpoint2205/solution1/syn/report/Collision_detectedhw_csynth.rpt 
Execute         AP::get_flow_target_display_name
Execute           get_solution -flow_target 
Command       syn_report done; 0.19 sec.
Execute       syn_report -rtlxml -model Collision_detectedhw -o /home/sam/project/vitis_hls/new_fixedpoint2205/solution1/syn/report/Collision_detectedhw_csynth.xml 
Execute         get_solution -flow_target
Execute           get_solution -flow_target 
Execute       syn_report -verbosereport -model Collision_detectedhw -o /home/sam/project/vitis_hls/new_fixedpoint2205/solution1/.autopilot/db/Collision_detectedhw.verbose.rpt 
Execute         AP::get_flow_target_display_name
Execute           get_solution -flow_target 
Command       syn_report done; 0.49 sec.
Execute       db_write -model Collision_detectedhw -f -o /home/sam/project/vitis_hls/new_fixedpoint2205/solution1/.autopilot/db/Collision_detectedhw.adb 
Command       db_write done; 0.12 sec.
Execute       db_write -model Collision_detectedhw -bindview -o /home/sam/project/vitis_hls/new_fixedpoint2205/solution1/.autopilot/db/design.bindinfo.xml 
Execute       gen_tb_info Collision_detectedhw -p /home/sam/project/vitis_hls/new_fixedpoint2205/solution1/.autopilot/db -o /home/sam/project/vitis_hls/new_fixedpoint2205/solution1/.autopilot/db/Collision_detectedhw 
INFO: [HLS 200-10] ----------------------------------------------------------------
INFO: [HLS 200-10] -- Generating RTL for module 'rrt_Pipeline_VITIS_LOOP_112_1' 
INFO: [HLS 200-10] ----------------------------------------------------------------
Execute       get_config_rtl -module_prefix 
Execute       get_config_rtl -module_auto_prefix 
Execute       get_config_rtl -module_prefix 
Execute       get_config_rtl -module_auto_prefix 
Execute       create_rtl_model rrt_Pipeline_VITIS_LOOP_112_1 -top_prefix rrt_ -sub_prefix rrt_ -mg_file /home/sam/project/vitis_hls/new_fixedpoint2205/solution1/.autopilot/db/rrt_Pipeline_VITIS_LOOP_112_1.compgen.tcl 
INFO: [HLS 200-1030] Apply Unified Pipeline Control on module 'rrt_Pipeline_VITIS_LOOP_112_1' pipeline 'VITIS_LOOP_112_1' pipeline type 'loop pipeline'
INFO: [RTGEN 206-100] Generating core module 'dadd_64ns_64ns_64_12_full_dsp_0': 1 instance(s).
INFO: [RTGEN 206-100] Generating core module 'fcmp_32ns_32ns_1_3_no_dsp_0': 1 instance(s).
INFO: [RTGEN 206-100] Generating core module 'fmul_32ns_32ns_32_5_max_dsp_0': 1 instance(s).
INFO: [RTGEN 206-100] Generating core module 'fpext_32ns_64_2_no_dsp_0': 1 instance(s).
INFO: [RTGEN 206-100] Generating core module 'mul_32s_48s_48_3_1': 2 instance(s).
INFO: [RTGEN 206-100] Generating core module 'sitofp_32ns_32_7_no_dsp_1': 1 instance(s).
INFO: [RTGEN 206-100] Finished creating RTL model for 'rrt_Pipeline_VITIS_LOOP_112_1'.
INFO: [HLS 200-111] Finished Creating RTL model: CPU user time: 1.02 seconds. CPU system time: 0.01 seconds. Elapsed time: 1.04 seconds; current allocated memory: 739.895 MB.
Execute       source /home/sam/project/vitis_hls/new_fixedpoint2205/solution1/.autopilot/db/rrt.rtl_wrap.cfg.tcl 
Execute       gen_rtl rrt_Pipeline_VITIS_LOOP_112_1 -style xilinx -f -lang vhdl -o /home/sam/project/vitis_hls/new_fixedpoint2205/solution1/syn/vhdl/rrt_rrt_Pipeline_VITIS_LOOP_112_1 
Execute       gen_rtl rrt_Pipeline_VITIS_LOOP_112_1 -style xilinx -f -lang vlog -o /home/sam/project/vitis_hls/new_fixedpoint2205/solution1/syn/verilog/rrt_rrt_Pipeline_VITIS_LOOP_112_1 
Execute       syn_report -csynth -model rrt_Pipeline_VITIS_LOOP_112_1 -o /home/sam/project/vitis_hls/new_fixedpoint2205/solution1/syn/report/rrt_Pipeline_VITIS_LOOP_112_1_csynth.rpt 
Execute         AP::get_flow_target_display_name
Execute           get_solution -flow_target 
Execute       syn_report -rtlxml -model rrt_Pipeline_VITIS_LOOP_112_1 -o /home/sam/project/vitis_hls/new_fixedpoint2205/solution1/syn/report/rrt_Pipeline_VITIS_LOOP_112_1_csynth.xml 
Execute         get_solution -flow_target
Execute           get_solution -flow_target 
Execute       syn_report -verbosereport -model rrt_Pipeline_VITIS_LOOP_112_1 -o /home/sam/project/vitis_hls/new_fixedpoint2205/solution1/.autopilot/db/rrt_Pipeline_VITIS_LOOP_112_1.verbose.rpt 
Execute         AP::get_flow_target_display_name
Execute           get_solution -flow_target 
Command       syn_report done; 0.39 sec.
Execute       db_write -model rrt_Pipeline_VITIS_LOOP_112_1 -f -o /home/sam/project/vitis_hls/new_fixedpoint2205/solution1/.autopilot/db/rrt_Pipeline_VITIS_LOOP_112_1.adb 
Execute       db_write -model rrt_Pipeline_VITIS_LOOP_112_1 -bindview -o /home/sam/project/vitis_hls/new_fixedpoint2205/solution1/.autopilot/db/design.bindinfo.xml 
Execute       gen_tb_info rrt_Pipeline_VITIS_LOOP_112_1 -p /home/sam/project/vitis_hls/new_fixedpoint2205/solution1/.autopilot/db -o /home/sam/project/vitis_hls/new_fixedpoint2205/solution1/.autopilot/db/rrt_Pipeline_VITIS_LOOP_112_1 
INFO: [HLS 200-10] ----------------------------------------------------------------
INFO: [HLS 200-10] -- Generating RTL for module 'rrt_Pipeline_VITIS_LOOP_420_3' 
INFO: [HLS 200-10] ----------------------------------------------------------------
Execute       get_config_rtl -module_prefix 
Execute       get_config_rtl -module_auto_prefix 
Execute       get_config_rtl -module_prefix 
Execute       get_config_rtl -module_auto_prefix 
Execute       create_rtl_model rrt_Pipeline_VITIS_LOOP_420_3 -top_prefix rrt_ -sub_prefix rrt_ -mg_file /home/sam/project/vitis_hls/new_fixedpoint2205/solution1/.autopilot/db/rrt_Pipeline_VITIS_LOOP_420_3.compgen.tcl 
INFO: [HLS 200-1030] Apply Unified Pipeline Control on module 'rrt_Pipeline_VITIS_LOOP_420_3' pipeline 'VITIS_LOOP_420_3' pipeline type 'loop pipeline'
INFO: [RTGEN 206-100] Finished creating RTL model for 'rrt_Pipeline_VITIS_LOOP_420_3'.
INFO: [HLS 200-111] Finished Creating RTL model: CPU user time: 0.51 seconds. CPU system time: 0 seconds. Elapsed time: 0.52 seconds; current allocated memory: 741.965 MB.
Execute       source /home/sam/project/vitis_hls/new_fixedpoint2205/solution1/.autopilot/db/rrt.rtl_wrap.cfg.tcl 
Execute       gen_rtl rrt_Pipeline_VITIS_LOOP_420_3 -style xilinx -f -lang vhdl -o /home/sam/project/vitis_hls/new_fixedpoint2205/solution1/syn/vhdl/rrt_rrt_Pipeline_VITIS_LOOP_420_3 
Execute       gen_rtl rrt_Pipeline_VITIS_LOOP_420_3 -style xilinx -f -lang vlog -o /home/sam/project/vitis_hls/new_fixedpoint2205/solution1/syn/verilog/rrt_rrt_Pipeline_VITIS_LOOP_420_3 
Execute       syn_report -csynth -model rrt_Pipeline_VITIS_LOOP_420_3 -o /home/sam/project/vitis_hls/new_fixedpoint2205/solution1/syn/report/rrt_Pipeline_VITIS_LOOP_420_3_csynth.rpt 
Execute         AP::get_flow_target_display_name
Execute           get_solution -flow_target 
Execute       syn_report -rtlxml -model rrt_Pipeline_VITIS_LOOP_420_3 -o /home/sam/project/vitis_hls/new_fixedpoint2205/solution1/syn/report/rrt_Pipeline_VITIS_LOOP_420_3_csynth.xml 
Execute         get_solution -flow_target
Execute           get_solution -flow_target 
Execute       syn_report -verbosereport -model rrt_Pipeline_VITIS_LOOP_420_3 -o /home/sam/project/vitis_hls/new_fixedpoint2205/solution1/.autopilot/db/rrt_Pipeline_VITIS_LOOP_420_3.verbose.rpt 
Execute         AP::get_flow_target_display_name
Execute           get_solution -flow_target 
Execute       db_write -model rrt_Pipeline_VITIS_LOOP_420_3 -f -o /home/sam/project/vitis_hls/new_fixedpoint2205/solution1/.autopilot/db/rrt_Pipeline_VITIS_LOOP_420_3.adb 
Execute       db_write -model rrt_Pipeline_VITIS_LOOP_420_3 -bindview -o /home/sam/project/vitis_hls/new_fixedpoint2205/solution1/.autopilot/db/design.bindinfo.xml 
Execute       gen_tb_info rrt_Pipeline_VITIS_LOOP_420_3 -p /home/sam/project/vitis_hls/new_fixedpoint2205/solution1/.autopilot/db -o /home/sam/project/vitis_hls/new_fixedpoint2205/solution1/.autopilot/db/rrt_Pipeline_VITIS_LOOP_420_3 
INFO: [HLS 200-10] ----------------------------------------------------------------
INFO: [HLS 200-10] -- Generating RTL for module 'Nearhw' 
INFO: [HLS 200-10] ----------------------------------------------------------------
Execute       get_config_rtl -module_prefix 
Execute       get_config_rtl -module_auto_prefix 
Execute       get_config_rtl -module_prefix 
Execute       get_config_rtl -module_auto_prefix 
Execute       create_rtl_model Nearhw -top_prefix rrt_ -sub_prefix rrt_ -mg_file /home/sam/project/vitis_hls/new_fixedpoint2205/solution1/.autopilot/db/Nearhw.compgen.tcl 
INFO: [RTGEN 206-100] Generating core module 'fsub_32ns_32ns_32_9_full_dsp_1': 2 instance(s).
INFO: [RTGEN 206-100] Generating core module 'mul_32s_32s_48_5_1': 2 instance(s).
INFO: [RTGEN 206-100] Generating core module 'sitofp_32ns_32_7_no_dsp_1': 2 instance(s).
INFO: [RTGEN 206-100] Finished creating RTL model for 'Nearhw'.
INFO: [HLS 200-111] Finished Creating RTL model: CPU user time: 0.06 seconds. CPU system time: 0 seconds. Elapsed time: 0.06 seconds; current allocated memory: 743.777 MB.
Execute       source /home/sam/project/vitis_hls/new_fixedpoint2205/solution1/.autopilot/db/rrt.rtl_wrap.cfg.tcl 
Execute       gen_rtl Nearhw -style xilinx -f -lang vhdl -o /home/sam/project/vitis_hls/new_fixedpoint2205/solution1/syn/vhdl/rrt_Nearhw 
Execute       gen_rtl Nearhw -style xilinx -f -lang vlog -o /home/sam/project/vitis_hls/new_fixedpoint2205/solution1/syn/verilog/rrt_Nearhw 
Execute       syn_report -csynth -model Nearhw -o /home/sam/project/vitis_hls/new_fixedpoint2205/solution1/syn/report/Nearhw_csynth.rpt 
Execute         AP::get_flow_target_display_name
Execute           get_solution -flow_target 
Execute       syn_report -rtlxml -model Nearhw -o /home/sam/project/vitis_hls/new_fixedpoint2205/solution1/syn/report/Nearhw_csynth.xml 
Execute         get_solution -flow_target
Execute           get_solution -flow_target 
Execute       syn_report -verbosereport -model Nearhw -o /home/sam/project/vitis_hls/new_fixedpoint2205/solution1/.autopilot/db/Nearhw.verbose.rpt 
Execute         AP::get_flow_target_display_name
Execute           get_solution -flow_target 
Command       syn_report done; 0.12 sec.
Execute       db_write -model Nearhw -f -o /home/sam/project/vitis_hls/new_fixedpoint2205/solution1/.autopilot/db/Nearhw.adb 
Execute       db_write -model Nearhw -bindview -o /home/sam/project/vitis_hls/new_fixedpoint2205/solution1/.autopilot/db/design.bindinfo.xml 
Execute       gen_tb_info Nearhw -p /home/sam/project/vitis_hls/new_fixedpoint2205/solution1/.autopilot/db -o /home/sam/project/vitis_hls/new_fixedpoint2205/solution1/.autopilot/db/Nearhw 
INFO: [HLS 200-10] ----------------------------------------------------------------
INFO: [HLS 200-10] -- Generating RTL for module 'rrt_Pipeline_VITIS_LOOP_47_12' 
INFO: [HLS 200-10] ----------------------------------------------------------------
Execute       get_config_rtl -module_prefix 
Execute       get_config_rtl -module_auto_prefix 
Execute       get_config_rtl -module_prefix 
Execute       get_config_rtl -module_auto_prefix 
Execute       create_rtl_model rrt_Pipeline_VITIS_LOOP_47_12 -top_prefix rrt_ -sub_prefix rrt_ -mg_file /home/sam/project/vitis_hls/new_fixedpoint2205/solution1/.autopilot/db/rrt_Pipeline_VITIS_LOOP_47_12.compgen.tcl 
INFO: [HLS 200-1030] Apply Unified Pipeline Control on module 'rrt_Pipeline_VITIS_LOOP_47_12' pipeline 'VITIS_LOOP_47_1' pipeline type 'loop pipeline'
INFO: [RTGEN 206-100] Finished creating RTL model for 'rrt_Pipeline_VITIS_LOOP_47_12'.
INFO: [HLS 200-111] Finished Creating RTL model: CPU user time: 0.23 seconds. CPU system time: 0 seconds. Elapsed time: 0.23 seconds; current allocated memory: 746.168 MB.
Execute       source /home/sam/project/vitis_hls/new_fixedpoint2205/solution1/.autopilot/db/rrt.rtl_wrap.cfg.tcl 
Execute       gen_rtl rrt_Pipeline_VITIS_LOOP_47_12 -style xilinx -f -lang vhdl -o /home/sam/project/vitis_hls/new_fixedpoint2205/solution1/syn/vhdl/rrt_rrt_Pipeline_VITIS_LOOP_47_12 
Execute       gen_rtl rrt_Pipeline_VITIS_LOOP_47_12 -style xilinx -f -lang vlog -o /home/sam/project/vitis_hls/new_fixedpoint2205/solution1/syn/verilog/rrt_rrt_Pipeline_VITIS_LOOP_47_12 
Execute       syn_report -csynth -model rrt_Pipeline_VITIS_LOOP_47_12 -o /home/sam/project/vitis_hls/new_fixedpoint2205/solution1/syn/report/rrt_Pipeline_VITIS_LOOP_47_12_csynth.rpt 
Execute         AP::get_flow_target_display_name
Execute           get_solution -flow_target 
Execute       syn_report -rtlxml -model rrt_Pipeline_VITIS_LOOP_47_12 -o /home/sam/project/vitis_hls/new_fixedpoint2205/solution1/syn/report/rrt_Pipeline_VITIS_LOOP_47_12_csynth.xml 
Execute         get_solution -flow_target
Execute           get_solution -flow_target 
Execute       syn_report -verbosereport -model rrt_Pipeline_VITIS_LOOP_47_12 -o /home/sam/project/vitis_hls/new_fixedpoint2205/solution1/.autopilot/db/rrt_Pipeline_VITIS_LOOP_47_12.verbose.rpt 
Execute         AP::get_flow_target_display_name
Execute           get_solution -flow_target 
Execute       db_write -model rrt_Pipeline_VITIS_LOOP_47_12 -f -o /home/sam/project/vitis_hls/new_fixedpoint2205/solution1/.autopilot/db/rrt_Pipeline_VITIS_LOOP_47_12.adb 
Execute       db_write -model rrt_Pipeline_VITIS_LOOP_47_12 -bindview -o /home/sam/project/vitis_hls/new_fixedpoint2205/solution1/.autopilot/db/design.bindinfo.xml 
Execute       gen_tb_info rrt_Pipeline_VITIS_LOOP_47_12 -p /home/sam/project/vitis_hls/new_fixedpoint2205/solution1/.autopilot/db -o /home/sam/project/vitis_hls/new_fixedpoint2205/solution1/.autopilot/db/rrt_Pipeline_VITIS_LOOP_47_12 
INFO: [HLS 200-10] ----------------------------------------------------------------
INFO: [HLS 200-10] -- Generating RTL for module 'rrt_Pipeline_VITIS_LOOP_396_2' 
INFO: [HLS 200-10] ----------------------------------------------------------------
Execute       get_config_rtl -module_prefix 
Execute       get_config_rtl -module_auto_prefix 
Execute       get_config_rtl -module_prefix 
Execute       get_config_rtl -module_auto_prefix 
Execute       create_rtl_model rrt_Pipeline_VITIS_LOOP_396_2 -top_prefix rrt_ -sub_prefix rrt_ -mg_file /home/sam/project/vitis_hls/new_fixedpoint2205/solution1/.autopilot/db/rrt_Pipeline_VITIS_LOOP_396_2.compgen.tcl 
INFO: [HLS 200-1030] Apply Unified Pipeline Control on module 'rrt_Pipeline_VITIS_LOOP_396_2' pipeline 'VITIS_LOOP_396_2' pipeline type 'loop pipeline'
INFO: [RTGEN 206-100] Finished creating RTL model for 'rrt_Pipeline_VITIS_LOOP_396_2'.
INFO: [HLS 200-111] Finished Creating RTL model: CPU user time: 0.08 seconds. CPU system time: 0 seconds. Elapsed time: 0.08 seconds; current allocated memory: 747.273 MB.
Execute       source /home/sam/project/vitis_hls/new_fixedpoint2205/solution1/.autopilot/db/rrt.rtl_wrap.cfg.tcl 
Execute       gen_rtl rrt_Pipeline_VITIS_LOOP_396_2 -style xilinx -f -lang vhdl -o /home/sam/project/vitis_hls/new_fixedpoint2205/solution1/syn/vhdl/rrt_rrt_Pipeline_VITIS_LOOP_396_2 
Execute       gen_rtl rrt_Pipeline_VITIS_LOOP_396_2 -style xilinx -f -lang vlog -o /home/sam/project/vitis_hls/new_fixedpoint2205/solution1/syn/verilog/rrt_rrt_Pipeline_VITIS_LOOP_396_2 
Execute       syn_report -csynth -model rrt_Pipeline_VITIS_LOOP_396_2 -o /home/sam/project/vitis_hls/new_fixedpoint2205/solution1/syn/report/rrt_Pipeline_VITIS_LOOP_396_2_csynth.rpt 
Execute         AP::get_flow_target_display_name
Execute           get_solution -flow_target 
Execute       syn_report -rtlxml -model rrt_Pipeline_VITIS_LOOP_396_2 -o /home/sam/project/vitis_hls/new_fixedpoint2205/solution1/syn/report/rrt_Pipeline_VITIS_LOOP_396_2_csynth.xml 
Execute         get_solution -flow_target
Execute           get_solution -flow_target 
Execute       syn_report -verbosereport -model rrt_Pipeline_VITIS_LOOP_396_2 -o /home/sam/project/vitis_hls/new_fixedpoint2205/solution1/.autopilot/db/rrt_Pipeline_VITIS_LOOP_396_2.verbose.rpt 
Execute         AP::get_flow_target_display_name
Execute           get_solution -flow_target 
Execute       db_write -model rrt_Pipeline_VITIS_LOOP_396_2 -f -o /home/sam/project/vitis_hls/new_fixedpoint2205/solution1/.autopilot/db/rrt_Pipeline_VITIS_LOOP_396_2.adb 
Execute       db_write -model rrt_Pipeline_VITIS_LOOP_396_2 -bindview -o /home/sam/project/vitis_hls/new_fixedpoint2205/solution1/.autopilot/db/design.bindinfo.xml 
Execute       gen_tb_info rrt_Pipeline_VITIS_LOOP_396_2 -p /home/sam/project/vitis_hls/new_fixedpoint2205/solution1/.autopilot/db -o /home/sam/project/vitis_hls/new_fixedpoint2205/solution1/.autopilot/db/rrt_Pipeline_VITIS_LOOP_396_2 
INFO: [HLS 200-10] ----------------------------------------------------------------
INFO: [HLS 200-10] -- Generating RTL for module 'rrt' 
INFO: [HLS 200-10] ----------------------------------------------------------------
Execute       get_config_rtl -module_prefix 
Execute       get_config_rtl -module_prefix 
Execute       get_config_rtl -module_auto_prefix 
Execute       create_rtl_model rrt -top_prefix  -sub_prefix rrt_ -mg_file /home/sam/project/vitis_hls/new_fixedpoint2205/solution1/.autopilot/db/rrt.compgen.tcl 
WARNING: [RTGEN 206-101] Design contains AXI ports. Reset is fixed to synchronous and active low.
INFO: [RTGEN 206-500] Setting interface mode on port 'rrt/dataInStream_V_data_V' to 'axis' (register, both mode).
INFO: [RTGEN 206-500] Setting interface mode on port 'rrt/dataInStream_V_keep_V' to 'axis' (register, both mode).
INFO: [RTGEN 206-500] Setting interface mode on port 'rrt/dataInStream_V_strb_V' to 'axis' (register, both mode).
INFO: [RTGEN 206-500] Setting interface mode on port 'rrt/dataInStream_V_user_V' to 'axis' (register, both mode).
INFO: [RTGEN 206-500] Setting interface mode on port 'rrt/dataInStream_V_last_V' to 'axis' (register, both mode).
INFO: [RTGEN 206-500] Setting interface mode on port 'rrt/dataInStream_V_id_V' to 'axis' (register, both mode).
INFO: [RTGEN 206-500] Setting interface mode on port 'rrt/dataInStream_V_dest_V' to 'axis' (register, both mode).
INFO: [RTGEN 206-500] Setting interface mode on port 'rrt/xrandx' to 's_axilite & ap_none'.
INFO: [RTGEN 206-500] Setting interface mode on port 'rrt/xrandy' to 's_axilite & ap_none'.
INFO: [RTGEN 206-500] Setting interface mode on port 'rrt/N' to 's_axilite & ap_none'.
INFO: [RTGEN 206-500] Setting interface mode on port 'rrt/oup' to 's_axilite & ap_memory'.
INFO: [RTGEN 206-500] Setting interface mode on port 'rrt/Squared_r_n' to 's_axilite & ap_none'.
INFO: [RTGEN 206-500] Setting interface mode on port 'rrt/Squared_R_Robot' to 's_axilite & ap_none'.
INFO: [RTGEN 206-500] Setting interface mode on port 'rrt/XNearStream_V_data_V' to 'axis' (register, both mode).
INFO: [RTGEN 206-500] Setting interface mode on port 'rrt/XNearStream_V_keep_V' to 'axis' (register, both mode).
INFO: [RTGEN 206-500] Setting interface mode on port 'rrt/XNearStream_V_strb_V' to 'axis' (register, both mode).
INFO: [RTGEN 206-500] Setting interface mode on port 'rrt/XNearStream_V_user_V' to 'axis' (register, both mode).
INFO: [RTGEN 206-500] Setting interface mode on port 'rrt/XNearStream_V_last_V' to 'axis' (register, both mode).
INFO: [RTGEN 206-500] Setting interface mode on port 'rrt/XNearStream_V_id_V' to 'axis' (register, both mode).
INFO: [RTGEN 206-500] Setting interface mode on port 'rrt/XNearStream_V_dest_V' to 'axis' (register, both mode).
INFO: [RTGEN 206-500] Setting interface mode on function 'rrt' to 's_axilite & ap_ctrl_hs'.
INFO: [RTGEN 206-100] Bundling port 'return', 'xrandx', 'xrandy', 'N', 'Squared_r_n', 'oup' and 'ap_local_deadlock' to AXI-Lite port CTRL_BUS.
WARNING: [RTGEN 206-101] RTL name 'mul_48s_50ns_97_3_1' is changed to 'mul_48s_50ns_97_3_1_x' due to conflict.
INFO: [RTGEN 206-100] Generating core module 'dadd_64ns_64ns_64_12_full_dsp_0': 1 instance(s).
INFO: [RTGEN 206-100] Generating core module 'fmul_32ns_32ns_32_5_max_dsp_0': 1 instance(s).
INFO: [RTGEN 206-100] Generating core module 'fpext_32ns_64_2_no_dsp_0': 1 instance(s).
INFO: [RTGEN 206-100] Generating core module 'fptrunc_64ns_32_3_no_dsp_1': 1 instance(s).
INFO: [RTGEN 206-100] Generating core module 'fsub_32ns_32ns_32_9_full_dsp_1': 2 instance(s).
INFO: [RTGEN 206-100] Generating core module 'mul_32s_32s_48_5_1': 6 instance(s).
INFO: [RTGEN 206-100] Generating core module 'mul_48s_50ns_97_3_1_x': 2 instance(s).
INFO: [RTGEN 206-100] Generating core module 'sitofp_32ns_32_7_no_dsp_1': 2 instance(s).
INFO: [RTGEN 206-100] Generating core module 'udiv_33s_24ns_32_37_seq_1': 1 instance(s).
INFO: [RTGEN 206-100] Finished creating RTL model for 'rrt'.
Command       create_rtl_model done; 0.14 sec.
INFO: [HLS 200-111] Finished Creating RTL model: CPU user time: 0.17 seconds. CPU system time: 0.01 seconds. Elapsed time: 0.18 seconds; current allocated memory: 752.652 MB.
Execute       source /home/sam/project/vitis_hls/new_fixedpoint2205/solution1/.autopilot/db/rrt.rtl_wrap.cfg.tcl 
Execute       gen_rtl rrt -istop -style xilinx -f -lang vhdl -o /home/sam/project/vitis_hls/new_fixedpoint2205/solution1/syn/vhdl/rrt 
Execute       gen_rtl rrt -istop -style xilinx -f -lang vlog -o /home/sam/project/vitis_hls/new_fixedpoint2205/solution1/syn/verilog/rrt 
Execute       syn_report -csynth -model rrt -o /home/sam/project/vitis_hls/new_fixedpoint2205/solution1/syn/report/rrt_csynth.rpt 
Execute         AP::get_flow_target_display_name
Execute           get_solution -flow_target 
Execute       syn_report -rtlxml -model rrt -o /home/sam/project/vitis_hls/new_fixedpoint2205/solution1/syn/report/rrt_csynth.xml 
Execute         get_solution -flow_target
Execute           get_solution -flow_target 
Execute       syn_report -verbosereport -model rrt -o /home/sam/project/vitis_hls/new_fixedpoint2205/solution1/.autopilot/db/rrt.verbose.rpt 
Execute         AP::get_flow_target_display_name
Execute           get_solution -flow_target 
Command       syn_report done; 0.85 sec.
Execute       db_write -model rrt -f -o /home/sam/project/vitis_hls/new_fixedpoint2205/solution1/.autopilot/db/rrt.adb 
Execute       db_write -model rrt -bindview -o /home/sam/project/vitis_hls/new_fixedpoint2205/solution1/.autopilot/db/design.bindinfo.xml 
Execute       gen_tb_info rrt -p /home/sam/project/vitis_hls/new_fixedpoint2205/solution1/.autopilot/db -o /home/sam/project/vitis_hls/new_fixedpoint2205/solution1/.autopilot/db/rrt 
Execute       export_constraint_db -f -tool general -o /home/sam/project/vitis_hls/new_fixedpoint2205/solution1/.autopilot/db/rrt.constraint.tcl 
Execute       syn_report -designview -model rrt -o /home/sam/project/vitis_hls/new_fixedpoint2205/solution1/.autopilot/db/rrt.design.xml 
Command       syn_report done; 0.45 sec.
Execute       syn_report -csynthDesign -model rrt -o /home/sam/project/vitis_hls/new_fixedpoint2205/solution1/syn/report/csynth.rpt 
Execute         AP::get_flow_target_display_name
Execute           get_solution -flow_target 
Execute       get_config_rtl -disable_wave_debug 
Execute       syn_report -wcfg -model rrt -o /home/sam/project/vitis_hls/new_fixedpoint2205/solution1/.autopilot/db/rrt_dataflow_ana.wcfg 
Execute       syn_report -protoinst -model rrt -o /home/sam/project/vitis_hls/new_fixedpoint2205/solution1/.autopilot/db/rrt.protoinst 
Execute       get_config_debug -directory 
Execute       sc_get_clocks rrt 
Execute       get_config_export -vivado_clock 
Execute       get_config_rtl -module_prefix 
Execute       get_config_rtl -module_prefix 
Execute       get_config_rtl -module_auto_prefix 
Execute       sc_get_portdomain rrt 
INFO-FLOW: Model list for RTL component generation: FloatToFixed<16ul> rrt_Pipeline_1 rrt_Pipeline_VITIS_LOOP_342_1 rrt_Pipeline_VITIS_LOOP_47_1 __hls_fptosi_float_i32 Collision_detectedhw rrt_Pipeline_VITIS_LOOP_112_1 rrt_Pipeline_VITIS_LOOP_420_3 Nearhw rrt_Pipeline_VITIS_LOOP_47_12 rrt_Pipeline_VITIS_LOOP_396_2 rrt
INFO-FLOW: Handling components in module [FloatToFixed_16ul_s] ... 
Execute       source /home/sam/project/vitis_hls/new_fixedpoint2205/solution1/.autopilot/db/FloatToFixed_16ul_s.compgen.tcl 
INFO-FLOW: Found component rrt_fmul_32ns_32ns_32_5_max_dsp_0.
INFO-FLOW: Append model rrt_fmul_32ns_32ns_32_5_max_dsp_0
INFO-FLOW: Found component rrt_fpext_32ns_64_2_no_dsp_0.
INFO-FLOW: Append model rrt_fpext_32ns_64_2_no_dsp_0
INFO-FLOW: Found component rrt_fcmp_32ns_32ns_1_3_no_dsp_0.
INFO-FLOW: Append model rrt_fcmp_32ns_32ns_1_3_no_dsp_0
INFO-FLOW: Found component rrt_dadd_64ns_64ns_64_12_full_dsp_0.
INFO-FLOW: Append model rrt_dadd_64ns_64ns_64_12_full_dsp_0
INFO-FLOW: Handling components in module [rrt_Pipeline_1] ... 
Execute       source /home/sam/project/vitis_hls/new_fixedpoint2205/solution1/.autopilot/db/rrt_Pipeline_1.compgen.tcl 
INFO-FLOW: Found component rrt_flow_control_loop_pipe_sequential_init.
INFO-FLOW: Append model rrt_flow_control_loop_pipe_sequential_init
INFO-FLOW: Handling components in module [rrt_Pipeline_VITIS_LOOP_342_1] ... 
Execute       source /home/sam/project/vitis_hls/new_fixedpoint2205/solution1/.autopilot/db/rrt_Pipeline_VITIS_LOOP_342_1.compgen.tcl 
INFO-FLOW: Found component rrt_hptosp_16ns_32_2_no_dsp_1.
INFO-FLOW: Append model rrt_hptosp_16ns_32_2_no_dsp_1
INFO-FLOW: Found component rrt_flow_control_loop_pipe_sequential_init.
INFO-FLOW: Append model rrt_flow_control_loop_pipe_sequential_init
INFO-FLOW: Handling components in module [rrt_Pipeline_VITIS_LOOP_47_1] ... 
Execute       source /home/sam/project/vitis_hls/new_fixedpoint2205/solution1/.autopilot/db/rrt_Pipeline_VITIS_LOOP_47_1.compgen.tcl 
INFO-FLOW: Found component rrt_flow_control_loop_pipe_sequential_init.
INFO-FLOW: Append model rrt_flow_control_loop_pipe_sequential_init
INFO-FLOW: Handling components in module [p_hls_fptosi_float_i32] ... 
Execute       source /home/sam/project/vitis_hls/new_fixedpoint2205/solution1/.autopilot/db/p_hls_fptosi_float_i32.compgen.tcl 
INFO-FLOW: Handling components in module [Collision_detectedhw] ... 
Execute       source /home/sam/project/vitis_hls/new_fixedpoint2205/solution1/.autopilot/db/Collision_detectedhw.compgen.tcl 
INFO-FLOW: Found component rrt_fadd_32ns_32ns_32_9_full_dsp_1.
INFO-FLOW: Append model rrt_fadd_32ns_32ns_32_9_full_dsp_1
INFO-FLOW: Found component rrt_sitofp_32ns_32_7_no_dsp_1_x.
INFO-FLOW: Append model rrt_sitofp_32ns_32_7_no_dsp_1_x
INFO-FLOW: Found component rrt_mul_48s_50ns_97_3_1.
INFO-FLOW: Append model rrt_mul_48s_50ns_97_3_1
INFO-FLOW: Found component rrt_mul_24s_32s_48_5_1.
INFO-FLOW: Append model rrt_mul_24s_32s_48_5_1
INFO-FLOW: Found component rrt_mul_32s_32s_48_5_1_x.
INFO-FLOW: Append model rrt_mul_32s_32s_48_5_1_x
INFO-FLOW: Handling components in module [rrt_Pipeline_VITIS_LOOP_112_1] ... 
Execute       source /home/sam/project/vitis_hls/new_fixedpoint2205/solution1/.autopilot/db/rrt_Pipeline_VITIS_LOOP_112_1.compgen.tcl 
INFO-FLOW: Found component rrt_mul_32s_48s_48_3_1.
INFO-FLOW: Append model rrt_mul_32s_48s_48_3_1
INFO-FLOW: Found component rrt_flow_control_loop_pipe_sequential_init.
INFO-FLOW: Append model rrt_flow_control_loop_pipe_sequential_init
INFO-FLOW: Handling components in module [rrt_Pipeline_VITIS_LOOP_420_3] ... 
Execute       source /home/sam/project/vitis_hls/new_fixedpoint2205/solution1/.autopilot/db/rrt_Pipeline_VITIS_LOOP_420_3.compgen.tcl 
INFO-FLOW: Found component rrt_flow_control_loop_pipe_sequential_init.
INFO-FLOW: Append model rrt_flow_control_loop_pipe_sequential_init
INFO-FLOW: Handling components in module [Nearhw] ... 
Execute       source /home/sam/project/vitis_hls/new_fixedpoint2205/solution1/.autopilot/db/Nearhw.compgen.tcl 
INFO-FLOW: Handling components in module [rrt_Pipeline_VITIS_LOOP_47_12] ... 
Execute       source /home/sam/project/vitis_hls/new_fixedpoint2205/solution1/.autopilot/db/rrt_Pipeline_VITIS_LOOP_47_12.compgen.tcl 
INFO-FLOW: Found component rrt_flow_control_loop_pipe_sequential_init.
INFO-FLOW: Append model rrt_flow_control_loop_pipe_sequential_init
INFO-FLOW: Handling components in module [rrt_Pipeline_VITIS_LOOP_396_2] ... 
Execute       source /home/sam/project/vitis_hls/new_fixedpoint2205/solution1/.autopilot/db/rrt_Pipeline_VITIS_LOOP_396_2.compgen.tcl 
INFO-FLOW: Found component rrt_flow_control_loop_pipe_sequential_init.
INFO-FLOW: Append model rrt_flow_control_loop_pipe_sequential_init
INFO-FLOW: Handling components in module [rrt] ... 
Execute       source /home/sam/project/vitis_hls/new_fixedpoint2205/solution1/.autopilot/db/rrt.compgen.tcl 
INFO-FLOW: Found component rrt_fsub_32ns_32ns_32_9_full_dsp_1.
INFO-FLOW: Append model rrt_fsub_32ns_32ns_32_9_full_dsp_1
INFO-FLOW: Found component rrt_fsub_32ns_32ns_32_9_full_dsp_1.
INFO-FLOW: Append model rrt_fsub_32ns_32ns_32_9_full_dsp_1
INFO-FLOW: Found component rrt_sitofp_32ns_32_7_no_dsp_1.
INFO-FLOW: Append model rrt_sitofp_32ns_32_7_no_dsp_1
INFO-FLOW: Found component rrt_sitofp_32ns_32_7_no_dsp_1.
INFO-FLOW: Append model rrt_sitofp_32ns_32_7_no_dsp_1
INFO-FLOW: Found component rrt_fptrunc_64ns_32_3_no_dsp_1.
INFO-FLOW: Append model rrt_fptrunc_64ns_32_3_no_dsp_1
INFO-FLOW: Found component rrt_udiv_33s_24ns_32_37_seq_1.
INFO-FLOW: Append model rrt_udiv_33s_24ns_32_37_seq_1
INFO-FLOW: Found component rrt_mul_48s_50ns_97_3_1_x.
INFO-FLOW: Append model rrt_mul_48s_50ns_97_3_1_x
INFO-FLOW: Found component rrt_mul_32s_32s_48_5_1.
INFO-FLOW: Append model rrt_mul_32s_32s_48_5_1
INFO-FLOW: Found component rrt_mul_32s_32s_48_5_1.
INFO-FLOW: Append model rrt_mul_32s_32s_48_5_1
INFO-FLOW: Found component rrt_Bool_RAM_AUTO_1R1W.
INFO-FLOW: Append model rrt_Bool_RAM_AUTO_1R1W
INFO-FLOW: Found component rrt_x_near_RAM_AUTO_1R1W.
INFO-FLOW: Append model rrt_x_near_RAM_AUTO_1R1W
INFO-FLOW: Found component rrt_RRT_Star_Position_x_RAM_AUTO_1R1W.
INFO-FLOW: Append model rrt_RRT_Star_Position_x_RAM_AUTO_1R1W
INFO-FLOW: Found component rrt_RRT_Star_Location_List_RAM_AUTO_1R1W.
INFO-FLOW: Append model rrt_RRT_Star_Location_List_RAM_AUTO_1R1W
INFO-FLOW: Found component rrt_CTRL_BUS_s_axi.
INFO-FLOW: Append model rrt_CTRL_BUS_s_axi
INFO-FLOW: Found component rrt_regslice_both.
INFO-FLOW: Append model rrt_regslice_both
INFO-FLOW: Found component rrt_regslice_both.
INFO-FLOW: Append model rrt_regslice_both
INFO-FLOW: Found component rrt_regslice_both.
INFO-FLOW: Append model rrt_regslice_both
INFO-FLOW: Found component rrt_regslice_both.
INFO-FLOW: Append model rrt_regslice_both
INFO-FLOW: Found component rrt_regslice_both.
INFO-FLOW: Append model rrt_regslice_both
INFO-FLOW: Found component rrt_regslice_both.
INFO-FLOW: Append model rrt_regslice_both
INFO-FLOW: Found component rrt_regslice_both.
INFO-FLOW: Append model rrt_regslice_both
INFO-FLOW: Found component rrt_regslice_both.
INFO-FLOW: Append model rrt_regslice_both
INFO-FLOW: Found component rrt_regslice_both.
INFO-FLOW: Append model rrt_regslice_both
INFO-FLOW: Found component rrt_regslice_both.
INFO-FLOW: Append model rrt_regslice_both
INFO-FLOW: Found component rrt_regslice_both.
INFO-FLOW: Append model rrt_regslice_both
INFO-FLOW: Found component rrt_regslice_both.
INFO-FLOW: Append model rrt_regslice_both
INFO-FLOW: Found component rrt_regslice_both.
INFO-FLOW: Append model rrt_regslice_both
INFO-FLOW: Found component rrt_regslice_both.
INFO-FLOW: Append model rrt_regslice_both
INFO-FLOW: Append model FloatToFixed_16ul_s
INFO-FLOW: Append model rrt_Pipeline_1
INFO-FLOW: Append model rrt_Pipeline_VITIS_LOOP_342_1
INFO-FLOW: Append model rrt_Pipeline_VITIS_LOOP_47_1
INFO-FLOW: Append model p_hls_fptosi_float_i32
INFO-FLOW: Append model Collision_detectedhw
INFO-FLOW: Append model rrt_Pipeline_VITIS_LOOP_112_1
INFO-FLOW: Append model rrt_Pipeline_VITIS_LOOP_420_3
INFO-FLOW: Append model Nearhw
INFO-FLOW: Append model rrt_Pipeline_VITIS_LOOP_47_12
INFO-FLOW: Append model rrt_Pipeline_VITIS_LOOP_396_2
INFO-FLOW: Append model rrt
INFO-FLOW: Generating RTL model list ...
INFO-FLOW: All models in this session: rrt_fmul_32ns_32ns_32_5_max_dsp_0 rrt_fpext_32ns_64_2_no_dsp_0 rrt_fcmp_32ns_32ns_1_3_no_dsp_0 rrt_dadd_64ns_64ns_64_12_full_dsp_0 rrt_flow_control_loop_pipe_sequential_init rrt_hptosp_16ns_32_2_no_dsp_1 rrt_flow_control_loop_pipe_sequential_init rrt_flow_control_loop_pipe_sequential_init rrt_fadd_32ns_32ns_32_9_full_dsp_1 rrt_sitofp_32ns_32_7_no_dsp_1_x rrt_mul_48s_50ns_97_3_1 rrt_mul_24s_32s_48_5_1 rrt_mul_32s_32s_48_5_1_x rrt_mul_32s_48s_48_3_1 rrt_flow_control_loop_pipe_sequential_init rrt_flow_control_loop_pipe_sequential_init rrt_flow_control_loop_pipe_sequential_init rrt_flow_control_loop_pipe_sequential_init rrt_fsub_32ns_32ns_32_9_full_dsp_1 rrt_fsub_32ns_32ns_32_9_full_dsp_1 rrt_sitofp_32ns_32_7_no_dsp_1 rrt_sitofp_32ns_32_7_no_dsp_1 rrt_fptrunc_64ns_32_3_no_dsp_1 rrt_udiv_33s_24ns_32_37_seq_1 rrt_mul_48s_50ns_97_3_1_x rrt_mul_32s_32s_48_5_1 rrt_mul_32s_32s_48_5_1 rrt_Bool_RAM_AUTO_1R1W rrt_x_near_RAM_AUTO_1R1W rrt_RRT_Star_Position_x_RAM_AUTO_1R1W rrt_RRT_Star_Location_List_RAM_AUTO_1R1W rrt_CTRL_BUS_s_axi rrt_regslice_both rrt_regslice_both rrt_regslice_both rrt_regslice_both rrt_regslice_both rrt_regslice_both rrt_regslice_both rrt_regslice_both rrt_regslice_both rrt_regslice_both rrt_regslice_both rrt_regslice_both rrt_regslice_both rrt_regslice_both FloatToFixed_16ul_s rrt_Pipeline_1 rrt_Pipeline_VITIS_LOOP_342_1 rrt_Pipeline_VITIS_LOOP_47_1 p_hls_fptosi_float_i32 Collision_detectedhw rrt_Pipeline_VITIS_LOOP_112_1 rrt_Pipeline_VITIS_LOOP_420_3 Nearhw rrt_Pipeline_VITIS_LOOP_47_12 rrt_Pipeline_VITIS_LOOP_396_2 rrt
INFO-FLOW: Generating /home/sam/project/vitis_hls/new_fixedpoint2205/solution1/.autopilot/db/autopilot.rtl.models.txt file...
INFO-FLOW: To file: write model rrt_fmul_32ns_32ns_32_5_max_dsp_0
INFO-FLOW: To file: write model rrt_fpext_32ns_64_2_no_dsp_0
INFO-FLOW: To file: write model rrt_fcmp_32ns_32ns_1_3_no_dsp_0
INFO-FLOW: To file: write model rrt_dadd_64ns_64ns_64_12_full_dsp_0
INFO-FLOW: To file: write model rrt_flow_control_loop_pipe_sequential_init
INFO-FLOW: To file: write model rrt_hptosp_16ns_32_2_no_dsp_1
INFO-FLOW: To file: write model rrt_flow_control_loop_pipe_sequential_init
INFO-FLOW: To file: write model rrt_flow_control_loop_pipe_sequential_init
INFO-FLOW: To file: write model rrt_fadd_32ns_32ns_32_9_full_dsp_1
INFO-FLOW: To file: write model rrt_sitofp_32ns_32_7_no_dsp_1_x
INFO-FLOW: To file: write model rrt_mul_48s_50ns_97_3_1
INFO-FLOW: To file: write model rrt_mul_24s_32s_48_5_1
INFO-FLOW: To file: write model rrt_mul_32s_32s_48_5_1_x
INFO-FLOW: To file: write model rrt_mul_32s_48s_48_3_1
INFO-FLOW: To file: write model rrt_flow_control_loop_pipe_sequential_init
INFO-FLOW: To file: write model rrt_flow_control_loop_pipe_sequential_init
INFO-FLOW: To file: write model rrt_flow_control_loop_pipe_sequential_init
INFO-FLOW: To file: write model rrt_flow_control_loop_pipe_sequential_init
INFO-FLOW: To file: write model rrt_fsub_32ns_32ns_32_9_full_dsp_1
INFO-FLOW: To file: write model rrt_fsub_32ns_32ns_32_9_full_dsp_1
INFO-FLOW: To file: write model rrt_sitofp_32ns_32_7_no_dsp_1
INFO-FLOW: To file: write model rrt_sitofp_32ns_32_7_no_dsp_1
INFO-FLOW: To file: write model rrt_fptrunc_64ns_32_3_no_dsp_1
INFO-FLOW: To file: write model rrt_udiv_33s_24ns_32_37_seq_1
INFO-FLOW: To file: write model rrt_mul_48s_50ns_97_3_1_x
INFO-FLOW: To file: write model rrt_mul_32s_32s_48_5_1
INFO-FLOW: To file: write model rrt_mul_32s_32s_48_5_1
INFO-FLOW: To file: write model rrt_Bool_RAM_AUTO_1R1W
INFO-FLOW: To file: write model rrt_x_near_RAM_AUTO_1R1W
INFO-FLOW: To file: write model rrt_RRT_Star_Position_x_RAM_AUTO_1R1W
INFO-FLOW: To file: write model rrt_RRT_Star_Location_List_RAM_AUTO_1R1W
INFO-FLOW: To file: write model rrt_CTRL_BUS_s_axi
INFO-FLOW: To file: write model rrt_regslice_both
INFO-FLOW: To file: write model rrt_regslice_both
INFO-FLOW: To file: write model rrt_regslice_both
INFO-FLOW: To file: write model rrt_regslice_both
INFO-FLOW: To file: write model rrt_regslice_both
INFO-FLOW: To file: write model rrt_regslice_both
INFO-FLOW: To file: write model rrt_regslice_both
INFO-FLOW: To file: write model rrt_regslice_both
INFO-FLOW: To file: write model rrt_regslice_both
INFO-FLOW: To file: write model rrt_regslice_both
INFO-FLOW: To file: write model rrt_regslice_both
INFO-FLOW: To file: write model rrt_regslice_both
INFO-FLOW: To file: write model rrt_regslice_both
INFO-FLOW: To file: write model rrt_regslice_both
INFO-FLOW: To file: write model FloatToFixed_16ul_s
INFO-FLOW: To file: write model rrt_Pipeline_1
INFO-FLOW: To file: write model rrt_Pipeline_VITIS_LOOP_342_1
INFO-FLOW: To file: write model rrt_Pipeline_VITIS_LOOP_47_1
INFO-FLOW: To file: write model p_hls_fptosi_float_i32
INFO-FLOW: To file: write model Collision_detectedhw
INFO-FLOW: To file: write model rrt_Pipeline_VITIS_LOOP_112_1
INFO-FLOW: To file: write model rrt_Pipeline_VITIS_LOOP_420_3
INFO-FLOW: To file: write model Nearhw
INFO-FLOW: To file: write model rrt_Pipeline_VITIS_LOOP_47_12
INFO-FLOW: To file: write model rrt_Pipeline_VITIS_LOOP_396_2
INFO-FLOW: To file: write model rrt
INFO-FLOW: Generating /home/sam/project/vitis_hls/new_fixedpoint2205/solution1/.autopilot/db/autopilot.rtl.models.tcl file...
INFO-FLOW: Finished generating RTL model list.


INFO-FLOW: RTL Generation done.
INFO-FLOW: CAS Generation done.
INFO-FLOW: CBC Generation done.
INFO-FLOW: DBG:PROC: ::AESL_AUTOMG::auto_generate_csynth_design
Execute       get_top 
Execute       get_config_export -ipname 
Execute       get_config_export -xo 
Execute       get_config_export -format 
Execute       get_config_rtl -module_auto_prefix 
INFO-FLOW: DBG:PUTS: read_platform_lib /home/sam/project/vitis_hls/new_fixedpoint2205/solution1/.autopilot/db/global.setting.tcl
Execute       source /tools/Xilinx/Vitis_HLS/2021.2/common/technology/generic/autopilot/common.gen 
Execute         source /tools/Xilinx/Vitis_HLS/2021.2/common/technology/generic/autopilot/APCoreGen.gen 
Execute       source /tools/Xilinx/Vitis_HLS/2021.2/common/technology/generic/autopilot/op.gen 
Execute       source /tools/Xilinx/Vitis_HLS/2021.2/common/technology/generic/autopilot/op_simcore.gen 
Execute       source /tools/Xilinx/Vitis_HLS/2021.2/common/technology/generic/autopilot/interface.gen 
Execute       source /home/sam/project/vitis_hls/new_fixedpoint2205/solution1/.autopilot/db/global.setting.tcl 
Execute       source /tools/Xilinx/Vitis_HLS/2021.2/common/technology/xilinx/common/xilinx.gen 
Execute         source /tools/Xilinx/Vitis_HLS/2021.2/common/technology/xilinx/interface/plb46.gen 
Execute         source /tools/Xilinx/Vitis_HLS/2021.2/common/technology/xilinx/interface/axi4.gen 
Execute         source /tools/Xilinx/Vitis_HLS/2021.2/common/technology/xilinx/interface/nativeAXI4.gen 
Execute           source /tools/Xilinx/Vitis_HLS/2021.2/common/technology/xilinx/interface/saxilite.gen 
Execute           source /tools/Xilinx/Vitis_HLS/2021.2/common/technology/xilinx/interface/maxi.gen 
Execute         source /tools/Xilinx/Vitis_HLS/2021.2/common/technology/xilinx/scripts/xilinxcoregen.gen 
Execute         source /tools/Xilinx/Vitis_HLS/2021.2/common/technology/xilinx/interface/XilEDKCoreGen.gen 
Execute         source /tools/Xilinx/Vitis_HLS/2021.2/common/technology/xilinx/ip/util.gen 
Execute         source /tools/Xilinx/Vitis_HLS/2021.2/common/technology/xilinx/ip/xfft.gen 
Execute         source /tools/Xilinx/Vitis_HLS/2021.2/common/technology/xilinx/ip/xfir.gen 
Execute         source /tools/Xilinx/Vitis_HLS/2021.2/common/technology/xilinx/ip/dds_compiler.gen 
Execute         source /tools/Xilinx/Vitis_HLS/2021.2/common/technology/xilinx/DSP48/dsp48.gen 
INFO-FLOW: DBG:PUTS:   using AESL_AUTOCG::g_clock_period=6.750 (was NA)
INFO-FLOW: DBG:PROC: ::AESL_AUTOMG::generate_ip_cores gen_sim_model='1' gen_fp_models='0' gen_for_export='0' dstSCDir='' dstVhdlDir='/home/sam/project/vitis_hls/new_fixedpoint2205/solution1/.autopilot/db/vhdl' dstVlogDir='/home/sam/project/vitis_hls/new_fixedpoint2205/solution1/.autopilot/db/vlog' tclDir='/home/sam/project/vitis_hls/new_fixedpoint2205/solution1/.autopilot/db' modelList='rrt_fmul_32ns_32ns_32_5_max_dsp_0
rrt_fpext_32ns_64_2_no_dsp_0
rrt_fcmp_32ns_32ns_1_3_no_dsp_0
rrt_dadd_64ns_64ns_64_12_full_dsp_0
rrt_flow_control_loop_pipe_sequential_init
rrt_hptosp_16ns_32_2_no_dsp_1
rrt_flow_control_loop_pipe_sequential_init
rrt_flow_control_loop_pipe_sequential_init
rrt_fadd_32ns_32ns_32_9_full_dsp_1
rrt_sitofp_32ns_32_7_no_dsp_1_x
rrt_mul_48s_50ns_97_3_1
rrt_mul_24s_32s_48_5_1
rrt_mul_32s_32s_48_5_1_x
rrt_mul_32s_48s_48_3_1
rrt_flow_control_loop_pipe_sequential_init
rrt_flow_control_loop_pipe_sequential_init
rrt_flow_control_loop_pipe_sequential_init
rrt_flow_control_loop_pipe_sequential_init
rrt_fsub_32ns_32ns_32_9_full_dsp_1
rrt_fsub_32ns_32ns_32_9_full_dsp_1
rrt_sitofp_32ns_32_7_no_dsp_1
rrt_sitofp_32ns_32_7_no_dsp_1
rrt_fptrunc_64ns_32_3_no_dsp_1
rrt_udiv_33s_24ns_32_37_seq_1
rrt_mul_48s_50ns_97_3_1_x
rrt_mul_32s_32s_48_5_1
rrt_mul_32s_32s_48_5_1
rrt_Bool_RAM_AUTO_1R1W
rrt_x_near_RAM_AUTO_1R1W
rrt_RRT_Star_Position_x_RAM_AUTO_1R1W
rrt_RRT_Star_Location_List_RAM_AUTO_1R1W
rrt_CTRL_BUS_s_axi
rrt_regslice_both
rrt_regslice_both
rrt_regslice_both
rrt_regslice_both
rrt_regslice_both
rrt_regslice_both
rrt_regslice_both
rrt_regslice_both
rrt_regslice_both
rrt_regslice_both
rrt_regslice_both
rrt_regslice_both
rrt_regslice_both
rrt_regslice_both
FloatToFixed_16ul_s
rrt_Pipeline_1
rrt_Pipeline_VITIS_LOOP_342_1
rrt_Pipeline_VITIS_LOOP_47_1
p_hls_fptosi_float_i32
Collision_detectedhw
rrt_Pipeline_VITIS_LOOP_112_1
rrt_Pipeline_VITIS_LOOP_420_3
Nearhw
rrt_Pipeline_VITIS_LOOP_47_12
rrt_Pipeline_VITIS_LOOP_396_2
rrt
' expOnly='0'
Execute       source /home/sam/project/vitis_hls/new_fixedpoint2205/solution1/.autopilot/db/global.setting.tcl 
Execute       ap_part_info -name xc7z020-clg400-1 -data names -quiet 
Execute       ap_part_info -name xc7z020-clg400-1 -data info -quiet 
Execute       source /home/sam/project/vitis_hls/new_fixedpoint2205/solution1/.autopilot/db/global.setting.tcl 
Execute       source /home/sam/project/vitis_hls/new_fixedpoint2205/solution1/.autopilot/db/global.setting.tcl 
Execute       source /home/sam/project/vitis_hls/new_fixedpoint2205/solution1/.autopilot/db/FloatToFixed_16ul_s.compgen.tcl 
Execute       source /home/sam/project/vitis_hls/new_fixedpoint2205/solution1/.autopilot/db/rrt_Pipeline_1.compgen.tcl 
Execute       source /home/sam/project/vitis_hls/new_fixedpoint2205/solution1/.autopilot/db/rrt_Pipeline_VITIS_LOOP_342_1.compgen.tcl 
Execute       source /home/sam/project/vitis_hls/new_fixedpoint2205/solution1/.autopilot/db/rrt_Pipeline_VITIS_LOOP_47_1.compgen.tcl 
Execute       source /home/sam/project/vitis_hls/new_fixedpoint2205/solution1/.autopilot/db/p_hls_fptosi_float_i32.compgen.tcl 
Execute       source /home/sam/project/vitis_hls/new_fixedpoint2205/solution1/.autopilot/db/Collision_detectedhw.compgen.tcl 
Execute       source /home/sam/project/vitis_hls/new_fixedpoint2205/solution1/.autopilot/db/rrt_Pipeline_VITIS_LOOP_112_1.compgen.tcl 
Execute       source /home/sam/project/vitis_hls/new_fixedpoint2205/solution1/.autopilot/db/rrt_Pipeline_VITIS_LOOP_420_3.compgen.tcl 
Execute       source /home/sam/project/vitis_hls/new_fixedpoint2205/solution1/.autopilot/db/Nearhw.compgen.tcl 
Execute       source /home/sam/project/vitis_hls/new_fixedpoint2205/solution1/.autopilot/db/rrt_Pipeline_VITIS_LOOP_47_12.compgen.tcl 
Execute       source /home/sam/project/vitis_hls/new_fixedpoint2205/solution1/.autopilot/db/rrt_Pipeline_VITIS_LOOP_396_2.compgen.tcl 
Execute       source /home/sam/project/vitis_hls/new_fixedpoint2205/solution1/.autopilot/db/rrt.compgen.tcl 
INFO: [RTMG 210-278] Implementing memory 'rrt_Bool_RAM_AUTO_1R1W_ram (RAM)' using auto RAMs.
Execute         ap_part_info -name xc7z020-clg400-1 -data names -quiet 
Execute         ap_part_info -name xc7z020-clg400-1 -data info -quiet 
INFO: [RTMG 210-278] Implementing memory 'rrt_x_near_RAM_AUTO_1R1W_ram (RAM)' using auto RAMs.
Execute         ap_part_info -name xc7z020-clg400-1 -data names -quiet 
Execute         ap_part_info -name xc7z020-clg400-1 -data info -quiet 
INFO: [RTMG 210-278] Implementing memory 'rrt_RRT_Star_Position_x_RAM_AUTO_1R1W_ram (RAM)' using auto RAMs.
Execute         ap_part_info -name xc7z020-clg400-1 -data names -quiet 
Execute         ap_part_info -name xc7z020-clg400-1 -data info -quiet 
INFO: [RTMG 210-278] Implementing memory 'rrt_RRT_Star_Location_List_RAM_AUTO_1R1W_ram (RAM)' using auto RAMs.
Execute         ap_part_info -name xc7z020-clg400-1 -data names -quiet 
Execute         ap_part_info -name xc7z020-clg400-1 -data info -quiet 
Execute         source ./CTRL_BUS.slave.tcl 
INFO: [HLS 200-111] Finished Generating all RTL models: CPU user time: 1.81 seconds. CPU system time: 0.02 seconds. Elapsed time: 1.83 seconds; current allocated memory: 761.453 MB.
INFO-FLOW: DBG:PROC: ::AP::create_csynth_xml bind_adapter_nodes_var='bind_adapter_nodes' bind_report_dict_var='bind_report_dict' outfile=''
INFO-FLOW: Running: create_csynth_xml read xml data
INFO-FLOW: Done: create_csynth_xml read xml data time: 0 seconds per iteration
INFO-FLOW: Running: create_csynth_xml bind info
INFO-FLOW: Done: create_csynth_xml bind info time: 0 seconds per iteration
INFO-FLOW: Running: create_csynth_xml config info
Execute       get_config_op mul -impl 
Execute       get_config_op mul -latency 
Execute       get_config_op mul -precision 
Execute       get_config_op add -impl 
Execute       get_config_op add -latency 
Execute       get_config_op add -precision 
Execute       get_config_op sub -impl 
Execute       get_config_op sub -latency 
Execute       get_config_op sub -precision 
Execute       get_config_op fadd -impl 
Execute       get_config_op fadd -latency 
Execute       get_config_op fadd -precision 
Execute       get_config_op fsub -impl 
Execute       get_config_op fsub -latency 
Execute       get_config_op fsub -precision 
Execute       get_config_op fdiv -impl 
Execute       get_config_op fdiv -latency 
Execute       get_config_op fdiv -precision 
Execute       get_config_op fexp -impl 
Execute       get_config_op fexp -latency 
Execute       get_config_op fexp -precision 
Execute       get_config_op flog -impl 
Execute       get_config_op flog -latency 
Execute       get_config_op flog -precision 
Execute       get_config_op fmul -impl 
Execute       get_config_op fmul -latency 
Execute       get_config_op fmul -precision 
Execute       get_config_op frsqrt -impl 
Execute       get_config_op frsqrt -latency 
Execute       get_config_op frsqrt -precision 
Execute       get_config_op frecip -impl 
Execute       get_config_op frecip -latency 
Execute       get_config_op frecip -precision 
Execute       get_config_op fsqrt -impl 
Execute       get_config_op fsqrt -latency 
Execute       get_config_op fsqrt -precision 
Execute       get_config_op dadd -impl 
Execute       get_config_op dadd -latency 
Execute       get_config_op dadd -precision 
Execute       get_config_op dsub -impl 
Execute       get_config_op dsub -latency 
Execute       get_config_op dsub -precision 
Execute       get_config_op ddiv -impl 
Execute       get_config_op ddiv -latency 
Execute       get_config_op ddiv -precision 
Execute       get_config_op dexp -impl 
Execute       get_config_op dexp -latency 
Execute       get_config_op dexp -precision 
Execute       get_config_op dlog -impl 
Execute       get_config_op dlog -latency 
Execute       get_config_op dlog -precision 
Execute       get_config_op dmul -impl 
Execute       get_config_op dmul -latency 
Execute       get_config_op dmul -precision 
Execute       get_config_op drsqrt -impl 
Execute       get_config_op drsqrt -latency 
Execute       get_config_op drsqrt -precision 
Execute       get_config_op drecip -impl 
Execute       get_config_op drecip -latency 
Execute       get_config_op drecip -precision 
Execute       get_config_op dsqrt -impl 
Execute       get_config_op dsqrt -latency 
Execute       get_config_op dsqrt -precision 
Execute       get_config_op hadd -impl 
Execute       get_config_op hadd -latency 
Execute       get_config_op hadd -precision 
Execute       get_config_op hsub -impl 
Execute       get_config_op hsub -latency 
Execute       get_config_op hsub -precision 
Execute       get_config_op hdiv -impl 
Execute       get_config_op hdiv -latency 
Execute       get_config_op hdiv -precision 
Execute       get_config_op hmul -impl 
Execute       get_config_op hmul -latency 
Execute       get_config_op hmul -precision 
Execute       get_config_op hsqrt -impl 
Execute       get_config_op hsqrt -latency 
Execute       get_config_op hsqrt -precision 
Execute       get_config_op facc -impl 
Execute       get_config_op facc -latency 
Execute       get_config_op facc -precision 
Execute       get_config_op fmacc -impl 
Execute       get_config_op fmacc -latency 
Execute       get_config_op fmacc -precision 
Execute       get_config_op fmadd -impl 
Execute       get_config_op fmadd -latency 
Execute       get_config_op fmadd -precision 
Execute       get_config_storage fifo -auto_srl_max_bits 
Execute       get_config_storage fifo -auto_srl_max_depth 
Execute       get_config_storage fifo -impl 
Execute       get_solution -flow_target 
Execute       get_config_array_partition -complete_threshold 
Execute       get_config_array_partition -throughput_driven 
Execute       get_config_compile -enable_auto_rewind 
Execute       get_config_compile -name_max_length 
Execute       get_config_compile -no_signed_zeros 
Execute       get_config_compile -pipeline_loops 
Execute       get_config_compile -pipeline_style 
Execute       get_config_compile -pragma_strict_mode 
Execute       get_config_compile -pre_tcl 
Execute       get_config_compile -unsafe_math_optimizations 
Execute       get_config_dataflow -default_channel 
Execute       get_config_dataflow -disable_fifo_sizing_opt 
Execute       get_config_dataflow -fifo_depth 
Execute       get_config_dataflow -override_user_fifo_depth 
Execute       get_config_dataflow -scalar_fifo_depth 
Execute       get_config_dataflow -start_fifo_depth 
Execute       get_config_dataflow -strict_mode 
Execute       get_config_dataflow -strict_stable_sync 
Execute       get_config_dataflow -task_level_fifo_depth 
Execute       get_config_debug -directory 
Execute       get_config_debug -enable 
Execute       get_config_export -deadlock_detection 
Execute       get_config_export -description 
Execute       get_config_export -display_name 
Execute       get_config_export -format 
Execute       get_config_export -ip_xdc_file 
Execute       get_config_export -ip_xdc_ooc_file 
Execute       get_config_export -ipname 
Execute       get_config_export -library 
Execute       get_config_export -output 
Execute       get_config_export -rtl 
Execute       get_config_export -taxonomy 
Execute       get_config_export -vendor 
Execute       get_config_export -version 
Execute       get_config_export -vivado_clock 
Execute       get_config_export -vivado_impl_strategy 
Execute       get_config_export -vivado_max_timing_paths 
Execute       get_config_export -vivado_optimization_level 
Execute       get_config_export -vivado_pblock 
Execute       get_config_export -vivado_phys_opt 
Execute       get_config_export -vivado_report_level 
Execute       get_config_export -vivado_synth_design_args 
Execute       get_config_export -vivado_synth_strategy 
Execute       get_config_interface -clock_enable 
Execute       get_config_interface -default_slave_interface 
Execute       get_config_interface -m_axi_addr64 
Execute       get_config_interface -m_axi_alignment_byte_size 
Execute       get_config_interface -m_axi_auto_max_ports 
Execute       get_config_interface -m_axi_buffer_impl 
Execute       get_config_interface -m_axi_conservative_mode 
Execute       get_config_interface -m_axi_flush_mode 
Execute       get_config_interface -m_axi_latency 
Execute       get_config_interface -m_axi_max_bitwidth 
Execute       get_config_interface -m_axi_max_read_burst_length 
Execute       get_config_interface -m_axi_max_widen_bitwidth 
Execute       get_config_interface -m_axi_max_write_burst_length 
Execute       get_config_interface -m_axi_min_bitwidth 
Execute       get_config_interface -m_axi_num_read_outstanding 
Execute       get_config_interface -m_axi_num_write_outstanding 
Execute       get_config_interface -m_axi_offset 
Execute       get_config_interface -register_io 
Execute       get_config_interface -s_axilite_data64 
Execute       get_config_interface -s_axilite_mailbox 
Execute       get_config_interface -s_axilite_status_regs 
Execute       get_config_interface -s_axilite_sw_reset 
Execute       get_config_rtl -header 
Execute       get_config_rtl -kernel_profile 
Execute       get_config_rtl -module_auto_prefix 
Execute       get_config_rtl -module_prefix 
Execute       get_config_rtl -mult_keep_attribute 
Execute       get_config_rtl -register_all_io 
Execute       get_config_rtl -register_reset_num 
Execute       get_config_rtl -reset 
Execute       get_config_rtl -reset_async 
Execute       get_config_rtl -reset_level 
Execute       get_config_schedule -enable_dsp_full_reg 
Execute       get_config_unroll -tripcount_threshold 
INFO-FLOW: Done: create_csynth_xml config info time: 0 seconds per iteration
INFO-FLOW: Running: create_csynth_xml write xml
INFO-FLOW: Done: create_csynth_xml write xml time: 0 seconds per iteration
INFO-FLOW: DBG:PUTS:       create_csynth_xml wrote csynth_xml=/home/sam/project/vitis_hls/new_fixedpoint2205/solution1/syn/report/csynth.xml
INFO-FLOW: DBG:PROC: ::AP::DESIGN_DATA::generate_json generate_bd_files='0' generate_xo_files='0' modelList='rrt_fmul_32ns_32ns_32_5_max_dsp_0
rrt_fpext_32ns_64_2_no_dsp_0
rrt_fcmp_32ns_32ns_1_3_no_dsp_0
rrt_dadd_64ns_64ns_64_12_full_dsp_0
rrt_flow_control_loop_pipe_sequential_init
rrt_hptosp_16ns_32_2_no_dsp_1
rrt_flow_control_loop_pipe_sequential_init
rrt_flow_control_loop_pipe_sequential_init
rrt_fadd_32ns_32ns_32_9_full_dsp_1
rrt_sitofp_32ns_32_7_no_dsp_1_x
rrt_mul_48s_50ns_97_3_1
rrt_mul_24s_32s_48_5_1
rrt_mul_32s_32s_48_5_1_x
rrt_mul_32s_48s_48_3_1
rrt_flow_control_loop_pipe_sequential_init
rrt_flow_control_loop_pipe_sequential_init
rrt_flow_control_loop_pipe_sequential_init
rrt_flow_control_loop_pipe_sequential_init
rrt_fsub_32ns_32ns_32_9_full_dsp_1
rrt_fsub_32ns_32ns_32_9_full_dsp_1
rrt_sitofp_32ns_32_7_no_dsp_1
rrt_sitofp_32ns_32_7_no_dsp_1
rrt_fptrunc_64ns_32_3_no_dsp_1
rrt_udiv_33s_24ns_32_37_seq_1
rrt_mul_48s_50ns_97_3_1_x
rrt_mul_32s_32s_48_5_1
rrt_mul_32s_32s_48_5_1
rrt_Bool_RAM_AUTO_1R1W
rrt_x_near_RAM_AUTO_1R1W
rrt_RRT_Star_Position_x_RAM_AUTO_1R1W
rrt_RRT_Star_Location_List_RAM_AUTO_1R1W
rrt_CTRL_BUS_s_axi
rrt_regslice_both
rrt_regslice_both
rrt_regslice_both
rrt_regslice_both
rrt_regslice_both
rrt_regslice_both
rrt_regslice_both
rrt_regslice_both
rrt_regslice_both
rrt_regslice_both
rrt_regslice_both
rrt_regslice_both
rrt_regslice_both
rrt_regslice_both
FloatToFixed_16ul_s
rrt_Pipeline_1
rrt_Pipeline_VITIS_LOOP_342_1
rrt_Pipeline_VITIS_LOOP_47_1
p_hls_fptosi_float_i32
Collision_detectedhw
rrt_Pipeline_VITIS_LOOP_112_1
rrt_Pipeline_VITIS_LOOP_420_3
Nearhw
rrt_Pipeline_VITIS_LOOP_47_12
rrt_Pipeline_VITIS_LOOP_396_2
rrt
' rtl_lang='both' bootstrap_tcl='false' outdir='' outfilename=''
Execute       source /home/sam/project/vitis_hls/new_fixedpoint2205/solution1/.autopilot/db/global.setting.tcl 
Execute       source /home/sam/project/vitis_hls/new_fixedpoint2205/solution1/.autopilot/db/global.setting.tcl 
Execute       get_solution -flow_target 
Execute       get_config_export -xo 
Execute       get_config_export -format 
Execute       source /home/sam/project/vitis_hls/new_fixedpoint2205/solution1/.autopilot/db/top-io-be.tcl 
Execute       source /home/sam/project/vitis_hls/new_fixedpoint2205/solution1/.autopilot/db/rrt.tbgen.tcl 
Execute       source /home/sam/project/vitis_hls/new_fixedpoint2205/solution1/.autopilot/db/rrt.compgen.dataonly.tcl 
Execute       source /home/sam/project/vitis_hls/new_fixedpoint2205/solution1/.autopilot/db/rrt.compgen.dataonly.tcl 
Execute       source /home/sam/project/vitis_hls/new_fixedpoint2205/solution1/.autopilot/db/rrt.rtl_wrap.cfg.tcl 
Execute       source /home/sam/project/vitis_hls/new_fixedpoint2205/solution1/.autopilot/db/rrt.compgen.dataonly.tcl 
Execute       get_config_export -format 
Execute       ap_part_info -name xc7z020-clg400-1 -data names -quiet 
Execute       ap_part_info -name xc7z020-clg400-1 -data info -quiet 
Execute       source /home/sam/project/vitis_hls/new_fixedpoint2205/solution1/.autopilot/db/FloatToFixed_16ul_s.tbgen.tcl 
Execute       source /home/sam/project/vitis_hls/new_fixedpoint2205/solution1/.autopilot/db/rrt_Pipeline_1.tbgen.tcl 
Execute       source /home/sam/project/vitis_hls/new_fixedpoint2205/solution1/.autopilot/db/rrt_Pipeline_VITIS_LOOP_342_1.tbgen.tcl 
Execute       source /home/sam/project/vitis_hls/new_fixedpoint2205/solution1/.autopilot/db/rrt_Pipeline_VITIS_LOOP_47_1.tbgen.tcl 
Execute       source /home/sam/project/vitis_hls/new_fixedpoint2205/solution1/.autopilot/db/p_hls_fptosi_float_i32.tbgen.tcl 
Execute       source /home/sam/project/vitis_hls/new_fixedpoint2205/solution1/.autopilot/db/Collision_detectedhw.tbgen.tcl 
Execute       source /home/sam/project/vitis_hls/new_fixedpoint2205/solution1/.autopilot/db/rrt_Pipeline_VITIS_LOOP_112_1.tbgen.tcl 
Execute       source /home/sam/project/vitis_hls/new_fixedpoint2205/solution1/.autopilot/db/rrt_Pipeline_VITIS_LOOP_420_3.tbgen.tcl 
Execute       source /home/sam/project/vitis_hls/new_fixedpoint2205/solution1/.autopilot/db/Nearhw.tbgen.tcl 
Execute       source /home/sam/project/vitis_hls/new_fixedpoint2205/solution1/.autopilot/db/rrt_Pipeline_VITIS_LOOP_47_12.tbgen.tcl 
Execute       source /home/sam/project/vitis_hls/new_fixedpoint2205/solution1/.autopilot/db/rrt_Pipeline_VITIS_LOOP_396_2.tbgen.tcl 
Execute       source /home/sam/project/vitis_hls/new_fixedpoint2205/solution1/.autopilot/db/rrt.tbgen.tcl 
Execute       source /home/sam/project/vitis_hls/new_fixedpoint2205/solution1/.autopilot/db/global.setting.tcl 
Execute       ap_part_info -name xc7z020-clg400-1 -data names -quiet 
Execute       ap_part_info -name xc7z020-clg400-1 -data info -quiet 
Execute       get_solution -flow_target 
Execute       get_config_rtl -kernel_profile 
Execute       get_config_rtl -kernel_profile 
Execute       get_config_rtl -stall_sig_gen 
Execute       get_config_rtl -profile 
Execute       source /home/sam/project/vitis_hls/new_fixedpoint2205/solution1/.autopilot/db/rrt.constraint.tcl 
Execute       sc_get_clocks rrt 
Execute       source /home/sam/project/vitis_hls/new_fixedpoint2205/solution1/.autopilot/db/global.setting.tcl 
Execute       get_config_export -ip_xdc_file 
Execute       get_config_export -ip_xdc_ooc_file 
Execute       get_config_debug -directory 
Execute       source /home/sam/project/vitis_hls/new_fixedpoint2205/solution1/impl/misc/rrt_dadd_64ns_64ns_64_5_full_dsp_0_ip.tcl 
Execute       source /home/sam/project/vitis_hls/new_fixedpoint2205/solution1/impl/misc/rrt_dadd_64ns_64ns_64_12_full_dsp_0_ip.tcl 
Execute       source /home/sam/project/vitis_hls/new_fixedpoint2205/solution1/impl/misc/rrt_fadd_32ns_32ns_32_4_full_dsp_1_ip.tcl 
Execute       source /home/sam/project/vitis_hls/new_fixedpoint2205/solution1/impl/misc/rrt_fadd_32ns_32ns_32_9_full_dsp_1_ip.tcl 
Execute       source /home/sam/project/vitis_hls/new_fixedpoint2205/solution1/impl/misc/rrt_faddfsub_32ns_32ns_32_4_full_dsp_1_ip.tcl 
Execute       source /home/sam/project/vitis_hls/new_fixedpoint2205/solution1/impl/misc/rrt_faddfsub_32ns_32ns_32_9_full_dsp_1_ip.tcl 
Execute       source /home/sam/project/vitis_hls/new_fixedpoint2205/solution1/impl/misc/rrt_fcmp_32ns_32ns_1_2_no_dsp_0_ip.tcl 
Execute       source /home/sam/project/vitis_hls/new_fixedpoint2205/solution1/impl/misc/rrt_fcmp_32ns_32ns_1_3_no_dsp_0_ip.tcl 
Execute       source /home/sam/project/vitis_hls/new_fixedpoint2205/solution1/impl/misc/rrt_fmul_32ns_32ns_32_4_max_dsp_0_ip.tcl 
Execute       source /home/sam/project/vitis_hls/new_fixedpoint2205/solution1/impl/misc/rrt_fmul_32ns_32ns_32_5_max_dsp_0_ip.tcl 
Execute       source /home/sam/project/vitis_hls/new_fixedpoint2205/solution1/impl/misc/rrt_fpext_32ns_64_2_no_dsp_0_ip.tcl 
Execute       source /home/sam/project/vitis_hls/new_fixedpoint2205/solution1/impl/misc/rrt_fptrunc_64ns_32_3_no_dsp_1_ip.tcl 
Execute       source /home/sam/project/vitis_hls/new_fixedpoint2205/solution1/impl/misc/rrt_fsub_32ns_32ns_32_9_full_dsp_1_ip.tcl 
Execute       source /home/sam/project/vitis_hls/new_fixedpoint2205/solution1/impl/misc/rrt_hptosp_16ns_32_2_no_dsp_1_ip.tcl 
Execute       source /home/sam/project/vitis_hls/new_fixedpoint2205/solution1/impl/misc/rrt_sitofp_32ns_32_3_no_dsp_1_ip.tcl 
Execute       source /home/sam/project/vitis_hls/new_fixedpoint2205/solution1/impl/misc/rrt_sitofp_32ns_32_7_no_dsp_1_ip.tcl 
Execute       source /home/sam/project/vitis_hls/new_fixedpoint2205/solution1/impl/misc/rrt_sitofp_32ns_32_7_no_dsp_1_x_ip.tcl 
INFO-FLOW: DBG:PROC: ::AP::add_csynth_report_sections bind_adapter_nodes='{BINDTYPE adapter DISPLAY {bind_adapter axilite} ID {} IMPL {} LATENCY {} OPTYPE {} PRAGMA yes RTLNAME CTRL_BUS_s_axi_U SOURCE {} VARIABLE {} MODULE rrt LOOP {} BUNDLEDNAME CTRL_BUS DSP 0 BRAM 0 URAM 0}' bind_report_dict='TOP rrt DATA {rrt {DEPTH 1 CHILDREN {rrt_Pipeline_1 FloatToFixed_16ul_s FloatToFixed_16ul_s FloatToFixed_16ul_s rrt_Pipeline_VITIS_LOOP_342_1 rrt_Pipeline_VITIS_LOOP_47_1 rrt_Pipeline_VITIS_LOOP_112_1 rrt_Pipeline_VITIS_LOOP_420_3 Nearhw rrt_Pipeline_VITIS_LOOP_47_12 rrt_Pipeline_VITIS_LOOP_396_2} BINDINFO {{BINDTYPE storage ID {} IMPL auto LATENCY 1 OPTYPE ram_s2p PRAGMA {} RTLNAME sitofp_32ns_32_7_no_dsp_1_U144 SOURCE new_fixedpoint2205/main.cpp:102 VARIABLE Bool LOOP {} BUNDLEDNAME {} DSP 0 BRAM 0 URAM 0 DISPNAME {bind_storage ram_s2p}} {BINDTYPE storage ID {} IMPL auto LATENCY 1 OPTYPE ram_1p PRAGMA {} RTLNAME x_near_U SOURCE {} VARIABLE x_near LOOP {} BUNDLEDNAME {} DSP 0 BRAM 1 URAM 0 DISPNAME {bind_storage ram_1p}} {BINDTYPE storage ID {} IMPL auto LATENCY 1 OPTYPE ram_1p PRAGMA {} RTLNAME RRT_Star_Position_x_U SOURCE new_fixedpoint2205/main.cpp:335 VARIABLE RRT_Star_Position_x LOOP {} BUNDLEDNAME {} DSP 0 BRAM 32 URAM 0 DISPNAME {bind_storage ram_1p}} {BINDTYPE storage ID {} IMPL auto LATENCY 1 OPTYPE ram_1p PRAGMA {} RTLNAME RRT_Star_Position_y_U SOURCE new_fixedpoint2205/main.cpp:335 VARIABLE RRT_Star_Position_y LOOP {} BUNDLEDNAME {} DSP 0 BRAM 32 URAM 0 DISPNAME {bind_storage ram_1p}} {BINDTYPE storage ID {} IMPL auto LATENCY 1 OPTYPE ram_1p PRAGMA {} RTLNAME RRT_Star_Location_List_U SOURCE new_fixedpoint2205/main.cpp:335 VARIABLE RRT_Star_Location_List LOOP {} BUNDLEDNAME {} DSP 0 BRAM 16 URAM 0 DISPNAME {bind_storage ram_1p}} {BINDTYPE op ID {} IMPL fulldsp LATENCY 11 OPTYPE dadd PRAGMA {} RTLNAME dadd_64ns_64ns_64_12_full_dsp_0_U148 SOURCE new_fixedpoint2205/main.cpp:325 VARIABLE sub LOOP {} BUNDLEDNAME {} DSP 3 BRAM 0 URAM 0 DISPNAME {bind_op dadd}} {BINDTYPE op ID {} IMPL fulldsp LATENCY 8 OPTYPE fsub PRAGMA {} RTLNAME fsub_32ns_32ns_32_9_full_dsp_1_U141 SOURCE new_fixedpoint2205/Aux_Lib_hw.hpp:35 VARIABLE dc LOOP {} BUNDLEDNAME {} DSP 2 BRAM 0 URAM 0 DISPNAME {bind_op fsub}} {BINDTYPE op ID {} IMPL fabric LATENCY 0 OPTYPE add PRAGMA {} RTLNAME add_ln344_fu_659_p2 SOURCE /wrk/ci/prod/2021.2/rdi_builds/continuous/2021_10_19_3367213/src/shared/hls/clib/src/hls/utils/x_hls_utils.h:344 VARIABLE add_ln344 LOOP {} BUNDLEDNAME {} DSP 0 BRAM 0 URAM 0 DISPNAME {bind_op add}} {BINDTYPE op ID {} IMPL fabric LATENCY 0 OPTYPE sub PRAGMA {} RTLNAME sub_ln1364_fu_673_p2 SOURCE new_fixedpoint2205/main.cpp:370 VARIABLE sub_ln1364 LOOP {} BUNDLEDNAME {} DSP 0 BRAM 0 URAM 0 DISPNAME {bind_op sub}} {BINDTYPE op ID {} IMPL fabric LATENCY 0 OPTYPE sub PRAGMA {} RTLNAME result_V_8_fu_874_p2 SOURCE new_fixedpoint2205/main.cpp:370 VARIABLE result_V_8 LOOP {} BUNDLEDNAME {} DSP 0 BRAM 0 URAM 0 DISPNAME {bind_op sub}} {BINDTYPE op ID {} IMPL auto LATENCY 4 OPTYPE mul PRAGMA {} RTLNAME mul_32s_32s_48_5_1_U149 SOURCE new_fixedpoint2205/fixedpt.h:34 VARIABLE mul_ln34 LOOP {} BUNDLEDNAME {} DSP 3 BRAM 0 URAM 0 DISPNAME {bind_op mul}} {BINDTYPE op ID {} IMPL fulldsp LATENCY 8 OPTYPE fsub PRAGMA {} RTLNAME fsub_32ns_32ns_32_9_full_dsp_1_U142 SOURCE new_fixedpoint2205/Aux_Lib_hw.hpp:35 VARIABLE dc_2 LOOP {} BUNDLEDNAME {} DSP 2 BRAM 0 URAM 0 DISPNAME {bind_op fsub}} {BINDTYPE op ID {} IMPL fabric LATENCY 0 OPTYPE add PRAGMA {} RTLNAME add_ln344_1_fu_720_p2 SOURCE /wrk/ci/prod/2021.2/rdi_builds/continuous/2021_10_19_3367213/src/shared/hls/clib/src/hls/utils/x_hls_utils.h:344 VARIABLE add_ln344_1 LOOP {} BUNDLEDNAME {} DSP 0 BRAM 0 URAM 0 DISPNAME {bind_op add}} {BINDTYPE op ID {} IMPL fabric LATENCY 0 OPTYPE sub PRAGMA {} RTLNAME sub_ln1364_2_fu_734_p2 SOURCE new_fixedpoint2205/main.cpp:370 VARIABLE sub_ln1364_2 LOOP {} BUNDLEDNAME {} DSP 0 BRAM 0 URAM 0 DISPNAME {bind_op sub}} {BINDTYPE op ID {} IMPL fabric LATENCY 0 OPTYPE sub PRAGMA {} RTLNAME result_V_11_fu_885_p2 SOURCE new_fixedpoint2205/main.cpp:370 VARIABLE result_V_11 LOOP {} BUNDLEDNAME {} DSP 0 BRAM 0 URAM 0 DISPNAME {bind_op sub}} {BINDTYPE op ID {} IMPL auto LATENCY 4 OPTYPE mul PRAGMA {} RTLNAME mul_32s_32s_48_5_1_U150 SOURCE new_fixedpoint2205/fixedpt.h:34 VARIABLE mul_ln34_4 LOOP {} BUNDLEDNAME {} DSP 3 BRAM 0 URAM 0 DISPNAME {bind_op mul}} {BINDTYPE op ID {} IMPL fabric LATENCY 0 OPTYPE add PRAGMA {} RTLNAME r_fu_934_p2 SOURCE new_fixedpoint2205/Aux_Lib_hw.hpp:35 VARIABLE r LOOP {} BUNDLEDNAME {} DSP 0 BRAM 0 URAM 0 DISPNAME {bind_op add}} {BINDTYPE op ID {} IMPL fabric LATENCY 0 OPTYPE sub PRAGMA {} RTLNAME sub_ln65_fu_968_p2 SOURCE new_fixedpoint2205/main.cpp:65 VARIABLE sub_ln65 LOOP {} BUNDLEDNAME {} DSP 0 BRAM 0 URAM 0 DISPNAME {bind_op sub}} {BINDTYPE op ID {} IMPL auto LATENCY 4 OPTYPE mul PRAGMA {} RTLNAME mul_32s_32s_48_5_1_U152 SOURCE new_fixedpoint2205/fixedpt.h:34 VARIABLE mul_ln34_5 LOOP {} BUNDLEDNAME {} DSP 3 BRAM 0 URAM 0 DISPNAME {bind_op mul}} {BINDTYPE op ID {} IMPL fabric LATENCY 0 OPTYPE add PRAGMA {} RTLNAME add_ln65_fu_1023_p2 SOURCE new_fixedpoint2205/main.cpp:65 VARIABLE add_ln65 LOOP {} BUNDLEDNAME {} DSP 0 BRAM 0 URAM 0 DISPNAME {bind_op add}} {BINDTYPE op ID {} IMPL fabric LATENCY 0 OPTYPE sub PRAGMA {} RTLNAME sub_ln67_fu_973_p2 SOURCE new_fixedpoint2205/main.cpp:67 VARIABLE sub_ln67 LOOP {} BUNDLEDNAME {} DSP 0 BRAM 0 URAM 0 DISPNAME {bind_op sub}} {BINDTYPE op ID {} IMPL auto LATENCY 4 OPTYPE mul PRAGMA {} RTLNAME mul_32s_32s_48_5_1_U153 SOURCE new_fixedpoint2205/fixedpt.h:34 VARIABLE mul_ln34_6 LOOP {} BUNDLEDNAME {} DSP 3 BRAM 0 URAM 0 DISPNAME {bind_op mul}} {BINDTYPE op ID {} IMPL fabric LATENCY 0 OPTYPE add PRAGMA {} RTLNAME add_ln67_fu_1028_p2 SOURCE new_fixedpoint2205/main.cpp:67 VARIABLE add_ln67 LOOP {} BUNDLEDNAME {} DSP 0 BRAM 0 URAM 0 DISPNAME {bind_op add}} {BINDTYPE op ID {} IMPL maxdsp LATENCY 4 OPTYPE fmul PRAGMA {} RTLNAME fmul_32ns_32ns_32_5_max_dsp_0_U143 SOURCE new_fixedpoint2205/fixedpt.h:14 VARIABLE div_i LOOP {} BUNDLEDNAME {} DSP 3 BRAM 0 URAM 0 DISPNAME {bind_op fmul}} {BINDTYPE op ID {} IMPL maxdsp LATENCY 4 OPTYPE fmul PRAGMA {} RTLNAME fmul_32ns_32ns_32_5_max_dsp_0_U143 SOURCE new_fixedpoint2205/fixedpt.h:14 VARIABLE div_i1 LOOP {} BUNDLEDNAME {} DSP 3 BRAM 0 URAM 0 DISPNAME {bind_op fmul}} {BINDTYPE op ID {} IMPL fabric LATENCY 0 OPTYPE sub PRAGMA {} RTLNAME grp_fu_594_p2 SOURCE new_fixedpoint2205/main.cpp:109 VARIABLE sub_ln109 LOOP {} BUNDLEDNAME {} DSP 0 BRAM 0 URAM 0 DISPNAME {bind_op sub}} {BINDTYPE op ID {} IMPL dsp LATENCY 2 OPTYPE mul PRAGMA {} RTLNAME mul_48s_50ns_97_3_1_x_U154 SOURCE new_fixedpoint2205/fixedpt.h:39 VARIABLE mul_ln39 LOOP {} BUNDLEDNAME {} DSP 4 BRAM 0 URAM 0 DISPNAME {bind_op mul}} {BINDTYPE op ID {} IMPL fabric LATENCY 0 OPTYPE sub PRAGMA {} RTLNAME sub_ln39_fu_1117_p2 SOURCE new_fixedpoint2205/fixedpt.h:39 VARIABLE sub_ln39 LOOP {} BUNDLEDNAME {} DSP 0 BRAM 0 URAM 0 DISPNAME {bind_op sub}} {BINDTYPE op ID {} IMPL fabric LATENCY 0 OPTYPE sub PRAGMA {} RTLNAME sub_ln39_1_fu_1150_p2 SOURCE new_fixedpoint2205/fixedpt.h:39 VARIABLE sub_ln39_1 LOOP {} BUNDLEDNAME {} DSP 0 BRAM 0 URAM 0 DISPNAME {bind_op sub}} {BINDTYPE op ID {} IMPL fabric LATENCY 0 OPTYPE sub PRAGMA {} RTLNAME grp_fu_599_p2 SOURCE new_fixedpoint2205/main.cpp:110 VARIABLE sub_ln110 LOOP {} BUNDLEDNAME {} DSP 0 BRAM 0 URAM 0 DISPNAME {bind_op sub}} {BINDTYPE op ID {} IMPL dsp LATENCY 2 OPTYPE mul PRAGMA {} RTLNAME mul_48s_50ns_97_3_1_x_U155 SOURCE new_fixedpoint2205/fixedpt.h:39 VARIABLE mul_ln39_1 LOOP {} BUNDLEDNAME {} DSP 4 BRAM 0 URAM 0 DISPNAME {bind_op mul}} {BINDTYPE op ID {} IMPL fabric LATENCY 0 OPTYPE sub PRAGMA {} RTLNAME sub_ln39_2_fu_1122_p2 SOURCE new_fixedpoint2205/fixedpt.h:39 VARIABLE sub_ln39_2 LOOP {} BUNDLEDNAME {} DSP 0 BRAM 0 URAM 0 DISPNAME {bind_op sub}} {BINDTYPE op ID {} IMPL fabric LATENCY 0 OPTYPE sub PRAGMA {} RTLNAME sub_ln39_3_fu_1187_p2 SOURCE new_fixedpoint2205/fixedpt.h:39 VARIABLE sub_ln39_3 LOOP {} BUNDLEDNAME {} DSP 0 BRAM 0 URAM 0 DISPNAME {bind_op sub}} {BINDTYPE op ID {} IMPL fabric LATENCY 0 OPTYPE sub PRAGMA {} RTLNAME grp_fu_594_p2 SOURCE new_fixedpoint2205/main.cpp:161 VARIABLE sub_ln161 LOOP {} BUNDLEDNAME {} DSP 0 BRAM 0 URAM 0 DISPNAME {bind_op sub}} {BINDTYPE op ID {} IMPL auto LATENCY 4 OPTYPE mul PRAGMA {} RTLNAME mul_32s_32s_48_5_1_U156 SOURCE new_fixedpoint2205/fixedpt.h:34 VARIABLE mul_ln34_2 LOOP {} BUNDLEDNAME {} DSP 3 BRAM 0 URAM 0 DISPNAME {bind_op mul}} {BINDTYPE op ID {} IMPL fabric LATENCY 0 OPTYPE sub PRAGMA {} RTLNAME grp_fu_599_p2 SOURCE new_fixedpoint2205/main.cpp:161 VARIABLE sub_ln161_1 LOOP {} BUNDLEDNAME {} DSP 0 BRAM 0 URAM 0 DISPNAME {bind_op sub}} {BINDTYPE op ID {} IMPL auto LATENCY 4 OPTYPE mul PRAGMA {} RTLNAME mul_32s_32s_48_5_1_U157 SOURCE new_fixedpoint2205/fixedpt.h:34 VARIABLE mul_ln34_3 LOOP {} BUNDLEDNAME {} DSP 3 BRAM 0 URAM 0 DISPNAME {bind_op mul}} {BINDTYPE op ID {} IMPL fabric LATENCY 0 OPTYPE add PRAGMA {} RTLNAME Dist_sqr_fu_1306_p2 SOURCE new_fixedpoint2205/main.cpp:161 VARIABLE Dist_sqr LOOP {} BUNDLEDNAME {} DSP 0 BRAM 0 URAM 0 DISPNAME {bind_op add}} {BINDTYPE op ID {} IMPL maxdsp LATENCY 4 OPTYPE fmul PRAGMA {} RTLNAME fmul_32ns_32ns_32_5_max_dsp_0_U143 SOURCE new_fixedpoint2205/fixedpt.h:14 VARIABLE c_min_local LOOP {} BUNDLEDNAME {} DSP 3 BRAM 0 URAM 0 DISPNAME {bind_op fmul}} {BINDTYPE op ID {} IMPL fabric LATENCY 0 OPTYPE add PRAGMA {} RTLNAME add_fu_1301_p2 SOURCE new_fixedpoint2205/main.cpp:386 VARIABLE add LOOP {} BUNDLEDNAME {} DSP 0 BRAM 0 URAM 0 DISPNAME {bind_op add}}} AREA {DSP 150 BRAM 81 URAM 0}} rrt_Pipeline_1 {DEPTH 2 CHILDREN {} BINDINFO {{BINDTYPE op ID {} IMPL fabric LATENCY 0 OPTYPE add PRAGMA {} RTLNAME add_ln335_fu_84_p2 SOURCE new_fixedpoint2205/main.cpp:335 VARIABLE add_ln335 LOOP {Loop 1} BUNDLEDNAME {} DSP 0 BRAM 0 URAM 0 DISPNAME {bind_op add}}} AREA {DSP 0 BRAM 0 URAM 0}} FloatToFixed_16ul_s {DEPTH 3 CHILDREN {} BINDINFO {{BINDTYPE op ID {} IMPL maxdsp LATENCY 4 OPTYPE fmul PRAGMA {} RTLNAME fmul_32ns_32ns_32_5_max_dsp_0_U1 SOURCE new_fixedpoint2205/fixedpt.h:7 VARIABLE mul LOOP {} BUNDLEDNAME {} DSP 3 BRAM 0 URAM 0 DISPNAME {bind_op fmul}} {BINDTYPE op ID {} IMPL fulldsp LATENCY 11 OPTYPE dadd PRAGMA {} RTLNAME dadd_64ns_64ns_64_12_full_dsp_0_U4 SOURCE new_fixedpoint2205/fixedpt.h:7 VARIABLE dc LOOP {} BUNDLEDNAME {} DSP 3 BRAM 0 URAM 0 DISPNAME {bind_op dadd}} {BINDTYPE op ID {} IMPL fabric LATENCY 0 OPTYPE add PRAGMA {} RTLNAME add_ln513_fu_157_p2 SOURCE /wrk/ci/prod/2021.2/rdi_builds/continuous/2021_10_19_3367213/src/shared/hls/clib/src/hls/utils/x_hls_utils.h:513 VARIABLE add_ln513 LOOP {} BUNDLEDNAME {} DSP 0 BRAM 0 URAM 0 DISPNAME {bind_op add}} {BINDTYPE op ID {} IMPL fabric LATENCY 0 OPTYPE sub PRAGMA {} RTLNAME sub_ln1364_fu_171_p2 SOURCE /wrk/ci/prod/2021.2/rdi_builds/continuous/2021_10_19_3367213/src/shared/hls/clib/include/header_files/ap_fixed_base.h:1364 VARIABLE sub_ln1364 LOOP {} BUNDLEDNAME {} DSP 0 BRAM 0 URAM 0 DISPNAME {bind_op sub}} {BINDTYPE op ID {} IMPL fabric LATENCY 0 OPTYPE sub PRAGMA {} RTLNAME result_V_23_fu_250_p2 SOURCE /wrk/ci/prod/2021.2/rdi_builds/continuous/2021_10_19_3367213/src/shared/hls/clib/include/header_files/ap_fixed_base.h:666 VARIABLE result_V_23 LOOP {} BUNDLEDNAME {} DSP 0 BRAM 0 URAM 0 DISPNAME {bind_op sub}}} AREA {DSP 6 BRAM 0 URAM 0}} rrt_Pipeline_VITIS_LOOP_342_1 {DEPTH 2 CHILDREN {FloatToFixed_16ul_s FloatToFixed_16ul_s} BINDINFO {{BINDTYPE op ID {} IMPL fabric LATENCY 0 OPTYPE add PRAGMA {} RTLNAME add_ln342_fu_331_p2 SOURCE new_fixedpoint2205/main.cpp:342 VARIABLE add_ln342 LOOP VITIS_LOOP_342_1 BUNDLEDNAME {} DSP 0 BRAM 0 URAM 0 DISPNAME {bind_op add}} {BINDTYPE op ID {} IMPL fabric LATENCY 0 OPTYPE add PRAGMA {} RTLNAME add_ln344_fu_469_p2 SOURCE /wrk/ci/prod/2021.2/rdi_builds/continuous/2021_10_19_3367213/src/shared/hls/clib/src/hls/utils/x_hls_utils.h:344 VARIABLE add_ln344 LOOP VITIS_LOOP_342_1 BUNDLEDNAME {} DSP 0 BRAM 0 URAM 0 DISPNAME {bind_op add}} {BINDTYPE op ID {} IMPL fabric LATENCY 0 OPTYPE sub PRAGMA {} RTLNAME sub_ln1364_fu_483_p2 SOURCE /wrk/ci/prod/2021.2/rdi_builds/continuous/2021_10_19_3367213/src/shared/hls/clib/include/header_files/ap_fixed_base.h:1364 VARIABLE sub_ln1364 LOOP VITIS_LOOP_342_1 BUNDLEDNAME {} DSP 0 BRAM 0 URAM 0 DISPNAME {bind_op sub}} {BINDTYPE op ID {} IMPL fabric LATENCY 0 OPTYPE sub PRAGMA {} RTLNAME result_V_2_fu_684_p2 SOURCE /wrk/ci/prod/2021.2/rdi_builds/continuous/2021_10_19_3367213/src/shared/hls/clib/include/header_files/ap_fixed_base.h:666 VARIABLE result_V_2 LOOP VITIS_LOOP_342_1 BUNDLEDNAME {} DSP 0 BRAM 0 URAM 0 DISPNAME {bind_op sub}} {BINDTYPE op ID {} IMPL fabric LATENCY 0 OPTYPE add PRAGMA {} RTLNAME add_ln344_1_fu_530_p2 SOURCE /wrk/ci/prod/2021.2/rdi_builds/continuous/2021_10_19_3367213/src/shared/hls/clib/src/hls/utils/x_hls_utils.h:344 VARIABLE add_ln344_1 LOOP VITIS_LOOP_342_1 BUNDLEDNAME {} DSP 0 BRAM 0 URAM 0 DISPNAME {bind_op add}} {BINDTYPE op ID {} IMPL fabric LATENCY 0 OPTYPE sub PRAGMA {} RTLNAME sub_ln1364_1_fu_544_p2 SOURCE /wrk/ci/prod/2021.2/rdi_builds/continuous/2021_10_19_3367213/src/shared/hls/clib/include/header_files/ap_fixed_base.h:1364 VARIABLE sub_ln1364_1 LOOP VITIS_LOOP_342_1 BUNDLEDNAME {} DSP 0 BRAM 0 URAM 0 DISPNAME {bind_op sub}} {BINDTYPE op ID {} IMPL fabric LATENCY 0 OPTYPE sub PRAGMA {} RTLNAME result_V_3_fu_695_p2 SOURCE /wrk/ci/prod/2021.2/rdi_builds/continuous/2021_10_19_3367213/src/shared/hls/clib/include/header_files/ap_fixed_base.h:666 VARIABLE result_V_3 LOOP VITIS_LOOP_342_1 BUNDLEDNAME {} DSP 0 BRAM 0 URAM 0 DISPNAME {bind_op sub}} {BINDTYPE op ID {} IMPL fabric LATENCY 0 OPTYPE add PRAGMA {} RTLNAME D_fu_744_p2 SOURCE new_fixedpoint2205/Aux_Lib_hw.hpp:35 VARIABLE D LOOP VITIS_LOOP_342_1 BUNDLEDNAME {} DSP 0 BRAM 0 URAM 0 DISPNAME {bind_op add}}} AREA {DSP 0 BRAM 0 URAM 0}} rrt_Pipeline_VITIS_LOOP_47_1 {DEPTH 2 CHILDREN {} BINDINFO {{BINDTYPE op ID {} IMPL fabric LATENCY 0 OPTYPE add PRAGMA {} RTLNAME t_fu_100_p2 SOURCE new_fixedpoint2205/fixedpt.h:49 VARIABLE t LOOP VITIS_LOOP_47_1 BUNDLEDNAME {} DSP 0 BRAM 0 URAM 0 DISPNAME {bind_op add}} {BINDTYPE op ID {} IMPL tadder LATENCY 0 OPTYPE sub PRAGMA {} RTLNAME add_ln43_fu_132_p2 SOURCE new_fixedpoint2205/fixedpt.h:43 VARIABLE add_ln43 LOOP VITIS_LOOP_47_1 BUNDLEDNAME {} DSP 0 BRAM 0 URAM 0 DISPNAME {bind_op sub}} {BINDTYPE op ID {} IMPL tadder LATENCY 0 OPTYPE sub PRAGMA {} RTLNAME r_3_fu_147_p2 SOURCE new_fixedpoint2205/fixedpt.h:52 VARIABLE r_3 LOOP VITIS_LOOP_47_1 BUNDLEDNAME {} DSP 0 BRAM 0 URAM 0 DISPNAME {bind_op sub}} {BINDTYPE op ID {} IMPL fabric LATENCY 0 OPTYPE add PRAGMA {} RTLNAME q_fu_153_p2 SOURCE new_fixedpoint2205/fixedpt.h:53 VARIABLE q LOOP VITIS_LOOP_47_1 BUNDLEDNAME {} DSP 0 BRAM 0 URAM 0 DISPNAME {bind_op add}}} AREA {DSP 0 BRAM 0 URAM 0}} rrt_Pipeline_VITIS_LOOP_112_1 {DEPTH 2 CHILDREN Collision_detectedhw BINDINFO {{BINDTYPE op ID {} IMPL fabric LATENCY 0 OPTYPE add PRAGMA {} RTLNAME add_ln112_fu_188_p2 SOURCE new_fixedpoint2205/main.cpp:112 VARIABLE add_ln112 LOOP VITIS_LOOP_112_1 BUNDLEDNAME {} DSP 0 BRAM 0 URAM 0 DISPNAME {bind_op add}} {BINDTYPE op ID {} IMPL fabric LATENCY 0 OPTYPE add PRAGMA {} RTLNAME add_ln513_fu_279_p2 SOURCE /wrk/ci/prod/2021.2/rdi_builds/continuous/2021_10_19_3367213/src/shared/hls/clib/src/hls/utils/x_hls_utils.h:513 VARIABLE add_ln513 LOOP VITIS_LOOP_112_1 BUNDLEDNAME {} DSP 0 BRAM 0 URAM 0 DISPNAME {bind_op add}} {BINDTYPE op ID {} IMPL fabric LATENCY 0 OPTYPE sub PRAGMA {} RTLNAME sub_ln1364_fu_293_p2 SOURCE /wrk/ci/prod/2021.2/rdi_builds/continuous/2021_10_19_3367213/src/shared/hls/clib/include/header_files/ap_fixed_base.h:1364 VARIABLE sub_ln1364 LOOP VITIS_LOOP_112_1 BUNDLEDNAME {} DSP 0 BRAM 0 URAM 0 DISPNAME {bind_op sub}} {BINDTYPE op ID {} IMPL fabric LATENCY 0 OPTYPE sub PRAGMA {} RTLNAME result_V_6_fu_372_p2 SOURCE /wrk/ci/prod/2021.2/rdi_builds/continuous/2021_10_19_3367213/src/shared/hls/clib/include/header_files/ap_fixed_base.h:666 VARIABLE result_V_6 LOOP VITIS_LOOP_112_1 BUNDLEDNAME {} DSP 0 BRAM 0 URAM 0 DISPNAME {bind_op sub}} {BINDTYPE op ID {} IMPL dsp LATENCY 2 OPTYPE mul PRAGMA {} RTLNAME mul_32s_48s_48_3_1_U89 SOURCE new_fixedpoint2205/fixedpt.h:34 VARIABLE mul_ln34 LOOP VITIS_LOOP_112_1 BUNDLEDNAME {} DSP 3 BRAM 0 URAM 0 DISPNAME {bind_op mul}} {BINDTYPE op ID {} IMPL dsp LATENCY 2 OPTYPE mul PRAGMA {} RTLNAME mul_32s_48s_48_3_1_U90 SOURCE new_fixedpoint2205/fixedpt.h:34 VARIABLE mul_ln34_2 LOOP VITIS_LOOP_112_1 BUNDLEDNAME {} DSP 3 BRAM 0 URAM 0 DISPNAME {bind_op mul}} {BINDTYPE op ID {} IMPL fabric LATENCY 0 OPTYPE add PRAGMA {} RTLNAME add_ln118_fu_416_p2 SOURCE new_fixedpoint2205/main.cpp:118 VARIABLE add_ln118 LOOP VITIS_LOOP_112_1 BUNDLEDNAME {} DSP 0 BRAM 0 URAM 0 DISPNAME {bind_op add}} {BINDTYPE op ID {} IMPL fabric LATENCY 0 OPTYPE add PRAGMA {} RTLNAME add_ln119_fu_420_p2 SOURCE new_fixedpoint2205/main.cpp:119 VARIABLE add_ln119 LOOP VITIS_LOOP_112_1 BUNDLEDNAME {} DSP 0 BRAM 0 URAM 0 DISPNAME {bind_op add}}} AREA {DSP 96 BRAM 0 URAM 0}} Collision_detectedhw {DEPTH 3 CHILDREN {p_hls_fptosi_float_i32 p_hls_fptosi_float_i32 p_hls_fptosi_float_i32 p_hls_fptosi_float_i32} BINDINFO {{BINDTYPE op ID {} IMPL fulldsp LATENCY 8 OPTYPE fadd PRAGMA {} RTLNAME fadd_32ns_32ns_32_9_full_dsp_1_U44 SOURCE new_fixedpoint2205/Aux_Lib_hw.hpp:106 VARIABLE sub_i LOOP {} BUNDLEDNAME {} DSP 2 BRAM 0 URAM 0 DISPNAME {bind_op fadd}} {BINDTYPE op ID {} IMPL fabric LATENCY 0 OPTYPE add PRAGMA {} RTLNAME add_ln34_fu_214_p2 SOURCE new_fixedpoint2205/fixedpt.h:34 VARIABLE add_ln34 LOOP {} BUNDLEDNAME {} DSP 0 BRAM 0 URAM 0 DISPNAME {bind_op add}} {BINDTYPE op ID {} IMPL fulldsp LATENCY 8 OPTYPE fadd PRAGMA {} RTLNAME fadd_32ns_32ns_32_9_full_dsp_1_U45 SOURCE new_fixedpoint2205/Aux_Lib_hw.hpp:107 VARIABLE sub12_i LOOP {} BUNDLEDNAME {} DSP 2 BRAM 0 URAM 0 DISPNAME {bind_op fadd}} {BINDTYPE op ID {} IMPL dsp LATENCY 2 OPTYPE mul PRAGMA {} RTLNAME mul_48s_50ns_97_3_1_U50 SOURCE new_fixedpoint2205/fixedpt.h:39 VARIABLE mul_ln39 LOOP {} BUNDLEDNAME {} DSP 4 BRAM 0 URAM 0 DISPNAME {bind_op mul}} {BINDTYPE op ID {} IMPL fabric LATENCY 0 OPTYPE sub PRAGMA {} RTLNAME sub_ln39_fu_484_p2 SOURCE new_fixedpoint2205/fixedpt.h:39 VARIABLE sub_ln39 LOOP {} BUNDLEDNAME {} DSP 0 BRAM 0 URAM 0 DISPNAME {bind_op sub}} {BINDTYPE op ID {} IMPL fabric LATENCY 0 OPTYPE sub PRAGMA {} RTLNAME sub_ln39_4_fu_519_p2 SOURCE new_fixedpoint2205/fixedpt.h:39 VARIABLE sub_ln39_4 LOOP {} BUNDLEDNAME {} DSP 0 BRAM 0 URAM 0 DISPNAME {bind_op sub}} {BINDTYPE op ID {} IMPL fabric LATENCY 0 OPTYPE sub PRAGMA {} RTLNAME sub_ln40_2_fu_1128_p2 SOURCE new_fixedpoint2205/Aux_Lib_hw.hpp:40 VARIABLE sub_ln40_2 LOOP {} BUNDLEDNAME {} DSP 0 BRAM 0 URAM 0 DISPNAME {bind_op sub}} {BINDTYPE op ID {} IMPL auto LATENCY 4 OPTYPE mul PRAGMA {} RTLNAME mul_32s_32s_48_5_1_x_U61 SOURCE new_fixedpoint2205/fixedpt.h:34 VARIABLE mul_ln34_9 LOOP {} BUNDLEDNAME {} DSP 3 BRAM 0 URAM 0 DISPNAME {bind_op mul}} {BINDTYPE op ID {} IMPL fabric LATENCY 0 OPTYPE sub PRAGMA {} RTLNAME grp_fu_178_p2 SOURCE new_fixedpoint2205/Aux_Lib_hw.hpp:40 VARIABLE sub_ln40_3 LOOP {} BUNDLEDNAME {} DSP 0 BRAM 0 URAM 0 DISPNAME {bind_op sub}} {BINDTYPE op ID {} IMPL auto LATENCY 4 OPTYPE mul PRAGMA {} RTLNAME mul_32s_32s_48_5_1_x_U62 SOURCE new_fixedpoint2205/fixedpt.h:34 VARIABLE mul_ln34_10 LOOP {} BUNDLEDNAME {} DSP 3 BRAM 0 URAM 0 DISPNAME {bind_op mul}} {BINDTYPE op ID {} IMPL fabric LATENCY 0 OPTYPE add PRAGMA {} RTLNAME add_ln40_1_fu_1556_p2 SOURCE new_fixedpoint2205/Aux_Lib_hw.hpp:40 VARIABLE add_ln40_1 LOOP {} BUNDLEDNAME {} DSP 0 BRAM 0 URAM 0 DISPNAME {bind_op add}} {BINDTYPE op ID {} IMPL fabric LATENCY 0 OPTYPE sub PRAGMA {} RTLNAME sub_ln40_fu_1133_p2 SOURCE new_fixedpoint2205/Aux_Lib_hw.hpp:40 VARIABLE sub_ln40 LOOP {} BUNDLEDNAME {} DSP 0 BRAM 0 URAM 0 DISPNAME {bind_op sub}} {BINDTYPE op ID {} IMPL auto LATENCY 4 OPTYPE mul PRAGMA {} RTLNAME mul_32s_32s_48_5_1_x_U63 SOURCE new_fixedpoint2205/fixedpt.h:34 VARIABLE mul_ln34 LOOP {} BUNDLEDNAME {} DSP 3 BRAM 0 URAM 0 DISPNAME {bind_op mul}} {BINDTYPE op ID {} IMPL fabric LATENCY 0 OPTYPE sub PRAGMA {} RTLNAME grp_fu_178_p2 SOURCE new_fixedpoint2205/Aux_Lib_hw.hpp:40 VARIABLE sub_ln40_1 LOOP {} BUNDLEDNAME {} DSP 0 BRAM 0 URAM 0 DISPNAME {bind_op sub}} {BINDTYPE op ID {} IMPL auto LATENCY 4 OPTYPE mul PRAGMA {} RTLNAME mul_32s_32s_48_5_1_x_U64 SOURCE new_fixedpoint2205/fixedpt.h:34 VARIABLE mul_ln34_8 LOOP {} BUNDLEDNAME {} DSP 3 BRAM 0 URAM 0 DISPNAME {bind_op mul}} {BINDTYPE op ID {} IMPL fabric LATENCY 0 OPTYPE add PRAGMA {} RTLNAME add_ln40_fu_1560_p2 SOURCE new_fixedpoint2205/Aux_Lib_hw.hpp:40 VARIABLE add_ln40 LOOP {} BUNDLEDNAME {} DSP 0 BRAM 0 URAM 0 DISPNAME {bind_op add}} {BINDTYPE op ID {} IMPL fabric LATENCY 0 OPTYPE add PRAGMA {} RTLNAME add_ln34_1_fu_643_p2 SOURCE new_fixedpoint2205/fixedpt.h:34 VARIABLE add_ln34_1 LOOP {} BUNDLEDNAME {} DSP 0 BRAM 0 URAM 0 DISPNAME {bind_op add}} {BINDTYPE op ID {} IMPL dsp LATENCY 2 OPTYPE mul PRAGMA {} RTLNAME mul_48s_50ns_97_3_1_U54 SOURCE new_fixedpoint2205/fixedpt.h:39 VARIABLE mul_ln39_2 LOOP {} BUNDLEDNAME {} DSP 4 BRAM 0 URAM 0 DISPNAME {bind_op mul}} {BINDTYPE op ID {} IMPL fabric LATENCY 0 OPTYPE sub PRAGMA {} RTLNAME sub_ln39_5_fu_990_p2 SOURCE new_fixedpoint2205/fixedpt.h:39 VARIABLE sub_ln39_5 LOOP {} BUNDLEDNAME {} DSP 0 BRAM 0 URAM 0 DISPNAME {bind_op sub}} {BINDTYPE op ID {} IMPL fabric LATENCY 0 OPTYPE sub PRAGMA {} RTLNAME sub_ln39_6_fu_1038_p2 SOURCE new_fixedpoint2205/fixedpt.h:39 VARIABLE sub_ln39_6 LOOP {} BUNDLEDNAME {} DSP 0 BRAM 0 URAM 0 DISPNAME {bind_op sub}} {BINDTYPE op ID {} IMPL auto LATENCY 4 OPTYPE mul PRAGMA {} RTLNAME mul_24s_32s_48_5_1_U58 SOURCE new_fixedpoint2205/fixedpt.h:34 VARIABLE mul_ln34_7 LOOP {} BUNDLEDNAME {} DSP 2 BRAM 0 URAM 0 DISPNAME {bind_op mul}} {BINDTYPE op ID {} IMPL fabric LATENCY 0 OPTYPE sub PRAGMA {} RTLNAME sub_ln91_fu_1588_p2 SOURCE new_fixedpoint2205/main.cpp:91 VARIABLE sub_ln91 LOOP {} BUNDLEDNAME {} DSP 0 BRAM 0 URAM 0 DISPNAME {bind_op sub}} {BINDTYPE op ID {} IMPL fulldsp LATENCY 8 OPTYPE fadd PRAGMA {} RTLNAME fadd_32ns_32ns_32_9_full_dsp_1_U46 SOURCE new_fixedpoint2205/Aux_Lib_hw.hpp:106 VARIABLE sub_i_1 LOOP {} BUNDLEDNAME {} DSP 2 BRAM 0 URAM 0 DISPNAME {bind_op fadd}} {BINDTYPE op ID {} IMPL tadder LATENCY 0 OPTYPE sub PRAGMA {} RTLNAME sub_ln34_fu_249_p2 SOURCE new_fixedpoint2205/fixedpt.h:34 VARIABLE sub_ln34 LOOP {} BUNDLEDNAME {} DSP 0 BRAM 0 URAM 0 DISPNAME {bind_op sub}} {BINDTYPE op ID {} IMPL tadder LATENCY 0 OPTYPE sub PRAGMA {} RTLNAME sub_ln34_1_fu_262_p2 SOURCE new_fixedpoint2205/fixedpt.h:34 VARIABLE sub_ln34_1 LOOP {} BUNDLEDNAME {} DSP 0 BRAM 0 URAM 0 DISPNAME {bind_op sub}} {BINDTYPE op ID {} IMPL dsp LATENCY 2 OPTYPE mul PRAGMA {} RTLNAME mul_48s_50ns_97_3_1_U51 SOURCE new_fixedpoint2205/fixedpt.h:39 VARIABLE mul_ln39_3 LOOP {} BUNDLEDNAME {} DSP 4 BRAM 0 URAM 0 DISPNAME {bind_op mul}} {BINDTYPE op ID {} IMPL fabric LATENCY 0 OPTYPE sub PRAGMA {} RTLNAME sub_ln39_7_fu_489_p2 SOURCE new_fixedpoint2205/fixedpt.h:39 VARIABLE sub_ln39_7 LOOP {} BUNDLEDNAME {} DSP 0 BRAM 0 URAM 0 DISPNAME {bind_op sub}} {BINDTYPE op ID {} IMPL fabric LATENCY 0 OPTYPE sub PRAGMA {} RTLNAME sub_ln39_8_fu_540_p2 SOURCE new_fixedpoint2205/fixedpt.h:39 VARIABLE sub_ln39_8 LOOP {} BUNDLEDNAME {} DSP 0 BRAM 0 URAM 0 DISPNAME {bind_op sub}} {BINDTYPE op ID {} IMPL fabric LATENCY 0 OPTYPE sub PRAGMA {} RTLNAME sub_ln40_4_fu_1146_p2 SOURCE new_fixedpoint2205/Aux_Lib_hw.hpp:40 VARIABLE sub_ln40_4 LOOP {} BUNDLEDNAME {} DSP 0 BRAM 0 URAM 0 DISPNAME {bind_op sub}} {BINDTYPE op ID {} IMPL auto LATENCY 4 OPTYPE mul PRAGMA {} RTLNAME mul_32s_32s_48_5_1_x_U65 SOURCE new_fixedpoint2205/fixedpt.h:34 VARIABLE mul_ln34_12 LOOP {} BUNDLEDNAME {} DSP 3 BRAM 0 URAM 0 DISPNAME {bind_op mul}} {BINDTYPE op ID {} IMPL fabric LATENCY 0 OPTYPE sub PRAGMA {} RTLNAME sub_ln40_6_fu_1151_p2 SOURCE new_fixedpoint2205/Aux_Lib_hw.hpp:40 VARIABLE sub_ln40_6 LOOP {} BUNDLEDNAME {} DSP 0 BRAM 0 URAM 0 DISPNAME {bind_op sub}} {BINDTYPE op ID {} IMPL auto LATENCY 4 OPTYPE mul PRAGMA {} RTLNAME mul_32s_32s_48_5_1_x_U66 SOURCE new_fixedpoint2205/fixedpt.h:34 VARIABLE mul_ln34_14 LOOP {} BUNDLEDNAME {} DSP 3 BRAM 0 URAM 0 DISPNAME {bind_op mul}} {BINDTYPE op ID {} IMPL fabric LATENCY 0 OPTYPE add PRAGMA {} RTLNAME add_ln40_5_fu_1564_p2 SOURCE new_fixedpoint2205/Aux_Lib_hw.hpp:40 VARIABLE add_ln40_5 LOOP {} BUNDLEDNAME {} DSP 0 BRAM 0 URAM 0 DISPNAME {bind_op add}} {BINDTYPE op ID {} IMPL fabric LATENCY 0 OPTYPE sub PRAGMA {} RTLNAME sub_ln40_5_fu_1156_p2 SOURCE new_fixedpoint2205/Aux_Lib_hw.hpp:40 VARIABLE sub_ln40_5 LOOP {} BUNDLEDNAME {} DSP 0 BRAM 0 URAM 0 DISPNAME {bind_op sub}} {BINDTYPE op ID {} IMPL auto LATENCY 4 OPTYPE mul PRAGMA {} RTLNAME mul_32s_32s_48_5_1_x_U67 SOURCE new_fixedpoint2205/fixedpt.h:34 VARIABLE mul_ln34_13 LOOP {} BUNDLEDNAME {} DSP 3 BRAM 0 URAM 0 DISPNAME {bind_op mul}} {BINDTYPE op ID {} IMPL fabric LATENCY 0 OPTYPE add PRAGMA {} RTLNAME add_ln40_4_fu_1568_p2 SOURCE new_fixedpoint2205/Aux_Lib_hw.hpp:40 VARIABLE add_ln40_4 LOOP {} BUNDLEDNAME {} DSP 0 BRAM 0 URAM 0 DISPNAME {bind_op add}} {BINDTYPE op ID {} IMPL tadder LATENCY 0 OPTYPE sub PRAGMA {} RTLNAME sub_ln34_2_fu_715_p2 SOURCE new_fixedpoint2205/fixedpt.h:34 VARIABLE sub_ln34_2 LOOP {} BUNDLEDNAME {} DSP 0 BRAM 0 URAM 0 DISPNAME {bind_op sub}} {BINDTYPE op ID {} IMPL tadder LATENCY 0 OPTYPE sub PRAGMA {} RTLNAME sub_ln34_3_fu_728_p2 SOURCE new_fixedpoint2205/fixedpt.h:34 VARIABLE sub_ln34_3 LOOP {} BUNDLEDNAME {} DSP 0 BRAM 0 URAM 0 DISPNAME {bind_op sub}} {BINDTYPE op ID {} IMPL fabric LATENCY 0 OPTYPE sub PRAGMA {} RTLNAME sub_ln118_fu_896_p2 SOURCE new_fixedpoint2205/Aux_Lib_hw.hpp:118 VARIABLE sub_ln118 LOOP {} BUNDLEDNAME {} DSP 0 BRAM 0 URAM 0 DISPNAME {bind_op sub}} {BINDTYPE op ID {} IMPL dsp LATENCY 2 OPTYPE mul PRAGMA {} RTLNAME mul_48s_50ns_97_3_1_U57 SOURCE new_fixedpoint2205/fixedpt.h:39 VARIABLE mul_ln39_4 LOOP {} BUNDLEDNAME {} DSP 4 BRAM 0 URAM 0 DISPNAME {bind_op mul}} {BINDTYPE op ID {} IMPL fabric LATENCY 0 OPTYPE sub PRAGMA {} RTLNAME sub_ln39_9_fu_1051_p2 SOURCE new_fixedpoint2205/fixedpt.h:39 VARIABLE sub_ln39_9 LOOP {} BUNDLEDNAME {} DSP 0 BRAM 0 URAM 0 DISPNAME {bind_op sub}} {BINDTYPE op ID {} IMPL fabric LATENCY 0 OPTYPE sub PRAGMA {} RTLNAME sub_ln39_10_fu_1184_p2 SOURCE new_fixedpoint2205/fixedpt.h:39 VARIABLE sub_ln39_10 LOOP {} BUNDLEDNAME {} DSP 0 BRAM 0 URAM 0 DISPNAME {bind_op sub}} {BINDTYPE op ID {} IMPL auto LATENCY 4 OPTYPE mul PRAGMA {} RTLNAME mul_24s_32s_48_5_1_U68 SOURCE new_fixedpoint2205/fixedpt.h:34 VARIABLE mul_ln34_11 LOOP {} BUNDLEDNAME {} DSP 2 BRAM 0 URAM 0 DISPNAME {bind_op mul}} {BINDTYPE op ID {} IMPL fabric LATENCY 0 OPTYPE sub PRAGMA {} RTLNAME sub_ln91_1_fu_1593_p2 SOURCE new_fixedpoint2205/main.cpp:91 VARIABLE sub_ln91_1 LOOP {} BUNDLEDNAME {} DSP 0 BRAM 0 URAM 0 DISPNAME {bind_op sub}} {BINDTYPE op ID {} IMPL tadder LATENCY 0 OPTYPE sub PRAGMA {} RTLNAME sub_ln34_4_fu_297_p2 SOURCE new_fixedpoint2205/fixedpt.h:34 VARIABLE sub_ln34_4 LOOP {} BUNDLEDNAME {} DSP 0 BRAM 0 URAM 0 DISPNAME {bind_op sub}} {BINDTYPE op ID {} IMPL tadder LATENCY 0 OPTYPE sub PRAGMA {} RTLNAME sub_ln34_5_fu_310_p2 SOURCE new_fixedpoint2205/fixedpt.h:34 VARIABLE sub_ln34_5 LOOP {} BUNDLEDNAME {} DSP 0 BRAM 0 URAM 0 DISPNAME {bind_op sub}} {BINDTYPE op ID {} IMPL fulldsp LATENCY 8 OPTYPE fadd PRAGMA {} RTLNAME fadd_32ns_32ns_32_9_full_dsp_1_U47 SOURCE new_fixedpoint2205/Aux_Lib_hw.hpp:107 VARIABLE sub12_i_2 LOOP {} BUNDLEDNAME {} DSP 2 BRAM 0 URAM 0 DISPNAME {bind_op fadd}} {BINDTYPE op ID {} IMPL dsp LATENCY 2 OPTYPE mul PRAGMA {} RTLNAME mul_48s_50ns_97_3_1_U52 SOURCE new_fixedpoint2205/fixedpt.h:39 VARIABLE mul_ln39_5 LOOP {} BUNDLEDNAME {} DSP 4 BRAM 0 URAM 0 DISPNAME {bind_op mul}} {BINDTYPE op ID {} IMPL fabric LATENCY 0 OPTYPE sub PRAGMA {} RTLNAME sub_ln39_11_fu_494_p2 SOURCE new_fixedpoint2205/fixedpt.h:39 VARIABLE sub_ln39_11 LOOP {} BUNDLEDNAME {} DSP 0 BRAM 0 URAM 0 DISPNAME {bind_op sub}} {BINDTYPE op ID {} IMPL fabric LATENCY 0 OPTYPE sub PRAGMA {} RTLNAME sub_ln39_12_fu_561_p2 SOURCE new_fixedpoint2205/fixedpt.h:39 VARIABLE sub_ln39_12 LOOP {} BUNDLEDNAME {} DSP 0 BRAM 0 URAM 0 DISPNAME {bind_op sub}} {BINDTYPE op ID {} IMPL fabric LATENCY 0 OPTYPE sub PRAGMA {} RTLNAME sub_ln40_9_fu_1197_p2 SOURCE new_fixedpoint2205/Aux_Lib_hw.hpp:40 VARIABLE sub_ln40_9 LOOP {} BUNDLEDNAME {} DSP 0 BRAM 0 URAM 0 DISPNAME {bind_op sub}} {BINDTYPE op ID {} IMPL auto LATENCY 4 OPTYPE mul PRAGMA {} RTLNAME mul_32s_32s_48_5_1_x_U69 SOURCE new_fixedpoint2205/fixedpt.h:34 VARIABLE mul_ln34_18 LOOP {} BUNDLEDNAME {} DSP 3 BRAM 0 URAM 0 DISPNAME {bind_op mul}} {BINDTYPE op ID {} IMPL fabric LATENCY 0 OPTYPE sub PRAGMA {} RTLNAME grp_fu_183_p2 SOURCE new_fixedpoint2205/Aux_Lib_hw.hpp:40 VARIABLE sub_ln40_10 LOOP {} BUNDLEDNAME {} DSP 0 BRAM 0 URAM 0 DISPNAME {bind_op sub}} {BINDTYPE op ID {} IMPL auto LATENCY 4 OPTYPE mul PRAGMA {} RTLNAME mul_32s_32s_48_5_1_x_U70 SOURCE new_fixedpoint2205/fixedpt.h:34 VARIABLE mul_ln34_19 LOOP {} BUNDLEDNAME {} DSP 3 BRAM 0 URAM 0 DISPNAME {bind_op mul}} {BINDTYPE op ID {} IMPL fabric LATENCY 0 OPTYPE add PRAGMA {} RTLNAME add_ln40_6_fu_1572_p2 SOURCE new_fixedpoint2205/Aux_Lib_hw.hpp:40 VARIABLE add_ln40_6 LOOP {} BUNDLEDNAME {} DSP 0 BRAM 0 URAM 0 DISPNAME {bind_op add}} {BINDTYPE op ID {} IMPL fabric LATENCY 0 OPTYPE sub PRAGMA {} RTLNAME sub_ln40_7_fu_1202_p2 SOURCE new_fixedpoint2205/Aux_Lib_hw.hpp:40 VARIABLE sub_ln40_7 LOOP {} BUNDLEDNAME {} DSP 0 BRAM 0 URAM 0 DISPNAME {bind_op sub}} {BINDTYPE op ID {} IMPL auto LATENCY 4 OPTYPE mul PRAGMA {} RTLNAME mul_32s_32s_48_5_1_x_U71 SOURCE new_fixedpoint2205/fixedpt.h:34 VARIABLE mul_ln34_16 LOOP {} BUNDLEDNAME {} DSP 3 BRAM 0 URAM 0 DISPNAME {bind_op mul}} {BINDTYPE op ID {} IMPL fabric LATENCY 0 OPTYPE sub PRAGMA {} RTLNAME grp_fu_183_p2 SOURCE new_fixedpoint2205/Aux_Lib_hw.hpp:40 VARIABLE sub_ln40_8 LOOP {} BUNDLEDNAME {} DSP 0 BRAM 0 URAM 0 DISPNAME {bind_op sub}} {BINDTYPE op ID {} IMPL auto LATENCY 4 OPTYPE mul PRAGMA {} RTLNAME mul_32s_32s_48_5_1_x_U72 SOURCE new_fixedpoint2205/fixedpt.h:34 VARIABLE mul_ln34_17 LOOP {} BUNDLEDNAME {} DSP 3 BRAM 0 URAM 0 DISPNAME {bind_op mul}} {BINDTYPE op ID {} IMPL fabric LATENCY 0 OPTYPE add PRAGMA {} RTLNAME add_ln40_2_fu_1576_p2 SOURCE new_fixedpoint2205/Aux_Lib_hw.hpp:40 VARIABLE add_ln40_2 LOOP {} BUNDLEDNAME {} DSP 0 BRAM 0 URAM 0 DISPNAME {bind_op add}} {BINDTYPE op ID {} IMPL tadder LATENCY 0 OPTYPE sub PRAGMA {} RTLNAME sub_ln34_6_fu_792_p2 SOURCE new_fixedpoint2205/fixedpt.h:34 VARIABLE sub_ln34_6 LOOP {} BUNDLEDNAME {} DSP 0 BRAM 0 URAM 0 DISPNAME {bind_op sub}} {BINDTYPE op ID {} IMPL tadder LATENCY 0 OPTYPE sub PRAGMA {} RTLNAME sub_ln34_7_fu_805_p2 SOURCE new_fixedpoint2205/fixedpt.h:34 VARIABLE sub_ln34_7 LOOP {} BUNDLEDNAME {} DSP 0 BRAM 0 URAM 0 DISPNAME {bind_op sub}} {BINDTYPE op ID {} IMPL dsp LATENCY 2 OPTYPE mul PRAGMA {} RTLNAME mul_48s_50ns_97_3_1_U55 SOURCE new_fixedpoint2205/fixedpt.h:39 VARIABLE mul_ln39_6 LOOP {} BUNDLEDNAME {} DSP 4 BRAM 0 URAM 0 DISPNAME {bind_op mul}} {BINDTYPE op ID {} IMPL fabric LATENCY 0 OPTYPE sub PRAGMA {} RTLNAME sub_ln39_13_fu_1005_p2 SOURCE new_fixedpoint2205/fixedpt.h:39 VARIABLE sub_ln39_13 LOOP {} BUNDLEDNAME {} DSP 0 BRAM 0 URAM 0 DISPNAME {bind_op sub}} {BINDTYPE op ID {} IMPL fabric LATENCY 0 OPTYPE sub PRAGMA {} RTLNAME sub_ln39_14_fu_1079_p2 SOURCE new_fixedpoint2205/fixedpt.h:39 VARIABLE sub_ln39_14 LOOP {} BUNDLEDNAME {} DSP 0 BRAM 0 URAM 0 DISPNAME {bind_op sub}} {BINDTYPE op ID {} IMPL auto LATENCY 4 OPTYPE mul PRAGMA {} RTLNAME mul_24s_32s_48_5_1_U59 SOURCE new_fixedpoint2205/fixedpt.h:34 VARIABLE mul_ln34_15 LOOP {} BUNDLEDNAME {} DSP 2 BRAM 0 URAM 0 DISPNAME {bind_op mul}} {BINDTYPE op ID {} IMPL fabric LATENCY 0 OPTYPE sub PRAGMA {} RTLNAME sub_ln91_2_fu_1598_p2 SOURCE new_fixedpoint2205/main.cpp:91 VARIABLE sub_ln91_2 LOOP {} BUNDLEDNAME {} DSP 0 BRAM 0 URAM 0 DISPNAME {bind_op sub}} {BINDTYPE op ID {} IMPL fabric LATENCY 0 OPTYPE add PRAGMA {} RTLNAME add_ln34_2_fu_352_p2 SOURCE new_fixedpoint2205/fixedpt.h:34 VARIABLE add_ln34_2 LOOP {} BUNDLEDNAME {} DSP 0 BRAM 0 URAM 0 DISPNAME {bind_op add}} {BINDTYPE op ID {} IMPL dsp LATENCY 2 OPTYPE mul PRAGMA {} RTLNAME mul_48s_50ns_97_3_1_U53 SOURCE new_fixedpoint2205/fixedpt.h:39 VARIABLE mul_ln39_7 LOOP {} BUNDLEDNAME {} DSP 4 BRAM 0 URAM 0 DISPNAME {bind_op mul}} {BINDTYPE op ID {} IMPL fabric LATENCY 0 OPTYPE sub PRAGMA {} RTLNAME sub_ln39_15_fu_499_p2 SOURCE new_fixedpoint2205/fixedpt.h:39 VARIABLE sub_ln39_15 LOOP {} BUNDLEDNAME {} DSP 0 BRAM 0 URAM 0 DISPNAME {bind_op sub}} {BINDTYPE op ID {} IMPL fabric LATENCY 0 OPTYPE sub PRAGMA {} RTLNAME sub_ln39_16_fu_582_p2 SOURCE new_fixedpoint2205/fixedpt.h:39 VARIABLE sub_ln39_16 LOOP {} BUNDLEDNAME {} DSP 0 BRAM 0 URAM 0 DISPNAME {bind_op sub}} {BINDTYPE op ID {} IMPL fabric LATENCY 0 OPTYPE sub PRAGMA {} RTLNAME sub_ln40_11_fu_1215_p2 SOURCE new_fixedpoint2205/Aux_Lib_hw.hpp:40 VARIABLE sub_ln40_11 LOOP {} BUNDLEDNAME {} DSP 0 BRAM 0 URAM 0 DISPNAME {bind_op sub}} {BINDTYPE op ID {} IMPL auto LATENCY 4 OPTYPE mul PRAGMA {} RTLNAME mul_32s_32s_48_5_1_x_U73 SOURCE new_fixedpoint2205/fixedpt.h:34 VARIABLE mul_ln34_21 LOOP {} BUNDLEDNAME {} DSP 3 BRAM 0 URAM 0 DISPNAME {bind_op mul}} {BINDTYPE op ID {} IMPL fabric LATENCY 0 OPTYPE sub PRAGMA {} RTLNAME sub_ln40_13_fu_1220_p2 SOURCE new_fixedpoint2205/Aux_Lib_hw.hpp:40 VARIABLE sub_ln40_13 LOOP {} BUNDLEDNAME {} DSP 0 BRAM 0 URAM 0 DISPNAME {bind_op sub}} {BINDTYPE op ID {} IMPL auto LATENCY 4 OPTYPE mul PRAGMA {} RTLNAME mul_32s_32s_48_5_1_x_U74 SOURCE new_fixedpoint2205/fixedpt.h:34 VARIABLE mul_ln34_23 LOOP {} BUNDLEDNAME {} DSP 3 BRAM 0 URAM 0 DISPNAME {bind_op mul}} {BINDTYPE op ID {} IMPL fabric LATENCY 0 OPTYPE add PRAGMA {} RTLNAME add_ln40_7_fu_1580_p2 SOURCE new_fixedpoint2205/Aux_Lib_hw.hpp:40 VARIABLE add_ln40_7 LOOP {} BUNDLEDNAME {} DSP 0 BRAM 0 URAM 0 DISPNAME {bind_op add}} {BINDTYPE op ID {} IMPL fabric LATENCY 0 OPTYPE sub PRAGMA {} RTLNAME sub_ln40_12_fu_1225_p2 SOURCE new_fixedpoint2205/Aux_Lib_hw.hpp:40 VARIABLE sub_ln40_12 LOOP {} BUNDLEDNAME {} DSP 0 BRAM 0 URAM 0 DISPNAME {bind_op sub}} {BINDTYPE op ID {} IMPL auto LATENCY 4 OPTYPE mul PRAGMA {} RTLNAME mul_32s_32s_48_5_1_x_U75 SOURCE new_fixedpoint2205/fixedpt.h:34 VARIABLE mul_ln34_22 LOOP {} BUNDLEDNAME {} DSP 3 BRAM 0 URAM 0 DISPNAME {bind_op mul}} {BINDTYPE op ID {} IMPL fabric LATENCY 0 OPTYPE add PRAGMA {} RTLNAME add_ln40_3_fu_1584_p2 SOURCE new_fixedpoint2205/Aux_Lib_hw.hpp:40 VARIABLE add_ln40_3 LOOP {} BUNDLEDNAME {} DSP 0 BRAM 0 URAM 0 DISPNAME {bind_op add}} {BINDTYPE op ID {} IMPL fabric LATENCY 0 OPTYPE sub PRAGMA {} RTLNAME sub_ln118_1_fu_866_p2 SOURCE new_fixedpoint2205/Aux_Lib_hw.hpp:118 VARIABLE sub_ln118_1 LOOP {} BUNDLEDNAME {} DSP 0 BRAM 0 URAM 0 DISPNAME {bind_op sub}} {BINDTYPE op ID {} IMPL dsp LATENCY 2 OPTYPE mul PRAGMA {} RTLNAME mul_48s_50ns_97_3_1_U56 SOURCE new_fixedpoint2205/fixedpt.h:39 VARIABLE mul_ln39_8 LOOP {} BUNDLEDNAME {} DSP 4 BRAM 0 URAM 0 DISPNAME {bind_op mul}} {BINDTYPE op ID {} IMPL fabric LATENCY 0 OPTYPE sub PRAGMA {} RTLNAME sub_ln39_17_fu_1010_p2 SOURCE new_fixedpoint2205/fixedpt.h:39 VARIABLE sub_ln39_17 LOOP {} BUNDLEDNAME {} DSP 0 BRAM 0 URAM 0 DISPNAME {bind_op sub}} {BINDTYPE op ID {} IMPL fabric LATENCY 0 OPTYPE sub PRAGMA {} RTLNAME sub_ln39_18_fu_1115_p2 SOURCE new_fixedpoint2205/fixedpt.h:39 VARIABLE sub_ln39_18 LOOP {} BUNDLEDNAME {} DSP 0 BRAM 0 URAM 0 DISPNAME {bind_op sub}} {BINDTYPE op ID {} IMPL auto LATENCY 4 OPTYPE mul PRAGMA {} RTLNAME mul_24s_32s_48_5_1_U60 SOURCE new_fixedpoint2205/fixedpt.h:34 VARIABLE mul_ln34_20 LOOP {} BUNDLEDNAME {} DSP 2 BRAM 0 URAM 0 DISPNAME {bind_op mul}} {BINDTYPE op ID {} IMPL fabric LATENCY 0 OPTYPE sub PRAGMA {} RTLNAME sub_ln91_3_fu_1603_p2 SOURCE new_fixedpoint2205/main.cpp:91 VARIABLE sub_ln91_3 LOOP {} BUNDLEDNAME {} DSP 0 BRAM 0 URAM 0 DISPNAME {bind_op sub}}} AREA {DSP 90 BRAM 0 URAM 0}} p_hls_fptosi_float_i32 {DEPTH 4 CHILDREN {} BINDINFO {{BINDTYPE op ID {} IMPL fabric LATENCY 0 OPTYPE add PRAGMA {} RTLNAME add_ln344_fu_74_p2 SOURCE /wrk/ci/prod/2021.2/rdi_builds/continuous/2021_10_19_3367213/src/shared/hls/clib/src/hls/utils/x_hls_utils.h:344 VARIABLE add_ln344 LOOP {} BUNDLEDNAME {} DSP 0 BRAM 0 URAM 0 DISPNAME {bind_op add}} {BINDTYPE op ID {} IMPL fabric LATENCY 0 OPTYPE sub PRAGMA {} RTLNAME sub_ln1364_fu_88_p2 SOURCE /wrk/ci/prod/2021.2/rdi_builds/continuous/2021_10_19_3367213/src/shared/hls/clib/include/header_files/ap_fixed_base.h:1364 VARIABLE sub_ln1364 LOOP {} BUNDLEDNAME {} DSP 0 BRAM 0 URAM 0 DISPNAME {bind_op sub}} {BINDTYPE op ID {} IMPL fabric LATENCY 0 OPTYPE sub PRAGMA {} RTLNAME result_V_14_fu_167_p2 SOURCE /wrk/ci/prod/2021.2/rdi_builds/continuous/2021_10_19_3367213/src/shared/hls/clib/include/header_files/ap_fixed_base.h:666 VARIABLE result_V_14 LOOP {} BUNDLEDNAME {} DSP 0 BRAM 0 URAM 0 DISPNAME {bind_op sub}}} AREA {DSP 0 BRAM 0 URAM 0}} rrt_Pipeline_VITIS_LOOP_420_3 {DEPTH 2 CHILDREN {} BINDINFO {{BINDTYPE op ID {} IMPL fabric LATENCY 0 OPTYPE add PRAGMA {} RTLNAME j_2_fu_142_p2 SOURCE new_fixedpoint2205/main.cpp:420 VARIABLE j_2 LOOP VITIS_LOOP_420_3 BUNDLEDNAME {} DSP 0 BRAM 0 URAM 0 DISPNAME {bind_op add}}} AREA {DSP 0 BRAM 0 URAM 0}} Nearhw {DEPTH 2 CHILDREN {} BINDINFO {{BINDTYPE op ID {} IMPL fabric LATENCY 0 OPTYPE add PRAGMA {} RTLNAME add_ln141_fu_205_p2 SOURCE new_fixedpoint2205/main.cpp:141 VARIABLE add_ln141 LOOP VITIS_LOOP_141_1 BUNDLEDNAME {} DSP 0 BRAM 0 URAM 0 DISPNAME {bind_op add}} {BINDTYPE op ID {} IMPL fabric LATENCY 0 OPTYPE add PRAGMA {} RTLNAME add_ln344_fu_251_p2 SOURCE /wrk/ci/prod/2021.2/rdi_builds/continuous/2021_10_19_3367213/src/shared/hls/clib/src/hls/utils/x_hls_utils.h:344 VARIABLE add_ln344 LOOP VITIS_LOOP_141_1 BUNDLEDNAME {} DSP 0 BRAM 0 URAM 0 DISPNAME {bind_op add}} {BINDTYPE op ID {} IMPL fabric LATENCY 0 OPTYPE sub PRAGMA {} RTLNAME sub_ln1364_fu_265_p2 SOURCE /wrk/ci/prod/2021.2/rdi_builds/continuous/2021_10_19_3367213/src/shared/hls/clib/include/header_files/ap_fixed_base.h:1364 VARIABLE sub_ln1364 LOOP VITIS_LOOP_141_1 BUNDLEDNAME {} DSP 0 BRAM 0 URAM 0 DISPNAME {bind_op sub}} {BINDTYPE op ID {} IMPL fabric LATENCY 0 OPTYPE sub PRAGMA {} RTLNAME result_V_17_fu_466_p2 SOURCE /wrk/ci/prod/2021.2/rdi_builds/continuous/2021_10_19_3367213/src/shared/hls/clib/include/header_files/ap_fixed_base.h:666 VARIABLE result_V_17 LOOP VITIS_LOOP_141_1 BUNDLEDNAME {} DSP 0 BRAM 0 URAM 0 DISPNAME {bind_op sub}} {BINDTYPE op ID {} IMPL fabric LATENCY 0 OPTYPE add PRAGMA {} RTLNAME add_ln344_2_fu_312_p2 SOURCE /wrk/ci/prod/2021.2/rdi_builds/continuous/2021_10_19_3367213/src/shared/hls/clib/src/hls/utils/x_hls_utils.h:344 VARIABLE add_ln344_2 LOOP VITIS_LOOP_141_1 BUNDLEDNAME {} DSP 0 BRAM 0 URAM 0 DISPNAME {bind_op add}} {BINDTYPE op ID {} IMPL fabric LATENCY 0 OPTYPE sub PRAGMA {} RTLNAME sub_ln1364_2_fu_326_p2 SOURCE /wrk/ci/prod/2021.2/rdi_builds/continuous/2021_10_19_3367213/src/shared/hls/clib/include/header_files/ap_fixed_base.h:1364 VARIABLE sub_ln1364_2 LOOP VITIS_LOOP_141_1 BUNDLEDNAME {} DSP 0 BRAM 0 URAM 0 DISPNAME {bind_op sub}} {BINDTYPE op ID {} IMPL fabric LATENCY 0 OPTYPE sub PRAGMA {} RTLNAME result_V_20_fu_477_p2 SOURCE /wrk/ci/prod/2021.2/rdi_builds/continuous/2021_10_19_3367213/src/shared/hls/clib/include/header_files/ap_fixed_base.h:666 VARIABLE result_V_20 LOOP VITIS_LOOP_141_1 BUNDLEDNAME {} DSP 0 BRAM 0 URAM 0 DISPNAME {bind_op sub}} {BINDTYPE op ID {} IMPL fabric LATENCY 0 OPTYPE add PRAGMA {} RTLNAME D_fu_526_p2 SOURCE new_fixedpoint2205/Aux_Lib_hw.hpp:35 VARIABLE D LOOP VITIS_LOOP_141_1 BUNDLEDNAME {} DSP 0 BRAM 0 URAM 0 DISPNAME {bind_op add}} {BINDTYPE op ID {} IMPL fabric LATENCY 0 OPTYPE add PRAGMA {} RTLNAME add_ln152_fu_542_p2 SOURCE new_fixedpoint2205/main.cpp:152 VARIABLE add_ln152 LOOP VITIS_LOOP_141_1 BUNDLEDNAME {} DSP 0 BRAM 0 URAM 0 DISPNAME {bind_op add}}} AREA {DSP 0 BRAM 0 URAM 0}} rrt_Pipeline_VITIS_LOOP_47_12 {DEPTH 2 CHILDREN {} BINDINFO {{BINDTYPE op ID {} IMPL fabric LATENCY 0 OPTYPE add PRAGMA {} RTLNAME t_fu_100_p2 SOURCE new_fixedpoint2205/fixedpt.h:49 VARIABLE t LOOP VITIS_LOOP_47_1 BUNDLEDNAME {} DSP 0 BRAM 0 URAM 0 DISPNAME {bind_op add}} {BINDTYPE op ID {} IMPL tadder LATENCY 0 OPTYPE sub PRAGMA {} RTLNAME add_ln43_fu_132_p2 SOURCE new_fixedpoint2205/fixedpt.h:43 VARIABLE add_ln43 LOOP VITIS_LOOP_47_1 BUNDLEDNAME {} DSP 0 BRAM 0 URAM 0 DISPNAME {bind_op sub}} {BINDTYPE op ID {} IMPL tadder LATENCY 0 OPTYPE sub PRAGMA {} RTLNAME r_1_fu_147_p2 SOURCE new_fixedpoint2205/fixedpt.h:52 VARIABLE r_1 LOOP VITIS_LOOP_47_1 BUNDLEDNAME {} DSP 0 BRAM 0 URAM 0 DISPNAME {bind_op sub}} {BINDTYPE op ID {} IMPL fabric LATENCY 0 OPTYPE add PRAGMA {} RTLNAME q_1_fu_153_p2 SOURCE new_fixedpoint2205/fixedpt.h:53 VARIABLE q_1 LOOP VITIS_LOOP_47_1 BUNDLEDNAME {} DSP 0 BRAM 0 URAM 0 DISPNAME {bind_op add}}} AREA {DSP 0 BRAM 0 URAM 0}} rrt_Pipeline_VITIS_LOOP_396_2 {DEPTH 2 CHILDREN {} BINDINFO {{BINDTYPE op ID {} IMPL fabric LATENCY 0 OPTYPE add PRAGMA {} RTLNAME add_ln396_fu_164_p2 SOURCE new_fixedpoint2205/main.cpp:396 VARIABLE add_ln396 LOOP VITIS_LOOP_396_2 BUNDLEDNAME {} DSP 0 BRAM 0 URAM 0 DISPNAME {bind_op add}}} AREA {DSP 0 BRAM 0 URAM 0}}}'
INFO-FLOW: DBG:PUTS:       update_csynth_reports json2reportxml
INFO-FLOW: Running: gen_csynth_pragma_report_xml
INFO-FLOW: Done: gen_csynth_pragma_report_xml time: 0 seconds per iteration
INFO-FLOW: DBG:PUTS:       update_csynth_reports wrote xml
INFO-FLOW: DBG:PUTS:       update_csynth_reports appended to csynth rpt file
INFO: [HLS 200-111] Finished Updating report files: CPU user time: 0.55 seconds. CPU system time: 0 seconds. Elapsed time: 0.55 seconds; current allocated memory: 771.301 MB.
INFO: [VHDL 208-304] Generating VHDL RTL for rrt.
INFO: [VLOG 209-307] Generating Verilog RTL for rrt.
Execute       syn_report -model rrt -printsummary 
INFO: [HLS 200-790] **** Loop Constraint Status: All loop constraints were NOT satisfied.
INFO: [HLS 200-789] **** Estimated Fmax: 158.43 MHz
Command     autosyn done; 10.54 sec.
Command   csynth_design done; 21.16 sec.
INFO: [HLS 200-111] Finished Command csynth_design CPU user time: 20.9 seconds. CPU system time: 1 seconds. Elapsed time: 21.16 seconds; current allocated memory: -450.109 MB.
Command ap_source done; 22.42 sec.
Execute cleanup_all 
