

================================================================
== Vitis HLS Report for 'Collision_detectedhw'
================================================================
* Date:           Tue May 30 11:08:30 2023

* Version:        2021.2 (Build 3367213 on Tue Oct 19 02:47:39 MDT 2021)
* Project:        new_fixedpoint2205
* Solution:       solution1 (Vivado IP Flow Target)
* Product family: zynq
* Target device:  xc7z020-clg400-1


================================================================
== Performance Estimates
================================================================
+ Timing: 
    * Summary: 
    +--------+---------+----------+------------+
    |  Clock |  Target | Estimated| Uncertainty|
    +--------+---------+----------+------------+
    |ap_clk  |  6.75 ns|  6.312 ns|     1.82 ns|
    +--------+---------+----------+------------+

+ Latency: 
    * Summary: 
    +---------+---------+----------+----------+-----+-----+---------+
    |  Latency (cycles) |  Latency (absolute) |  Interval | Pipeline|
    |   min   |   max   |    min   |    max   | min | max |   Type  |
    +---------+---------+----------+----------+-----+-----+---------+
    |       39|       39|  0.263 us|  0.263 us|    1|    1|      yes|
    +---------+---------+----------+----------+-----+-----+---------+

    + Detail: 
        * Instance: 
        +-----------------------------------+------------------------+---------+---------+-----------+-----------+-----+-----+---------+
        |                                   |                        |  Latency (cycles) |   Latency (absolute)  |  Interval | Pipeline|
        |              Instance             |         Module         |   min   |   max   |    min    |    max    | min | max |   Type  |
        +-----------------------------------+------------------------+---------+---------+-----------+-----------+-----+-----+---------+
        |grp_p_hls_fptosi_float_i32_fu_130  |p_hls_fptosi_float_i32  |        2|        2|  13.500 ns|  13.500 ns|    1|    1|      yes|
        |grp_p_hls_fptosi_float_i32_fu_135  |p_hls_fptosi_float_i32  |        2|        2|  13.500 ns|  13.500 ns|    1|    1|      yes|
        |grp_p_hls_fptosi_float_i32_fu_140  |p_hls_fptosi_float_i32  |        2|        2|  13.500 ns|  13.500 ns|    1|    1|      yes|
        |grp_p_hls_fptosi_float_i32_fu_145  |p_hls_fptosi_float_i32  |        2|        2|  13.500 ns|  13.500 ns|    1|    1|      yes|
        +-----------------------------------+------------------------+---------+---------+-----------+-----------+-----+-----+---------+

        * Loop: 
        N/A



================================================================
== Utilization Estimates
================================================================
* Summary: 
+-----------------+---------+-----+--------+-------+-----+
|       Name      | BRAM_18K| DSP |   FF   |  LUT  | URAM|
+-----------------+---------+-----+--------+-------+-----+
|DSP              |        -|    -|       -|      -|    -|
|Expression       |        -|    -|       0|   3515|    -|
|FIFO             |        -|    -|       -|      -|    -|
|Instance         |        -|   90|    5942|   4610|    -|
|Memory           |        -|    -|       -|      -|    -|
|Multiplexer      |        -|    -|       -|     89|    -|
|Register         |        -|    -|   10836|    992|    -|
+-----------------+---------+-----+--------+-------+-----+
|Total            |        0|   90|   16778|   9206|    0|
+-----------------+---------+-----+--------+-------+-----+
|Available        |      280|  220|  106400|  53200|    0|
+-----------------+---------+-----+--------+-------+-----+
|Utilization (%)  |        0|   40|      15|     17|    0|
+-----------------+---------+-----+--------+-------+-----+

+ Detail: 
    * Instance: 
    +------------------------------------+--------------------------------+---------+----+-----+-----+-----+
    |              Instance              |             Module             | BRAM_18K| DSP|  FF | LUT | URAM|
    +------------------------------------+--------------------------------+---------+----+-----+-----+-----+
    |fadd_32ns_32ns_32_9_full_dsp_1_U44  |fadd_32ns_32ns_32_9_full_dsp_1  |        0|   2|  324|  424|    0|
    |fadd_32ns_32ns_32_9_full_dsp_1_U45  |fadd_32ns_32ns_32_9_full_dsp_1  |        0|   2|  324|  424|    0|
    |fadd_32ns_32ns_32_9_full_dsp_1_U46  |fadd_32ns_32ns_32_9_full_dsp_1  |        0|   2|  324|  424|    0|
    |fadd_32ns_32ns_32_9_full_dsp_1_U47  |fadd_32ns_32ns_32_9_full_dsp_1  |        0|   2|  324|  424|    0|
    |mul_24s_32s_48_5_1_U58              |mul_24s_32s_48_5_1              |        0|   2|  215|    1|    0|
    |mul_24s_32s_48_5_1_U59              |mul_24s_32s_48_5_1              |        0|   2|  215|    1|    0|
    |mul_24s_32s_48_5_1_U60              |mul_24s_32s_48_5_1              |        0|   2|  215|    1|    0|
    |mul_24s_32s_48_5_1_U68              |mul_24s_32s_48_5_1              |        0|   2|  215|    1|    0|
    |mul_32s_32s_48_5_1_x_U61            |mul_32s_32s_48_5_1_x            |        0|   3|  215|    1|    0|
    |mul_32s_32s_48_5_1_x_U62            |mul_32s_32s_48_5_1_x            |        0|   3|  215|    1|    0|
    |mul_32s_32s_48_5_1_x_U63            |mul_32s_32s_48_5_1_x            |        0|   3|  215|    1|    0|
    |mul_32s_32s_48_5_1_x_U64            |mul_32s_32s_48_5_1_x            |        0|   3|  215|    1|    0|
    |mul_32s_32s_48_5_1_x_U65            |mul_32s_32s_48_5_1_x            |        0|   3|  215|    1|    0|
    |mul_32s_32s_48_5_1_x_U66            |mul_32s_32s_48_5_1_x            |        0|   3|  215|    1|    0|
    |mul_32s_32s_48_5_1_x_U67            |mul_32s_32s_48_5_1_x            |        0|   3|  215|    1|    0|
    |mul_32s_32s_48_5_1_x_U69            |mul_32s_32s_48_5_1_x            |        0|   3|  215|    1|    0|
    |mul_32s_32s_48_5_1_x_U70            |mul_32s_32s_48_5_1_x            |        0|   3|  215|    1|    0|
    |mul_32s_32s_48_5_1_x_U71            |mul_32s_32s_48_5_1_x            |        0|   3|  215|    1|    0|
    |mul_32s_32s_48_5_1_x_U72            |mul_32s_32s_48_5_1_x            |        0|   3|  215|    1|    0|
    |mul_32s_32s_48_5_1_x_U73            |mul_32s_32s_48_5_1_x            |        0|   3|  215|    1|    0|
    |mul_32s_32s_48_5_1_x_U74            |mul_32s_32s_48_5_1_x            |        0|   3|  215|    1|    0|
    |mul_32s_32s_48_5_1_x_U75            |mul_32s_32s_48_5_1_x            |        0|   3|  215|    1|    0|
    |mul_48s_50ns_97_3_1_U50             |mul_48s_50ns_97_3_1             |        0|   4|   34|   47|    0|
    |mul_48s_50ns_97_3_1_U51             |mul_48s_50ns_97_3_1             |        0|   4|   34|   47|    0|
    |mul_48s_50ns_97_3_1_U52             |mul_48s_50ns_97_3_1             |        0|   4|   34|   47|    0|
    |mul_48s_50ns_97_3_1_U53             |mul_48s_50ns_97_3_1             |        0|   4|   34|   47|    0|
    |mul_48s_50ns_97_3_1_U54             |mul_48s_50ns_97_3_1             |        0|   4|   34|   47|    0|
    |mul_48s_50ns_97_3_1_U55             |mul_48s_50ns_97_3_1             |        0|   4|   34|   47|    0|
    |mul_48s_50ns_97_3_1_U56             |mul_48s_50ns_97_3_1             |        0|   4|   34|   47|    0|
    |mul_48s_50ns_97_3_1_U57             |mul_48s_50ns_97_3_1             |        0|   4|   34|   47|    0|
    |grp_p_hls_fptosi_float_i32_fu_130   |p_hls_fptosi_float_i32          |        0|   0|  126|  630|    0|
    |grp_p_hls_fptosi_float_i32_fu_135   |p_hls_fptosi_float_i32          |        0|   0|  126|  630|    0|
    |grp_p_hls_fptosi_float_i32_fu_140   |p_hls_fptosi_float_i32          |        0|   0|  126|  630|    0|
    |grp_p_hls_fptosi_float_i32_fu_145   |p_hls_fptosi_float_i32          |        0|   0|  126|  630|    0|
    |sitofp_32ns_32_7_no_dsp_1_x_U48     |sitofp_32ns_32_7_no_dsp_1_x     |        0|   0|    0|    0|    0|
    |sitofp_32ns_32_7_no_dsp_1_x_U49     |sitofp_32ns_32_7_no_dsp_1_x     |        0|   0|    0|    0|    0|
    +------------------------------------+--------------------------------+---------+----+-----+-----+-----+
    |Total                               |                                |        0|  90| 5942| 4610|    0|
    +------------------------------------+--------------------------------+---------+----+-----+-----+-----+

    * DSP: 
    N/A

    * Memory: 
    N/A

    * FIFO: 
    N/A

    * Expression: 
    +---------------------------+----------+----+---+-----+------------+------------+
    |       Variable Name       | Operation| DSP| FF| LUT | Bitwidth P0| Bitwidth P1|
    +---------------------------+----------+----+---+-----+------------+------------+
    |add_ln34_1_fu_643_p2       |         +|   0|  0|   55|          48|          48|
    |add_ln34_2_fu_352_p2       |         +|   0|  0|   55|          48|          48|
    |add_ln34_fu_214_p2         |         +|   0|  0|   55|          48|          48|
    |add_ln40_1_fu_1556_p2      |         +|   0|  0|   39|          32|          32|
    |add_ln40_2_fu_1576_p2      |         +|   0|  0|   39|          32|          32|
    |add_ln40_3_fu_1584_p2      |         +|   0|  0|   39|          32|          32|
    |add_ln40_4_fu_1568_p2      |         +|   0|  0|   39|          32|          32|
    |add_ln40_5_fu_1564_p2      |         +|   0|  0|   39|          32|          32|
    |add_ln40_6_fu_1572_p2      |         +|   0|  0|   39|          32|          32|
    |add_ln40_7_fu_1580_p2      |         +|   0|  0|   39|          32|          32|
    |add_ln40_fu_1560_p2        |         +|   0|  0|   39|          32|          32|
    |grp_fu_178_p2              |         -|   0|  0|   39|          21|          32|
    |grp_fu_183_p2              |         -|   0|  0|   39|          22|          32|
    |sub_ln118_1_fu_866_p2      |         -|   0|  0|   39|           1|          32|
    |sub_ln118_fu_896_p2        |         -|   0|  0|   39|           1|          32|
    |sub_ln34_1_fu_262_p2       |         -|   0|  0|   48|          48|          48|
    |sub_ln34_2_fu_715_p2       |         -|   0|  0|   48|           1|          48|
    |sub_ln34_3_fu_728_p2       |         -|   0|  0|   48|          48|          48|
    |sub_ln34_4_fu_297_p2       |         -|   0|  0|   48|           1|          48|
    |sub_ln34_5_fu_310_p2       |         -|   0|  0|   48|          48|          48|
    |sub_ln34_6_fu_792_p2       |         -|   0|  0|   48|           1|          48|
    |sub_ln34_7_fu_805_p2       |         -|   0|  0|   48|          48|          48|
    |sub_ln34_fu_249_p2         |         -|   0|  0|   48|           1|          48|
    |sub_ln39_10_fu_1184_p2     |         -|   0|  0|   55|           1|          48|
    |sub_ln39_11_fu_494_p2      |         -|   0|  0|  104|           1|          97|
    |sub_ln39_12_fu_561_p2      |         -|   0|  0|   29|           1|          22|
    |sub_ln39_13_fu_1005_p2     |         -|   0|  0|  104|           1|          97|
    |sub_ln39_14_fu_1079_p2     |         -|   0|  0|   55|           1|          48|
    |sub_ln39_15_fu_499_p2      |         -|   0|  0|  104|           1|          97|
    |sub_ln39_16_fu_582_p2      |         -|   0|  0|   29|           1|          22|
    |sub_ln39_17_fu_1010_p2     |         -|   0|  0|  104|           1|          97|
    |sub_ln39_18_fu_1115_p2     |         -|   0|  0|   55|           1|          48|
    |sub_ln39_4_fu_519_p2       |         -|   0|  0|   29|           1|          22|
    |sub_ln39_5_fu_990_p2       |         -|   0|  0|  104|           1|          97|
    |sub_ln39_6_fu_1038_p2      |         -|   0|  0|   55|           1|          48|
    |sub_ln39_7_fu_489_p2       |         -|   0|  0|  104|           1|          97|
    |sub_ln39_8_fu_540_p2       |         -|   0|  0|   29|           1|          22|
    |sub_ln39_9_fu_1051_p2      |         -|   0|  0|  104|           1|          97|
    |sub_ln39_fu_484_p2         |         -|   0|  0|  104|           1|          97|
    |sub_ln40_11_fu_1215_p2     |         -|   0|  0|   39|          22|          32|
    |sub_ln40_12_fu_1225_p2     |         -|   0|  0|   39|          21|          32|
    |sub_ln40_13_fu_1220_p2     |         -|   0|  0|   39|          22|          32|
    |sub_ln40_2_fu_1128_p2      |         -|   0|  0|   39|          22|          32|
    |sub_ln40_4_fu_1146_p2      |         -|   0|  0|   39|          21|          32|
    |sub_ln40_5_fu_1156_p2      |         -|   0|  0|   39|          22|          32|
    |sub_ln40_6_fu_1151_p2      |         -|   0|  0|   39|          21|          32|
    |sub_ln40_7_fu_1202_p2      |         -|   0|  0|   39|          22|          32|
    |sub_ln40_9_fu_1197_p2      |         -|   0|  0|   39|          21|          32|
    |sub_ln40_fu_1133_p2        |         -|   0|  0|   39|          21|          32|
    |sub_ln91_1_fu_1593_p2      |         -|   0|  0|   39|          32|          32|
    |sub_ln91_2_fu_1598_p2      |         -|   0|  0|   39|          32|          32|
    |sub_ln91_3_fu_1603_p2      |         -|   0|  0|   39|          32|          32|
    |sub_ln91_fu_1588_p2        |         -|   0|  0|   39|          32|          32|
    |and_ln115_1_fu_692_p2      |       and|   0|  0|    2|           1|           1|
    |and_ln115_2_fu_769_p2      |       and|   0|  0|    2|           1|           1|
    |and_ln115_3_fu_854_p2      |       and|   0|  0|    2|           1|           1|
    |and_ln115_fu_613_p2        |       and|   0|  0|    2|           1|           1|
    |icmp_ln115_1_fu_686_p2     |      icmp|   0|  0|   14|          22|          17|
    |icmp_ln115_2_fu_763_p2     |      icmp|   0|  0|   14|          22|          17|
    |icmp_ln115_3_fu_848_p2     |      icmp|   0|  0|   14|          22|          17|
    |icmp_ln115_fu_607_p2       |      icmp|   0|  0|   14|          22|          17|
    |icmp_ln129_1_fu_698_p2     |      icmp|   0|  0|   14|          22|          17|
    |icmp_ln129_2_fu_775_p2     |      icmp|   0|  0|   14|          22|          17|
    |icmp_ln129_3_fu_860_p2     |      icmp|   0|  0|   14|          22|          17|
    |icmp_ln129_fu_619_p2       |      icmp|   0|  0|   14|          22|          17|
    |or_ln95_1_fu_1614_p2       |        or|   0|  0|   32|          32|          32|
    |or_ln95_2_fu_1620_p2       |        or|   0|  0|   32|          32|          32|
    |or_ln95_fu_1608_p2         |        or|   0|  0|   32|          32|          32|
    |select_ln39_10_fu_1190_p3  |    select|   0|  0|   48|           1|          48|
    |select_ln39_11_fu_555_p3   |    select|   0|  0|   22|           1|          22|
    |select_ln39_12_fu_744_p3   |    select|   0|  0|   22|           1|          22|
    |select_ln39_13_fu_1072_p3  |    select|   0|  0|   48|           1|          48|
    |select_ln39_14_fu_1085_p3  |    select|   0|  0|   48|           1|          48|
    |select_ln39_15_fu_576_p3   |    select|   0|  0|   22|           1|          22|
    |select_ln39_16_fu_829_p3   |    select|   0|  0|   22|           1|          22|
    |select_ln39_17_fu_1108_p3  |    select|   0|  0|   48|           1|          48|
    |select_ln39_18_fu_1121_p3  |    select|   0|  0|   48|           1|          48|
    |select_ln39_4_fu_588_p3    |    select|   0|  0|   22|           1|          22|
    |select_ln39_5_fu_1031_p3   |    select|   0|  0|   48|           1|          48|
    |select_ln39_6_fu_1044_p3   |    select|   0|  0|   48|           1|          48|
    |select_ln39_7_fu_534_p3    |    select|   0|  0|   22|           1|          22|
    |select_ln39_8_fu_667_p3    |    select|   0|  0|   22|           1|          22|
    |select_ln39_9_fu_1177_p3   |    select|   0|  0|   48|           1|          48|
    |select_ln39_fu_513_p3      |    select|   0|  0|   22|           1|          22|
    |xor_ln115_1_fu_680_p2      |       xor|   0|  0|    2|           1|           2|
    |xor_ln115_2_fu_757_p2      |       xor|   0|  0|    2|           1|           2|
    |xor_ln115_3_fu_842_p2      |       xor|   0|  0|    2|           1|           2|
    |xor_ln115_fu_601_p2        |       xor|   0|  0|    2|           1|           2|
    +---------------------------+----------+----+---+-----+------------+------------+
    |Total                      |          |   0|  0| 3515|        1296|        3220|
    +---------------------------+----------+----+---+-----+------------+------------+

    * Multiplexer: 
    +------------------------------------+----+-----------+-----+-----------+
    |                Name                | LUT| Input Size| Bits| Total Bits|
    +------------------------------------+----+-----------+-----+-----------+
    |ap_phi_reg_pp0_iter38_cc_0_reg_86   |   9|          2|   32|         64|
    |ap_phi_reg_pp0_iter38_cc_2_reg_108  |   9|          2|   32|         64|
    |ap_phi_reg_pp0_iter38_cc_3_reg_119  |   9|          2|   32|         64|
    |ap_phi_reg_pp0_iter39_cc_0_reg_86   |  14|          3|   32|         96|
    |ap_phi_reg_pp0_iter39_cc_1_reg_97   |  20|          4|   32|        128|
    |ap_phi_reg_pp0_iter39_cc_2_reg_108  |  14|          3|   32|         96|
    |ap_phi_reg_pp0_iter39_cc_3_reg_119  |  14|          3|   32|         96|
    +------------------------------------+----+-----------+-----+-----------+
    |Total                               |  89|         19|  224|        608|
    +------------------------------------+----+-----------+-----+-----------+

    * Register: 
    +------------------------------------+-----+----+-----+-----------+
    |                Name                |  FF | LUT| Bits| Const Bits|
    +------------------------------------+-----+----+-----+-----------+
    |Squared_R_Robot_int_reg             |   32|   0|   32|          0|
    |Squared_R_Robot_read_reg_1634       |   32|   0|   32|          0|
    |a_assign_14_2_reg_1722              |   29|   0|   29|          0|
    |a_assign_1_reg_1714                 |   29|   0|   29|          0|
    |a_assign_reg_1696                   |   29|   0|   29|          0|
    |a_assign_s_reg_1706                 |   29|   0|   29|          0|
    |and_ln115_1_reg_1899                |    1|   0|    1|          0|
    |and_ln115_2_reg_1912                |    1|   0|    1|          0|
    |and_ln115_3_reg_1932                |    1|   0|    1|          0|
    |and_ln115_reg_1879                  |    1|   0|    1|          0|
    |ap_phi_reg_pp0_iter10_cc_0_reg_86   |   32|   0|   32|          0|
    |ap_phi_reg_pp0_iter10_cc_1_reg_97   |   32|   0|   32|          0|
    |ap_phi_reg_pp0_iter10_cc_2_reg_108  |   32|   0|   32|          0|
    |ap_phi_reg_pp0_iter10_cc_3_reg_119  |   32|   0|   32|          0|
    |ap_phi_reg_pp0_iter11_cc_0_reg_86   |   32|   0|   32|          0|
    |ap_phi_reg_pp0_iter11_cc_1_reg_97   |   32|   0|   32|          0|
    |ap_phi_reg_pp0_iter11_cc_2_reg_108  |   32|   0|   32|          0|
    |ap_phi_reg_pp0_iter11_cc_3_reg_119  |   32|   0|   32|          0|
    |ap_phi_reg_pp0_iter12_cc_0_reg_86   |   32|   0|   32|          0|
    |ap_phi_reg_pp0_iter12_cc_1_reg_97   |   32|   0|   32|          0|
    |ap_phi_reg_pp0_iter12_cc_2_reg_108  |   32|   0|   32|          0|
    |ap_phi_reg_pp0_iter12_cc_3_reg_119  |   32|   0|   32|          0|
    |ap_phi_reg_pp0_iter13_cc_0_reg_86   |   32|   0|   32|          0|
    |ap_phi_reg_pp0_iter13_cc_1_reg_97   |   32|   0|   32|          0|
    |ap_phi_reg_pp0_iter13_cc_2_reg_108  |   32|   0|   32|          0|
    |ap_phi_reg_pp0_iter13_cc_3_reg_119  |   32|   0|   32|          0|
    |ap_phi_reg_pp0_iter14_cc_0_reg_86   |   32|   0|   32|          0|
    |ap_phi_reg_pp0_iter14_cc_1_reg_97   |   32|   0|   32|          0|
    |ap_phi_reg_pp0_iter14_cc_2_reg_108  |   32|   0|   32|          0|
    |ap_phi_reg_pp0_iter14_cc_3_reg_119  |   32|   0|   32|          0|
    |ap_phi_reg_pp0_iter15_cc_0_reg_86   |   32|   0|   32|          0|
    |ap_phi_reg_pp0_iter15_cc_1_reg_97   |   32|   0|   32|          0|
    |ap_phi_reg_pp0_iter15_cc_2_reg_108  |   32|   0|   32|          0|
    |ap_phi_reg_pp0_iter15_cc_3_reg_119  |   32|   0|   32|          0|
    |ap_phi_reg_pp0_iter16_cc_0_reg_86   |   32|   0|   32|          0|
    |ap_phi_reg_pp0_iter16_cc_1_reg_97   |   32|   0|   32|          0|
    |ap_phi_reg_pp0_iter16_cc_2_reg_108  |   32|   0|   32|          0|
    |ap_phi_reg_pp0_iter16_cc_3_reg_119  |   32|   0|   32|          0|
    |ap_phi_reg_pp0_iter17_cc_0_reg_86   |   32|   0|   32|          0|
    |ap_phi_reg_pp0_iter17_cc_1_reg_97   |   32|   0|   32|          0|
    |ap_phi_reg_pp0_iter17_cc_2_reg_108  |   32|   0|   32|          0|
    |ap_phi_reg_pp0_iter17_cc_3_reg_119  |   32|   0|   32|          0|
    |ap_phi_reg_pp0_iter18_cc_0_reg_86   |   32|   0|   32|          0|
    |ap_phi_reg_pp0_iter18_cc_1_reg_97   |   32|   0|   32|          0|
    |ap_phi_reg_pp0_iter18_cc_2_reg_108  |   32|   0|   32|          0|
    |ap_phi_reg_pp0_iter18_cc_3_reg_119  |   32|   0|   32|          0|
    |ap_phi_reg_pp0_iter19_cc_0_reg_86   |   32|   0|   32|          0|
    |ap_phi_reg_pp0_iter19_cc_1_reg_97   |   32|   0|   32|          0|
    |ap_phi_reg_pp0_iter19_cc_2_reg_108  |   32|   0|   32|          0|
    |ap_phi_reg_pp0_iter19_cc_3_reg_119  |   32|   0|   32|          0|
    |ap_phi_reg_pp0_iter1_cc_0_reg_86    |   32|   0|   32|          0|
    |ap_phi_reg_pp0_iter1_cc_1_reg_97    |   32|   0|   32|          0|
    |ap_phi_reg_pp0_iter1_cc_2_reg_108   |   32|   0|   32|          0|
    |ap_phi_reg_pp0_iter1_cc_3_reg_119   |   32|   0|   32|          0|
    |ap_phi_reg_pp0_iter20_cc_0_reg_86   |   32|   0|   32|          0|
    |ap_phi_reg_pp0_iter20_cc_1_reg_97   |   32|   0|   32|          0|
    |ap_phi_reg_pp0_iter20_cc_2_reg_108  |   32|   0|   32|          0|
    |ap_phi_reg_pp0_iter20_cc_3_reg_119  |   32|   0|   32|          0|
    |ap_phi_reg_pp0_iter21_cc_0_reg_86   |   32|   0|   32|          0|
    |ap_phi_reg_pp0_iter21_cc_1_reg_97   |   32|   0|   32|          0|
    |ap_phi_reg_pp0_iter21_cc_2_reg_108  |   32|   0|   32|          0|
    |ap_phi_reg_pp0_iter21_cc_3_reg_119  |   32|   0|   32|          0|
    |ap_phi_reg_pp0_iter22_cc_0_reg_86   |   32|   0|   32|          0|
    |ap_phi_reg_pp0_iter22_cc_1_reg_97   |   32|   0|   32|          0|
    |ap_phi_reg_pp0_iter22_cc_2_reg_108  |   32|   0|   32|          0|
    |ap_phi_reg_pp0_iter22_cc_3_reg_119  |   32|   0|   32|          0|
    |ap_phi_reg_pp0_iter23_cc_0_reg_86   |   32|   0|   32|          0|
    |ap_phi_reg_pp0_iter23_cc_1_reg_97   |   32|   0|   32|          0|
    |ap_phi_reg_pp0_iter23_cc_2_reg_108  |   32|   0|   32|          0|
    |ap_phi_reg_pp0_iter23_cc_3_reg_119  |   32|   0|   32|          0|
    |ap_phi_reg_pp0_iter24_cc_0_reg_86   |   32|   0|   32|          0|
    |ap_phi_reg_pp0_iter24_cc_1_reg_97   |   32|   0|   32|          0|
    |ap_phi_reg_pp0_iter24_cc_2_reg_108  |   32|   0|   32|          0|
    |ap_phi_reg_pp0_iter24_cc_3_reg_119  |   32|   0|   32|          0|
    |ap_phi_reg_pp0_iter25_cc_0_reg_86   |   32|   0|   32|          0|
    |ap_phi_reg_pp0_iter25_cc_1_reg_97   |   32|   0|   32|          0|
    |ap_phi_reg_pp0_iter25_cc_2_reg_108  |   32|   0|   32|          0|
    |ap_phi_reg_pp0_iter25_cc_3_reg_119  |   32|   0|   32|          0|
    |ap_phi_reg_pp0_iter26_cc_0_reg_86   |   32|   0|   32|          0|
    |ap_phi_reg_pp0_iter26_cc_1_reg_97   |   32|   0|   32|          0|
    |ap_phi_reg_pp0_iter26_cc_2_reg_108  |   32|   0|   32|          0|
    |ap_phi_reg_pp0_iter26_cc_3_reg_119  |   32|   0|   32|          0|
    |ap_phi_reg_pp0_iter27_cc_0_reg_86   |   32|   0|   32|          0|
    |ap_phi_reg_pp0_iter27_cc_1_reg_97   |   32|   0|   32|          0|
    |ap_phi_reg_pp0_iter27_cc_2_reg_108  |   32|   0|   32|          0|
    |ap_phi_reg_pp0_iter27_cc_3_reg_119  |   32|   0|   32|          0|
    |ap_phi_reg_pp0_iter28_cc_0_reg_86   |   32|   0|   32|          0|
    |ap_phi_reg_pp0_iter28_cc_1_reg_97   |   32|   0|   32|          0|
    |ap_phi_reg_pp0_iter28_cc_2_reg_108  |   32|   0|   32|          0|
    |ap_phi_reg_pp0_iter28_cc_3_reg_119  |   32|   0|   32|          0|
    |ap_phi_reg_pp0_iter29_cc_0_reg_86   |   32|   0|   32|          0|
    |ap_phi_reg_pp0_iter29_cc_1_reg_97   |   32|   0|   32|          0|
    |ap_phi_reg_pp0_iter29_cc_2_reg_108  |   32|   0|   32|          0|
    |ap_phi_reg_pp0_iter29_cc_3_reg_119  |   32|   0|   32|          0|
    |ap_phi_reg_pp0_iter2_cc_0_reg_86    |   32|   0|   32|          0|
    |ap_phi_reg_pp0_iter2_cc_1_reg_97    |   32|   0|   32|          0|
    |ap_phi_reg_pp0_iter2_cc_2_reg_108   |   32|   0|   32|          0|
    |ap_phi_reg_pp0_iter2_cc_3_reg_119   |   32|   0|   32|          0|
    |ap_phi_reg_pp0_iter30_cc_0_reg_86   |   32|   0|   32|          0|
    |ap_phi_reg_pp0_iter30_cc_1_reg_97   |   32|   0|   32|          0|
    |ap_phi_reg_pp0_iter30_cc_2_reg_108  |   32|   0|   32|          0|
    |ap_phi_reg_pp0_iter30_cc_3_reg_119  |   32|   0|   32|          0|
    |ap_phi_reg_pp0_iter31_cc_0_reg_86   |   32|   0|   32|          0|
    |ap_phi_reg_pp0_iter31_cc_1_reg_97   |   32|   0|   32|          0|
    |ap_phi_reg_pp0_iter31_cc_2_reg_108  |   32|   0|   32|          0|
    |ap_phi_reg_pp0_iter31_cc_3_reg_119  |   32|   0|   32|          0|
    |ap_phi_reg_pp0_iter32_cc_0_reg_86   |   32|   0|   32|          0|
    |ap_phi_reg_pp0_iter32_cc_1_reg_97   |   32|   0|   32|          0|
    |ap_phi_reg_pp0_iter32_cc_2_reg_108  |   32|   0|   32|          0|
    |ap_phi_reg_pp0_iter32_cc_3_reg_119  |   32|   0|   32|          0|
    |ap_phi_reg_pp0_iter33_cc_0_reg_86   |   32|   0|   32|          0|
    |ap_phi_reg_pp0_iter33_cc_1_reg_97   |   32|   0|   32|          0|
    |ap_phi_reg_pp0_iter33_cc_2_reg_108  |   32|   0|   32|          0|
    |ap_phi_reg_pp0_iter33_cc_3_reg_119  |   32|   0|   32|          0|
    |ap_phi_reg_pp0_iter34_cc_0_reg_86   |   32|   0|   32|          0|
    |ap_phi_reg_pp0_iter34_cc_1_reg_97   |   32|   0|   32|          0|
    |ap_phi_reg_pp0_iter34_cc_2_reg_108  |   32|   0|   32|          0|
    |ap_phi_reg_pp0_iter34_cc_3_reg_119  |   32|   0|   32|          0|
    |ap_phi_reg_pp0_iter35_cc_0_reg_86   |   32|   0|   32|          0|
    |ap_phi_reg_pp0_iter35_cc_1_reg_97   |   32|   0|   32|          0|
    |ap_phi_reg_pp0_iter35_cc_2_reg_108  |   32|   0|   32|          0|
    |ap_phi_reg_pp0_iter35_cc_3_reg_119  |   32|   0|   32|          0|
    |ap_phi_reg_pp0_iter36_cc_0_reg_86   |   32|   0|   32|          0|
    |ap_phi_reg_pp0_iter36_cc_1_reg_97   |   32|   0|   32|          0|
    |ap_phi_reg_pp0_iter36_cc_2_reg_108  |   32|   0|   32|          0|
    |ap_phi_reg_pp0_iter36_cc_3_reg_119  |   32|   0|   32|          0|
    |ap_phi_reg_pp0_iter37_cc_0_reg_86   |   32|   0|   32|          0|
    |ap_phi_reg_pp0_iter37_cc_1_reg_97   |   32|   0|   32|          0|
    |ap_phi_reg_pp0_iter37_cc_2_reg_108  |   32|   0|   32|          0|
    |ap_phi_reg_pp0_iter37_cc_3_reg_119  |   32|   0|   32|          0|
    |ap_phi_reg_pp0_iter38_cc_0_reg_86   |   32|   0|   32|          0|
    |ap_phi_reg_pp0_iter38_cc_1_reg_97   |   32|   0|   32|          0|
    |ap_phi_reg_pp0_iter38_cc_2_reg_108  |   32|   0|   32|          0|
    |ap_phi_reg_pp0_iter38_cc_3_reg_119  |   32|   0|   32|          0|
    |ap_phi_reg_pp0_iter39_cc_0_reg_86   |   32|   0|   32|          0|
    |ap_phi_reg_pp0_iter39_cc_1_reg_97   |   32|   0|   32|          0|
    |ap_phi_reg_pp0_iter39_cc_2_reg_108  |   32|   0|   32|          0|
    |ap_phi_reg_pp0_iter39_cc_3_reg_119  |   32|   0|   32|          0|
    |ap_phi_reg_pp0_iter3_cc_0_reg_86    |   32|   0|   32|          0|
    |ap_phi_reg_pp0_iter3_cc_1_reg_97    |   32|   0|   32|          0|
    |ap_phi_reg_pp0_iter3_cc_2_reg_108   |   32|   0|   32|          0|
    |ap_phi_reg_pp0_iter3_cc_3_reg_119   |   32|   0|   32|          0|
    |ap_phi_reg_pp0_iter4_cc_0_reg_86    |   32|   0|   32|          0|
    |ap_phi_reg_pp0_iter4_cc_1_reg_97    |   32|   0|   32|          0|
    |ap_phi_reg_pp0_iter4_cc_2_reg_108   |   32|   0|   32|          0|
    |ap_phi_reg_pp0_iter4_cc_3_reg_119   |   32|   0|   32|          0|
    |ap_phi_reg_pp0_iter5_cc_0_reg_86    |   32|   0|   32|          0|
    |ap_phi_reg_pp0_iter5_cc_1_reg_97    |   32|   0|   32|          0|
    |ap_phi_reg_pp0_iter5_cc_2_reg_108   |   32|   0|   32|          0|
    |ap_phi_reg_pp0_iter5_cc_3_reg_119   |   32|   0|   32|          0|
    |ap_phi_reg_pp0_iter6_cc_0_reg_86    |   32|   0|   32|          0|
    |ap_phi_reg_pp0_iter6_cc_1_reg_97    |   32|   0|   32|          0|
    |ap_phi_reg_pp0_iter6_cc_2_reg_108   |   32|   0|   32|          0|
    |ap_phi_reg_pp0_iter6_cc_3_reg_119   |   32|   0|   32|          0|
    |ap_phi_reg_pp0_iter7_cc_0_reg_86    |   32|   0|   32|          0|
    |ap_phi_reg_pp0_iter7_cc_1_reg_97    |   32|   0|   32|          0|
    |ap_phi_reg_pp0_iter7_cc_2_reg_108   |   32|   0|   32|          0|
    |ap_phi_reg_pp0_iter7_cc_3_reg_119   |   32|   0|   32|          0|
    |ap_phi_reg_pp0_iter8_cc_0_reg_86    |   32|   0|   32|          0|
    |ap_phi_reg_pp0_iter8_cc_1_reg_97    |   32|   0|   32|          0|
    |ap_phi_reg_pp0_iter8_cc_2_reg_108   |   32|   0|   32|          0|
    |ap_phi_reg_pp0_iter8_cc_3_reg_119   |   32|   0|   32|          0|
    |ap_phi_reg_pp0_iter9_cc_0_reg_86    |   32|   0|   32|          0|
    |ap_phi_reg_pp0_iter9_cc_1_reg_97    |   32|   0|   32|          0|
    |ap_phi_reg_pp0_iter9_cc_2_reg_108   |   32|   0|   32|          0|
    |ap_phi_reg_pp0_iter9_cc_3_reg_119   |   32|   0|   32|          0|
    |conv9_i_reg_1670                    |   32|   0|   32|          0|
    |conv_i_reg_1664                     |   32|   0|   32|          0|
    |icmp_ln129_1_reg_1903               |    1|   0|    1|          0|
    |icmp_ln129_2_reg_1916               |    1|   0|    1|          0|
    |icmp_ln129_3_reg_1936               |    1|   0|    1|          0|
    |icmp_ln129_reg_1883                 |    1|   0|    1|          0|
    |mul_ln39_2_reg_1984                 |   97|   0|   97|          0|
    |mul_ln39_3_reg_1806                 |   97|   0|   97|          0|
    |mul_ln39_4_reg_2019                 |   97|   0|   97|          0|
    |mul_ln39_5_reg_1817                 |   97|   0|   97|          0|
    |mul_ln39_6_reg_1994                 |   97|   0|   97|          0|
    |mul_ln39_7_reg_1828                 |   97|   0|   97|          0|
    |mul_ln39_8_reg_2004                 |   97|   0|   97|          0|
    |mul_ln39_reg_1795                   |   97|   0|   97|          0|
    |p_read1_int_reg                     |   32|   0|   32|          0|
    |p_read_3_reg_1642                   |   32|   0|   32|          0|
    |p_read_4_reg_1653                   |   32|   0|   32|          0|
    |p_read_int_reg                      |   32|   0|   32|          0|
    |reg_188                             |   32|   0|   32|          0|
    |reg_192                             |   32|   0|   32|          0|
    |select_ln39_10_reg_2089             |   48|   0|   48|          0|
    |select_ln39_14_reg_2049             |   48|   0|   48|          0|
    |select_ln39_18_reg_2054             |   48|   0|   48|          0|
    |select_ln39_6_reg_2039              |   48|   0|   48|          0|
    |sub12_i_2_reg_1691                  |   32|   0|   32|          0|
    |sub12_i_reg_1681                    |   32|   0|   32|          0|
    |sub_i_1_reg_1686                    |   32|   0|   32|          0|
    |sub_i_reg_1676                      |   32|   0|   32|          0|
    |sub_ln118_1_reg_1940                |   29|   0|   32|          3|
    |sub_ln118_reg_1957                  |   29|   0|   32|          3|
    |sub_ln39_11_reg_1849                |   97|   0|   97|          0|
    |sub_ln39_12_reg_1869                |   22|   0|   22|          0|
    |sub_ln39_13_reg_2029                |   97|   0|   97|          0|
    |sub_ln39_15_reg_1854                |   97|   0|   97|          0|
    |sub_ln39_16_reg_1874                |   22|   0|   22|          0|
    |sub_ln39_17_reg_2034                |   97|   0|   97|          0|
    |sub_ln39_4_reg_1859                 |   22|   0|   22|          0|
    |sub_ln39_5_reg_2014                 |   97|   0|   97|          0|
    |sub_ln39_7_reg_1844                 |   97|   0|   97|          0|
    |sub_ln39_8_reg_1864                 |   22|   0|   22|          0|
    |sub_ln39_9_reg_2044                 |   97|   0|   97|          0|
    |sub_ln39_reg_1839                   |   97|   0|   97|          0|
    |sub_ln40_11_reg_2109                |   32|   0|   32|          0|
    |sub_ln40_12_reg_2119                |   32|   0|   32|          0|
    |sub_ln40_13_reg_2114                |   32|   0|   32|          0|
    |sub_ln40_2_reg_2059                 |   32|   0|   32|          0|
    |sub_ln40_4_reg_2074                 |   32|   0|   32|          0|
    |sub_ln40_5_reg_2084                 |   32|   0|   32|          0|
    |sub_ln40_6_reg_2079                 |   32|   0|   32|          0|
    |sub_ln40_7_reg_2099                 |   32|   0|   32|          0|
    |sub_ln40_9_reg_2094                 |   32|   0|   32|          0|
    |sub_ln40_reg_2064                   |   32|   0|   32|          0|
    |tmp_10_reg_1764                     |   29|   0|   32|          3|
    |tmp_47_reg_1800                     |   22|   0|   22|          0|
    |tmp_49_reg_1893                     |    1|   0|    1|          0|
    |tmp_51_reg_1989                     |   22|   0|   22|          0|
    |tmp_51_reg_1989_pp0_iter30_reg      |   22|   0|   22|          0|
    |tmp_52_reg_1747                     |    1|   0|    1|          0|
    |tmp_54_reg_1811                     |   22|   0|   22|          0|
    |tmp_56_reg_1963                     |    1|   0|    1|          0|
    |tmp_58_reg_2024                     |   22|   0|   22|          0|
    |tmp_58_reg_2024_pp0_iter31_reg      |   22|   0|   22|          0|
    |tmp_59_reg_1758                     |    1|   0|    1|          0|
    |tmp_61_reg_1822                     |   22|   0|   22|          0|
    |tmp_63_reg_1926                     |    1|   0|    1|          0|
    |tmp_65_reg_1999                     |   22|   0|   22|          0|
    |tmp_65_reg_1999_pp0_iter30_reg      |   22|   0|   22|          0|
    |tmp_66_reg_1769                     |    1|   0|    1|          0|
    |tmp_68_reg_1833                     |   22|   0|   22|          0|
    |tmp_70_reg_1946                     |    1|   0|    1|          0|
    |tmp_72_reg_2009                     |   22|   0|   22|          0|
    |tmp_72_reg_2009_pp0_iter30_reg      |   22|   0|   22|          0|
    |tmp_9_reg_1753                      |   29|   0|   32|          3|
    |tmp_reg_1736                        |    1|   0|    1|          0|
    |tmp_s_reg_1742                      |   29|   0|   32|          3|
    |trunc_ln34_10_reg_2259              |   32|   0|   32|          0|
    |trunc_ln34_11_reg_1920              |   29|   0|   32|          3|
    |trunc_ln34_12_reg_2223              |   32|   0|   32|          0|
    |trunc_ln34_13_reg_2284              |   32|   0|   32|          0|
    |trunc_ln34_14_reg_2289              |   32|   0|   32|          0|
    |trunc_ln34_15_reg_2274              |   32|   0|   32|          0|
    |trunc_ln34_16_reg_2279              |   32|   0|   32|          0|
    |trunc_ln34_17_reg_2228              |   32|   0|   32|          0|
    |trunc_ln34_18_reg_2294              |   32|   0|   32|          0|
    |trunc_ln34_19_reg_2305              |   32|   0|   32|          0|
    |trunc_ln34_1_reg_2233               |   32|   0|   32|          0|
    |trunc_ln34_20_reg_2300              |   32|   0|   32|          0|
    |trunc_ln34_2_reg_2238               |   32|   0|   32|          0|
    |trunc_ln34_3_reg_1907               |   29|   0|   32|          3|
    |trunc_ln34_4_reg_2269               |   32|   0|   32|          0|
    |trunc_ln34_5_reg_2253               |   32|   0|   32|          0|
    |trunc_ln34_6_reg_1887               |   29|   0|   32|          3|
    |trunc_ln34_7_reg_2264               |   32|   0|   32|          0|
    |trunc_ln34_8_reg_2218               |   32|   0|   32|          0|
    |trunc_ln34_9_reg_2243               |   32|   0|   32|          0|
    |trunc_ln34_reg_1701                 |   27|   0|   27|          0|
    |trunc_ln34_s_reg_2248               |   32|   0|   32|          0|
    |trunc_ln_reg_1730                   |   29|   0|   32|          3|
    |Squared_R_Robot_read_reg_1634       |   64|  32|   32|          0|
    |a_assign_14_2_reg_1722              |   64|  32|   29|          0|
    |a_assign_1_reg_1714                 |   64|  32|   29|          0|
    |a_assign_s_reg_1706                 |   64|  32|   29|          0|
    |and_ln115_1_reg_1899                |   64|  32|    1|          0|
    |and_ln115_2_reg_1912                |   64|  32|    1|          0|
    |and_ln115_3_reg_1932                |   64|  32|    1|          0|
    |and_ln115_reg_1879                  |   64|  32|    1|          0|
    |icmp_ln129_1_reg_1903               |   64|  32|    1|          0|
    |icmp_ln129_2_reg_1916               |   64|  32|    1|          0|
    |icmp_ln129_3_reg_1936               |   64|  32|    1|          0|
    |icmp_ln129_reg_1883                 |   64|  32|    1|          0|
    |p_read_3_reg_1642                   |   64|  32|   32|          0|
    |p_read_4_reg_1653                   |   64|  32|   32|          0|
    |sub_ln118_1_reg_1940                |   64|  32|   32|          3|
    |sub_ln118_reg_1957                  |   64|  32|   32|          3|
    |tmp_47_reg_1800                     |   64|  32|   22|          0|
    |tmp_49_reg_1893                     |   64|  32|    1|          0|
    |tmp_52_reg_1747                     |   64|  32|    1|          0|
    |tmp_54_reg_1811                     |   64|  32|   22|          0|
    |tmp_56_reg_1963                     |   64|  32|    1|          0|
    |tmp_59_reg_1758                     |   64|  32|    1|          0|
    |tmp_61_reg_1822                     |   64|  32|   22|          0|
    |tmp_63_reg_1926                     |   64|  32|    1|          0|
    |tmp_66_reg_1769                     |   64|  32|    1|          0|
    |tmp_68_reg_1833                     |   64|  32|   22|          0|
    |tmp_70_reg_1946                     |   64|  32|    1|          0|
    |tmp_reg_1736                        |   64|  32|    1|          0|
    |trunc_ln34_11_reg_1920              |   64|  32|   32|          3|
    |trunc_ln34_6_reg_1887               |   64|  32|   32|          3|
    |trunc_ln_reg_1730                   |   64|  32|   32|          3|
    +------------------------------------+-----+----+-----+-----------+
    |Total                               |10836| 992| 9326|         42|
    +------------------------------------+-----+----+-----+-----------+



================================================================
== Interface
================================================================
* Summary: 
+-----------------+-----+-----+------------+----------------------+--------------+
|    RTL Ports    | Dir | Bits|  Protocol  |     Source Object    |    C Type    |
+-----------------+-----+-----+------------+----------------------+--------------+
|ap_clk           |   in|    1|  ap_ctrl_hs|  Collision_detectedhw|  return value|
|ap_rst           |   in|    1|  ap_ctrl_hs|  Collision_detectedhw|  return value|
|ap_return        |  out|    1|  ap_ctrl_hs|  Collision_detectedhw|  return value|
|p_read           |   in|   32|     ap_none|                p_read|        scalar|
|p_read1          |   in|   32|     ap_none|               p_read1|        scalar|
|Squared_R_Robot  |   in|   32|     ap_none|       Squared_R_Robot|        scalar|
+-----------------+-----+-----+------------+----------------------+--------------+

============================================================
+ Verbose Summary: Synthesis Manager
============================================================
InlineROM: 1
ExposeGlobal: 0
============================================================
+ Verbose Summary: CDFG Model
============================================================
IsTopModel: 0
ResetActiveHigh: 1
IsCombinational: 2
IsDatapathOnly: 1
HasWiredReturn: 1
HasMFsm: 2
HasVarLatency: 0
IsPipeline: 1
IsRtlPipelined: 1
IsInstanceOverlapped: 0
IsDontTouch: 0
HasImplIP: 0
IsGatedGlobalClock: 0

+ Individual pipeline summary: 
  * Pipeline-0: initiation interval (II) = 1, depth = 40


============================================================
+ Verbose Summary: Schedule
============================================================
* Number of FSM states : 40
* Pipeline : 1
  Pipeline-0 : II = 1, D = 40, States = { 1 2 3 4 5 6 7 8 9 10 11 12 13 14 15 16 17 18 19 20 21 22 23 24 25 26 27 28 29 30 31 32 33 34 35 36 37 38 39 40 }
* Dataflow Pipeline: 0

* FSM state transitions: 
1 --> 2 
2 --> 3 
3 --> 4 
4 --> 5 
5 --> 6 
6 --> 7 
7 --> 8 
8 --> 9 
9 --> 10 
10 --> 11 
11 --> 12 
12 --> 13 
13 --> 14 
14 --> 15 
15 --> 16 
16 --> 17 
17 --> 18 
18 --> 19 
19 --> 20 
20 --> 21 
21 --> 22 
22 --> 23 
23 --> 24 
24 --> 25 
25 --> 26 
26 --> 27 
27 --> 28 
28 --> 29 
29 --> 30 
30 --> 31 
31 --> 32 
32 --> 33 
33 --> 34 
34 --> 35 
35 --> 36 
36 --> 37 
37 --> 38 
38 --> 39 
39 --> 40 
40 --> 

* FSM state operations: 

State 1 <SV = 0> <Delay = 6.31>
ST_1 : Operation 41 [1/1] (0.00ns)   --->   "%Squared_R_Robot_read = read i32 @_ssdm_op_Read.ap_auto.i32, i32 %Squared_R_Robot"   --->   Operation 41 'read' 'Squared_R_Robot_read' <Predicate = true> <Delay = 0.00>
ST_1 : Operation 42 [1/1] (0.00ns)   --->   "%p_read_3 = read i32 @_ssdm_op_Read.ap_auto.i32, i32 %p_read1"   --->   Operation 42 'read' 'p_read_3' <Predicate = true> <Delay = 0.00>
ST_1 : Operation 43 [1/1] (0.00ns)   --->   "%p_read_4 = read i32 @_ssdm_op_Read.ap_auto.i32, i32 %p_read"   --->   Operation 43 'read' 'p_read_4' <Predicate = true> <Delay = 0.00>
ST_1 : Operation 44 [7/7] (6.31ns)   --->   "%conv_i = sitofp i32 %p_read_4"   --->   Operation 44 'sitofp' 'conv_i' <Predicate = true> <Delay = 6.31> <CoreInst = "Int2Float">   --->   Core 62 'Int2Float' <Latency = 6> <II = 1> <Delay = 6.31> <FuncUnit> <Opcode : 'sitofp' 'uitofp'> <InPorts = 1> <OutPorts = 1>
ST_1 : Operation 45 [7/7] (6.31ns)   --->   "%conv9_i = sitofp i32 %p_read_3"   --->   Operation 45 'sitofp' 'conv9_i' <Predicate = true> <Delay = 6.31> <CoreInst = "Int2Float">   --->   Core 62 'Int2Float' <Latency = 6> <II = 1> <Delay = 6.31> <FuncUnit> <Opcode : 'sitofp' 'uitofp'> <InPorts = 1> <OutPorts = 1>

State 2 <SV = 1> <Delay = 6.31>
ST_2 : Operation 46 [6/7] (6.31ns)   --->   "%conv_i = sitofp i32 %p_read_4"   --->   Operation 46 'sitofp' 'conv_i' <Predicate = true> <Delay = 6.31> <CoreInst = "Int2Float">   --->   Core 62 'Int2Float' <Latency = 6> <II = 1> <Delay = 6.31> <FuncUnit> <Opcode : 'sitofp' 'uitofp'> <InPorts = 1> <OutPorts = 1>
ST_2 : Operation 47 [6/7] (6.31ns)   --->   "%conv9_i = sitofp i32 %p_read_3"   --->   Operation 47 'sitofp' 'conv9_i' <Predicate = true> <Delay = 6.31> <CoreInst = "Int2Float">   --->   Core 62 'Int2Float' <Latency = 6> <II = 1> <Delay = 6.31> <FuncUnit> <Opcode : 'sitofp' 'uitofp'> <InPorts = 1> <OutPorts = 1>

State 3 <SV = 2> <Delay = 6.31>
ST_3 : Operation 48 [5/7] (6.31ns)   --->   "%conv_i = sitofp i32 %p_read_4"   --->   Operation 48 'sitofp' 'conv_i' <Predicate = true> <Delay = 6.31> <CoreInst = "Int2Float">   --->   Core 62 'Int2Float' <Latency = 6> <II = 1> <Delay = 6.31> <FuncUnit> <Opcode : 'sitofp' 'uitofp'> <InPorts = 1> <OutPorts = 1>
ST_3 : Operation 49 [5/7] (6.31ns)   --->   "%conv9_i = sitofp i32 %p_read_3"   --->   Operation 49 'sitofp' 'conv9_i' <Predicate = true> <Delay = 6.31> <CoreInst = "Int2Float">   --->   Core 62 'Int2Float' <Latency = 6> <II = 1> <Delay = 6.31> <FuncUnit> <Opcode : 'sitofp' 'uitofp'> <InPorts = 1> <OutPorts = 1>

State 4 <SV = 3> <Delay = 6.31>
ST_4 : Operation 50 [4/7] (6.31ns)   --->   "%conv_i = sitofp i32 %p_read_4"   --->   Operation 50 'sitofp' 'conv_i' <Predicate = true> <Delay = 6.31> <CoreInst = "Int2Float">   --->   Core 62 'Int2Float' <Latency = 6> <II = 1> <Delay = 6.31> <FuncUnit> <Opcode : 'sitofp' 'uitofp'> <InPorts = 1> <OutPorts = 1>
ST_4 : Operation 51 [4/7] (6.31ns)   --->   "%conv9_i = sitofp i32 %p_read_3"   --->   Operation 51 'sitofp' 'conv9_i' <Predicate = true> <Delay = 6.31> <CoreInst = "Int2Float">   --->   Core 62 'Int2Float' <Latency = 6> <II = 1> <Delay = 6.31> <FuncUnit> <Opcode : 'sitofp' 'uitofp'> <InPorts = 1> <OutPorts = 1>

State 5 <SV = 4> <Delay = 6.31>
ST_5 : Operation 52 [3/7] (6.31ns)   --->   "%conv_i = sitofp i32 %p_read_4"   --->   Operation 52 'sitofp' 'conv_i' <Predicate = true> <Delay = 6.31> <CoreInst = "Int2Float">   --->   Core 62 'Int2Float' <Latency = 6> <II = 1> <Delay = 6.31> <FuncUnit> <Opcode : 'sitofp' 'uitofp'> <InPorts = 1> <OutPorts = 1>
ST_5 : Operation 53 [3/7] (6.31ns)   --->   "%conv9_i = sitofp i32 %p_read_3"   --->   Operation 53 'sitofp' 'conv9_i' <Predicate = true> <Delay = 6.31> <CoreInst = "Int2Float">   --->   Core 62 'Int2Float' <Latency = 6> <II = 1> <Delay = 6.31> <FuncUnit> <Opcode : 'sitofp' 'uitofp'> <InPorts = 1> <OutPorts = 1>

State 6 <SV = 5> <Delay = 6.31>
ST_6 : Operation 54 [2/7] (6.31ns)   --->   "%conv_i = sitofp i32 %p_read_4"   --->   Operation 54 'sitofp' 'conv_i' <Predicate = true> <Delay = 6.31> <CoreInst = "Int2Float">   --->   Core 62 'Int2Float' <Latency = 6> <II = 1> <Delay = 6.31> <FuncUnit> <Opcode : 'sitofp' 'uitofp'> <InPorts = 1> <OutPorts = 1>
ST_6 : Operation 55 [2/7] (6.31ns)   --->   "%conv9_i = sitofp i32 %p_read_3"   --->   Operation 55 'sitofp' 'conv9_i' <Predicate = true> <Delay = 6.31> <CoreInst = "Int2Float">   --->   Core 62 'Int2Float' <Latency = 6> <II = 1> <Delay = 6.31> <FuncUnit> <Opcode : 'sitofp' 'uitofp'> <InPorts = 1> <OutPorts = 1>

State 7 <SV = 6> <Delay = 6.31>
ST_7 : Operation 56 [1/7] (6.31ns)   --->   "%conv_i = sitofp i32 %p_read_4"   --->   Operation 56 'sitofp' 'conv_i' <Predicate = true> <Delay = 6.31> <CoreInst = "Int2Float">   --->   Core 62 'Int2Float' <Latency = 6> <II = 1> <Delay = 6.31> <FuncUnit> <Opcode : 'sitofp' 'uitofp'> <InPorts = 1> <OutPorts = 1>
ST_7 : Operation 57 [1/7] (6.31ns)   --->   "%conv9_i = sitofp i32 %p_read_3"   --->   Operation 57 'sitofp' 'conv9_i' <Predicate = true> <Delay = 6.31> <CoreInst = "Int2Float">   --->   Core 62 'Int2Float' <Latency = 6> <II = 1> <Delay = 6.31> <FuncUnit> <Opcode : 'sitofp' 'uitofp'> <InPorts = 1> <OutPorts = 1>

State 8 <SV = 7> <Delay = 4.34>
ST_8 : Operation 58 [9/9] (4.34ns)   --->   "%sub_i = fadd i32 %conv_i, i32 1.31072e+06" [new_fixedpoint2205/Aux_Lib_hw.hpp:106]   --->   Operation 58 'fadd' 'sub_i' <Predicate = true> <Delay = 4.34> <CoreInst = "FAddSub_fulldsp">   --->   Core 18 'FAddSub_fulldsp' <Latency = 8> <II = 1> <Delay = 4.34> <FuncUnit> <Opcode : 'fadd' 'fsub'> <InPorts = 2> <OutPorts = 1>
ST_8 : Operation 59 [9/9] (4.34ns)   --->   "%sub12_i = fadd i32 %conv9_i, i32 -1.31072e+06" [new_fixedpoint2205/Aux_Lib_hw.hpp:107]   --->   Operation 59 'fadd' 'sub12_i' <Predicate = true> <Delay = 4.34> <CoreInst = "FAddSub_fulldsp">   --->   Core 18 'FAddSub_fulldsp' <Latency = 8> <II = 1> <Delay = 4.34> <FuncUnit> <Opcode : 'fadd' 'fsub'> <InPorts = 2> <OutPorts = 1>
ST_8 : Operation 60 [9/9] (4.34ns)   --->   "%sub_i_1 = fadd i32 %conv_i, i32 -1.31072e+06" [new_fixedpoint2205/Aux_Lib_hw.hpp:106]   --->   Operation 60 'fadd' 'sub_i_1' <Predicate = true> <Delay = 4.34> <CoreInst = "FAddSub_fulldsp">   --->   Core 18 'FAddSub_fulldsp' <Latency = 8> <II = 1> <Delay = 4.34> <FuncUnit> <Opcode : 'fadd' 'fsub'> <InPorts = 2> <OutPorts = 1>
ST_8 : Operation 61 [9/9] (4.34ns)   --->   "%sub12_i_2 = fadd i32 %conv9_i, i32 1.31072e+06" [new_fixedpoint2205/Aux_Lib_hw.hpp:107]   --->   Operation 61 'fadd' 'sub12_i_2' <Predicate = true> <Delay = 4.34> <CoreInst = "FAddSub_fulldsp">   --->   Core 18 'FAddSub_fulldsp' <Latency = 8> <II = 1> <Delay = 4.34> <FuncUnit> <Opcode : 'fadd' 'fsub'> <InPorts = 2> <OutPorts = 1>

State 9 <SV = 8> <Delay = 4.34>
ST_9 : Operation 62 [8/9] (4.34ns)   --->   "%sub_i = fadd i32 %conv_i, i32 1.31072e+06" [new_fixedpoint2205/Aux_Lib_hw.hpp:106]   --->   Operation 62 'fadd' 'sub_i' <Predicate = true> <Delay = 4.34> <CoreInst = "FAddSub_fulldsp">   --->   Core 18 'FAddSub_fulldsp' <Latency = 8> <II = 1> <Delay = 4.34> <FuncUnit> <Opcode : 'fadd' 'fsub'> <InPorts = 2> <OutPorts = 1>
ST_9 : Operation 63 [8/9] (4.34ns)   --->   "%sub12_i = fadd i32 %conv9_i, i32 -1.31072e+06" [new_fixedpoint2205/Aux_Lib_hw.hpp:107]   --->   Operation 63 'fadd' 'sub12_i' <Predicate = true> <Delay = 4.34> <CoreInst = "FAddSub_fulldsp">   --->   Core 18 'FAddSub_fulldsp' <Latency = 8> <II = 1> <Delay = 4.34> <FuncUnit> <Opcode : 'fadd' 'fsub'> <InPorts = 2> <OutPorts = 1>
ST_9 : Operation 64 [8/9] (4.34ns)   --->   "%sub_i_1 = fadd i32 %conv_i, i32 -1.31072e+06" [new_fixedpoint2205/Aux_Lib_hw.hpp:106]   --->   Operation 64 'fadd' 'sub_i_1' <Predicate = true> <Delay = 4.34> <CoreInst = "FAddSub_fulldsp">   --->   Core 18 'FAddSub_fulldsp' <Latency = 8> <II = 1> <Delay = 4.34> <FuncUnit> <Opcode : 'fadd' 'fsub'> <InPorts = 2> <OutPorts = 1>
ST_9 : Operation 65 [8/9] (4.34ns)   --->   "%sub12_i_2 = fadd i32 %conv9_i, i32 1.31072e+06" [new_fixedpoint2205/Aux_Lib_hw.hpp:107]   --->   Operation 65 'fadd' 'sub12_i_2' <Predicate = true> <Delay = 4.34> <CoreInst = "FAddSub_fulldsp">   --->   Core 18 'FAddSub_fulldsp' <Latency = 8> <II = 1> <Delay = 4.34> <FuncUnit> <Opcode : 'fadd' 'fsub'> <InPorts = 2> <OutPorts = 1>

State 10 <SV = 9> <Delay = 4.34>
ST_10 : Operation 66 [7/9] (4.34ns)   --->   "%sub_i = fadd i32 %conv_i, i32 1.31072e+06" [new_fixedpoint2205/Aux_Lib_hw.hpp:106]   --->   Operation 66 'fadd' 'sub_i' <Predicate = true> <Delay = 4.34> <CoreInst = "FAddSub_fulldsp">   --->   Core 18 'FAddSub_fulldsp' <Latency = 8> <II = 1> <Delay = 4.34> <FuncUnit> <Opcode : 'fadd' 'fsub'> <InPorts = 2> <OutPorts = 1>
ST_10 : Operation 67 [7/9] (4.34ns)   --->   "%sub12_i = fadd i32 %conv9_i, i32 -1.31072e+06" [new_fixedpoint2205/Aux_Lib_hw.hpp:107]   --->   Operation 67 'fadd' 'sub12_i' <Predicate = true> <Delay = 4.34> <CoreInst = "FAddSub_fulldsp">   --->   Core 18 'FAddSub_fulldsp' <Latency = 8> <II = 1> <Delay = 4.34> <FuncUnit> <Opcode : 'fadd' 'fsub'> <InPorts = 2> <OutPorts = 1>
ST_10 : Operation 68 [7/9] (4.34ns)   --->   "%sub_i_1 = fadd i32 %conv_i, i32 -1.31072e+06" [new_fixedpoint2205/Aux_Lib_hw.hpp:106]   --->   Operation 68 'fadd' 'sub_i_1' <Predicate = true> <Delay = 4.34> <CoreInst = "FAddSub_fulldsp">   --->   Core 18 'FAddSub_fulldsp' <Latency = 8> <II = 1> <Delay = 4.34> <FuncUnit> <Opcode : 'fadd' 'fsub'> <InPorts = 2> <OutPorts = 1>
ST_10 : Operation 69 [7/9] (4.34ns)   --->   "%sub12_i_2 = fadd i32 %conv9_i, i32 1.31072e+06" [new_fixedpoint2205/Aux_Lib_hw.hpp:107]   --->   Operation 69 'fadd' 'sub12_i_2' <Predicate = true> <Delay = 4.34> <CoreInst = "FAddSub_fulldsp">   --->   Core 18 'FAddSub_fulldsp' <Latency = 8> <II = 1> <Delay = 4.34> <FuncUnit> <Opcode : 'fadd' 'fsub'> <InPorts = 2> <OutPorts = 1>

State 11 <SV = 10> <Delay = 4.34>
ST_11 : Operation 70 [6/9] (4.34ns)   --->   "%sub_i = fadd i32 %conv_i, i32 1.31072e+06" [new_fixedpoint2205/Aux_Lib_hw.hpp:106]   --->   Operation 70 'fadd' 'sub_i' <Predicate = true> <Delay = 4.34> <CoreInst = "FAddSub_fulldsp">   --->   Core 18 'FAddSub_fulldsp' <Latency = 8> <II = 1> <Delay = 4.34> <FuncUnit> <Opcode : 'fadd' 'fsub'> <InPorts = 2> <OutPorts = 1>
ST_11 : Operation 71 [6/9] (4.34ns)   --->   "%sub12_i = fadd i32 %conv9_i, i32 -1.31072e+06" [new_fixedpoint2205/Aux_Lib_hw.hpp:107]   --->   Operation 71 'fadd' 'sub12_i' <Predicate = true> <Delay = 4.34> <CoreInst = "FAddSub_fulldsp">   --->   Core 18 'FAddSub_fulldsp' <Latency = 8> <II = 1> <Delay = 4.34> <FuncUnit> <Opcode : 'fadd' 'fsub'> <InPorts = 2> <OutPorts = 1>
ST_11 : Operation 72 [6/9] (4.34ns)   --->   "%sub_i_1 = fadd i32 %conv_i, i32 -1.31072e+06" [new_fixedpoint2205/Aux_Lib_hw.hpp:106]   --->   Operation 72 'fadd' 'sub_i_1' <Predicate = true> <Delay = 4.34> <CoreInst = "FAddSub_fulldsp">   --->   Core 18 'FAddSub_fulldsp' <Latency = 8> <II = 1> <Delay = 4.34> <FuncUnit> <Opcode : 'fadd' 'fsub'> <InPorts = 2> <OutPorts = 1>
ST_11 : Operation 73 [6/9] (4.34ns)   --->   "%sub12_i_2 = fadd i32 %conv9_i, i32 1.31072e+06" [new_fixedpoint2205/Aux_Lib_hw.hpp:107]   --->   Operation 73 'fadd' 'sub12_i_2' <Predicate = true> <Delay = 4.34> <CoreInst = "FAddSub_fulldsp">   --->   Core 18 'FAddSub_fulldsp' <Latency = 8> <II = 1> <Delay = 4.34> <FuncUnit> <Opcode : 'fadd' 'fsub'> <InPorts = 2> <OutPorts = 1>

State 12 <SV = 11> <Delay = 4.34>
ST_12 : Operation 74 [5/9] (4.34ns)   --->   "%sub_i = fadd i32 %conv_i, i32 1.31072e+06" [new_fixedpoint2205/Aux_Lib_hw.hpp:106]   --->   Operation 74 'fadd' 'sub_i' <Predicate = true> <Delay = 4.34> <CoreInst = "FAddSub_fulldsp">   --->   Core 18 'FAddSub_fulldsp' <Latency = 8> <II = 1> <Delay = 4.34> <FuncUnit> <Opcode : 'fadd' 'fsub'> <InPorts = 2> <OutPorts = 1>
ST_12 : Operation 75 [5/9] (4.34ns)   --->   "%sub12_i = fadd i32 %conv9_i, i32 -1.31072e+06" [new_fixedpoint2205/Aux_Lib_hw.hpp:107]   --->   Operation 75 'fadd' 'sub12_i' <Predicate = true> <Delay = 4.34> <CoreInst = "FAddSub_fulldsp">   --->   Core 18 'FAddSub_fulldsp' <Latency = 8> <II = 1> <Delay = 4.34> <FuncUnit> <Opcode : 'fadd' 'fsub'> <InPorts = 2> <OutPorts = 1>
ST_12 : Operation 76 [5/9] (4.34ns)   --->   "%sub_i_1 = fadd i32 %conv_i, i32 -1.31072e+06" [new_fixedpoint2205/Aux_Lib_hw.hpp:106]   --->   Operation 76 'fadd' 'sub_i_1' <Predicate = true> <Delay = 4.34> <CoreInst = "FAddSub_fulldsp">   --->   Core 18 'FAddSub_fulldsp' <Latency = 8> <II = 1> <Delay = 4.34> <FuncUnit> <Opcode : 'fadd' 'fsub'> <InPorts = 2> <OutPorts = 1>
ST_12 : Operation 77 [5/9] (4.34ns)   --->   "%sub12_i_2 = fadd i32 %conv9_i, i32 1.31072e+06" [new_fixedpoint2205/Aux_Lib_hw.hpp:107]   --->   Operation 77 'fadd' 'sub12_i_2' <Predicate = true> <Delay = 4.34> <CoreInst = "FAddSub_fulldsp">   --->   Core 18 'FAddSub_fulldsp' <Latency = 8> <II = 1> <Delay = 4.34> <FuncUnit> <Opcode : 'fadd' 'fsub'> <InPorts = 2> <OutPorts = 1>

State 13 <SV = 12> <Delay = 4.34>
ST_13 : Operation 78 [4/9] (4.34ns)   --->   "%sub_i = fadd i32 %conv_i, i32 1.31072e+06" [new_fixedpoint2205/Aux_Lib_hw.hpp:106]   --->   Operation 78 'fadd' 'sub_i' <Predicate = true> <Delay = 4.34> <CoreInst = "FAddSub_fulldsp">   --->   Core 18 'FAddSub_fulldsp' <Latency = 8> <II = 1> <Delay = 4.34> <FuncUnit> <Opcode : 'fadd' 'fsub'> <InPorts = 2> <OutPorts = 1>
ST_13 : Operation 79 [4/9] (4.34ns)   --->   "%sub12_i = fadd i32 %conv9_i, i32 -1.31072e+06" [new_fixedpoint2205/Aux_Lib_hw.hpp:107]   --->   Operation 79 'fadd' 'sub12_i' <Predicate = true> <Delay = 4.34> <CoreInst = "FAddSub_fulldsp">   --->   Core 18 'FAddSub_fulldsp' <Latency = 8> <II = 1> <Delay = 4.34> <FuncUnit> <Opcode : 'fadd' 'fsub'> <InPorts = 2> <OutPorts = 1>
ST_13 : Operation 80 [4/9] (4.34ns)   --->   "%sub_i_1 = fadd i32 %conv_i, i32 -1.31072e+06" [new_fixedpoint2205/Aux_Lib_hw.hpp:106]   --->   Operation 80 'fadd' 'sub_i_1' <Predicate = true> <Delay = 4.34> <CoreInst = "FAddSub_fulldsp">   --->   Core 18 'FAddSub_fulldsp' <Latency = 8> <II = 1> <Delay = 4.34> <FuncUnit> <Opcode : 'fadd' 'fsub'> <InPorts = 2> <OutPorts = 1>
ST_13 : Operation 81 [4/9] (4.34ns)   --->   "%sub12_i_2 = fadd i32 %conv9_i, i32 1.31072e+06" [new_fixedpoint2205/Aux_Lib_hw.hpp:107]   --->   Operation 81 'fadd' 'sub12_i_2' <Predicate = true> <Delay = 4.34> <CoreInst = "FAddSub_fulldsp">   --->   Core 18 'FAddSub_fulldsp' <Latency = 8> <II = 1> <Delay = 4.34> <FuncUnit> <Opcode : 'fadd' 'fsub'> <InPorts = 2> <OutPorts = 1>

State 14 <SV = 13> <Delay = 4.34>
ST_14 : Operation 82 [3/9] (4.34ns)   --->   "%sub_i = fadd i32 %conv_i, i32 1.31072e+06" [new_fixedpoint2205/Aux_Lib_hw.hpp:106]   --->   Operation 82 'fadd' 'sub_i' <Predicate = true> <Delay = 4.34> <CoreInst = "FAddSub_fulldsp">   --->   Core 18 'FAddSub_fulldsp' <Latency = 8> <II = 1> <Delay = 4.34> <FuncUnit> <Opcode : 'fadd' 'fsub'> <InPorts = 2> <OutPorts = 1>
ST_14 : Operation 83 [3/9] (4.34ns)   --->   "%sub12_i = fadd i32 %conv9_i, i32 -1.31072e+06" [new_fixedpoint2205/Aux_Lib_hw.hpp:107]   --->   Operation 83 'fadd' 'sub12_i' <Predicate = true> <Delay = 4.34> <CoreInst = "FAddSub_fulldsp">   --->   Core 18 'FAddSub_fulldsp' <Latency = 8> <II = 1> <Delay = 4.34> <FuncUnit> <Opcode : 'fadd' 'fsub'> <InPorts = 2> <OutPorts = 1>
ST_14 : Operation 84 [3/9] (4.34ns)   --->   "%sub_i_1 = fadd i32 %conv_i, i32 -1.31072e+06" [new_fixedpoint2205/Aux_Lib_hw.hpp:106]   --->   Operation 84 'fadd' 'sub_i_1' <Predicate = true> <Delay = 4.34> <CoreInst = "FAddSub_fulldsp">   --->   Core 18 'FAddSub_fulldsp' <Latency = 8> <II = 1> <Delay = 4.34> <FuncUnit> <Opcode : 'fadd' 'fsub'> <InPorts = 2> <OutPorts = 1>
ST_14 : Operation 85 [3/9] (4.34ns)   --->   "%sub12_i_2 = fadd i32 %conv9_i, i32 1.31072e+06" [new_fixedpoint2205/Aux_Lib_hw.hpp:107]   --->   Operation 85 'fadd' 'sub12_i_2' <Predicate = true> <Delay = 4.34> <CoreInst = "FAddSub_fulldsp">   --->   Core 18 'FAddSub_fulldsp' <Latency = 8> <II = 1> <Delay = 4.34> <FuncUnit> <Opcode : 'fadd' 'fsub'> <InPorts = 2> <OutPorts = 1>

State 15 <SV = 14> <Delay = 4.34>
ST_15 : Operation 86 [2/9] (4.34ns)   --->   "%sub_i = fadd i32 %conv_i, i32 1.31072e+06" [new_fixedpoint2205/Aux_Lib_hw.hpp:106]   --->   Operation 86 'fadd' 'sub_i' <Predicate = true> <Delay = 4.34> <CoreInst = "FAddSub_fulldsp">   --->   Core 18 'FAddSub_fulldsp' <Latency = 8> <II = 1> <Delay = 4.34> <FuncUnit> <Opcode : 'fadd' 'fsub'> <InPorts = 2> <OutPorts = 1>
ST_15 : Operation 87 [2/9] (4.34ns)   --->   "%sub12_i = fadd i32 %conv9_i, i32 -1.31072e+06" [new_fixedpoint2205/Aux_Lib_hw.hpp:107]   --->   Operation 87 'fadd' 'sub12_i' <Predicate = true> <Delay = 4.34> <CoreInst = "FAddSub_fulldsp">   --->   Core 18 'FAddSub_fulldsp' <Latency = 8> <II = 1> <Delay = 4.34> <FuncUnit> <Opcode : 'fadd' 'fsub'> <InPorts = 2> <OutPorts = 1>
ST_15 : Operation 88 [2/9] (4.34ns)   --->   "%sub_i_1 = fadd i32 %conv_i, i32 -1.31072e+06" [new_fixedpoint2205/Aux_Lib_hw.hpp:106]   --->   Operation 88 'fadd' 'sub_i_1' <Predicate = true> <Delay = 4.34> <CoreInst = "FAddSub_fulldsp">   --->   Core 18 'FAddSub_fulldsp' <Latency = 8> <II = 1> <Delay = 4.34> <FuncUnit> <Opcode : 'fadd' 'fsub'> <InPorts = 2> <OutPorts = 1>
ST_15 : Operation 89 [2/9] (4.34ns)   --->   "%sub12_i_2 = fadd i32 %conv9_i, i32 1.31072e+06" [new_fixedpoint2205/Aux_Lib_hw.hpp:107]   --->   Operation 89 'fadd' 'sub12_i_2' <Predicate = true> <Delay = 4.34> <CoreInst = "FAddSub_fulldsp">   --->   Core 18 'FAddSub_fulldsp' <Latency = 8> <II = 1> <Delay = 4.34> <FuncUnit> <Opcode : 'fadd' 'fsub'> <InPorts = 2> <OutPorts = 1>

State 16 <SV = 15> <Delay = 4.34>
ST_16 : Operation 90 [1/9] (4.34ns)   --->   "%sub_i = fadd i32 %conv_i, i32 1.31072e+06" [new_fixedpoint2205/Aux_Lib_hw.hpp:106]   --->   Operation 90 'fadd' 'sub_i' <Predicate = true> <Delay = 4.34> <CoreInst = "FAddSub_fulldsp">   --->   Core 18 'FAddSub_fulldsp' <Latency = 8> <II = 1> <Delay = 4.34> <FuncUnit> <Opcode : 'fadd' 'fsub'> <InPorts = 2> <OutPorts = 1>
ST_16 : Operation 91 [1/9] (4.34ns)   --->   "%sub12_i = fadd i32 %conv9_i, i32 -1.31072e+06" [new_fixedpoint2205/Aux_Lib_hw.hpp:107]   --->   Operation 91 'fadd' 'sub12_i' <Predicate = true> <Delay = 4.34> <CoreInst = "FAddSub_fulldsp">   --->   Core 18 'FAddSub_fulldsp' <Latency = 8> <II = 1> <Delay = 4.34> <FuncUnit> <Opcode : 'fadd' 'fsub'> <InPorts = 2> <OutPorts = 1>
ST_16 : Operation 92 [1/9] (4.34ns)   --->   "%sub_i_1 = fadd i32 %conv_i, i32 -1.31072e+06" [new_fixedpoint2205/Aux_Lib_hw.hpp:106]   --->   Operation 92 'fadd' 'sub_i_1' <Predicate = true> <Delay = 4.34> <CoreInst = "FAddSub_fulldsp">   --->   Core 18 'FAddSub_fulldsp' <Latency = 8> <II = 1> <Delay = 4.34> <FuncUnit> <Opcode : 'fadd' 'fsub'> <InPorts = 2> <OutPorts = 1>
ST_16 : Operation 93 [1/9] (4.34ns)   --->   "%sub12_i_2 = fadd i32 %conv9_i, i32 1.31072e+06" [new_fixedpoint2205/Aux_Lib_hw.hpp:107]   --->   Operation 93 'fadd' 'sub12_i_2' <Predicate = true> <Delay = 4.34> <CoreInst = "FAddSub_fulldsp">   --->   Core 18 'FAddSub_fulldsp' <Latency = 8> <II = 1> <Delay = 4.34> <FuncUnit> <Opcode : 'fadd' 'fsub'> <InPorts = 2> <OutPorts = 1>

State 17 <SV = 16> <Delay = 2.88>
ST_17 : Operation 94 [4/4] (2.88ns)   --->   "%a_assign = call i29 @__hls_fptosi_float_i32, i32 %sub_i" [new_fixedpoint2205/Aux_Lib_hw.hpp:106]   --->   Operation 94 'call' 'a_assign' <Predicate = true> <Delay = 2.88> <CoreType = "Generic">   --->   Core 0 '' <Latency = 0> <II = 1> <Delay = 1.00> <Generic> <Opcode : >
ST_17 : Operation 95 [4/4] (2.88ns)   --->   "%a_assign_s = call i29 @__hls_fptosi_float_i32, i32 %sub12_i" [new_fixedpoint2205/Aux_Lib_hw.hpp:107]   --->   Operation 95 'call' 'a_assign_s' <Predicate = true> <Delay = 2.88> <CoreType = "Generic">   --->   Core 0 '' <Latency = 0> <II = 1> <Delay = 1.00> <Generic> <Opcode : >
ST_17 : Operation 96 [4/4] (2.88ns)   --->   "%a_assign_1 = call i29 @__hls_fptosi_float_i32, i32 %sub_i_1" [new_fixedpoint2205/Aux_Lib_hw.hpp:106]   --->   Operation 96 'call' 'a_assign_1' <Predicate = true> <Delay = 2.88> <CoreType = "Generic">   --->   Core 0 '' <Latency = 0> <II = 1> <Delay = 1.00> <Generic> <Opcode : >
ST_17 : Operation 97 [4/4] (2.88ns)   --->   "%a_assign_14_2 = call i29 @__hls_fptosi_float_i32, i32 %sub12_i_2" [new_fixedpoint2205/Aux_Lib_hw.hpp:107]   --->   Operation 97 'call' 'a_assign_14_2' <Predicate = true> <Delay = 2.88> <CoreType = "Generic">   --->   Core 0 '' <Latency = 0> <II = 1> <Delay = 1.00> <Generic> <Opcode : >

State 18 <SV = 17> <Delay = 4.42>
ST_18 : Operation 98 [3/4] (4.42ns)   --->   "%a_assign = call i29 @__hls_fptosi_float_i32, i32 %sub_i" [new_fixedpoint2205/Aux_Lib_hw.hpp:106]   --->   Operation 98 'call' 'a_assign' <Predicate = true> <Delay = 4.42> <CoreType = "Generic">   --->   Core 0 '' <Latency = 0> <II = 1> <Delay = 1.00> <Generic> <Opcode : >
ST_18 : Operation 99 [3/4] (4.42ns)   --->   "%a_assign_s = call i29 @__hls_fptosi_float_i32, i32 %sub12_i" [new_fixedpoint2205/Aux_Lib_hw.hpp:107]   --->   Operation 99 'call' 'a_assign_s' <Predicate = true> <Delay = 4.42> <CoreType = "Generic">   --->   Core 0 '' <Latency = 0> <II = 1> <Delay = 1.00> <Generic> <Opcode : >
ST_18 : Operation 100 [3/4] (4.42ns)   --->   "%a_assign_1 = call i29 @__hls_fptosi_float_i32, i32 %sub_i_1" [new_fixedpoint2205/Aux_Lib_hw.hpp:106]   --->   Operation 100 'call' 'a_assign_1' <Predicate = true> <Delay = 4.42> <CoreType = "Generic">   --->   Core 0 '' <Latency = 0> <II = 1> <Delay = 1.00> <Generic> <Opcode : >
ST_18 : Operation 101 [3/4] (4.42ns)   --->   "%a_assign_14_2 = call i29 @__hls_fptosi_float_i32, i32 %sub12_i_2" [new_fixedpoint2205/Aux_Lib_hw.hpp:107]   --->   Operation 101 'call' 'a_assign_14_2' <Predicate = true> <Delay = 4.42> <CoreType = "Generic">   --->   Core 0 '' <Latency = 0> <II = 1> <Delay = 1.00> <Generic> <Opcode : >

State 19 <SV = 18> <Delay = 4.42>
ST_19 : Operation 102 [2/4] (4.42ns)   --->   "%a_assign = call i29 @__hls_fptosi_float_i32, i32 %sub_i" [new_fixedpoint2205/Aux_Lib_hw.hpp:106]   --->   Operation 102 'call' 'a_assign' <Predicate = true> <Delay = 4.42> <CoreType = "Generic">   --->   Core 0 '' <Latency = 0> <II = 1> <Delay = 1.00> <Generic> <Opcode : >
ST_19 : Operation 103 [2/4] (4.42ns)   --->   "%a_assign_s = call i29 @__hls_fptosi_float_i32, i32 %sub12_i" [new_fixedpoint2205/Aux_Lib_hw.hpp:107]   --->   Operation 103 'call' 'a_assign_s' <Predicate = true> <Delay = 4.42> <CoreType = "Generic">   --->   Core 0 '' <Latency = 0> <II = 1> <Delay = 1.00> <Generic> <Opcode : >
ST_19 : Operation 104 [2/4] (4.42ns)   --->   "%a_assign_1 = call i29 @__hls_fptosi_float_i32, i32 %sub_i_1" [new_fixedpoint2205/Aux_Lib_hw.hpp:106]   --->   Operation 104 'call' 'a_assign_1' <Predicate = true> <Delay = 4.42> <CoreType = "Generic">   --->   Core 0 '' <Latency = 0> <II = 1> <Delay = 1.00> <Generic> <Opcode : >
ST_19 : Operation 105 [2/4] (4.42ns)   --->   "%a_assign_14_2 = call i29 @__hls_fptosi_float_i32, i32 %sub12_i_2" [new_fixedpoint2205/Aux_Lib_hw.hpp:107]   --->   Operation 105 'call' 'a_assign_14_2' <Predicate = true> <Delay = 4.42> <CoreType = "Generic">   --->   Core 0 '' <Latency = 0> <II = 1> <Delay = 1.00> <Generic> <Opcode : >

State 20 <SV = 19> <Delay = 3.26>
ST_20 : Operation 106 [1/4] (3.26ns)   --->   "%a_assign = call i29 @__hls_fptosi_float_i32, i32 %sub_i" [new_fixedpoint2205/Aux_Lib_hw.hpp:106]   --->   Operation 106 'call' 'a_assign' <Predicate = true> <Delay = 3.26> <CoreType = "Generic">   --->   Core 0 '' <Latency = 0> <II = 1> <Delay = 1.00> <Generic> <Opcode : >
ST_20 : Operation 107 [1/1] (0.00ns)   --->   "%trunc_ln34 = trunc i29 %a_assign" [new_fixedpoint2205/fixedpt.h:34]   --->   Operation 107 'trunc' 'trunc_ln34' <Predicate = true> <Delay = 0.00>
ST_20 : Operation 108 [1/4] (3.26ns)   --->   "%a_assign_s = call i29 @__hls_fptosi_float_i32, i32 %sub12_i" [new_fixedpoint2205/Aux_Lib_hw.hpp:107]   --->   Operation 108 'call' 'a_assign_s' <Predicate = true> <Delay = 3.26> <CoreType = "Generic">   --->   Core 0 '' <Latency = 0> <II = 1> <Delay = 1.00> <Generic> <Opcode : >
ST_20 : Operation 109 [1/4] (3.26ns)   --->   "%a_assign_1 = call i29 @__hls_fptosi_float_i32, i32 %sub_i_1" [new_fixedpoint2205/Aux_Lib_hw.hpp:106]   --->   Operation 109 'call' 'a_assign_1' <Predicate = true> <Delay = 3.26> <CoreType = "Generic">   --->   Core 0 '' <Latency = 0> <II = 1> <Delay = 1.00> <Generic> <Opcode : >
ST_20 : Operation 110 [1/4] (3.26ns)   --->   "%a_assign_14_2 = call i29 @__hls_fptosi_float_i32, i32 %sub12_i_2" [new_fixedpoint2205/Aux_Lib_hw.hpp:107]   --->   Operation 110 'call' 'a_assign_14_2' <Predicate = true> <Delay = 3.26> <CoreType = "Generic">   --->   Core 0 '' <Latency = 0> <II = 1> <Delay = 1.00> <Generic> <Opcode : >

State 21 <SV = 20> <Delay = 4.88>
ST_21 : Operation 111 [1/1] (0.00ns)   --->   "%p_shl = bitconcatenate i48 @_ssdm_op_BitConcatenate.i48.i27.i21, i27 %trunc_ln34, i21 0" [new_fixedpoint2205/fixedpt.h:34]   --->   Operation 111 'bitconcatenate' 'p_shl' <Predicate = true> <Delay = 0.00>
ST_21 : Operation 112 [1/1] (0.00ns)   --->   "%p_shl1 = bitconcatenate i48 @_ssdm_op_BitConcatenate.i48.i29.i19, i29 %a_assign, i19 0" [new_fixedpoint2205/fixedpt.h:34]   --->   Operation 112 'bitconcatenate' 'p_shl1' <Predicate = true> <Delay = 0.00>
ST_21 : Operation 113 [1/1] (3.10ns)   --->   "%add_ln34 = add i48 %p_shl, i48 %p_shl1" [new_fixedpoint2205/fixedpt.h:34]   --->   Operation 113 'add' 'add_ln34' <Predicate = true> <Delay = 3.10> <CoreInst = "Adder">   --->   Core 1 'Adder' <Latency = 0> <II = 1> <Delay = 2.55> <FuncUnit> <Opcode : 'add' 'sub'> <InPorts = 2> <OutPorts = 1>
ST_21 : Operation 114 [1/1] (0.00ns)   --->   "%trunc_ln = partselect i32 @_ssdm_op_PartSelect.i32.i48.i32.i32, i48 %add_ln34, i32 16, i32 47" [new_fixedpoint2205/fixedpt.h:34]   --->   Operation 114 'partselect' 'trunc_ln' <Predicate = true> <Delay = 0.00>
ST_21 : Operation 115 [1/1] (0.00ns)   --->   "%tmp = bitselect i1 @_ssdm_op_BitSelect.i1.i48.i32, i48 %add_ln34, i32 47" [new_fixedpoint2205/fixedpt.h:39]   --->   Operation 115 'bitselect' 'tmp' <Predicate = true> <Delay = 0.00>
ST_21 : Operation 116 [1/1] (0.00ns)   --->   "%trunc_ln34_22 = trunc i29 %a_assign_s" [new_fixedpoint2205/fixedpt.h:34]   --->   Operation 116 'trunc' 'trunc_ln34_22' <Predicate = true> <Delay = 0.00>
ST_21 : Operation 117 [1/1] (0.00ns)   --->   "%p_shl2 = bitconcatenate i48 @_ssdm_op_BitConcatenate.i48.i27.i21, i27 %trunc_ln34_22, i21 0" [new_fixedpoint2205/fixedpt.h:34]   --->   Operation 117 'bitconcatenate' 'p_shl2' <Predicate = true> <Delay = 0.00>
ST_21 : Operation 118 [1/1] (0.00ns) (grouped into TernaryAdder)   --->   "%sub_ln34 = sub i48 0, i48 %p_shl2" [new_fixedpoint2205/fixedpt.h:34]   --->   Operation 118 'sub' 'sub_ln34' <Predicate = true> <Delay = 0.00> <CoreInst = "TAddSub">   --->   Core 10 'TAddSub' <Latency = 0> <II = 1> <Delay = 2.44> <IPBlock> <Opcode : 'add' 'sub'> <InPorts = 3> <OutPorts = 1> <Sync> <CReg>
ST_21 : Operation 119 [1/1] (0.00ns)   --->   "%p_shl3 = bitconcatenate i48 @_ssdm_op_BitConcatenate.i48.i29.i19, i29 %a_assign_s, i19 0" [new_fixedpoint2205/fixedpt.h:34]   --->   Operation 119 'bitconcatenate' 'p_shl3' <Predicate = true> <Delay = 0.00>
ST_21 : Operation 120 [1/1] (4.88ns) (root node of TernaryAdder)   --->   "%sub_ln34_1 = sub i48 %sub_ln34, i48 %p_shl3" [new_fixedpoint2205/fixedpt.h:34]   --->   Operation 120 'sub' 'sub_ln34_1' <Predicate = true> <Delay = 4.88> <CoreInst = "TAddSub">   --->   Core 10 'TAddSub' <Latency = 0> <II = 1> <Delay = 2.44> <IPBlock> <Opcode : 'add' 'sub'> <InPorts = 3> <OutPorts = 1> <Sync> <CReg>
ST_21 : Operation 121 [1/1] (0.00ns)   --->   "%tmp_s = partselect i32 @_ssdm_op_PartSelect.i32.i48.i32.i32, i48 %sub_ln34_1, i32 16, i32 47" [new_fixedpoint2205/fixedpt.h:39]   --->   Operation 121 'partselect' 'tmp_s' <Predicate = true> <Delay = 0.00>
ST_21 : Operation 122 [1/1] (0.00ns)   --->   "%tmp_52 = bitselect i1 @_ssdm_op_BitSelect.i1.i48.i32, i48 %sub_ln34_1, i32 47" [new_fixedpoint2205/fixedpt.h:39]   --->   Operation 122 'bitselect' 'tmp_52' <Predicate = true> <Delay = 0.00>
ST_21 : Operation 123 [1/1] (0.00ns)   --->   "%trunc_ln34_24 = trunc i29 %a_assign_1" [new_fixedpoint2205/fixedpt.h:34]   --->   Operation 123 'trunc' 'trunc_ln34_24' <Predicate = true> <Delay = 0.00>
ST_21 : Operation 124 [1/1] (0.00ns)   --->   "%p_shl6 = bitconcatenate i48 @_ssdm_op_BitConcatenate.i48.i27.i21, i27 %trunc_ln34_24, i21 0" [new_fixedpoint2205/fixedpt.h:34]   --->   Operation 124 'bitconcatenate' 'p_shl6' <Predicate = true> <Delay = 0.00>
ST_21 : Operation 125 [1/1] (0.00ns) (grouped into TernaryAdder)   --->   "%sub_ln34_4 = sub i48 0, i48 %p_shl6" [new_fixedpoint2205/fixedpt.h:34]   --->   Operation 125 'sub' 'sub_ln34_4' <Predicate = true> <Delay = 0.00> <CoreInst = "TAddSub">   --->   Core 10 'TAddSub' <Latency = 0> <II = 1> <Delay = 2.44> <IPBlock> <Opcode : 'add' 'sub'> <InPorts = 3> <OutPorts = 1> <Sync> <CReg>
ST_21 : Operation 126 [1/1] (0.00ns)   --->   "%p_shl7 = bitconcatenate i48 @_ssdm_op_BitConcatenate.i48.i29.i19, i29 %a_assign_1, i19 0" [new_fixedpoint2205/fixedpt.h:34]   --->   Operation 126 'bitconcatenate' 'p_shl7' <Predicate = true> <Delay = 0.00>
ST_21 : Operation 127 [1/1] (4.88ns) (root node of TernaryAdder)   --->   "%sub_ln34_5 = sub i48 %sub_ln34_4, i48 %p_shl7" [new_fixedpoint2205/fixedpt.h:34]   --->   Operation 127 'sub' 'sub_ln34_5' <Predicate = true> <Delay = 4.88> <CoreInst = "TAddSub">   --->   Core 10 'TAddSub' <Latency = 0> <II = 1> <Delay = 2.44> <IPBlock> <Opcode : 'add' 'sub'> <InPorts = 3> <OutPorts = 1> <Sync> <CReg>
ST_21 : Operation 128 [1/1] (0.00ns)   --->   "%tmp_9 = partselect i32 @_ssdm_op_PartSelect.i32.i48.i32.i32, i48 %sub_ln34_5, i32 16, i32 47" [new_fixedpoint2205/fixedpt.h:39]   --->   Operation 128 'partselect' 'tmp_9' <Predicate = true> <Delay = 0.00>
ST_21 : Operation 129 [1/1] (0.00ns)   --->   "%tmp_59 = bitselect i1 @_ssdm_op_BitSelect.i1.i48.i32, i48 %sub_ln34_5, i32 47" [new_fixedpoint2205/fixedpt.h:39]   --->   Operation 129 'bitselect' 'tmp_59' <Predicate = true> <Delay = 0.00>
ST_21 : Operation 130 [1/1] (0.00ns)   --->   "%trunc_ln34_26 = trunc i29 %a_assign_14_2" [new_fixedpoint2205/fixedpt.h:34]   --->   Operation 130 'trunc' 'trunc_ln34_26' <Predicate = true> <Delay = 0.00>
ST_21 : Operation 131 [1/1] (0.00ns)   --->   "%p_shl12 = bitconcatenate i48 @_ssdm_op_BitConcatenate.i48.i27.i21, i27 %trunc_ln34_26, i21 0" [new_fixedpoint2205/fixedpt.h:34]   --->   Operation 131 'bitconcatenate' 'p_shl12' <Predicate = true> <Delay = 0.00>
ST_21 : Operation 132 [1/1] (0.00ns)   --->   "%p_shl13 = bitconcatenate i48 @_ssdm_op_BitConcatenate.i48.i29.i19, i29 %a_assign_14_2, i19 0" [new_fixedpoint2205/fixedpt.h:34]   --->   Operation 132 'bitconcatenate' 'p_shl13' <Predicate = true> <Delay = 0.00>
ST_21 : Operation 133 [1/1] (3.10ns)   --->   "%add_ln34_2 = add i48 %p_shl12, i48 %p_shl13" [new_fixedpoint2205/fixedpt.h:34]   --->   Operation 133 'add' 'add_ln34_2' <Predicate = true> <Delay = 3.10> <CoreInst = "Adder">   --->   Core 1 'Adder' <Latency = 0> <II = 1> <Delay = 2.55> <FuncUnit> <Opcode : 'add' 'sub'> <InPorts = 2> <OutPorts = 1>
ST_21 : Operation 134 [1/1] (0.00ns)   --->   "%tmp_10 = partselect i32 @_ssdm_op_PartSelect.i32.i48.i32.i32, i48 %add_ln34_2, i32 16, i32 47" [new_fixedpoint2205/fixedpt.h:39]   --->   Operation 134 'partselect' 'tmp_10' <Predicate = true> <Delay = 0.00>
ST_21 : Operation 135 [1/1] (0.00ns)   --->   "%tmp_66 = bitselect i1 @_ssdm_op_BitSelect.i1.i48.i32, i48 %add_ln34_2, i32 47" [new_fixedpoint2205/fixedpt.h:39]   --->   Operation 135 'bitselect' 'tmp_66' <Predicate = true> <Delay = 0.00>

State 22 <SV = 21> <Delay = 3.94>
ST_22 : Operation 136 [1/1] (0.00ns)   --->   "%shl_ln = bitconcatenate i48 @_ssdm_op_BitConcatenate.i48.i32.i16, i32 %trunc_ln, i16 0" [new_fixedpoint2205/fixedpt.h:39]   --->   Operation 136 'bitconcatenate' 'shl_ln' <Predicate = true> <Delay = 0.00>
ST_22 : Operation 137 [1/1] (0.00ns)   --->   "%sext_ln39_6 = sext i48 %shl_ln" [new_fixedpoint2205/fixedpt.h:39]   --->   Operation 137 'sext' 'sext_ln39_6' <Predicate = true> <Delay = 0.00>
ST_22 : Operation 138 [3/3] (3.94ns)   --->   "%mul_ln39 = mul i97 %sext_ln39_6, i97 360287970189640" [new_fixedpoint2205/fixedpt.h:39]   --->   Operation 138 'mul' 'mul_ln39' <Predicate = true> <Delay = 3.94> <CoreInst = "Mul_DSP">   --->   Core 5 'Mul_DSP' <Latency = 2> <II = 1> <Delay = 3.94> <FuncUnit> <Opcode : 'mul'> <InPorts = 2> <OutPorts = 1>
ST_22 : Operation 139 [1/1] (0.00ns)   --->   "%shl_ln39_1 = bitconcatenate i48 @_ssdm_op_BitConcatenate.i48.i32.i16, i32 %tmp_s, i16 0" [new_fixedpoint2205/fixedpt.h:39]   --->   Operation 139 'bitconcatenate' 'shl_ln39_1' <Predicate = true> <Delay = 0.00>
ST_22 : Operation 140 [1/1] (0.00ns)   --->   "%sext_ln39_10 = sext i48 %shl_ln39_1" [new_fixedpoint2205/fixedpt.h:39]   --->   Operation 140 'sext' 'sext_ln39_10' <Predicate = true> <Delay = 0.00>
ST_22 : Operation 141 [3/3] (3.94ns)   --->   "%mul_ln39_3 = mul i97 %sext_ln39_10, i97 360287970189640" [new_fixedpoint2205/fixedpt.h:39]   --->   Operation 141 'mul' 'mul_ln39_3' <Predicate = true> <Delay = 3.94> <CoreInst = "Mul_DSP">   --->   Core 5 'Mul_DSP' <Latency = 2> <II = 1> <Delay = 3.94> <FuncUnit> <Opcode : 'mul'> <InPorts = 2> <OutPorts = 1>
ST_22 : Operation 142 [1/1] (0.00ns)   --->   "%shl_ln39_2 = bitconcatenate i48 @_ssdm_op_BitConcatenate.i48.i32.i16, i32 %tmp_9, i16 0" [new_fixedpoint2205/fixedpt.h:39]   --->   Operation 142 'bitconcatenate' 'shl_ln39_2' <Predicate = true> <Delay = 0.00>
ST_22 : Operation 143 [1/1] (0.00ns)   --->   "%sext_ln39_14 = sext i48 %shl_ln39_2" [new_fixedpoint2205/fixedpt.h:39]   --->   Operation 143 'sext' 'sext_ln39_14' <Predicate = true> <Delay = 0.00>
ST_22 : Operation 144 [3/3] (3.94ns)   --->   "%mul_ln39_5 = mul i97 %sext_ln39_14, i97 360287970189640" [new_fixedpoint2205/fixedpt.h:39]   --->   Operation 144 'mul' 'mul_ln39_5' <Predicate = true> <Delay = 3.94> <CoreInst = "Mul_DSP">   --->   Core 5 'Mul_DSP' <Latency = 2> <II = 1> <Delay = 3.94> <FuncUnit> <Opcode : 'mul'> <InPorts = 2> <OutPorts = 1>
ST_22 : Operation 145 [1/1] (0.00ns)   --->   "%shl_ln39_3 = bitconcatenate i48 @_ssdm_op_BitConcatenate.i48.i32.i16, i32 %tmp_10, i16 0" [new_fixedpoint2205/fixedpt.h:39]   --->   Operation 145 'bitconcatenate' 'shl_ln39_3' <Predicate = true> <Delay = 0.00>
ST_22 : Operation 146 [1/1] (0.00ns)   --->   "%sext_ln39_18 = sext i48 %shl_ln39_3" [new_fixedpoint2205/fixedpt.h:39]   --->   Operation 146 'sext' 'sext_ln39_18' <Predicate = true> <Delay = 0.00>
ST_22 : Operation 147 [3/3] (3.94ns)   --->   "%mul_ln39_7 = mul i97 %sext_ln39_18, i97 360287970189640" [new_fixedpoint2205/fixedpt.h:39]   --->   Operation 147 'mul' 'mul_ln39_7' <Predicate = true> <Delay = 3.94> <CoreInst = "Mul_DSP">   --->   Core 5 'Mul_DSP' <Latency = 2> <II = 1> <Delay = 3.94> <FuncUnit> <Opcode : 'mul'> <InPorts = 2> <OutPorts = 1>

State 23 <SV = 22> <Delay = 3.94>
ST_23 : Operation 148 [2/3] (3.94ns)   --->   "%mul_ln39 = mul i97 %sext_ln39_6, i97 360287970189640" [new_fixedpoint2205/fixedpt.h:39]   --->   Operation 148 'mul' 'mul_ln39' <Predicate = true> <Delay = 3.94> <CoreInst = "Mul_DSP">   --->   Core 5 'Mul_DSP' <Latency = 2> <II = 1> <Delay = 3.94> <FuncUnit> <Opcode : 'mul'> <InPorts = 2> <OutPorts = 1>
ST_23 : Operation 149 [2/3] (3.94ns)   --->   "%mul_ln39_3 = mul i97 %sext_ln39_10, i97 360287970189640" [new_fixedpoint2205/fixedpt.h:39]   --->   Operation 149 'mul' 'mul_ln39_3' <Predicate = true> <Delay = 3.94> <CoreInst = "Mul_DSP">   --->   Core 5 'Mul_DSP' <Latency = 2> <II = 1> <Delay = 3.94> <FuncUnit> <Opcode : 'mul'> <InPorts = 2> <OutPorts = 1>
ST_23 : Operation 150 [2/3] (3.94ns)   --->   "%mul_ln39_5 = mul i97 %sext_ln39_14, i97 360287970189640" [new_fixedpoint2205/fixedpt.h:39]   --->   Operation 150 'mul' 'mul_ln39_5' <Predicate = true> <Delay = 3.94> <CoreInst = "Mul_DSP">   --->   Core 5 'Mul_DSP' <Latency = 2> <II = 1> <Delay = 3.94> <FuncUnit> <Opcode : 'mul'> <InPorts = 2> <OutPorts = 1>
ST_23 : Operation 151 [2/3] (3.94ns)   --->   "%mul_ln39_7 = mul i97 %sext_ln39_18, i97 360287970189640" [new_fixedpoint2205/fixedpt.h:39]   --->   Operation 151 'mul' 'mul_ln39_7' <Predicate = true> <Delay = 3.94> <CoreInst = "Mul_DSP">   --->   Core 5 'Mul_DSP' <Latency = 2> <II = 1> <Delay = 3.94> <FuncUnit> <Opcode : 'mul'> <InPorts = 2> <OutPorts = 1>

State 24 <SV = 23> <Delay = 3.94>
ST_24 : Operation 152 [1/3] (3.94ns)   --->   "%mul_ln39 = mul i97 %sext_ln39_6, i97 360287970189640" [new_fixedpoint2205/fixedpt.h:39]   --->   Operation 152 'mul' 'mul_ln39' <Predicate = true> <Delay = 3.94> <CoreInst = "Mul_DSP">   --->   Core 5 'Mul_DSP' <Latency = 2> <II = 1> <Delay = 3.94> <FuncUnit> <Opcode : 'mul'> <InPorts = 2> <OutPorts = 1>
ST_24 : Operation 153 [1/1] (0.00ns)   --->   "%tmp_47 = partselect i22 @_ssdm_op_PartSelect.i22.i97.i32.i32, i97 %mul_ln39, i32 75, i32 96" [new_fixedpoint2205/fixedpt.h:39]   --->   Operation 153 'partselect' 'tmp_47' <Predicate = true> <Delay = 0.00>
ST_24 : Operation 154 [1/3] (3.94ns)   --->   "%mul_ln39_3 = mul i97 %sext_ln39_10, i97 360287970189640" [new_fixedpoint2205/fixedpt.h:39]   --->   Operation 154 'mul' 'mul_ln39_3' <Predicate = true> <Delay = 3.94> <CoreInst = "Mul_DSP">   --->   Core 5 'Mul_DSP' <Latency = 2> <II = 1> <Delay = 3.94> <FuncUnit> <Opcode : 'mul'> <InPorts = 2> <OutPorts = 1>
ST_24 : Operation 155 [1/1] (0.00ns)   --->   "%tmp_54 = partselect i22 @_ssdm_op_PartSelect.i22.i97.i32.i32, i97 %mul_ln39_3, i32 75, i32 96" [new_fixedpoint2205/fixedpt.h:39]   --->   Operation 155 'partselect' 'tmp_54' <Predicate = true> <Delay = 0.00>
ST_24 : Operation 156 [1/3] (3.94ns)   --->   "%mul_ln39_5 = mul i97 %sext_ln39_14, i97 360287970189640" [new_fixedpoint2205/fixedpt.h:39]   --->   Operation 156 'mul' 'mul_ln39_5' <Predicate = true> <Delay = 3.94> <CoreInst = "Mul_DSP">   --->   Core 5 'Mul_DSP' <Latency = 2> <II = 1> <Delay = 3.94> <FuncUnit> <Opcode : 'mul'> <InPorts = 2> <OutPorts = 1>
ST_24 : Operation 157 [1/1] (0.00ns)   --->   "%tmp_61 = partselect i22 @_ssdm_op_PartSelect.i22.i97.i32.i32, i97 %mul_ln39_5, i32 75, i32 96" [new_fixedpoint2205/fixedpt.h:39]   --->   Operation 157 'partselect' 'tmp_61' <Predicate = true> <Delay = 0.00>
ST_24 : Operation 158 [1/3] (3.94ns)   --->   "%mul_ln39_7 = mul i97 %sext_ln39_18, i97 360287970189640" [new_fixedpoint2205/fixedpt.h:39]   --->   Operation 158 'mul' 'mul_ln39_7' <Predicate = true> <Delay = 3.94> <CoreInst = "Mul_DSP">   --->   Core 5 'Mul_DSP' <Latency = 2> <II = 1> <Delay = 3.94> <FuncUnit> <Opcode : 'mul'> <InPorts = 2> <OutPorts = 1>
ST_24 : Operation 159 [1/1] (0.00ns)   --->   "%tmp_68 = partselect i22 @_ssdm_op_PartSelect.i22.i97.i32.i32, i97 %mul_ln39_7, i32 75, i32 96" [new_fixedpoint2205/fixedpt.h:39]   --->   Operation 159 'partselect' 'tmp_68' <Predicate = true> <Delay = 0.00>

State 25 <SV = 24> <Delay = 4.46>
ST_25 : Operation 160 [1/1] (4.46ns)   --->   "%sub_ln39 = sub i97 0, i97 %mul_ln39" [new_fixedpoint2205/fixedpt.h:39]   --->   Operation 160 'sub' 'sub_ln39' <Predicate = (tmp)> <Delay = 4.46> <CoreInst = "Adder">   --->   Core 1 'Adder' <Latency = 0> <II = 1> <Delay = 2.55> <FuncUnit> <Opcode : 'add' 'sub'> <InPorts = 2> <OutPorts = 1>
ST_25 : Operation 161 [1/1] (4.46ns)   --->   "%sub_ln39_7 = sub i97 0, i97 %mul_ln39_3" [new_fixedpoint2205/fixedpt.h:39]   --->   Operation 161 'sub' 'sub_ln39_7' <Predicate = (tmp_52)> <Delay = 4.46> <CoreInst = "Adder">   --->   Core 1 'Adder' <Latency = 0> <II = 1> <Delay = 2.55> <FuncUnit> <Opcode : 'add' 'sub'> <InPorts = 2> <OutPorts = 1>
ST_25 : Operation 162 [1/1] (4.46ns)   --->   "%sub_ln39_11 = sub i97 0, i97 %mul_ln39_5" [new_fixedpoint2205/fixedpt.h:39]   --->   Operation 162 'sub' 'sub_ln39_11' <Predicate = (tmp_59)> <Delay = 4.46> <CoreInst = "Adder">   --->   Core 1 'Adder' <Latency = 0> <II = 1> <Delay = 2.55> <FuncUnit> <Opcode : 'add' 'sub'> <InPorts = 2> <OutPorts = 1>
ST_25 : Operation 163 [1/1] (4.46ns)   --->   "%sub_ln39_15 = sub i97 0, i97 %mul_ln39_7" [new_fixedpoint2205/fixedpt.h:39]   --->   Operation 163 'sub' 'sub_ln39_15' <Predicate = (tmp_66)> <Delay = 4.46> <CoreInst = "Adder">   --->   Core 1 'Adder' <Latency = 0> <II = 1> <Delay = 2.55> <FuncUnit> <Opcode : 'add' 'sub'> <InPorts = 2> <OutPorts = 1>

State 26 <SV = 25> <Delay = 2.25>
ST_26 : Operation 164 [1/1] (0.00ns) (grouped into LUT with out node sub_ln39_4)   --->   "%tmp_46 = partselect i22 @_ssdm_op_PartSelect.i22.i97.i32.i32, i97 %sub_ln39, i32 75, i32 96" [new_fixedpoint2205/fixedpt.h:39]   --->   Operation 164 'partselect' 'tmp_46' <Predicate = (tmp)> <Delay = 0.00>
ST_26 : Operation 165 [1/1] (0.00ns) (grouped into LUT with out node sub_ln39_4)   --->   "%select_ln39 = select i1 %tmp, i22 %tmp_46, i22 %tmp_47" [new_fixedpoint2205/fixedpt.h:39]   --->   Operation 165 'select' 'select_ln39' <Predicate = (tmp)> <Delay = 0.00> <CoreInst = "Sel">   --->   Core 73 'Sel' <Latency = 0> <II = 1> <Delay = 0.70> <FuncUnit> <Opcode : 'select'> <InPorts = 3> <OutPorts = 1>
ST_26 : Operation 166 [1/1] (2.25ns) (out node of the LUT)   --->   "%sub_ln39_4 = sub i22 0, i22 %select_ln39" [new_fixedpoint2205/fixedpt.h:39]   --->   Operation 166 'sub' 'sub_ln39_4' <Predicate = (tmp)> <Delay = 2.25> <CoreInst = "Adder">   --->   Core 1 'Adder' <Latency = 0> <II = 1> <Delay = 2.55> <FuncUnit> <Opcode : 'add' 'sub'> <InPorts = 2> <OutPorts = 1>
ST_26 : Operation 167 [1/1] (0.00ns) (grouped into LUT with out node sub_ln39_8)   --->   "%tmp_53 = partselect i22 @_ssdm_op_PartSelect.i22.i97.i32.i32, i97 %sub_ln39_7, i32 75, i32 96" [new_fixedpoint2205/fixedpt.h:39]   --->   Operation 167 'partselect' 'tmp_53' <Predicate = (tmp_52)> <Delay = 0.00>
ST_26 : Operation 168 [1/1] (0.00ns) (grouped into LUT with out node sub_ln39_8)   --->   "%select_ln39_7 = select i1 %tmp_52, i22 %tmp_53, i22 %tmp_54" [new_fixedpoint2205/fixedpt.h:39]   --->   Operation 168 'select' 'select_ln39_7' <Predicate = (tmp_52)> <Delay = 0.00> <CoreInst = "Sel">   --->   Core 73 'Sel' <Latency = 0> <II = 1> <Delay = 0.70> <FuncUnit> <Opcode : 'select'> <InPorts = 3> <OutPorts = 1>
ST_26 : Operation 169 [1/1] (2.25ns) (out node of the LUT)   --->   "%sub_ln39_8 = sub i22 0, i22 %select_ln39_7" [new_fixedpoint2205/fixedpt.h:39]   --->   Operation 169 'sub' 'sub_ln39_8' <Predicate = (tmp_52)> <Delay = 2.25> <CoreInst = "Adder">   --->   Core 1 'Adder' <Latency = 0> <II = 1> <Delay = 2.55> <FuncUnit> <Opcode : 'add' 'sub'> <InPorts = 2> <OutPorts = 1>
ST_26 : Operation 170 [1/1] (0.00ns) (grouped into LUT with out node sub_ln39_12)   --->   "%tmp_60 = partselect i22 @_ssdm_op_PartSelect.i22.i97.i32.i32, i97 %sub_ln39_11, i32 75, i32 96" [new_fixedpoint2205/fixedpt.h:39]   --->   Operation 170 'partselect' 'tmp_60' <Predicate = (tmp_59)> <Delay = 0.00>
ST_26 : Operation 171 [1/1] (0.00ns) (grouped into LUT with out node sub_ln39_12)   --->   "%select_ln39_11 = select i1 %tmp_59, i22 %tmp_60, i22 %tmp_61" [new_fixedpoint2205/fixedpt.h:39]   --->   Operation 171 'select' 'select_ln39_11' <Predicate = (tmp_59)> <Delay = 0.00> <CoreInst = "Sel">   --->   Core 73 'Sel' <Latency = 0> <II = 1> <Delay = 0.70> <FuncUnit> <Opcode : 'select'> <InPorts = 3> <OutPorts = 1>
ST_26 : Operation 172 [1/1] (2.25ns) (out node of the LUT)   --->   "%sub_ln39_12 = sub i22 0, i22 %select_ln39_11" [new_fixedpoint2205/fixedpt.h:39]   --->   Operation 172 'sub' 'sub_ln39_12' <Predicate = (tmp_59)> <Delay = 2.25> <CoreInst = "Adder">   --->   Core 1 'Adder' <Latency = 0> <II = 1> <Delay = 2.55> <FuncUnit> <Opcode : 'add' 'sub'> <InPorts = 2> <OutPorts = 1>
ST_26 : Operation 173 [1/1] (0.00ns) (grouped into LUT with out node sub_ln39_16)   --->   "%tmp_67 = partselect i22 @_ssdm_op_PartSelect.i22.i97.i32.i32, i97 %sub_ln39_15, i32 75, i32 96" [new_fixedpoint2205/fixedpt.h:39]   --->   Operation 173 'partselect' 'tmp_67' <Predicate = (tmp_66)> <Delay = 0.00>
ST_26 : Operation 174 [1/1] (0.00ns) (grouped into LUT with out node sub_ln39_16)   --->   "%select_ln39_15 = select i1 %tmp_66, i22 %tmp_67, i22 %tmp_68" [new_fixedpoint2205/fixedpt.h:39]   --->   Operation 174 'select' 'select_ln39_15' <Predicate = (tmp_66)> <Delay = 0.00> <CoreInst = "Sel">   --->   Core 73 'Sel' <Latency = 0> <II = 1> <Delay = 0.70> <FuncUnit> <Opcode : 'select'> <InPorts = 3> <OutPorts = 1>
ST_26 : Operation 175 [1/1] (2.25ns) (out node of the LUT)   --->   "%sub_ln39_16 = sub i22 0, i22 %select_ln39_15" [new_fixedpoint2205/fixedpt.h:39]   --->   Operation 175 'sub' 'sub_ln39_16' <Predicate = (tmp_66)> <Delay = 2.25> <CoreInst = "Adder">   --->   Core 1 'Adder' <Latency = 0> <II = 1> <Delay = 2.55> <FuncUnit> <Opcode : 'add' 'sub'> <InPorts = 2> <OutPorts = 1>

State 27 <SV = 26> <Delay = 4.88>
ST_27 : Operation 176 [1/1] (0.70ns)   --->   "%select_ln39_4 = select i1 %tmp, i22 %sub_ln39_4, i22 %tmp_47" [new_fixedpoint2205/fixedpt.h:39]   --->   Operation 176 'select' 'select_ln39_4' <Predicate = true> <Delay = 0.70> <CoreInst = "Sel">   --->   Core 73 'Sel' <Latency = 0> <II = 1> <Delay = 0.70> <FuncUnit> <Opcode : 'select'> <InPorts = 3> <OutPorts = 1>
ST_27 : Operation 177 [1/1] (0.00ns) (grouped into LUT with out node and_ln115)   --->   "%tmp_48 = bitselect i1 @_ssdm_op_BitSelect.i1.i22.i32, i22 %select_ln39_4, i32 21" [new_fixedpoint2205/Aux_Lib_hw.hpp:115]   --->   Operation 177 'bitselect' 'tmp_48' <Predicate = true> <Delay = 0.00>
ST_27 : Operation 178 [1/1] (0.00ns) (grouped into LUT with out node and_ln115)   --->   "%xor_ln115 = xor i1 %tmp_48, i1 1" [new_fixedpoint2205/Aux_Lib_hw.hpp:115]   --->   Operation 178 'xor' 'xor_ln115' <Predicate = true> <Delay = 0.00> <CoreInst = "LogicGate">   --->   Core 74 'LogicGate' <Latency = 0> <II = 1> <Delay = 0.97> <FuncUnit> <Opcode : 'and' 'or' 'xor'> <InPorts = 2> <OutPorts = 1>
ST_27 : Operation 179 [1/1] (2.44ns)   --->   "%icmp_ln115 = icmp_slt  i22 %select_ln39_4, i22 65537" [new_fixedpoint2205/Aux_Lib_hw.hpp:115]   --->   Operation 179 'icmp' 'icmp_ln115' <Predicate = true> <Delay = 2.44> <CoreInst = "Cmp">   --->   Core 9 'Cmp' <Latency = 0> <II = 1> <Delay = 2.44> <FuncUnit> <Opcode : 'icmp'> <InPorts = 2> <OutPorts = 1>
ST_27 : Operation 180 [1/1] (0.97ns) (out node of the LUT)   --->   "%and_ln115 = and i1 %icmp_ln115, i1 %xor_ln115" [new_fixedpoint2205/Aux_Lib_hw.hpp:115]   --->   Operation 180 'and' 'and_ln115' <Predicate = true> <Delay = 0.97> <CoreInst = "LogicGate">   --->   Core 74 'LogicGate' <Latency = 0> <II = 1> <Delay = 0.97> <FuncUnit> <Opcode : 'and' 'or' 'xor'> <InPorts = 2> <OutPorts = 1>
ST_27 : Operation 181 [1/1] (0.00ns)   --->   "%br_ln115 = br i1 %and_ln115, void, void" [new_fixedpoint2205/Aux_Lib_hw.hpp:115]   --->   Operation 181 'br' 'br_ln115' <Predicate = true> <Delay = 0.00>
ST_27 : Operation 182 [1/1] (2.44ns)   --->   "%icmp_ln129 = icmp_sgt  i22 %select_ln39_4, i22 65536" [new_fixedpoint2205/Aux_Lib_hw.hpp:129]   --->   Operation 182 'icmp' 'icmp_ln129' <Predicate = (!and_ln115)> <Delay = 2.44> <CoreInst = "Cmp">   --->   Core 9 'Cmp' <Latency = 0> <II = 1> <Delay = 2.44> <FuncUnit> <Opcode : 'icmp'> <InPorts = 2> <OutPorts = 1>
ST_27 : Operation 183 [1/1] (0.00ns)   --->   "%br_ln129 = br i1 %icmp_ln129, void, void" [new_fixedpoint2205/Aux_Lib_hw.hpp:129]   --->   Operation 183 'br' 'br_ln129' <Predicate = (!and_ln115)> <Delay = 0.00>
ST_27 : Operation 184 [1/1] (0.00ns)   --->   "%trunc_ln34_21 = trunc i29 %a_assign_s" [new_fixedpoint2205/fixedpt.h:34]   --->   Operation 184 'trunc' 'trunc_ln34_21' <Predicate = (and_ln115)> <Delay = 0.00>
ST_27 : Operation 185 [1/1] (0.00ns)   --->   "%p_shl8 = bitconcatenate i48 @_ssdm_op_BitConcatenate.i48.i27.i21, i27 %trunc_ln34_21, i21 0" [new_fixedpoint2205/fixedpt.h:34]   --->   Operation 185 'bitconcatenate' 'p_shl8' <Predicate = (and_ln115)> <Delay = 0.00>
ST_27 : Operation 186 [1/1] (0.00ns)   --->   "%p_shl9 = bitconcatenate i48 @_ssdm_op_BitConcatenate.i48.i29.i19, i29 %a_assign_s, i19 0" [new_fixedpoint2205/fixedpt.h:34]   --->   Operation 186 'bitconcatenate' 'p_shl9' <Predicate = (and_ln115)> <Delay = 0.00>
ST_27 : Operation 187 [1/1] (3.10ns)   --->   "%add_ln34_1 = add i48 %p_shl8, i48 %p_shl9" [new_fixedpoint2205/fixedpt.h:34]   --->   Operation 187 'add' 'add_ln34_1' <Predicate = (and_ln115)> <Delay = 3.10> <CoreInst = "Adder">   --->   Core 1 'Adder' <Latency = 0> <II = 1> <Delay = 2.55> <FuncUnit> <Opcode : 'add' 'sub'> <InPorts = 2> <OutPorts = 1>
ST_27 : Operation 188 [1/1] (0.00ns)   --->   "%trunc_ln34_6 = partselect i32 @_ssdm_op_PartSelect.i32.i48.i32.i32, i48 %add_ln34_1, i32 16, i32 47" [new_fixedpoint2205/fixedpt.h:34]   --->   Operation 188 'partselect' 'trunc_ln34_6' <Predicate = (and_ln115)> <Delay = 0.00>
ST_27 : Operation 189 [1/1] (0.00ns)   --->   "%tmp_49 = bitselect i1 @_ssdm_op_BitSelect.i1.i48.i32, i48 %add_ln34_1, i32 47" [new_fixedpoint2205/fixedpt.h:39]   --->   Operation 189 'bitselect' 'tmp_49' <Predicate = (and_ln115)> <Delay = 0.00>
ST_27 : Operation 190 [1/1] (0.70ns)   --->   "%select_ln39_8 = select i1 %tmp_52, i22 %sub_ln39_8, i22 %tmp_54" [new_fixedpoint2205/fixedpt.h:39]   --->   Operation 190 'select' 'select_ln39_8' <Predicate = true> <Delay = 0.70> <CoreInst = "Sel">   --->   Core 73 'Sel' <Latency = 0> <II = 1> <Delay = 0.70> <FuncUnit> <Opcode : 'select'> <InPorts = 3> <OutPorts = 1>
ST_27 : Operation 191 [1/1] (0.00ns) (grouped into LUT with out node and_ln115_1)   --->   "%tmp_55 = bitselect i1 @_ssdm_op_BitSelect.i1.i22.i32, i22 %select_ln39_8, i32 21" [new_fixedpoint2205/Aux_Lib_hw.hpp:115]   --->   Operation 191 'bitselect' 'tmp_55' <Predicate = true> <Delay = 0.00>
ST_27 : Operation 192 [1/1] (0.00ns) (grouped into LUT with out node and_ln115_1)   --->   "%xor_ln115_1 = xor i1 %tmp_55, i1 1" [new_fixedpoint2205/Aux_Lib_hw.hpp:115]   --->   Operation 192 'xor' 'xor_ln115_1' <Predicate = true> <Delay = 0.00> <CoreInst = "LogicGate">   --->   Core 74 'LogicGate' <Latency = 0> <II = 1> <Delay = 0.97> <FuncUnit> <Opcode : 'and' 'or' 'xor'> <InPorts = 2> <OutPorts = 1>
ST_27 : Operation 193 [1/1] (2.44ns)   --->   "%icmp_ln115_1 = icmp_slt  i22 %select_ln39_8, i22 65537" [new_fixedpoint2205/Aux_Lib_hw.hpp:115]   --->   Operation 193 'icmp' 'icmp_ln115_1' <Predicate = true> <Delay = 2.44> <CoreInst = "Cmp">   --->   Core 9 'Cmp' <Latency = 0> <II = 1> <Delay = 2.44> <FuncUnit> <Opcode : 'icmp'> <InPorts = 2> <OutPorts = 1>
ST_27 : Operation 194 [1/1] (0.97ns) (out node of the LUT)   --->   "%and_ln115_1 = and i1 %icmp_ln115_1, i1 %xor_ln115_1" [new_fixedpoint2205/Aux_Lib_hw.hpp:115]   --->   Operation 194 'and' 'and_ln115_1' <Predicate = true> <Delay = 0.97> <CoreInst = "LogicGate">   --->   Core 74 'LogicGate' <Latency = 0> <II = 1> <Delay = 0.97> <FuncUnit> <Opcode : 'and' 'or' 'xor'> <InPorts = 2> <OutPorts = 1>
ST_27 : Operation 195 [1/1] (0.00ns)   --->   "%br_ln115 = br i1 %and_ln115_1, void, void" [new_fixedpoint2205/Aux_Lib_hw.hpp:115]   --->   Operation 195 'br' 'br_ln115' <Predicate = true> <Delay = 0.00>
ST_27 : Operation 196 [1/1] (2.44ns)   --->   "%icmp_ln129_1 = icmp_sgt  i22 %select_ln39_8, i22 65536" [new_fixedpoint2205/Aux_Lib_hw.hpp:129]   --->   Operation 196 'icmp' 'icmp_ln129_1' <Predicate = (!and_ln115_1)> <Delay = 2.44> <CoreInst = "Cmp">   --->   Core 9 'Cmp' <Latency = 0> <II = 1> <Delay = 2.44> <FuncUnit> <Opcode : 'icmp'> <InPorts = 2> <OutPorts = 1>
ST_27 : Operation 197 [1/1] (0.00ns)   --->   "%br_ln129 = br i1 %icmp_ln129_1, void, void" [new_fixedpoint2205/Aux_Lib_hw.hpp:129]   --->   Operation 197 'br' 'br_ln129' <Predicate = (!and_ln115_1)> <Delay = 0.00>
ST_27 : Operation 198 [1/1] (0.00ns)   --->   "%trunc_ln34_23 = trunc i29 %a_assign_1" [new_fixedpoint2205/fixedpt.h:34]   --->   Operation 198 'trunc' 'trunc_ln34_23' <Predicate = (and_ln115_1)> <Delay = 0.00>
ST_27 : Operation 199 [1/1] (0.00ns)   --->   "%p_shl4 = bitconcatenate i48 @_ssdm_op_BitConcatenate.i48.i27.i21, i27 %trunc_ln34_23, i21 0" [new_fixedpoint2205/fixedpt.h:34]   --->   Operation 199 'bitconcatenate' 'p_shl4' <Predicate = (and_ln115_1)> <Delay = 0.00>
ST_27 : Operation 200 [1/1] (0.00ns) (grouped into TernaryAdder)   --->   "%sub_ln34_2 = sub i48 0, i48 %p_shl4" [new_fixedpoint2205/fixedpt.h:34]   --->   Operation 200 'sub' 'sub_ln34_2' <Predicate = (and_ln115_1)> <Delay = 0.00> <CoreInst = "TAddSub">   --->   Core 10 'TAddSub' <Latency = 0> <II = 1> <Delay = 2.44> <IPBlock> <Opcode : 'add' 'sub'> <InPorts = 3> <OutPorts = 1> <Sync> <CReg>
ST_27 : Operation 201 [1/1] (0.00ns)   --->   "%p_shl5 = bitconcatenate i48 @_ssdm_op_BitConcatenate.i48.i29.i19, i29 %a_assign_1, i19 0" [new_fixedpoint2205/fixedpt.h:34]   --->   Operation 201 'bitconcatenate' 'p_shl5' <Predicate = (and_ln115_1)> <Delay = 0.00>
ST_27 : Operation 202 [1/1] (4.88ns) (root node of TernaryAdder)   --->   "%sub_ln34_3 = sub i48 %sub_ln34_2, i48 %p_shl5" [new_fixedpoint2205/fixedpt.h:34]   --->   Operation 202 'sub' 'sub_ln34_3' <Predicate = (and_ln115_1)> <Delay = 4.88> <CoreInst = "TAddSub">   --->   Core 10 'TAddSub' <Latency = 0> <II = 1> <Delay = 2.44> <IPBlock> <Opcode : 'add' 'sub'> <InPorts = 3> <OutPorts = 1> <Sync> <CReg>
ST_27 : Operation 203 [1/1] (0.00ns)   --->   "%trunc_ln34_3 = partselect i32 @_ssdm_op_PartSelect.i32.i48.i32.i32, i48 %sub_ln34_3, i32 16, i32 47" [new_fixedpoint2205/fixedpt.h:34]   --->   Operation 203 'partselect' 'trunc_ln34_3' <Predicate = (and_ln115_1)> <Delay = 0.00>
ST_27 : Operation 204 [1/1] (0.70ns)   --->   "%select_ln39_12 = select i1 %tmp_59, i22 %sub_ln39_12, i22 %tmp_61" [new_fixedpoint2205/fixedpt.h:39]   --->   Operation 204 'select' 'select_ln39_12' <Predicate = true> <Delay = 0.70> <CoreInst = "Sel">   --->   Core 73 'Sel' <Latency = 0> <II = 1> <Delay = 0.70> <FuncUnit> <Opcode : 'select'> <InPorts = 3> <OutPorts = 1>
ST_27 : Operation 205 [1/1] (0.00ns) (grouped into LUT with out node and_ln115_2)   --->   "%tmp_62 = bitselect i1 @_ssdm_op_BitSelect.i1.i22.i32, i22 %select_ln39_12, i32 21" [new_fixedpoint2205/Aux_Lib_hw.hpp:115]   --->   Operation 205 'bitselect' 'tmp_62' <Predicate = true> <Delay = 0.00>
ST_27 : Operation 206 [1/1] (0.00ns) (grouped into LUT with out node and_ln115_2)   --->   "%xor_ln115_2 = xor i1 %tmp_62, i1 1" [new_fixedpoint2205/Aux_Lib_hw.hpp:115]   --->   Operation 206 'xor' 'xor_ln115_2' <Predicate = true> <Delay = 0.00> <CoreInst = "LogicGate">   --->   Core 74 'LogicGate' <Latency = 0> <II = 1> <Delay = 0.97> <FuncUnit> <Opcode : 'and' 'or' 'xor'> <InPorts = 2> <OutPorts = 1>
ST_27 : Operation 207 [1/1] (2.44ns)   --->   "%icmp_ln115_2 = icmp_slt  i22 %select_ln39_12, i22 65537" [new_fixedpoint2205/Aux_Lib_hw.hpp:115]   --->   Operation 207 'icmp' 'icmp_ln115_2' <Predicate = true> <Delay = 2.44> <CoreInst = "Cmp">   --->   Core 9 'Cmp' <Latency = 0> <II = 1> <Delay = 2.44> <FuncUnit> <Opcode : 'icmp'> <InPorts = 2> <OutPorts = 1>
ST_27 : Operation 208 [1/1] (0.97ns) (out node of the LUT)   --->   "%and_ln115_2 = and i1 %icmp_ln115_2, i1 %xor_ln115_2" [new_fixedpoint2205/Aux_Lib_hw.hpp:115]   --->   Operation 208 'and' 'and_ln115_2' <Predicate = true> <Delay = 0.97> <CoreInst = "LogicGate">   --->   Core 74 'LogicGate' <Latency = 0> <II = 1> <Delay = 0.97> <FuncUnit> <Opcode : 'and' 'or' 'xor'> <InPorts = 2> <OutPorts = 1>
ST_27 : Operation 209 [1/1] (0.00ns)   --->   "%br_ln115 = br i1 %and_ln115_2, void, void" [new_fixedpoint2205/Aux_Lib_hw.hpp:115]   --->   Operation 209 'br' 'br_ln115' <Predicate = true> <Delay = 0.00>
ST_27 : Operation 210 [1/1] (2.44ns)   --->   "%icmp_ln129_2 = icmp_sgt  i22 %select_ln39_12, i22 65536" [new_fixedpoint2205/Aux_Lib_hw.hpp:129]   --->   Operation 210 'icmp' 'icmp_ln129_2' <Predicate = (!and_ln115_2)> <Delay = 2.44> <CoreInst = "Cmp">   --->   Core 9 'Cmp' <Latency = 0> <II = 1> <Delay = 2.44> <FuncUnit> <Opcode : 'icmp'> <InPorts = 2> <OutPorts = 1>
ST_27 : Operation 211 [1/1] (0.00ns)   --->   "%br_ln129 = br i1 %icmp_ln129_2, void, void" [new_fixedpoint2205/Aux_Lib_hw.hpp:129]   --->   Operation 211 'br' 'br_ln129' <Predicate = (!and_ln115_2)> <Delay = 0.00>
ST_27 : Operation 212 [1/1] (0.00ns)   --->   "%trunc_ln34_25 = trunc i29 %a_assign_14_2" [new_fixedpoint2205/fixedpt.h:34]   --->   Operation 212 'trunc' 'trunc_ln34_25' <Predicate = (and_ln115_2)> <Delay = 0.00>
ST_27 : Operation 213 [1/1] (0.00ns)   --->   "%p_shl10 = bitconcatenate i48 @_ssdm_op_BitConcatenate.i48.i27.i21, i27 %trunc_ln34_25, i21 0" [new_fixedpoint2205/fixedpt.h:34]   --->   Operation 213 'bitconcatenate' 'p_shl10' <Predicate = (and_ln115_2)> <Delay = 0.00>
ST_27 : Operation 214 [1/1] (0.00ns) (grouped into TernaryAdder)   --->   "%sub_ln34_6 = sub i48 0, i48 %p_shl10" [new_fixedpoint2205/fixedpt.h:34]   --->   Operation 214 'sub' 'sub_ln34_6' <Predicate = (and_ln115_2)> <Delay = 0.00> <CoreInst = "TAddSub">   --->   Core 10 'TAddSub' <Latency = 0> <II = 1> <Delay = 2.44> <IPBlock> <Opcode : 'add' 'sub'> <InPorts = 3> <OutPorts = 1> <Sync> <CReg>
ST_27 : Operation 215 [1/1] (0.00ns)   --->   "%p_shl11 = bitconcatenate i48 @_ssdm_op_BitConcatenate.i48.i29.i19, i29 %a_assign_14_2, i19 0" [new_fixedpoint2205/fixedpt.h:34]   --->   Operation 215 'bitconcatenate' 'p_shl11' <Predicate = (and_ln115_2)> <Delay = 0.00>
ST_27 : Operation 216 [1/1] (4.88ns) (root node of TernaryAdder)   --->   "%sub_ln34_7 = sub i48 %sub_ln34_6, i48 %p_shl11" [new_fixedpoint2205/fixedpt.h:34]   --->   Operation 216 'sub' 'sub_ln34_7' <Predicate = (and_ln115_2)> <Delay = 4.88> <CoreInst = "TAddSub">   --->   Core 10 'TAddSub' <Latency = 0> <II = 1> <Delay = 2.44> <IPBlock> <Opcode : 'add' 'sub'> <InPorts = 3> <OutPorts = 1> <Sync> <CReg>
ST_27 : Operation 217 [1/1] (0.00ns)   --->   "%trunc_ln34_11 = partselect i32 @_ssdm_op_PartSelect.i32.i48.i32.i32, i48 %sub_ln34_7, i32 16, i32 47" [new_fixedpoint2205/fixedpt.h:34]   --->   Operation 217 'partselect' 'trunc_ln34_11' <Predicate = (and_ln115_2)> <Delay = 0.00>
ST_27 : Operation 218 [1/1] (0.00ns)   --->   "%tmp_63 = bitselect i1 @_ssdm_op_BitSelect.i1.i48.i32, i48 %sub_ln34_7, i32 47" [new_fixedpoint2205/fixedpt.h:39]   --->   Operation 218 'bitselect' 'tmp_63' <Predicate = (and_ln115_2)> <Delay = 0.00>
ST_27 : Operation 219 [1/1] (0.70ns)   --->   "%select_ln39_16 = select i1 %tmp_66, i22 %sub_ln39_16, i22 %tmp_68" [new_fixedpoint2205/fixedpt.h:39]   --->   Operation 219 'select' 'select_ln39_16' <Predicate = true> <Delay = 0.70> <CoreInst = "Sel">   --->   Core 73 'Sel' <Latency = 0> <II = 1> <Delay = 0.70> <FuncUnit> <Opcode : 'select'> <InPorts = 3> <OutPorts = 1>
ST_27 : Operation 220 [1/1] (0.00ns) (grouped into LUT with out node and_ln115_3)   --->   "%tmp_69 = bitselect i1 @_ssdm_op_BitSelect.i1.i22.i32, i22 %select_ln39_16, i32 21" [new_fixedpoint2205/Aux_Lib_hw.hpp:115]   --->   Operation 220 'bitselect' 'tmp_69' <Predicate = true> <Delay = 0.00>
ST_27 : Operation 221 [1/1] (0.00ns) (grouped into LUT with out node and_ln115_3)   --->   "%xor_ln115_3 = xor i1 %tmp_69, i1 1" [new_fixedpoint2205/Aux_Lib_hw.hpp:115]   --->   Operation 221 'xor' 'xor_ln115_3' <Predicate = true> <Delay = 0.00> <CoreInst = "LogicGate">   --->   Core 74 'LogicGate' <Latency = 0> <II = 1> <Delay = 0.97> <FuncUnit> <Opcode : 'and' 'or' 'xor'> <InPorts = 2> <OutPorts = 1>
ST_27 : Operation 222 [1/1] (2.44ns)   --->   "%icmp_ln115_3 = icmp_slt  i22 %select_ln39_16, i22 65537" [new_fixedpoint2205/Aux_Lib_hw.hpp:115]   --->   Operation 222 'icmp' 'icmp_ln115_3' <Predicate = true> <Delay = 2.44> <CoreInst = "Cmp">   --->   Core 9 'Cmp' <Latency = 0> <II = 1> <Delay = 2.44> <FuncUnit> <Opcode : 'icmp'> <InPorts = 2> <OutPorts = 1>
ST_27 : Operation 223 [1/1] (0.97ns) (out node of the LUT)   --->   "%and_ln115_3 = and i1 %icmp_ln115_3, i1 %xor_ln115_3" [new_fixedpoint2205/Aux_Lib_hw.hpp:115]   --->   Operation 223 'and' 'and_ln115_3' <Predicate = true> <Delay = 0.97> <CoreInst = "LogicGate">   --->   Core 74 'LogicGate' <Latency = 0> <II = 1> <Delay = 0.97> <FuncUnit> <Opcode : 'and' 'or' 'xor'> <InPorts = 2> <OutPorts = 1>
ST_27 : Operation 224 [1/1] (0.00ns)   --->   "%br_ln115 = br i1 %and_ln115_3, void, void" [new_fixedpoint2205/Aux_Lib_hw.hpp:115]   --->   Operation 224 'br' 'br_ln115' <Predicate = true> <Delay = 0.00>
ST_27 : Operation 225 [1/1] (2.44ns)   --->   "%icmp_ln129_3 = icmp_sgt  i22 %select_ln39_16, i22 65536" [new_fixedpoint2205/Aux_Lib_hw.hpp:129]   --->   Operation 225 'icmp' 'icmp_ln129_3' <Predicate = (!and_ln115_3)> <Delay = 2.44> <CoreInst = "Cmp">   --->   Core 9 'Cmp' <Latency = 0> <II = 1> <Delay = 2.44> <FuncUnit> <Opcode : 'icmp'> <InPorts = 2> <OutPorts = 1>
ST_27 : Operation 226 [1/1] (0.00ns)   --->   "%br_ln129 = br i1 %icmp_ln129_3, void, void" [new_fixedpoint2205/Aux_Lib_hw.hpp:129]   --->   Operation 226 'br' 'br_ln129' <Predicate = (!and_ln115_3)> <Delay = 0.00>
ST_27 : Operation 227 [1/1] (2.55ns)   --->   "%sub_ln118_1 = sub i32 0, i32 %trunc_ln" [new_fixedpoint2205/Aux_Lib_hw.hpp:118]   --->   Operation 227 'sub' 'sub_ln118_1' <Predicate = (and_ln115_3)> <Delay = 2.55> <CoreInst = "Adder">   --->   Core 1 'Adder' <Latency = 0> <II = 1> <Delay = 2.55> <FuncUnit> <Opcode : 'add' 'sub'> <InPorts = 2> <OutPorts = 1>
ST_27 : Operation 228 [1/1] (0.00ns)   --->   "%tmp_70 = bitselect i1 @_ssdm_op_BitSelect.i1.i32.i32, i32 %sub_ln118_1, i32 31" [new_fixedpoint2205/fixedpt.h:39]   --->   Operation 228 'bitselect' 'tmp_70' <Predicate = (and_ln115_3)> <Delay = 0.00>

State 28 <SV = 27> <Delay = 3.94>
ST_28 : Operation 229 [1/1] (0.00ns)   --->   "%shl_ln39_4 = bitconcatenate i48 @_ssdm_op_BitConcatenate.i48.i32.i16, i32 %trunc_ln34_6, i16 0" [new_fixedpoint2205/fixedpt.h:39]   --->   Operation 229 'bitconcatenate' 'shl_ln39_4' <Predicate = (and_ln115)> <Delay = 0.00>
ST_28 : Operation 230 [1/1] (0.00ns)   --->   "%sext_ln39_7 = sext i48 %shl_ln39_4" [new_fixedpoint2205/fixedpt.h:39]   --->   Operation 230 'sext' 'sext_ln39_7' <Predicate = (and_ln115)> <Delay = 0.00>
ST_28 : Operation 231 [3/3] (3.94ns)   --->   "%mul_ln39_2 = mul i97 %sext_ln39_7, i97 360287970189640" [new_fixedpoint2205/fixedpt.h:39]   --->   Operation 231 'mul' 'mul_ln39_2' <Predicate = (and_ln115)> <Delay = 3.94> <CoreInst = "Mul_DSP">   --->   Core 5 'Mul_DSP' <Latency = 2> <II = 1> <Delay = 3.94> <FuncUnit> <Opcode : 'mul'> <InPorts = 2> <OutPorts = 1>
ST_28 : Operation 232 [1/1] (2.55ns)   --->   "%sub_ln118 = sub i32 0, i32 %trunc_ln34_3" [new_fixedpoint2205/Aux_Lib_hw.hpp:118]   --->   Operation 232 'sub' 'sub_ln118' <Predicate = (and_ln115_1)> <Delay = 2.55> <CoreInst = "Adder">   --->   Core 1 'Adder' <Latency = 0> <II = 1> <Delay = 2.55> <FuncUnit> <Opcode : 'add' 'sub'> <InPorts = 2> <OutPorts = 1>
ST_28 : Operation 233 [1/1] (0.00ns)   --->   "%tmp_56 = bitselect i1 @_ssdm_op_BitSelect.i1.i32.i32, i32 %sub_ln118, i32 31" [new_fixedpoint2205/fixedpt.h:39]   --->   Operation 233 'bitselect' 'tmp_56' <Predicate = (and_ln115_1)> <Delay = 0.00>
ST_28 : Operation 234 [1/1] (0.00ns)   --->   "%shl_ln39_6 = bitconcatenate i48 @_ssdm_op_BitConcatenate.i48.i32.i16, i32 %trunc_ln34_11, i16 0" [new_fixedpoint2205/fixedpt.h:39]   --->   Operation 234 'bitconcatenate' 'shl_ln39_6' <Predicate = (and_ln115_2)> <Delay = 0.00>
ST_28 : Operation 235 [1/1] (0.00ns)   --->   "%sext_ln39_15 = sext i48 %shl_ln39_6" [new_fixedpoint2205/fixedpt.h:39]   --->   Operation 235 'sext' 'sext_ln39_15' <Predicate = (and_ln115_2)> <Delay = 0.00>
ST_28 : Operation 236 [3/3] (3.94ns)   --->   "%mul_ln39_6 = mul i97 %sext_ln39_15, i97 360287970189640" [new_fixedpoint2205/fixedpt.h:39]   --->   Operation 236 'mul' 'mul_ln39_6' <Predicate = (and_ln115_2)> <Delay = 3.94> <CoreInst = "Mul_DSP">   --->   Core 5 'Mul_DSP' <Latency = 2> <II = 1> <Delay = 3.94> <FuncUnit> <Opcode : 'mul'> <InPorts = 2> <OutPorts = 1>
ST_28 : Operation 237 [1/1] (0.00ns)   --->   "%shl_ln39_7 = bitconcatenate i48 @_ssdm_op_BitConcatenate.i48.i32.i16, i32 %sub_ln118_1, i16 0" [new_fixedpoint2205/fixedpt.h:39]   --->   Operation 237 'bitconcatenate' 'shl_ln39_7' <Predicate = (and_ln115_3)> <Delay = 0.00>
ST_28 : Operation 238 [1/1] (0.00ns)   --->   "%sext_ln39_19 = sext i48 %shl_ln39_7" [new_fixedpoint2205/fixedpt.h:39]   --->   Operation 238 'sext' 'sext_ln39_19' <Predicate = (and_ln115_3)> <Delay = 0.00>
ST_28 : Operation 239 [3/3] (3.94ns)   --->   "%mul_ln39_8 = mul i97 %sext_ln39_19, i97 360287970189640" [new_fixedpoint2205/fixedpt.h:39]   --->   Operation 239 'mul' 'mul_ln39_8' <Predicate = (and_ln115_3)> <Delay = 3.94> <CoreInst = "Mul_DSP">   --->   Core 5 'Mul_DSP' <Latency = 2> <II = 1> <Delay = 3.94> <FuncUnit> <Opcode : 'mul'> <InPorts = 2> <OutPorts = 1>

State 29 <SV = 28> <Delay = 3.94>
ST_29 : Operation 240 [2/3] (3.94ns)   --->   "%mul_ln39_2 = mul i97 %sext_ln39_7, i97 360287970189640" [new_fixedpoint2205/fixedpt.h:39]   --->   Operation 240 'mul' 'mul_ln39_2' <Predicate = (and_ln115)> <Delay = 3.94> <CoreInst = "Mul_DSP">   --->   Core 5 'Mul_DSP' <Latency = 2> <II = 1> <Delay = 3.94> <FuncUnit> <Opcode : 'mul'> <InPorts = 2> <OutPorts = 1>
ST_29 : Operation 241 [1/1] (0.00ns)   --->   "%shl_ln39_5 = bitconcatenate i48 @_ssdm_op_BitConcatenate.i48.i32.i16, i32 %sub_ln118, i16 0" [new_fixedpoint2205/fixedpt.h:39]   --->   Operation 241 'bitconcatenate' 'shl_ln39_5' <Predicate = (and_ln115_1)> <Delay = 0.00>
ST_29 : Operation 242 [1/1] (0.00ns)   --->   "%sext_ln39_11 = sext i48 %shl_ln39_5" [new_fixedpoint2205/fixedpt.h:39]   --->   Operation 242 'sext' 'sext_ln39_11' <Predicate = (and_ln115_1)> <Delay = 0.00>
ST_29 : Operation 243 [3/3] (3.94ns)   --->   "%mul_ln39_4 = mul i97 %sext_ln39_11, i97 360287970189640" [new_fixedpoint2205/fixedpt.h:39]   --->   Operation 243 'mul' 'mul_ln39_4' <Predicate = (and_ln115_1)> <Delay = 3.94> <CoreInst = "Mul_DSP">   --->   Core 5 'Mul_DSP' <Latency = 2> <II = 1> <Delay = 3.94> <FuncUnit> <Opcode : 'mul'> <InPorts = 2> <OutPorts = 1>
ST_29 : Operation 244 [2/3] (3.94ns)   --->   "%mul_ln39_6 = mul i97 %sext_ln39_15, i97 360287970189640" [new_fixedpoint2205/fixedpt.h:39]   --->   Operation 244 'mul' 'mul_ln39_6' <Predicate = (and_ln115_2)> <Delay = 3.94> <CoreInst = "Mul_DSP">   --->   Core 5 'Mul_DSP' <Latency = 2> <II = 1> <Delay = 3.94> <FuncUnit> <Opcode : 'mul'> <InPorts = 2> <OutPorts = 1>
ST_29 : Operation 245 [2/3] (3.94ns)   --->   "%mul_ln39_8 = mul i97 %sext_ln39_19, i97 360287970189640" [new_fixedpoint2205/fixedpt.h:39]   --->   Operation 245 'mul' 'mul_ln39_8' <Predicate = (and_ln115_3)> <Delay = 3.94> <CoreInst = "Mul_DSP">   --->   Core 5 'Mul_DSP' <Latency = 2> <II = 1> <Delay = 3.94> <FuncUnit> <Opcode : 'mul'> <InPorts = 2> <OutPorts = 1>

State 30 <SV = 29> <Delay = 3.94>
ST_30 : Operation 246 [1/3] (3.94ns)   --->   "%mul_ln39_2 = mul i97 %sext_ln39_7, i97 360287970189640" [new_fixedpoint2205/fixedpt.h:39]   --->   Operation 246 'mul' 'mul_ln39_2' <Predicate = (and_ln115)> <Delay = 3.94> <CoreInst = "Mul_DSP">   --->   Core 5 'Mul_DSP' <Latency = 2> <II = 1> <Delay = 3.94> <FuncUnit> <Opcode : 'mul'> <InPorts = 2> <OutPorts = 1>
ST_30 : Operation 247 [1/1] (0.00ns)   --->   "%tmp_51 = partselect i22 @_ssdm_op_PartSelect.i22.i97.i32.i32, i97 %mul_ln39_2, i32 75, i32 96" [new_fixedpoint2205/fixedpt.h:39]   --->   Operation 247 'partselect' 'tmp_51' <Predicate = (and_ln115)> <Delay = 0.00>
ST_30 : Operation 248 [2/3] (3.94ns)   --->   "%mul_ln39_4 = mul i97 %sext_ln39_11, i97 360287970189640" [new_fixedpoint2205/fixedpt.h:39]   --->   Operation 248 'mul' 'mul_ln39_4' <Predicate = (and_ln115_1)> <Delay = 3.94> <CoreInst = "Mul_DSP">   --->   Core 5 'Mul_DSP' <Latency = 2> <II = 1> <Delay = 3.94> <FuncUnit> <Opcode : 'mul'> <InPorts = 2> <OutPorts = 1>
ST_30 : Operation 249 [1/3] (3.94ns)   --->   "%mul_ln39_6 = mul i97 %sext_ln39_15, i97 360287970189640" [new_fixedpoint2205/fixedpt.h:39]   --->   Operation 249 'mul' 'mul_ln39_6' <Predicate = (and_ln115_2)> <Delay = 3.94> <CoreInst = "Mul_DSP">   --->   Core 5 'Mul_DSP' <Latency = 2> <II = 1> <Delay = 3.94> <FuncUnit> <Opcode : 'mul'> <InPorts = 2> <OutPorts = 1>
ST_30 : Operation 250 [1/1] (0.00ns)   --->   "%tmp_65 = partselect i22 @_ssdm_op_PartSelect.i22.i97.i32.i32, i97 %mul_ln39_6, i32 75, i32 96" [new_fixedpoint2205/fixedpt.h:39]   --->   Operation 250 'partselect' 'tmp_65' <Predicate = (and_ln115_2)> <Delay = 0.00>
ST_30 : Operation 251 [1/3] (3.94ns)   --->   "%mul_ln39_8 = mul i97 %sext_ln39_19, i97 360287970189640" [new_fixedpoint2205/fixedpt.h:39]   --->   Operation 251 'mul' 'mul_ln39_8' <Predicate = (and_ln115_3)> <Delay = 3.94> <CoreInst = "Mul_DSP">   --->   Core 5 'Mul_DSP' <Latency = 2> <II = 1> <Delay = 3.94> <FuncUnit> <Opcode : 'mul'> <InPorts = 2> <OutPorts = 1>
ST_30 : Operation 252 [1/1] (0.00ns)   --->   "%tmp_72 = partselect i22 @_ssdm_op_PartSelect.i22.i97.i32.i32, i97 %mul_ln39_8, i32 75, i32 96" [new_fixedpoint2205/fixedpt.h:39]   --->   Operation 252 'partselect' 'tmp_72' <Predicate = (and_ln115_3)> <Delay = 0.00>

State 31 <SV = 30> <Delay = 4.46>
ST_31 : Operation 253 [1/1] (4.46ns)   --->   "%sub_ln39_5 = sub i97 0, i97 %mul_ln39_2" [new_fixedpoint2205/fixedpt.h:39]   --->   Operation 253 'sub' 'sub_ln39_5' <Predicate = (and_ln115 & tmp_49)> <Delay = 4.46> <CoreInst = "Adder">   --->   Core 1 'Adder' <Latency = 0> <II = 1> <Delay = 2.55> <FuncUnit> <Opcode : 'add' 'sub'> <InPorts = 2> <OutPorts = 1>
ST_31 : Operation 254 [1/3] (3.94ns)   --->   "%mul_ln39_4 = mul i97 %sext_ln39_11, i97 360287970189640" [new_fixedpoint2205/fixedpt.h:39]   --->   Operation 254 'mul' 'mul_ln39_4' <Predicate = (and_ln115_1)> <Delay = 3.94> <CoreInst = "Mul_DSP">   --->   Core 5 'Mul_DSP' <Latency = 2> <II = 1> <Delay = 3.94> <FuncUnit> <Opcode : 'mul'> <InPorts = 2> <OutPorts = 1>
ST_31 : Operation 255 [1/1] (0.00ns)   --->   "%tmp_58 = partselect i22 @_ssdm_op_PartSelect.i22.i97.i32.i32, i97 %mul_ln39_4, i32 75, i32 96" [new_fixedpoint2205/fixedpt.h:39]   --->   Operation 255 'partselect' 'tmp_58' <Predicate = (and_ln115_1)> <Delay = 0.00>
ST_31 : Operation 256 [1/1] (4.46ns)   --->   "%sub_ln39_13 = sub i97 0, i97 %mul_ln39_6" [new_fixedpoint2205/fixedpt.h:39]   --->   Operation 256 'sub' 'sub_ln39_13' <Predicate = (and_ln115_2 & tmp_63)> <Delay = 4.46> <CoreInst = "Adder">   --->   Core 1 'Adder' <Latency = 0> <II = 1> <Delay = 2.55> <FuncUnit> <Opcode : 'add' 'sub'> <InPorts = 2> <OutPorts = 1>
ST_31 : Operation 257 [1/1] (4.46ns)   --->   "%sub_ln39_17 = sub i97 0, i97 %mul_ln39_8" [new_fixedpoint2205/fixedpt.h:39]   --->   Operation 257 'sub' 'sub_ln39_17' <Predicate = (and_ln115_3 & tmp_70)> <Delay = 4.46> <CoreInst = "Adder">   --->   Core 1 'Adder' <Latency = 0> <II = 1> <Delay = 2.55> <FuncUnit> <Opcode : 'add' 'sub'> <InPorts = 2> <OutPorts = 1>

State 32 <SV = 31> <Delay = 4.46>
ST_32 : Operation 258 [1/1] (0.00ns) (grouped into LUT with out node sub_ln39_6)   --->   "%tmp_50 = partselect i22 @_ssdm_op_PartSelect.i22.i97.i32.i32, i97 %sub_ln39_5, i32 75, i32 96" [new_fixedpoint2205/fixedpt.h:39]   --->   Operation 258 'partselect' 'tmp_50' <Predicate = (and_ln115 & tmp_49)> <Delay = 0.00>
ST_32 : Operation 259 [1/1] (0.00ns) (grouped into LUT with out node sub_ln39_6)   --->   "%sext_ln39_8 = sext i22 %tmp_50" [new_fixedpoint2205/fixedpt.h:39]   --->   Operation 259 'sext' 'sext_ln39_8' <Predicate = (and_ln115 & tmp_49)> <Delay = 0.00>
ST_32 : Operation 260 [1/1] (0.00ns)   --->   "%sext_ln39_9 = sext i22 %tmp_51" [new_fixedpoint2205/fixedpt.h:39]   --->   Operation 260 'sext' 'sext_ln39_9' <Predicate = (and_ln115)> <Delay = 0.00>
ST_32 : Operation 261 [1/1] (0.00ns) (grouped into LUT with out node sub_ln39_6)   --->   "%select_ln39_5 = select i1 %tmp_49, i48 %sext_ln39_8, i48 %sext_ln39_9" [new_fixedpoint2205/fixedpt.h:39]   --->   Operation 261 'select' 'select_ln39_5' <Predicate = (and_ln115 & tmp_49)> <Delay = 0.00> <CoreInst = "Sel">   --->   Core 73 'Sel' <Latency = 0> <II = 1> <Delay = 0.70> <FuncUnit> <Opcode : 'select'> <InPorts = 3> <OutPorts = 1>
ST_32 : Operation 262 [1/1] (2.25ns) (out node of the LUT)   --->   "%sub_ln39_6 = sub i48 0, i48 %select_ln39_5" [new_fixedpoint2205/fixedpt.h:39]   --->   Operation 262 'sub' 'sub_ln39_6' <Predicate = (and_ln115 & tmp_49)> <Delay = 2.25> <CoreInst = "Adder">   --->   Core 1 'Adder' <Latency = 0> <II = 1> <Delay = 2.55> <FuncUnit> <Opcode : 'add' 'sub'> <InPorts = 2> <OutPorts = 1>
ST_32 : Operation 263 [1/1] (0.69ns)   --->   "%select_ln39_6 = select i1 %tmp_49, i48 %sub_ln39_6, i48 %sext_ln39_9" [new_fixedpoint2205/fixedpt.h:39]   --->   Operation 263 'select' 'select_ln39_6' <Predicate = (and_ln115)> <Delay = 0.69> <CoreInst = "Sel">   --->   Core 73 'Sel' <Latency = 0> <II = 1> <Delay = 0.70> <FuncUnit> <Opcode : 'select'> <InPorts = 3> <OutPorts = 1>
ST_32 : Operation 264 [1/1] (4.46ns)   --->   "%sub_ln39_9 = sub i97 0, i97 %mul_ln39_4" [new_fixedpoint2205/fixedpt.h:39]   --->   Operation 264 'sub' 'sub_ln39_9' <Predicate = (and_ln115_1 & tmp_56)> <Delay = 4.46> <CoreInst = "Adder">   --->   Core 1 'Adder' <Latency = 0> <II = 1> <Delay = 2.55> <FuncUnit> <Opcode : 'add' 'sub'> <InPorts = 2> <OutPorts = 1>
ST_32 : Operation 265 [1/1] (0.00ns) (grouped into LUT with out node sub_ln39_14)   --->   "%tmp_64 = partselect i22 @_ssdm_op_PartSelect.i22.i97.i32.i32, i97 %sub_ln39_13, i32 75, i32 96" [new_fixedpoint2205/fixedpt.h:39]   --->   Operation 265 'partselect' 'tmp_64' <Predicate = (and_ln115_2 & tmp_63)> <Delay = 0.00>
ST_32 : Operation 266 [1/1] (0.00ns) (grouped into LUT with out node sub_ln39_14)   --->   "%sext_ln39_16 = sext i22 %tmp_64" [new_fixedpoint2205/fixedpt.h:39]   --->   Operation 266 'sext' 'sext_ln39_16' <Predicate = (and_ln115_2 & tmp_63)> <Delay = 0.00>
ST_32 : Operation 267 [1/1] (0.00ns)   --->   "%sext_ln39_17 = sext i22 %tmp_65" [new_fixedpoint2205/fixedpt.h:39]   --->   Operation 267 'sext' 'sext_ln39_17' <Predicate = (and_ln115_2)> <Delay = 0.00>
ST_32 : Operation 268 [1/1] (0.00ns) (grouped into LUT with out node sub_ln39_14)   --->   "%select_ln39_13 = select i1 %tmp_63, i48 %sext_ln39_16, i48 %sext_ln39_17" [new_fixedpoint2205/fixedpt.h:39]   --->   Operation 268 'select' 'select_ln39_13' <Predicate = (and_ln115_2 & tmp_63)> <Delay = 0.00> <CoreInst = "Sel">   --->   Core 73 'Sel' <Latency = 0> <II = 1> <Delay = 0.70> <FuncUnit> <Opcode : 'select'> <InPorts = 3> <OutPorts = 1>
ST_32 : Operation 269 [1/1] (2.25ns) (out node of the LUT)   --->   "%sub_ln39_14 = sub i48 0, i48 %select_ln39_13" [new_fixedpoint2205/fixedpt.h:39]   --->   Operation 269 'sub' 'sub_ln39_14' <Predicate = (and_ln115_2 & tmp_63)> <Delay = 2.25> <CoreInst = "Adder">   --->   Core 1 'Adder' <Latency = 0> <II = 1> <Delay = 2.55> <FuncUnit> <Opcode : 'add' 'sub'> <InPorts = 2> <OutPorts = 1>
ST_32 : Operation 270 [1/1] (0.69ns)   --->   "%select_ln39_14 = select i1 %tmp_63, i48 %sub_ln39_14, i48 %sext_ln39_17" [new_fixedpoint2205/fixedpt.h:39]   --->   Operation 270 'select' 'select_ln39_14' <Predicate = (and_ln115_2)> <Delay = 0.69> <CoreInst = "Sel">   --->   Core 73 'Sel' <Latency = 0> <II = 1> <Delay = 0.70> <FuncUnit> <Opcode : 'select'> <InPorts = 3> <OutPorts = 1>
ST_32 : Operation 271 [1/1] (0.00ns) (grouped into LUT with out node sub_ln39_18)   --->   "%tmp_71 = partselect i22 @_ssdm_op_PartSelect.i22.i97.i32.i32, i97 %sub_ln39_17, i32 75, i32 96" [new_fixedpoint2205/fixedpt.h:39]   --->   Operation 271 'partselect' 'tmp_71' <Predicate = (and_ln115_3 & tmp_70)> <Delay = 0.00>
ST_32 : Operation 272 [1/1] (0.00ns) (grouped into LUT with out node sub_ln39_18)   --->   "%sext_ln39_20 = sext i22 %tmp_71" [new_fixedpoint2205/fixedpt.h:39]   --->   Operation 272 'sext' 'sext_ln39_20' <Predicate = (and_ln115_3 & tmp_70)> <Delay = 0.00>
ST_32 : Operation 273 [1/1] (0.00ns)   --->   "%sext_ln39_21 = sext i22 %tmp_72" [new_fixedpoint2205/fixedpt.h:39]   --->   Operation 273 'sext' 'sext_ln39_21' <Predicate = (and_ln115_3)> <Delay = 0.00>
ST_32 : Operation 274 [1/1] (0.00ns) (grouped into LUT with out node sub_ln39_18)   --->   "%select_ln39_17 = select i1 %tmp_70, i48 %sext_ln39_20, i48 %sext_ln39_21" [new_fixedpoint2205/fixedpt.h:39]   --->   Operation 274 'select' 'select_ln39_17' <Predicate = (and_ln115_3 & tmp_70)> <Delay = 0.00> <CoreInst = "Sel">   --->   Core 73 'Sel' <Latency = 0> <II = 1> <Delay = 0.70> <FuncUnit> <Opcode : 'select'> <InPorts = 3> <OutPorts = 1>
ST_32 : Operation 275 [1/1] (2.25ns) (out node of the LUT)   --->   "%sub_ln39_18 = sub i48 0, i48 %select_ln39_17" [new_fixedpoint2205/fixedpt.h:39]   --->   Operation 275 'sub' 'sub_ln39_18' <Predicate = (and_ln115_3 & tmp_70)> <Delay = 2.25> <CoreInst = "Adder">   --->   Core 1 'Adder' <Latency = 0> <II = 1> <Delay = 2.55> <FuncUnit> <Opcode : 'add' 'sub'> <InPorts = 2> <OutPorts = 1>
ST_32 : Operation 276 [1/1] (0.69ns)   --->   "%select_ln39_18 = select i1 %tmp_70, i48 %sub_ln39_18, i48 %sext_ln39_21" [new_fixedpoint2205/fixedpt.h:39]   --->   Operation 276 'select' 'select_ln39_18' <Predicate = (and_ln115_3)> <Delay = 0.69> <CoreInst = "Sel">   --->   Core 73 'Sel' <Latency = 0> <II = 1> <Delay = 0.70> <FuncUnit> <Opcode : 'select'> <InPorts = 3> <OutPorts = 1>

State 33 <SV = 32> <Delay = 3.95>
ST_33 : Operation 277 [1/1] (2.55ns)   --->   "%sub_ln40_2 = sub i32 4293656576, i32 %p_read_4" [new_fixedpoint2205/Aux_Lib_hw.hpp:40]   --->   Operation 277 'sub' 'sub_ln40_2' <Predicate = (!and_ln115 & !icmp_ln129)> <Delay = 2.55> <CoreInst = "Adder">   --->   Core 1 'Adder' <Latency = 0> <II = 1> <Delay = 2.55> <FuncUnit> <Opcode : 'add' 'sub'> <InPorts = 2> <OutPorts = 1>
ST_33 : Operation 278 [1/1] (2.55ns)   --->   "%sub_ln40_3 = sub i32 1310720, i32 %p_read_3" [new_fixedpoint2205/Aux_Lib_hw.hpp:40]   --->   Operation 278 'sub' 'sub_ln40_3' <Predicate = (!and_ln115 & !icmp_ln129)> <Delay = 2.55> <CoreInst = "Adder">   --->   Core 1 'Adder' <Latency = 0> <II = 1> <Delay = 2.55> <FuncUnit> <Opcode : 'add' 'sub'> <InPorts = 2> <OutPorts = 1>
ST_33 : Operation 279 [1/1] (2.55ns)   --->   "%sub_ln40 = sub i32 1310720, i32 %p_read_4" [new_fixedpoint2205/Aux_Lib_hw.hpp:40]   --->   Operation 279 'sub' 'sub_ln40' <Predicate = (!and_ln115 & icmp_ln129)> <Delay = 2.55> <CoreInst = "Adder">   --->   Core 1 'Adder' <Latency = 0> <II = 1> <Delay = 2.55> <FuncUnit> <Opcode : 'add' 'sub'> <InPorts = 2> <OutPorts = 1>
ST_33 : Operation 280 [1/1] (2.55ns)   --->   "%sub_ln40_1 = sub i32 1310720, i32 %p_read_3" [new_fixedpoint2205/Aux_Lib_hw.hpp:40]   --->   Operation 280 'sub' 'sub_ln40_1' <Predicate = (!and_ln115 & icmp_ln129)> <Delay = 2.55> <CoreInst = "Adder">   --->   Core 1 'Adder' <Latency = 0> <II = 1> <Delay = 2.55> <FuncUnit> <Opcode : 'add' 'sub'> <InPorts = 2> <OutPorts = 1>
ST_33 : Operation 281 [1/1] (0.00ns)   --->   "%sext_ln39 = sext i32 %trunc_ln34_6" [new_fixedpoint2205/fixedpt.h:39]   --->   Operation 281 'sext' 'sext_ln39' <Predicate = (and_ln115)> <Delay = 0.00>
ST_33 : Operation 282 [5/5] (3.95ns)   --->   "%mul_ln34_7 = mul i48 %select_ln39_6, i48 %sext_ln39" [new_fixedpoint2205/fixedpt.h:34]   --->   Operation 282 'mul' 'mul_ln34_7' <Predicate = (and_ln115)> <Delay = 3.95> <CoreInst = "Multiplier">   --->   Core 3 'Multiplier' <Latency = 4> <II = 1> <Delay = 3.95> <FuncUnit> <Opcode : 'mul'> <InPorts = 2> <OutPorts = 1>
ST_33 : Operation 283 [1/1] (2.55ns)   --->   "%sub_ln40_4 = sub i32 1310720, i32 %p_read_4" [new_fixedpoint2205/Aux_Lib_hw.hpp:40]   --->   Operation 283 'sub' 'sub_ln40_4' <Predicate = (!and_ln115_1)> <Delay = 2.55> <CoreInst = "Adder">   --->   Core 1 'Adder' <Latency = 0> <II = 1> <Delay = 2.55> <FuncUnit> <Opcode : 'add' 'sub'> <InPorts = 2> <OutPorts = 1>
ST_33 : Operation 284 [1/1] (2.55ns)   --->   "%sub_ln40_6 = sub i32 1310720, i32 %p_read_3" [new_fixedpoint2205/Aux_Lib_hw.hpp:40]   --->   Operation 284 'sub' 'sub_ln40_6' <Predicate = (!and_ln115_1 & !icmp_ln129_1)> <Delay = 2.55> <CoreInst = "Adder">   --->   Core 1 'Adder' <Latency = 0> <II = 1> <Delay = 2.55> <FuncUnit> <Opcode : 'add' 'sub'> <InPorts = 2> <OutPorts = 1>
ST_33 : Operation 285 [1/1] (2.55ns)   --->   "%sub_ln40_5 = sub i32 4293656576, i32 %p_read_3" [new_fixedpoint2205/Aux_Lib_hw.hpp:40]   --->   Operation 285 'sub' 'sub_ln40_5' <Predicate = (!and_ln115_1 & icmp_ln129_1)> <Delay = 2.55> <CoreInst = "Adder">   --->   Core 1 'Adder' <Latency = 0> <II = 1> <Delay = 2.55> <FuncUnit> <Opcode : 'add' 'sub'> <InPorts = 2> <OutPorts = 1>
ST_33 : Operation 286 [1/1] (0.00ns) (grouped into LUT with out node sub_ln39_10)   --->   "%tmp_57 = partselect i22 @_ssdm_op_PartSelect.i22.i97.i32.i32, i97 %sub_ln39_9, i32 75, i32 96" [new_fixedpoint2205/fixedpt.h:39]   --->   Operation 286 'partselect' 'tmp_57' <Predicate = (and_ln115_1 & tmp_56)> <Delay = 0.00>
ST_33 : Operation 287 [1/1] (0.00ns) (grouped into LUT with out node sub_ln39_10)   --->   "%sext_ln39_12 = sext i22 %tmp_57" [new_fixedpoint2205/fixedpt.h:39]   --->   Operation 287 'sext' 'sext_ln39_12' <Predicate = (and_ln115_1 & tmp_56)> <Delay = 0.00>
ST_33 : Operation 288 [1/1] (0.00ns)   --->   "%sext_ln39_13 = sext i22 %tmp_58" [new_fixedpoint2205/fixedpt.h:39]   --->   Operation 288 'sext' 'sext_ln39_13' <Predicate = (and_ln115_1)> <Delay = 0.00>
ST_33 : Operation 289 [1/1] (0.00ns) (grouped into LUT with out node sub_ln39_10)   --->   "%select_ln39_9 = select i1 %tmp_56, i48 %sext_ln39_12, i48 %sext_ln39_13" [new_fixedpoint2205/fixedpt.h:39]   --->   Operation 289 'select' 'select_ln39_9' <Predicate = (and_ln115_1 & tmp_56)> <Delay = 0.00> <CoreInst = "Sel">   --->   Core 73 'Sel' <Latency = 0> <II = 1> <Delay = 0.70> <FuncUnit> <Opcode : 'select'> <InPorts = 3> <OutPorts = 1>
ST_33 : Operation 290 [1/1] (2.25ns) (out node of the LUT)   --->   "%sub_ln39_10 = sub i48 0, i48 %select_ln39_9" [new_fixedpoint2205/fixedpt.h:39]   --->   Operation 290 'sub' 'sub_ln39_10' <Predicate = (and_ln115_1 & tmp_56)> <Delay = 2.25> <CoreInst = "Adder">   --->   Core 1 'Adder' <Latency = 0> <II = 1> <Delay = 2.55> <FuncUnit> <Opcode : 'add' 'sub'> <InPorts = 2> <OutPorts = 1>
ST_33 : Operation 291 [1/1] (0.69ns)   --->   "%select_ln39_10 = select i1 %tmp_56, i48 %sub_ln39_10, i48 %sext_ln39_13" [new_fixedpoint2205/fixedpt.h:39]   --->   Operation 291 'select' 'select_ln39_10' <Predicate = (and_ln115_1)> <Delay = 0.69> <CoreInst = "Sel">   --->   Core 73 'Sel' <Latency = 0> <II = 1> <Delay = 0.70> <FuncUnit> <Opcode : 'select'> <InPorts = 3> <OutPorts = 1>
ST_33 : Operation 292 [1/1] (2.55ns)   --->   "%sub_ln40_9 = sub i32 1310720, i32 %p_read_4" [new_fixedpoint2205/Aux_Lib_hw.hpp:40]   --->   Operation 292 'sub' 'sub_ln40_9' <Predicate = (!and_ln115_2 & !icmp_ln129_2)> <Delay = 2.55> <CoreInst = "Adder">   --->   Core 1 'Adder' <Latency = 0> <II = 1> <Delay = 2.55> <FuncUnit> <Opcode : 'add' 'sub'> <InPorts = 2> <OutPorts = 1>
ST_33 : Operation 293 [1/1] (2.55ns)   --->   "%sub_ln40_10 = sub i32 4293656576, i32 %p_read_3" [new_fixedpoint2205/Aux_Lib_hw.hpp:40]   --->   Operation 293 'sub' 'sub_ln40_10' <Predicate = (!and_ln115_2 & !icmp_ln129_2)> <Delay = 2.55> <CoreInst = "Adder">   --->   Core 1 'Adder' <Latency = 0> <II = 1> <Delay = 2.55> <FuncUnit> <Opcode : 'add' 'sub'> <InPorts = 2> <OutPorts = 1>
ST_33 : Operation 294 [1/1] (2.55ns)   --->   "%sub_ln40_7 = sub i32 4293656576, i32 %p_read_4" [new_fixedpoint2205/Aux_Lib_hw.hpp:40]   --->   Operation 294 'sub' 'sub_ln40_7' <Predicate = (!and_ln115_2 & icmp_ln129_2)> <Delay = 2.55> <CoreInst = "Adder">   --->   Core 1 'Adder' <Latency = 0> <II = 1> <Delay = 2.55> <FuncUnit> <Opcode : 'add' 'sub'> <InPorts = 2> <OutPorts = 1>
ST_33 : Operation 295 [1/1] (2.55ns)   --->   "%sub_ln40_8 = sub i32 4293656576, i32 %p_read_3" [new_fixedpoint2205/Aux_Lib_hw.hpp:40]   --->   Operation 295 'sub' 'sub_ln40_8' <Predicate = (!and_ln115_2 & icmp_ln129_2)> <Delay = 2.55> <CoreInst = "Adder">   --->   Core 1 'Adder' <Latency = 0> <II = 1> <Delay = 2.55> <FuncUnit> <Opcode : 'add' 'sub'> <InPorts = 2> <OutPorts = 1>
ST_33 : Operation 296 [1/1] (0.00ns)   --->   "%sext_ln39_2 = sext i32 %trunc_ln34_11" [new_fixedpoint2205/fixedpt.h:39]   --->   Operation 296 'sext' 'sext_ln39_2' <Predicate = (and_ln115_2)> <Delay = 0.00>
ST_33 : Operation 297 [5/5] (3.95ns)   --->   "%mul_ln34_15 = mul i48 %select_ln39_14, i48 %sext_ln39_2" [new_fixedpoint2205/fixedpt.h:34]   --->   Operation 297 'mul' 'mul_ln34_15' <Predicate = (and_ln115_2)> <Delay = 3.95> <CoreInst = "Multiplier">   --->   Core 3 'Multiplier' <Latency = 4> <II = 1> <Delay = 3.95> <FuncUnit> <Opcode : 'mul'> <InPorts = 2> <OutPorts = 1>
ST_33 : Operation 298 [1/1] (2.55ns)   --->   "%sub_ln40_11 = sub i32 4293656576, i32 %p_read_4" [new_fixedpoint2205/Aux_Lib_hw.hpp:40]   --->   Operation 298 'sub' 'sub_ln40_11' <Predicate = (!and_ln115_3)> <Delay = 2.55> <CoreInst = "Adder">   --->   Core 1 'Adder' <Latency = 0> <II = 1> <Delay = 2.55> <FuncUnit> <Opcode : 'add' 'sub'> <InPorts = 2> <OutPorts = 1>
ST_33 : Operation 299 [1/1] (2.55ns)   --->   "%sub_ln40_13 = sub i32 4293656576, i32 %p_read_3" [new_fixedpoint2205/Aux_Lib_hw.hpp:40]   --->   Operation 299 'sub' 'sub_ln40_13' <Predicate = (!and_ln115_3 & !icmp_ln129_3)> <Delay = 2.55> <CoreInst = "Adder">   --->   Core 1 'Adder' <Latency = 0> <II = 1> <Delay = 2.55> <FuncUnit> <Opcode : 'add' 'sub'> <InPorts = 2> <OutPorts = 1>
ST_33 : Operation 300 [1/1] (2.55ns)   --->   "%sub_ln40_12 = sub i32 1310720, i32 %p_read_3" [new_fixedpoint2205/Aux_Lib_hw.hpp:40]   --->   Operation 300 'sub' 'sub_ln40_12' <Predicate = (!and_ln115_3 & icmp_ln129_3)> <Delay = 2.55> <CoreInst = "Adder">   --->   Core 1 'Adder' <Latency = 0> <II = 1> <Delay = 2.55> <FuncUnit> <Opcode : 'add' 'sub'> <InPorts = 2> <OutPorts = 1>
ST_33 : Operation 301 [1/1] (0.00ns)   --->   "%sext_ln39_3 = sext i32 %sub_ln118_1" [new_fixedpoint2205/fixedpt.h:39]   --->   Operation 301 'sext' 'sext_ln39_3' <Predicate = (and_ln115_3)> <Delay = 0.00>
ST_33 : Operation 302 [5/5] (3.95ns)   --->   "%mul_ln34_20 = mul i48 %select_ln39_18, i48 %sext_ln39_3" [new_fixedpoint2205/fixedpt.h:34]   --->   Operation 302 'mul' 'mul_ln34_20' <Predicate = (and_ln115_3)> <Delay = 3.95> <CoreInst = "Multiplier">   --->   Core 3 'Multiplier' <Latency = 4> <II = 1> <Delay = 3.95> <FuncUnit> <Opcode : 'mul'> <InPorts = 2> <OutPorts = 1>

State 34 <SV = 33> <Delay = 3.95>
ST_34 : Operation 303 [1/1] (0.00ns)   --->   "%sext_ln34_8 = sext i32 %sub_ln40_2" [new_fixedpoint2205/fixedpt.h:34]   --->   Operation 303 'sext' 'sext_ln34_8' <Predicate = (!and_ln115 & !icmp_ln129)> <Delay = 0.00>
ST_34 : Operation 304 [5/5] (3.95ns)   --->   "%mul_ln34_9 = mul i48 %sext_ln34_8, i48 %sext_ln34_8" [new_fixedpoint2205/fixedpt.h:34]   --->   Operation 304 'mul' 'mul_ln34_9' <Predicate = (!and_ln115 & !icmp_ln129)> <Delay = 3.95> <CoreInst = "Multiplier">   --->   Core 3 'Multiplier' <Latency = 4> <II = 1> <Delay = 3.95> <FuncUnit> <Opcode : 'mul'> <InPorts = 2> <OutPorts = 1>
ST_34 : Operation 305 [1/1] (0.00ns)   --->   "%sext_ln34_9 = sext i32 %sub_ln40_3" [new_fixedpoint2205/fixedpt.h:34]   --->   Operation 305 'sext' 'sext_ln34_9' <Predicate = (!and_ln115 & !icmp_ln129)> <Delay = 0.00>
ST_34 : Operation 306 [5/5] (3.95ns)   --->   "%mul_ln34_10 = mul i48 %sext_ln34_9, i48 %sext_ln34_9" [new_fixedpoint2205/fixedpt.h:34]   --->   Operation 306 'mul' 'mul_ln34_10' <Predicate = (!and_ln115 & !icmp_ln129)> <Delay = 3.95> <CoreInst = "Multiplier">   --->   Core 3 'Multiplier' <Latency = 4> <II = 1> <Delay = 3.95> <FuncUnit> <Opcode : 'mul'> <InPorts = 2> <OutPorts = 1>
ST_34 : Operation 307 [1/1] (0.00ns)   --->   "%sext_ln34 = sext i32 %sub_ln40" [new_fixedpoint2205/fixedpt.h:34]   --->   Operation 307 'sext' 'sext_ln34' <Predicate = (!and_ln115 & icmp_ln129)> <Delay = 0.00>
ST_34 : Operation 308 [5/5] (3.95ns)   --->   "%mul_ln34 = mul i48 %sext_ln34, i48 %sext_ln34" [new_fixedpoint2205/fixedpt.h:34]   --->   Operation 308 'mul' 'mul_ln34' <Predicate = (!and_ln115 & icmp_ln129)> <Delay = 3.95> <CoreInst = "Multiplier">   --->   Core 3 'Multiplier' <Latency = 4> <II = 1> <Delay = 3.95> <FuncUnit> <Opcode : 'mul'> <InPorts = 2> <OutPorts = 1>
ST_34 : Operation 309 [1/1] (0.00ns)   --->   "%sext_ln34_7 = sext i32 %sub_ln40_1" [new_fixedpoint2205/fixedpt.h:34]   --->   Operation 309 'sext' 'sext_ln34_7' <Predicate = (!and_ln115 & icmp_ln129)> <Delay = 0.00>
ST_34 : Operation 310 [5/5] (3.95ns)   --->   "%mul_ln34_8 = mul i48 %sext_ln34_7, i48 %sext_ln34_7" [new_fixedpoint2205/fixedpt.h:34]   --->   Operation 310 'mul' 'mul_ln34_8' <Predicate = (!and_ln115 & icmp_ln129)> <Delay = 3.95> <CoreInst = "Multiplier">   --->   Core 3 'Multiplier' <Latency = 4> <II = 1> <Delay = 3.95> <FuncUnit> <Opcode : 'mul'> <InPorts = 2> <OutPorts = 1>
ST_34 : Operation 311 [4/5] (3.95ns)   --->   "%mul_ln34_7 = mul i48 %select_ln39_6, i48 %sext_ln39" [new_fixedpoint2205/fixedpt.h:34]   --->   Operation 311 'mul' 'mul_ln34_7' <Predicate = (and_ln115)> <Delay = 3.95> <CoreInst = "Multiplier">   --->   Core 3 'Multiplier' <Latency = 4> <II = 1> <Delay = 3.95> <FuncUnit> <Opcode : 'mul'> <InPorts = 2> <OutPorts = 1>
ST_34 : Operation 312 [1/1] (0.00ns)   --->   "%sext_ln34_10 = sext i32 %sub_ln40_4" [new_fixedpoint2205/fixedpt.h:34]   --->   Operation 312 'sext' 'sext_ln34_10' <Predicate = (!and_ln115_1)> <Delay = 0.00>
ST_34 : Operation 313 [5/5] (3.95ns)   --->   "%mul_ln34_12 = mul i48 %sext_ln34_10, i48 %sext_ln34_10" [new_fixedpoint2205/fixedpt.h:34]   --->   Operation 313 'mul' 'mul_ln34_12' <Predicate = (!and_ln115_1)> <Delay = 3.95> <CoreInst = "Multiplier">   --->   Core 3 'Multiplier' <Latency = 4> <II = 1> <Delay = 3.95> <FuncUnit> <Opcode : 'mul'> <InPorts = 2> <OutPorts = 1>
ST_34 : Operation 314 [1/1] (0.00ns)   --->   "%sext_ln34_12 = sext i32 %sub_ln40_6" [new_fixedpoint2205/fixedpt.h:34]   --->   Operation 314 'sext' 'sext_ln34_12' <Predicate = (!and_ln115_1 & !icmp_ln129_1)> <Delay = 0.00>
ST_34 : Operation 315 [5/5] (3.95ns)   --->   "%mul_ln34_14 = mul i48 %sext_ln34_12, i48 %sext_ln34_12" [new_fixedpoint2205/fixedpt.h:34]   --->   Operation 315 'mul' 'mul_ln34_14' <Predicate = (!and_ln115_1 & !icmp_ln129_1)> <Delay = 3.95> <CoreInst = "Multiplier">   --->   Core 3 'Multiplier' <Latency = 4> <II = 1> <Delay = 3.95> <FuncUnit> <Opcode : 'mul'> <InPorts = 2> <OutPorts = 1>
ST_34 : Operation 316 [1/1] (0.00ns)   --->   "%sext_ln34_11 = sext i32 %sub_ln40_5" [new_fixedpoint2205/fixedpt.h:34]   --->   Operation 316 'sext' 'sext_ln34_11' <Predicate = (!and_ln115_1 & icmp_ln129_1)> <Delay = 0.00>
ST_34 : Operation 317 [5/5] (3.95ns)   --->   "%mul_ln34_13 = mul i48 %sext_ln34_11, i48 %sext_ln34_11" [new_fixedpoint2205/fixedpt.h:34]   --->   Operation 317 'mul' 'mul_ln34_13' <Predicate = (!and_ln115_1 & icmp_ln129_1)> <Delay = 3.95> <CoreInst = "Multiplier">   --->   Core 3 'Multiplier' <Latency = 4> <II = 1> <Delay = 3.95> <FuncUnit> <Opcode : 'mul'> <InPorts = 2> <OutPorts = 1>
ST_34 : Operation 318 [1/1] (0.00ns)   --->   "%sext_ln39_1 = sext i32 %sub_ln118" [new_fixedpoint2205/fixedpt.h:39]   --->   Operation 318 'sext' 'sext_ln39_1' <Predicate = (and_ln115_1)> <Delay = 0.00>
ST_34 : Operation 319 [5/5] (3.95ns)   --->   "%mul_ln34_11 = mul i48 %select_ln39_10, i48 %sext_ln39_1" [new_fixedpoint2205/fixedpt.h:34]   --->   Operation 319 'mul' 'mul_ln34_11' <Predicate = (and_ln115_1)> <Delay = 3.95> <CoreInst = "Multiplier">   --->   Core 3 'Multiplier' <Latency = 4> <II = 1> <Delay = 3.95> <FuncUnit> <Opcode : 'mul'> <InPorts = 2> <OutPorts = 1>
ST_34 : Operation 320 [1/1] (0.00ns)   --->   "%sext_ln34_15 = sext i32 %sub_ln40_9" [new_fixedpoint2205/fixedpt.h:34]   --->   Operation 320 'sext' 'sext_ln34_15' <Predicate = (!and_ln115_2 & !icmp_ln129_2)> <Delay = 0.00>
ST_34 : Operation 321 [5/5] (3.95ns)   --->   "%mul_ln34_18 = mul i48 %sext_ln34_15, i48 %sext_ln34_15" [new_fixedpoint2205/fixedpt.h:34]   --->   Operation 321 'mul' 'mul_ln34_18' <Predicate = (!and_ln115_2 & !icmp_ln129_2)> <Delay = 3.95> <CoreInst = "Multiplier">   --->   Core 3 'Multiplier' <Latency = 4> <II = 1> <Delay = 3.95> <FuncUnit> <Opcode : 'mul'> <InPorts = 2> <OutPorts = 1>
ST_34 : Operation 322 [1/1] (0.00ns)   --->   "%sext_ln34_16 = sext i32 %sub_ln40_10" [new_fixedpoint2205/fixedpt.h:34]   --->   Operation 322 'sext' 'sext_ln34_16' <Predicate = (!and_ln115_2 & !icmp_ln129_2)> <Delay = 0.00>
ST_34 : Operation 323 [5/5] (3.95ns)   --->   "%mul_ln34_19 = mul i48 %sext_ln34_16, i48 %sext_ln34_16" [new_fixedpoint2205/fixedpt.h:34]   --->   Operation 323 'mul' 'mul_ln34_19' <Predicate = (!and_ln115_2 & !icmp_ln129_2)> <Delay = 3.95> <CoreInst = "Multiplier">   --->   Core 3 'Multiplier' <Latency = 4> <II = 1> <Delay = 3.95> <FuncUnit> <Opcode : 'mul'> <InPorts = 2> <OutPorts = 1>
ST_34 : Operation 324 [1/1] (0.00ns)   --->   "%sext_ln34_13 = sext i32 %sub_ln40_7" [new_fixedpoint2205/fixedpt.h:34]   --->   Operation 324 'sext' 'sext_ln34_13' <Predicate = (!and_ln115_2 & icmp_ln129_2)> <Delay = 0.00>
ST_34 : Operation 325 [5/5] (3.95ns)   --->   "%mul_ln34_16 = mul i48 %sext_ln34_13, i48 %sext_ln34_13" [new_fixedpoint2205/fixedpt.h:34]   --->   Operation 325 'mul' 'mul_ln34_16' <Predicate = (!and_ln115_2 & icmp_ln129_2)> <Delay = 3.95> <CoreInst = "Multiplier">   --->   Core 3 'Multiplier' <Latency = 4> <II = 1> <Delay = 3.95> <FuncUnit> <Opcode : 'mul'> <InPorts = 2> <OutPorts = 1>
ST_34 : Operation 326 [1/1] (0.00ns)   --->   "%sext_ln34_14 = sext i32 %sub_ln40_8" [new_fixedpoint2205/fixedpt.h:34]   --->   Operation 326 'sext' 'sext_ln34_14' <Predicate = (!and_ln115_2 & icmp_ln129_2)> <Delay = 0.00>
ST_34 : Operation 327 [5/5] (3.95ns)   --->   "%mul_ln34_17 = mul i48 %sext_ln34_14, i48 %sext_ln34_14" [new_fixedpoint2205/fixedpt.h:34]   --->   Operation 327 'mul' 'mul_ln34_17' <Predicate = (!and_ln115_2 & icmp_ln129_2)> <Delay = 3.95> <CoreInst = "Multiplier">   --->   Core 3 'Multiplier' <Latency = 4> <II = 1> <Delay = 3.95> <FuncUnit> <Opcode : 'mul'> <InPorts = 2> <OutPorts = 1>
ST_34 : Operation 328 [4/5] (3.95ns)   --->   "%mul_ln34_15 = mul i48 %select_ln39_14, i48 %sext_ln39_2" [new_fixedpoint2205/fixedpt.h:34]   --->   Operation 328 'mul' 'mul_ln34_15' <Predicate = (and_ln115_2)> <Delay = 3.95> <CoreInst = "Multiplier">   --->   Core 3 'Multiplier' <Latency = 4> <II = 1> <Delay = 3.95> <FuncUnit> <Opcode : 'mul'> <InPorts = 2> <OutPorts = 1>
ST_34 : Operation 329 [1/1] (0.00ns)   --->   "%sext_ln34_17 = sext i32 %sub_ln40_11" [new_fixedpoint2205/fixedpt.h:34]   --->   Operation 329 'sext' 'sext_ln34_17' <Predicate = (!and_ln115_3)> <Delay = 0.00>
ST_34 : Operation 330 [5/5] (3.95ns)   --->   "%mul_ln34_21 = mul i48 %sext_ln34_17, i48 %sext_ln34_17" [new_fixedpoint2205/fixedpt.h:34]   --->   Operation 330 'mul' 'mul_ln34_21' <Predicate = (!and_ln115_3)> <Delay = 3.95> <CoreInst = "Multiplier">   --->   Core 3 'Multiplier' <Latency = 4> <II = 1> <Delay = 3.95> <FuncUnit> <Opcode : 'mul'> <InPorts = 2> <OutPorts = 1>
ST_34 : Operation 331 [1/1] (0.00ns)   --->   "%sext_ln34_19 = sext i32 %sub_ln40_13" [new_fixedpoint2205/fixedpt.h:34]   --->   Operation 331 'sext' 'sext_ln34_19' <Predicate = (!and_ln115_3 & !icmp_ln129_3)> <Delay = 0.00>
ST_34 : Operation 332 [5/5] (3.95ns)   --->   "%mul_ln34_23 = mul i48 %sext_ln34_19, i48 %sext_ln34_19" [new_fixedpoint2205/fixedpt.h:34]   --->   Operation 332 'mul' 'mul_ln34_23' <Predicate = (!and_ln115_3 & !icmp_ln129_3)> <Delay = 3.95> <CoreInst = "Multiplier">   --->   Core 3 'Multiplier' <Latency = 4> <II = 1> <Delay = 3.95> <FuncUnit> <Opcode : 'mul'> <InPorts = 2> <OutPorts = 1>
ST_34 : Operation 333 [1/1] (0.00ns)   --->   "%sext_ln34_18 = sext i32 %sub_ln40_12" [new_fixedpoint2205/fixedpt.h:34]   --->   Operation 333 'sext' 'sext_ln34_18' <Predicate = (!and_ln115_3 & icmp_ln129_3)> <Delay = 0.00>
ST_34 : Operation 334 [5/5] (3.95ns)   --->   "%mul_ln34_22 = mul i48 %sext_ln34_18, i48 %sext_ln34_18" [new_fixedpoint2205/fixedpt.h:34]   --->   Operation 334 'mul' 'mul_ln34_22' <Predicate = (!and_ln115_3 & icmp_ln129_3)> <Delay = 3.95> <CoreInst = "Multiplier">   --->   Core 3 'Multiplier' <Latency = 4> <II = 1> <Delay = 3.95> <FuncUnit> <Opcode : 'mul'> <InPorts = 2> <OutPorts = 1>
ST_34 : Operation 335 [4/5] (3.95ns)   --->   "%mul_ln34_20 = mul i48 %select_ln39_18, i48 %sext_ln39_3" [new_fixedpoint2205/fixedpt.h:34]   --->   Operation 335 'mul' 'mul_ln34_20' <Predicate = (and_ln115_3)> <Delay = 3.95> <CoreInst = "Multiplier">   --->   Core 3 'Multiplier' <Latency = 4> <II = 1> <Delay = 3.95> <FuncUnit> <Opcode : 'mul'> <InPorts = 2> <OutPorts = 1>

State 35 <SV = 34> <Delay = 3.95>
ST_35 : Operation 336 [4/5] (3.95ns)   --->   "%mul_ln34_9 = mul i48 %sext_ln34_8, i48 %sext_ln34_8" [new_fixedpoint2205/fixedpt.h:34]   --->   Operation 336 'mul' 'mul_ln34_9' <Predicate = (!and_ln115 & !icmp_ln129)> <Delay = 3.95> <CoreInst = "Multiplier">   --->   Core 3 'Multiplier' <Latency = 4> <II = 1> <Delay = 3.95> <FuncUnit> <Opcode : 'mul'> <InPorts = 2> <OutPorts = 1>
ST_35 : Operation 337 [4/5] (3.95ns)   --->   "%mul_ln34_10 = mul i48 %sext_ln34_9, i48 %sext_ln34_9" [new_fixedpoint2205/fixedpt.h:34]   --->   Operation 337 'mul' 'mul_ln34_10' <Predicate = (!and_ln115 & !icmp_ln129)> <Delay = 3.95> <CoreInst = "Multiplier">   --->   Core 3 'Multiplier' <Latency = 4> <II = 1> <Delay = 3.95> <FuncUnit> <Opcode : 'mul'> <InPorts = 2> <OutPorts = 1>
ST_35 : Operation 338 [4/5] (3.95ns)   --->   "%mul_ln34 = mul i48 %sext_ln34, i48 %sext_ln34" [new_fixedpoint2205/fixedpt.h:34]   --->   Operation 338 'mul' 'mul_ln34' <Predicate = (!and_ln115 & icmp_ln129)> <Delay = 3.95> <CoreInst = "Multiplier">   --->   Core 3 'Multiplier' <Latency = 4> <II = 1> <Delay = 3.95> <FuncUnit> <Opcode : 'mul'> <InPorts = 2> <OutPorts = 1>
ST_35 : Operation 339 [4/5] (3.95ns)   --->   "%mul_ln34_8 = mul i48 %sext_ln34_7, i48 %sext_ln34_7" [new_fixedpoint2205/fixedpt.h:34]   --->   Operation 339 'mul' 'mul_ln34_8' <Predicate = (!and_ln115 & icmp_ln129)> <Delay = 3.95> <CoreInst = "Multiplier">   --->   Core 3 'Multiplier' <Latency = 4> <II = 1> <Delay = 3.95> <FuncUnit> <Opcode : 'mul'> <InPorts = 2> <OutPorts = 1>
ST_35 : Operation 340 [3/5] (3.95ns)   --->   "%mul_ln34_7 = mul i48 %select_ln39_6, i48 %sext_ln39" [new_fixedpoint2205/fixedpt.h:34]   --->   Operation 340 'mul' 'mul_ln34_7' <Predicate = (and_ln115)> <Delay = 3.95> <CoreInst = "Multiplier">   --->   Core 3 'Multiplier' <Latency = 4> <II = 1> <Delay = 3.95> <FuncUnit> <Opcode : 'mul'> <InPorts = 2> <OutPorts = 1>
ST_35 : Operation 341 [4/5] (3.95ns)   --->   "%mul_ln34_12 = mul i48 %sext_ln34_10, i48 %sext_ln34_10" [new_fixedpoint2205/fixedpt.h:34]   --->   Operation 341 'mul' 'mul_ln34_12' <Predicate = (!and_ln115_1)> <Delay = 3.95> <CoreInst = "Multiplier">   --->   Core 3 'Multiplier' <Latency = 4> <II = 1> <Delay = 3.95> <FuncUnit> <Opcode : 'mul'> <InPorts = 2> <OutPorts = 1>
ST_35 : Operation 342 [4/5] (3.95ns)   --->   "%mul_ln34_14 = mul i48 %sext_ln34_12, i48 %sext_ln34_12" [new_fixedpoint2205/fixedpt.h:34]   --->   Operation 342 'mul' 'mul_ln34_14' <Predicate = (!and_ln115_1 & !icmp_ln129_1)> <Delay = 3.95> <CoreInst = "Multiplier">   --->   Core 3 'Multiplier' <Latency = 4> <II = 1> <Delay = 3.95> <FuncUnit> <Opcode : 'mul'> <InPorts = 2> <OutPorts = 1>
ST_35 : Operation 343 [4/5] (3.95ns)   --->   "%mul_ln34_13 = mul i48 %sext_ln34_11, i48 %sext_ln34_11" [new_fixedpoint2205/fixedpt.h:34]   --->   Operation 343 'mul' 'mul_ln34_13' <Predicate = (!and_ln115_1 & icmp_ln129_1)> <Delay = 3.95> <CoreInst = "Multiplier">   --->   Core 3 'Multiplier' <Latency = 4> <II = 1> <Delay = 3.95> <FuncUnit> <Opcode : 'mul'> <InPorts = 2> <OutPorts = 1>
ST_35 : Operation 344 [4/5] (3.95ns)   --->   "%mul_ln34_11 = mul i48 %select_ln39_10, i48 %sext_ln39_1" [new_fixedpoint2205/fixedpt.h:34]   --->   Operation 344 'mul' 'mul_ln34_11' <Predicate = (and_ln115_1)> <Delay = 3.95> <CoreInst = "Multiplier">   --->   Core 3 'Multiplier' <Latency = 4> <II = 1> <Delay = 3.95> <FuncUnit> <Opcode : 'mul'> <InPorts = 2> <OutPorts = 1>
ST_35 : Operation 345 [4/5] (3.95ns)   --->   "%mul_ln34_18 = mul i48 %sext_ln34_15, i48 %sext_ln34_15" [new_fixedpoint2205/fixedpt.h:34]   --->   Operation 345 'mul' 'mul_ln34_18' <Predicate = (!and_ln115_2 & !icmp_ln129_2)> <Delay = 3.95> <CoreInst = "Multiplier">   --->   Core 3 'Multiplier' <Latency = 4> <II = 1> <Delay = 3.95> <FuncUnit> <Opcode : 'mul'> <InPorts = 2> <OutPorts = 1>
ST_35 : Operation 346 [4/5] (3.95ns)   --->   "%mul_ln34_19 = mul i48 %sext_ln34_16, i48 %sext_ln34_16" [new_fixedpoint2205/fixedpt.h:34]   --->   Operation 346 'mul' 'mul_ln34_19' <Predicate = (!and_ln115_2 & !icmp_ln129_2)> <Delay = 3.95> <CoreInst = "Multiplier">   --->   Core 3 'Multiplier' <Latency = 4> <II = 1> <Delay = 3.95> <FuncUnit> <Opcode : 'mul'> <InPorts = 2> <OutPorts = 1>
ST_35 : Operation 347 [4/5] (3.95ns)   --->   "%mul_ln34_16 = mul i48 %sext_ln34_13, i48 %sext_ln34_13" [new_fixedpoint2205/fixedpt.h:34]   --->   Operation 347 'mul' 'mul_ln34_16' <Predicate = (!and_ln115_2 & icmp_ln129_2)> <Delay = 3.95> <CoreInst = "Multiplier">   --->   Core 3 'Multiplier' <Latency = 4> <II = 1> <Delay = 3.95> <FuncUnit> <Opcode : 'mul'> <InPorts = 2> <OutPorts = 1>
ST_35 : Operation 348 [4/5] (3.95ns)   --->   "%mul_ln34_17 = mul i48 %sext_ln34_14, i48 %sext_ln34_14" [new_fixedpoint2205/fixedpt.h:34]   --->   Operation 348 'mul' 'mul_ln34_17' <Predicate = (!and_ln115_2 & icmp_ln129_2)> <Delay = 3.95> <CoreInst = "Multiplier">   --->   Core 3 'Multiplier' <Latency = 4> <II = 1> <Delay = 3.95> <FuncUnit> <Opcode : 'mul'> <InPorts = 2> <OutPorts = 1>
ST_35 : Operation 349 [3/5] (3.95ns)   --->   "%mul_ln34_15 = mul i48 %select_ln39_14, i48 %sext_ln39_2" [new_fixedpoint2205/fixedpt.h:34]   --->   Operation 349 'mul' 'mul_ln34_15' <Predicate = (and_ln115_2)> <Delay = 3.95> <CoreInst = "Multiplier">   --->   Core 3 'Multiplier' <Latency = 4> <II = 1> <Delay = 3.95> <FuncUnit> <Opcode : 'mul'> <InPorts = 2> <OutPorts = 1>
ST_35 : Operation 350 [4/5] (3.95ns)   --->   "%mul_ln34_21 = mul i48 %sext_ln34_17, i48 %sext_ln34_17" [new_fixedpoint2205/fixedpt.h:34]   --->   Operation 350 'mul' 'mul_ln34_21' <Predicate = (!and_ln115_3)> <Delay = 3.95> <CoreInst = "Multiplier">   --->   Core 3 'Multiplier' <Latency = 4> <II = 1> <Delay = 3.95> <FuncUnit> <Opcode : 'mul'> <InPorts = 2> <OutPorts = 1>
ST_35 : Operation 351 [4/5] (3.95ns)   --->   "%mul_ln34_23 = mul i48 %sext_ln34_19, i48 %sext_ln34_19" [new_fixedpoint2205/fixedpt.h:34]   --->   Operation 351 'mul' 'mul_ln34_23' <Predicate = (!and_ln115_3 & !icmp_ln129_3)> <Delay = 3.95> <CoreInst = "Multiplier">   --->   Core 3 'Multiplier' <Latency = 4> <II = 1> <Delay = 3.95> <FuncUnit> <Opcode : 'mul'> <InPorts = 2> <OutPorts = 1>
ST_35 : Operation 352 [4/5] (3.95ns)   --->   "%mul_ln34_22 = mul i48 %sext_ln34_18, i48 %sext_ln34_18" [new_fixedpoint2205/fixedpt.h:34]   --->   Operation 352 'mul' 'mul_ln34_22' <Predicate = (!and_ln115_3 & icmp_ln129_3)> <Delay = 3.95> <CoreInst = "Multiplier">   --->   Core 3 'Multiplier' <Latency = 4> <II = 1> <Delay = 3.95> <FuncUnit> <Opcode : 'mul'> <InPorts = 2> <OutPorts = 1>
ST_35 : Operation 353 [3/5] (3.95ns)   --->   "%mul_ln34_20 = mul i48 %select_ln39_18, i48 %sext_ln39_3" [new_fixedpoint2205/fixedpt.h:34]   --->   Operation 353 'mul' 'mul_ln34_20' <Predicate = (and_ln115_3)> <Delay = 3.95> <CoreInst = "Multiplier">   --->   Core 3 'Multiplier' <Latency = 4> <II = 1> <Delay = 3.95> <FuncUnit> <Opcode : 'mul'> <InPorts = 2> <OutPorts = 1>

State 36 <SV = 35> <Delay = 3.95>
ST_36 : Operation 354 [3/5] (3.95ns)   --->   "%mul_ln34_9 = mul i48 %sext_ln34_8, i48 %sext_ln34_8" [new_fixedpoint2205/fixedpt.h:34]   --->   Operation 354 'mul' 'mul_ln34_9' <Predicate = (!and_ln115 & !icmp_ln129)> <Delay = 3.95> <CoreInst = "Multiplier">   --->   Core 3 'Multiplier' <Latency = 4> <II = 1> <Delay = 3.95> <FuncUnit> <Opcode : 'mul'> <InPorts = 2> <OutPorts = 1>
ST_36 : Operation 355 [3/5] (3.95ns)   --->   "%mul_ln34_10 = mul i48 %sext_ln34_9, i48 %sext_ln34_9" [new_fixedpoint2205/fixedpt.h:34]   --->   Operation 355 'mul' 'mul_ln34_10' <Predicate = (!and_ln115 & !icmp_ln129)> <Delay = 3.95> <CoreInst = "Multiplier">   --->   Core 3 'Multiplier' <Latency = 4> <II = 1> <Delay = 3.95> <FuncUnit> <Opcode : 'mul'> <InPorts = 2> <OutPorts = 1>
ST_36 : Operation 356 [3/5] (3.95ns)   --->   "%mul_ln34 = mul i48 %sext_ln34, i48 %sext_ln34" [new_fixedpoint2205/fixedpt.h:34]   --->   Operation 356 'mul' 'mul_ln34' <Predicate = (!and_ln115 & icmp_ln129)> <Delay = 3.95> <CoreInst = "Multiplier">   --->   Core 3 'Multiplier' <Latency = 4> <II = 1> <Delay = 3.95> <FuncUnit> <Opcode : 'mul'> <InPorts = 2> <OutPorts = 1>
ST_36 : Operation 357 [3/5] (3.95ns)   --->   "%mul_ln34_8 = mul i48 %sext_ln34_7, i48 %sext_ln34_7" [new_fixedpoint2205/fixedpt.h:34]   --->   Operation 357 'mul' 'mul_ln34_8' <Predicate = (!and_ln115 & icmp_ln129)> <Delay = 3.95> <CoreInst = "Multiplier">   --->   Core 3 'Multiplier' <Latency = 4> <II = 1> <Delay = 3.95> <FuncUnit> <Opcode : 'mul'> <InPorts = 2> <OutPorts = 1>
ST_36 : Operation 358 [2/5] (3.95ns)   --->   "%mul_ln34_7 = mul i48 %select_ln39_6, i48 %sext_ln39" [new_fixedpoint2205/fixedpt.h:34]   --->   Operation 358 'mul' 'mul_ln34_7' <Predicate = (and_ln115)> <Delay = 3.95> <CoreInst = "Multiplier">   --->   Core 3 'Multiplier' <Latency = 4> <II = 1> <Delay = 3.95> <FuncUnit> <Opcode : 'mul'> <InPorts = 2> <OutPorts = 1>
ST_36 : Operation 359 [3/5] (3.95ns)   --->   "%mul_ln34_12 = mul i48 %sext_ln34_10, i48 %sext_ln34_10" [new_fixedpoint2205/fixedpt.h:34]   --->   Operation 359 'mul' 'mul_ln34_12' <Predicate = (!and_ln115_1)> <Delay = 3.95> <CoreInst = "Multiplier">   --->   Core 3 'Multiplier' <Latency = 4> <II = 1> <Delay = 3.95> <FuncUnit> <Opcode : 'mul'> <InPorts = 2> <OutPorts = 1>
ST_36 : Operation 360 [3/5] (3.95ns)   --->   "%mul_ln34_14 = mul i48 %sext_ln34_12, i48 %sext_ln34_12" [new_fixedpoint2205/fixedpt.h:34]   --->   Operation 360 'mul' 'mul_ln34_14' <Predicate = (!and_ln115_1 & !icmp_ln129_1)> <Delay = 3.95> <CoreInst = "Multiplier">   --->   Core 3 'Multiplier' <Latency = 4> <II = 1> <Delay = 3.95> <FuncUnit> <Opcode : 'mul'> <InPorts = 2> <OutPorts = 1>
ST_36 : Operation 361 [3/5] (3.95ns)   --->   "%mul_ln34_13 = mul i48 %sext_ln34_11, i48 %sext_ln34_11" [new_fixedpoint2205/fixedpt.h:34]   --->   Operation 361 'mul' 'mul_ln34_13' <Predicate = (!and_ln115_1 & icmp_ln129_1)> <Delay = 3.95> <CoreInst = "Multiplier">   --->   Core 3 'Multiplier' <Latency = 4> <II = 1> <Delay = 3.95> <FuncUnit> <Opcode : 'mul'> <InPorts = 2> <OutPorts = 1>
ST_36 : Operation 362 [3/5] (3.95ns)   --->   "%mul_ln34_11 = mul i48 %select_ln39_10, i48 %sext_ln39_1" [new_fixedpoint2205/fixedpt.h:34]   --->   Operation 362 'mul' 'mul_ln34_11' <Predicate = (and_ln115_1)> <Delay = 3.95> <CoreInst = "Multiplier">   --->   Core 3 'Multiplier' <Latency = 4> <II = 1> <Delay = 3.95> <FuncUnit> <Opcode : 'mul'> <InPorts = 2> <OutPorts = 1>
ST_36 : Operation 363 [3/5] (3.95ns)   --->   "%mul_ln34_18 = mul i48 %sext_ln34_15, i48 %sext_ln34_15" [new_fixedpoint2205/fixedpt.h:34]   --->   Operation 363 'mul' 'mul_ln34_18' <Predicate = (!and_ln115_2 & !icmp_ln129_2)> <Delay = 3.95> <CoreInst = "Multiplier">   --->   Core 3 'Multiplier' <Latency = 4> <II = 1> <Delay = 3.95> <FuncUnit> <Opcode : 'mul'> <InPorts = 2> <OutPorts = 1>
ST_36 : Operation 364 [3/5] (3.95ns)   --->   "%mul_ln34_19 = mul i48 %sext_ln34_16, i48 %sext_ln34_16" [new_fixedpoint2205/fixedpt.h:34]   --->   Operation 364 'mul' 'mul_ln34_19' <Predicate = (!and_ln115_2 & !icmp_ln129_2)> <Delay = 3.95> <CoreInst = "Multiplier">   --->   Core 3 'Multiplier' <Latency = 4> <II = 1> <Delay = 3.95> <FuncUnit> <Opcode : 'mul'> <InPorts = 2> <OutPorts = 1>
ST_36 : Operation 365 [3/5] (3.95ns)   --->   "%mul_ln34_16 = mul i48 %sext_ln34_13, i48 %sext_ln34_13" [new_fixedpoint2205/fixedpt.h:34]   --->   Operation 365 'mul' 'mul_ln34_16' <Predicate = (!and_ln115_2 & icmp_ln129_2)> <Delay = 3.95> <CoreInst = "Multiplier">   --->   Core 3 'Multiplier' <Latency = 4> <II = 1> <Delay = 3.95> <FuncUnit> <Opcode : 'mul'> <InPorts = 2> <OutPorts = 1>
ST_36 : Operation 366 [3/5] (3.95ns)   --->   "%mul_ln34_17 = mul i48 %sext_ln34_14, i48 %sext_ln34_14" [new_fixedpoint2205/fixedpt.h:34]   --->   Operation 366 'mul' 'mul_ln34_17' <Predicate = (!and_ln115_2 & icmp_ln129_2)> <Delay = 3.95> <CoreInst = "Multiplier">   --->   Core 3 'Multiplier' <Latency = 4> <II = 1> <Delay = 3.95> <FuncUnit> <Opcode : 'mul'> <InPorts = 2> <OutPorts = 1>
ST_36 : Operation 367 [2/5] (3.95ns)   --->   "%mul_ln34_15 = mul i48 %select_ln39_14, i48 %sext_ln39_2" [new_fixedpoint2205/fixedpt.h:34]   --->   Operation 367 'mul' 'mul_ln34_15' <Predicate = (and_ln115_2)> <Delay = 3.95> <CoreInst = "Multiplier">   --->   Core 3 'Multiplier' <Latency = 4> <II = 1> <Delay = 3.95> <FuncUnit> <Opcode : 'mul'> <InPorts = 2> <OutPorts = 1>
ST_36 : Operation 368 [3/5] (3.95ns)   --->   "%mul_ln34_21 = mul i48 %sext_ln34_17, i48 %sext_ln34_17" [new_fixedpoint2205/fixedpt.h:34]   --->   Operation 368 'mul' 'mul_ln34_21' <Predicate = (!and_ln115_3)> <Delay = 3.95> <CoreInst = "Multiplier">   --->   Core 3 'Multiplier' <Latency = 4> <II = 1> <Delay = 3.95> <FuncUnit> <Opcode : 'mul'> <InPorts = 2> <OutPorts = 1>
ST_36 : Operation 369 [3/5] (3.95ns)   --->   "%mul_ln34_23 = mul i48 %sext_ln34_19, i48 %sext_ln34_19" [new_fixedpoint2205/fixedpt.h:34]   --->   Operation 369 'mul' 'mul_ln34_23' <Predicate = (!and_ln115_3 & !icmp_ln129_3)> <Delay = 3.95> <CoreInst = "Multiplier">   --->   Core 3 'Multiplier' <Latency = 4> <II = 1> <Delay = 3.95> <FuncUnit> <Opcode : 'mul'> <InPorts = 2> <OutPorts = 1>
ST_36 : Operation 370 [3/5] (3.95ns)   --->   "%mul_ln34_22 = mul i48 %sext_ln34_18, i48 %sext_ln34_18" [new_fixedpoint2205/fixedpt.h:34]   --->   Operation 370 'mul' 'mul_ln34_22' <Predicate = (!and_ln115_3 & icmp_ln129_3)> <Delay = 3.95> <CoreInst = "Multiplier">   --->   Core 3 'Multiplier' <Latency = 4> <II = 1> <Delay = 3.95> <FuncUnit> <Opcode : 'mul'> <InPorts = 2> <OutPorts = 1>
ST_36 : Operation 371 [2/5] (3.95ns)   --->   "%mul_ln34_20 = mul i48 %select_ln39_18, i48 %sext_ln39_3" [new_fixedpoint2205/fixedpt.h:34]   --->   Operation 371 'mul' 'mul_ln34_20' <Predicate = (and_ln115_3)> <Delay = 3.95> <CoreInst = "Multiplier">   --->   Core 3 'Multiplier' <Latency = 4> <II = 1> <Delay = 3.95> <FuncUnit> <Opcode : 'mul'> <InPorts = 2> <OutPorts = 1>

State 37 <SV = 36> <Delay = 3.95>
ST_37 : Operation 372 [2/5] (3.95ns)   --->   "%mul_ln34_9 = mul i48 %sext_ln34_8, i48 %sext_ln34_8" [new_fixedpoint2205/fixedpt.h:34]   --->   Operation 372 'mul' 'mul_ln34_9' <Predicate = (!and_ln115 & !icmp_ln129)> <Delay = 3.95> <CoreInst = "Multiplier">   --->   Core 3 'Multiplier' <Latency = 4> <II = 1> <Delay = 3.95> <FuncUnit> <Opcode : 'mul'> <InPorts = 2> <OutPorts = 1>
ST_37 : Operation 373 [2/5] (3.95ns)   --->   "%mul_ln34_10 = mul i48 %sext_ln34_9, i48 %sext_ln34_9" [new_fixedpoint2205/fixedpt.h:34]   --->   Operation 373 'mul' 'mul_ln34_10' <Predicate = (!and_ln115 & !icmp_ln129)> <Delay = 3.95> <CoreInst = "Multiplier">   --->   Core 3 'Multiplier' <Latency = 4> <II = 1> <Delay = 3.95> <FuncUnit> <Opcode : 'mul'> <InPorts = 2> <OutPorts = 1>
ST_37 : Operation 374 [2/5] (3.95ns)   --->   "%mul_ln34 = mul i48 %sext_ln34, i48 %sext_ln34" [new_fixedpoint2205/fixedpt.h:34]   --->   Operation 374 'mul' 'mul_ln34' <Predicate = (!and_ln115 & icmp_ln129)> <Delay = 3.95> <CoreInst = "Multiplier">   --->   Core 3 'Multiplier' <Latency = 4> <II = 1> <Delay = 3.95> <FuncUnit> <Opcode : 'mul'> <InPorts = 2> <OutPorts = 1>
ST_37 : Operation 375 [2/5] (3.95ns)   --->   "%mul_ln34_8 = mul i48 %sext_ln34_7, i48 %sext_ln34_7" [new_fixedpoint2205/fixedpt.h:34]   --->   Operation 375 'mul' 'mul_ln34_8' <Predicate = (!and_ln115 & icmp_ln129)> <Delay = 3.95> <CoreInst = "Multiplier">   --->   Core 3 'Multiplier' <Latency = 4> <II = 1> <Delay = 3.95> <FuncUnit> <Opcode : 'mul'> <InPorts = 2> <OutPorts = 1>
ST_37 : Operation 376 [1/5] (3.95ns)   --->   "%mul_ln34_7 = mul i48 %select_ln39_6, i48 %sext_ln39" [new_fixedpoint2205/fixedpt.h:34]   --->   Operation 376 'mul' 'mul_ln34_7' <Predicate = (and_ln115)> <Delay = 3.95> <CoreInst = "Multiplier">   --->   Core 3 'Multiplier' <Latency = 4> <II = 1> <Delay = 3.95> <FuncUnit> <Opcode : 'mul'> <InPorts = 2> <OutPorts = 1>
ST_37 : Operation 377 [1/1] (0.00ns)   --->   "%trunc_ln34_8 = partselect i32 @_ssdm_op_PartSelect.i32.i48.i32.i32, i48 %mul_ln34_7, i32 16, i32 47" [new_fixedpoint2205/fixedpt.h:34]   --->   Operation 377 'partselect' 'trunc_ln34_8' <Predicate = (and_ln115)> <Delay = 0.00>
ST_37 : Operation 378 [2/5] (3.95ns)   --->   "%mul_ln34_12 = mul i48 %sext_ln34_10, i48 %sext_ln34_10" [new_fixedpoint2205/fixedpt.h:34]   --->   Operation 378 'mul' 'mul_ln34_12' <Predicate = (!and_ln115_1)> <Delay = 3.95> <CoreInst = "Multiplier">   --->   Core 3 'Multiplier' <Latency = 4> <II = 1> <Delay = 3.95> <FuncUnit> <Opcode : 'mul'> <InPorts = 2> <OutPorts = 1>
ST_37 : Operation 379 [2/5] (3.95ns)   --->   "%mul_ln34_14 = mul i48 %sext_ln34_12, i48 %sext_ln34_12" [new_fixedpoint2205/fixedpt.h:34]   --->   Operation 379 'mul' 'mul_ln34_14' <Predicate = (!and_ln115_1 & !icmp_ln129_1)> <Delay = 3.95> <CoreInst = "Multiplier">   --->   Core 3 'Multiplier' <Latency = 4> <II = 1> <Delay = 3.95> <FuncUnit> <Opcode : 'mul'> <InPorts = 2> <OutPorts = 1>
ST_37 : Operation 380 [2/5] (3.95ns)   --->   "%mul_ln34_13 = mul i48 %sext_ln34_11, i48 %sext_ln34_11" [new_fixedpoint2205/fixedpt.h:34]   --->   Operation 380 'mul' 'mul_ln34_13' <Predicate = (!and_ln115_1 & icmp_ln129_1)> <Delay = 3.95> <CoreInst = "Multiplier">   --->   Core 3 'Multiplier' <Latency = 4> <II = 1> <Delay = 3.95> <FuncUnit> <Opcode : 'mul'> <InPorts = 2> <OutPorts = 1>
ST_37 : Operation 381 [2/5] (3.95ns)   --->   "%mul_ln34_11 = mul i48 %select_ln39_10, i48 %sext_ln39_1" [new_fixedpoint2205/fixedpt.h:34]   --->   Operation 381 'mul' 'mul_ln34_11' <Predicate = (and_ln115_1)> <Delay = 3.95> <CoreInst = "Multiplier">   --->   Core 3 'Multiplier' <Latency = 4> <II = 1> <Delay = 3.95> <FuncUnit> <Opcode : 'mul'> <InPorts = 2> <OutPorts = 1>
ST_37 : Operation 382 [2/5] (3.95ns)   --->   "%mul_ln34_18 = mul i48 %sext_ln34_15, i48 %sext_ln34_15" [new_fixedpoint2205/fixedpt.h:34]   --->   Operation 382 'mul' 'mul_ln34_18' <Predicate = (!and_ln115_2 & !icmp_ln129_2)> <Delay = 3.95> <CoreInst = "Multiplier">   --->   Core 3 'Multiplier' <Latency = 4> <II = 1> <Delay = 3.95> <FuncUnit> <Opcode : 'mul'> <InPorts = 2> <OutPorts = 1>
ST_37 : Operation 383 [2/5] (3.95ns)   --->   "%mul_ln34_19 = mul i48 %sext_ln34_16, i48 %sext_ln34_16" [new_fixedpoint2205/fixedpt.h:34]   --->   Operation 383 'mul' 'mul_ln34_19' <Predicate = (!and_ln115_2 & !icmp_ln129_2)> <Delay = 3.95> <CoreInst = "Multiplier">   --->   Core 3 'Multiplier' <Latency = 4> <II = 1> <Delay = 3.95> <FuncUnit> <Opcode : 'mul'> <InPorts = 2> <OutPorts = 1>
ST_37 : Operation 384 [2/5] (3.95ns)   --->   "%mul_ln34_16 = mul i48 %sext_ln34_13, i48 %sext_ln34_13" [new_fixedpoint2205/fixedpt.h:34]   --->   Operation 384 'mul' 'mul_ln34_16' <Predicate = (!and_ln115_2 & icmp_ln129_2)> <Delay = 3.95> <CoreInst = "Multiplier">   --->   Core 3 'Multiplier' <Latency = 4> <II = 1> <Delay = 3.95> <FuncUnit> <Opcode : 'mul'> <InPorts = 2> <OutPorts = 1>
ST_37 : Operation 385 [2/5] (3.95ns)   --->   "%mul_ln34_17 = mul i48 %sext_ln34_14, i48 %sext_ln34_14" [new_fixedpoint2205/fixedpt.h:34]   --->   Operation 385 'mul' 'mul_ln34_17' <Predicate = (!and_ln115_2 & icmp_ln129_2)> <Delay = 3.95> <CoreInst = "Multiplier">   --->   Core 3 'Multiplier' <Latency = 4> <II = 1> <Delay = 3.95> <FuncUnit> <Opcode : 'mul'> <InPorts = 2> <OutPorts = 1>
ST_37 : Operation 386 [1/5] (3.95ns)   --->   "%mul_ln34_15 = mul i48 %select_ln39_14, i48 %sext_ln39_2" [new_fixedpoint2205/fixedpt.h:34]   --->   Operation 386 'mul' 'mul_ln34_15' <Predicate = (and_ln115_2)> <Delay = 3.95> <CoreInst = "Multiplier">   --->   Core 3 'Multiplier' <Latency = 4> <II = 1> <Delay = 3.95> <FuncUnit> <Opcode : 'mul'> <InPorts = 2> <OutPorts = 1>
ST_37 : Operation 387 [1/1] (0.00ns)   --->   "%trunc_ln34_12 = partselect i32 @_ssdm_op_PartSelect.i32.i48.i32.i32, i48 %mul_ln34_15, i32 16, i32 47" [new_fixedpoint2205/fixedpt.h:34]   --->   Operation 387 'partselect' 'trunc_ln34_12' <Predicate = (and_ln115_2)> <Delay = 0.00>
ST_37 : Operation 388 [2/5] (3.95ns)   --->   "%mul_ln34_21 = mul i48 %sext_ln34_17, i48 %sext_ln34_17" [new_fixedpoint2205/fixedpt.h:34]   --->   Operation 388 'mul' 'mul_ln34_21' <Predicate = (!and_ln115_3)> <Delay = 3.95> <CoreInst = "Multiplier">   --->   Core 3 'Multiplier' <Latency = 4> <II = 1> <Delay = 3.95> <FuncUnit> <Opcode : 'mul'> <InPorts = 2> <OutPorts = 1>
ST_37 : Operation 389 [2/5] (3.95ns)   --->   "%mul_ln34_23 = mul i48 %sext_ln34_19, i48 %sext_ln34_19" [new_fixedpoint2205/fixedpt.h:34]   --->   Operation 389 'mul' 'mul_ln34_23' <Predicate = (!and_ln115_3 & !icmp_ln129_3)> <Delay = 3.95> <CoreInst = "Multiplier">   --->   Core 3 'Multiplier' <Latency = 4> <II = 1> <Delay = 3.95> <FuncUnit> <Opcode : 'mul'> <InPorts = 2> <OutPorts = 1>
ST_37 : Operation 390 [2/5] (3.95ns)   --->   "%mul_ln34_22 = mul i48 %sext_ln34_18, i48 %sext_ln34_18" [new_fixedpoint2205/fixedpt.h:34]   --->   Operation 390 'mul' 'mul_ln34_22' <Predicate = (!and_ln115_3 & icmp_ln129_3)> <Delay = 3.95> <CoreInst = "Multiplier">   --->   Core 3 'Multiplier' <Latency = 4> <II = 1> <Delay = 3.95> <FuncUnit> <Opcode : 'mul'> <InPorts = 2> <OutPorts = 1>
ST_37 : Operation 391 [1/5] (3.95ns)   --->   "%mul_ln34_20 = mul i48 %select_ln39_18, i48 %sext_ln39_3" [new_fixedpoint2205/fixedpt.h:34]   --->   Operation 391 'mul' 'mul_ln34_20' <Predicate = (and_ln115_3)> <Delay = 3.95> <CoreInst = "Multiplier">   --->   Core 3 'Multiplier' <Latency = 4> <II = 1> <Delay = 3.95> <FuncUnit> <Opcode : 'mul'> <InPorts = 2> <OutPorts = 1>
ST_37 : Operation 392 [1/1] (0.00ns)   --->   "%trunc_ln34_17 = partselect i32 @_ssdm_op_PartSelect.i32.i48.i32.i32, i48 %mul_ln34_20, i32 16, i32 47" [new_fixedpoint2205/fixedpt.h:34]   --->   Operation 392 'partselect' 'trunc_ln34_17' <Predicate = (and_ln115_3)> <Delay = 0.00>

State 38 <SV = 37> <Delay = 3.95>
ST_38 : Operation 393 [1/5] (3.95ns)   --->   "%mul_ln34_9 = mul i48 %sext_ln34_8, i48 %sext_ln34_8" [new_fixedpoint2205/fixedpt.h:34]   --->   Operation 393 'mul' 'mul_ln34_9' <Predicate = (!and_ln115 & !icmp_ln129)> <Delay = 3.95> <CoreInst = "Multiplier">   --->   Core 3 'Multiplier' <Latency = 4> <II = 1> <Delay = 3.95> <FuncUnit> <Opcode : 'mul'> <InPorts = 2> <OutPorts = 1>
ST_38 : Operation 394 [1/1] (0.00ns)   --->   "%trunc_ln34_1 = partselect i32 @_ssdm_op_PartSelect.i32.i48.i32.i32, i48 %mul_ln34_9, i32 16, i32 47" [new_fixedpoint2205/fixedpt.h:34]   --->   Operation 394 'partselect' 'trunc_ln34_1' <Predicate = (!and_ln115 & !icmp_ln129)> <Delay = 0.00>
ST_38 : Operation 395 [1/5] (3.95ns)   --->   "%mul_ln34_10 = mul i48 %sext_ln34_9, i48 %sext_ln34_9" [new_fixedpoint2205/fixedpt.h:34]   --->   Operation 395 'mul' 'mul_ln34_10' <Predicate = (!and_ln115 & !icmp_ln129)> <Delay = 3.95> <CoreInst = "Multiplier">   --->   Core 3 'Multiplier' <Latency = 4> <II = 1> <Delay = 3.95> <FuncUnit> <Opcode : 'mul'> <InPorts = 2> <OutPorts = 1>
ST_38 : Operation 396 [1/1] (0.00ns)   --->   "%trunc_ln34_2 = partselect i32 @_ssdm_op_PartSelect.i32.i48.i32.i32, i48 %mul_ln34_10, i32 16, i32 47" [new_fixedpoint2205/fixedpt.h:34]   --->   Operation 396 'partselect' 'trunc_ln34_2' <Predicate = (!and_ln115 & !icmp_ln129)> <Delay = 0.00>
ST_38 : Operation 397 [1/5] (3.95ns)   --->   "%mul_ln34 = mul i48 %sext_ln34, i48 %sext_ln34" [new_fixedpoint2205/fixedpt.h:34]   --->   Operation 397 'mul' 'mul_ln34' <Predicate = (!and_ln115 & icmp_ln129)> <Delay = 3.95> <CoreInst = "Multiplier">   --->   Core 3 'Multiplier' <Latency = 4> <II = 1> <Delay = 3.95> <FuncUnit> <Opcode : 'mul'> <InPorts = 2> <OutPorts = 1>
ST_38 : Operation 398 [1/1] (0.00ns)   --->   "%trunc_ln34_9 = partselect i32 @_ssdm_op_PartSelect.i32.i48.i32.i32, i48 %mul_ln34, i32 16, i32 47" [new_fixedpoint2205/fixedpt.h:34]   --->   Operation 398 'partselect' 'trunc_ln34_9' <Predicate = (!and_ln115 & icmp_ln129)> <Delay = 0.00>
ST_38 : Operation 399 [1/5] (3.95ns)   --->   "%mul_ln34_8 = mul i48 %sext_ln34_7, i48 %sext_ln34_7" [new_fixedpoint2205/fixedpt.h:34]   --->   Operation 399 'mul' 'mul_ln34_8' <Predicate = (!and_ln115 & icmp_ln129)> <Delay = 3.95> <CoreInst = "Multiplier">   --->   Core 3 'Multiplier' <Latency = 4> <II = 1> <Delay = 3.95> <FuncUnit> <Opcode : 'mul'> <InPorts = 2> <OutPorts = 1>
ST_38 : Operation 400 [1/1] (0.00ns)   --->   "%trunc_ln34_s = partselect i32 @_ssdm_op_PartSelect.i32.i48.i32.i32, i48 %mul_ln34_8, i32 16, i32 47" [new_fixedpoint2205/fixedpt.h:34]   --->   Operation 400 'partselect' 'trunc_ln34_s' <Predicate = (!and_ln115 & icmp_ln129)> <Delay = 0.00>
ST_38 : Operation 401 [1/1] (1.70ns)   --->   "%br_ln126 = br void %_ZN11Segment_3hw16squared_distanceERiS0_ii.exit.0" [new_fixedpoint2205/Aux_Lib_hw.hpp:126]   --->   Operation 401 'br' 'br_ln126' <Predicate = (and_ln115)> <Delay = 1.70>
ST_38 : Operation 402 [1/5] (3.95ns)   --->   "%mul_ln34_12 = mul i48 %sext_ln34_10, i48 %sext_ln34_10" [new_fixedpoint2205/fixedpt.h:34]   --->   Operation 402 'mul' 'mul_ln34_12' <Predicate = (!and_ln115_1)> <Delay = 3.95> <CoreInst = "Multiplier">   --->   Core 3 'Multiplier' <Latency = 4> <II = 1> <Delay = 3.95> <FuncUnit> <Opcode : 'mul'> <InPorts = 2> <OutPorts = 1>
ST_38 : Operation 403 [1/1] (0.00ns)   --->   "%trunc_ln34_5 = partselect i32 @_ssdm_op_PartSelect.i32.i48.i32.i32, i48 %mul_ln34_12, i32 16, i32 47" [new_fixedpoint2205/fixedpt.h:34]   --->   Operation 403 'partselect' 'trunc_ln34_5' <Predicate = (!and_ln115_1)> <Delay = 0.00>
ST_38 : Operation 404 [1/5] (3.95ns)   --->   "%mul_ln34_14 = mul i48 %sext_ln34_12, i48 %sext_ln34_12" [new_fixedpoint2205/fixedpt.h:34]   --->   Operation 404 'mul' 'mul_ln34_14' <Predicate = (!and_ln115_1 & !icmp_ln129_1)> <Delay = 3.95> <CoreInst = "Multiplier">   --->   Core 3 'Multiplier' <Latency = 4> <II = 1> <Delay = 3.95> <FuncUnit> <Opcode : 'mul'> <InPorts = 2> <OutPorts = 1>
ST_38 : Operation 405 [1/1] (0.00ns)   --->   "%trunc_ln34_10 = partselect i32 @_ssdm_op_PartSelect.i32.i48.i32.i32, i48 %mul_ln34_14, i32 16, i32 47" [new_fixedpoint2205/fixedpt.h:34]   --->   Operation 405 'partselect' 'trunc_ln34_10' <Predicate = (!and_ln115_1 & !icmp_ln129_1)> <Delay = 0.00>
ST_38 : Operation 406 [1/5] (3.95ns)   --->   "%mul_ln34_13 = mul i48 %sext_ln34_11, i48 %sext_ln34_11" [new_fixedpoint2205/fixedpt.h:34]   --->   Operation 406 'mul' 'mul_ln34_13' <Predicate = (!and_ln115_1 & icmp_ln129_1)> <Delay = 3.95> <CoreInst = "Multiplier">   --->   Core 3 'Multiplier' <Latency = 4> <II = 1> <Delay = 3.95> <FuncUnit> <Opcode : 'mul'> <InPorts = 2> <OutPorts = 1>
ST_38 : Operation 407 [1/1] (0.00ns)   --->   "%trunc_ln34_7 = partselect i32 @_ssdm_op_PartSelect.i32.i48.i32.i32, i48 %mul_ln34_13, i32 16, i32 47" [new_fixedpoint2205/fixedpt.h:34]   --->   Operation 407 'partselect' 'trunc_ln34_7' <Predicate = (!and_ln115_1 & icmp_ln129_1)> <Delay = 0.00>
ST_38 : Operation 408 [1/5] (3.95ns)   --->   "%mul_ln34_11 = mul i48 %select_ln39_10, i48 %sext_ln39_1" [new_fixedpoint2205/fixedpt.h:34]   --->   Operation 408 'mul' 'mul_ln34_11' <Predicate = (and_ln115_1)> <Delay = 3.95> <CoreInst = "Multiplier">   --->   Core 3 'Multiplier' <Latency = 4> <II = 1> <Delay = 3.95> <FuncUnit> <Opcode : 'mul'> <InPorts = 2> <OutPorts = 1>
ST_38 : Operation 409 [1/1] (0.00ns)   --->   "%trunc_ln34_4 = partselect i32 @_ssdm_op_PartSelect.i32.i48.i32.i32, i48 %mul_ln34_11, i32 16, i32 47" [new_fixedpoint2205/fixedpt.h:34]   --->   Operation 409 'partselect' 'trunc_ln34_4' <Predicate = (and_ln115_1)> <Delay = 0.00>
ST_38 : Operation 410 [1/5] (3.95ns)   --->   "%mul_ln34_18 = mul i48 %sext_ln34_15, i48 %sext_ln34_15" [new_fixedpoint2205/fixedpt.h:34]   --->   Operation 410 'mul' 'mul_ln34_18' <Predicate = (!and_ln115_2 & !icmp_ln129_2)> <Delay = 3.95> <CoreInst = "Multiplier">   --->   Core 3 'Multiplier' <Latency = 4> <II = 1> <Delay = 3.95> <FuncUnit> <Opcode : 'mul'> <InPorts = 2> <OutPorts = 1>
ST_38 : Operation 411 [1/1] (0.00ns)   --->   "%trunc_ln34_15 = partselect i32 @_ssdm_op_PartSelect.i32.i48.i32.i32, i48 %mul_ln34_18, i32 16, i32 47" [new_fixedpoint2205/fixedpt.h:34]   --->   Operation 411 'partselect' 'trunc_ln34_15' <Predicate = (!and_ln115_2 & !icmp_ln129_2)> <Delay = 0.00>
ST_38 : Operation 412 [1/5] (3.95ns)   --->   "%mul_ln34_19 = mul i48 %sext_ln34_16, i48 %sext_ln34_16" [new_fixedpoint2205/fixedpt.h:34]   --->   Operation 412 'mul' 'mul_ln34_19' <Predicate = (!and_ln115_2 & !icmp_ln129_2)> <Delay = 3.95> <CoreInst = "Multiplier">   --->   Core 3 'Multiplier' <Latency = 4> <II = 1> <Delay = 3.95> <FuncUnit> <Opcode : 'mul'> <InPorts = 2> <OutPorts = 1>
ST_38 : Operation 413 [1/1] (0.00ns)   --->   "%trunc_ln34_16 = partselect i32 @_ssdm_op_PartSelect.i32.i48.i32.i32, i48 %mul_ln34_19, i32 16, i32 47" [new_fixedpoint2205/fixedpt.h:34]   --->   Operation 413 'partselect' 'trunc_ln34_16' <Predicate = (!and_ln115_2 & !icmp_ln129_2)> <Delay = 0.00>
ST_38 : Operation 414 [1/5] (3.95ns)   --->   "%mul_ln34_16 = mul i48 %sext_ln34_13, i48 %sext_ln34_13" [new_fixedpoint2205/fixedpt.h:34]   --->   Operation 414 'mul' 'mul_ln34_16' <Predicate = (!and_ln115_2 & icmp_ln129_2)> <Delay = 3.95> <CoreInst = "Multiplier">   --->   Core 3 'Multiplier' <Latency = 4> <II = 1> <Delay = 3.95> <FuncUnit> <Opcode : 'mul'> <InPorts = 2> <OutPorts = 1>
ST_38 : Operation 415 [1/1] (0.00ns)   --->   "%trunc_ln34_13 = partselect i32 @_ssdm_op_PartSelect.i32.i48.i32.i32, i48 %mul_ln34_16, i32 16, i32 47" [new_fixedpoint2205/fixedpt.h:34]   --->   Operation 415 'partselect' 'trunc_ln34_13' <Predicate = (!and_ln115_2 & icmp_ln129_2)> <Delay = 0.00>
ST_38 : Operation 416 [1/5] (3.95ns)   --->   "%mul_ln34_17 = mul i48 %sext_ln34_14, i48 %sext_ln34_14" [new_fixedpoint2205/fixedpt.h:34]   --->   Operation 416 'mul' 'mul_ln34_17' <Predicate = (!and_ln115_2 & icmp_ln129_2)> <Delay = 3.95> <CoreInst = "Multiplier">   --->   Core 3 'Multiplier' <Latency = 4> <II = 1> <Delay = 3.95> <FuncUnit> <Opcode : 'mul'> <InPorts = 2> <OutPorts = 1>
ST_38 : Operation 417 [1/1] (0.00ns)   --->   "%trunc_ln34_14 = partselect i32 @_ssdm_op_PartSelect.i32.i48.i32.i32, i48 %mul_ln34_17, i32 16, i32 47" [new_fixedpoint2205/fixedpt.h:34]   --->   Operation 417 'partselect' 'trunc_ln34_14' <Predicate = (!and_ln115_2 & icmp_ln129_2)> <Delay = 0.00>
ST_38 : Operation 418 [1/1] (1.70ns)   --->   "%br_ln126 = br void %_ZN11Segment_3hw16squared_distanceERiS0_ii.exit.2" [new_fixedpoint2205/Aux_Lib_hw.hpp:126]   --->   Operation 418 'br' 'br_ln126' <Predicate = (and_ln115_2)> <Delay = 1.70>
ST_38 : Operation 419 [1/5] (3.95ns)   --->   "%mul_ln34_21 = mul i48 %sext_ln34_17, i48 %sext_ln34_17" [new_fixedpoint2205/fixedpt.h:34]   --->   Operation 419 'mul' 'mul_ln34_21' <Predicate = (!and_ln115_3)> <Delay = 3.95> <CoreInst = "Multiplier">   --->   Core 3 'Multiplier' <Latency = 4> <II = 1> <Delay = 3.95> <FuncUnit> <Opcode : 'mul'> <InPorts = 2> <OutPorts = 1>
ST_38 : Operation 420 [1/1] (0.00ns)   --->   "%trunc_ln34_18 = partselect i32 @_ssdm_op_PartSelect.i32.i48.i32.i32, i48 %mul_ln34_21, i32 16, i32 47" [new_fixedpoint2205/fixedpt.h:34]   --->   Operation 420 'partselect' 'trunc_ln34_18' <Predicate = (!and_ln115_3)> <Delay = 0.00>
ST_38 : Operation 421 [1/5] (3.95ns)   --->   "%mul_ln34_23 = mul i48 %sext_ln34_19, i48 %sext_ln34_19" [new_fixedpoint2205/fixedpt.h:34]   --->   Operation 421 'mul' 'mul_ln34_23' <Predicate = (!and_ln115_3 & !icmp_ln129_3)> <Delay = 3.95> <CoreInst = "Multiplier">   --->   Core 3 'Multiplier' <Latency = 4> <II = 1> <Delay = 3.95> <FuncUnit> <Opcode : 'mul'> <InPorts = 2> <OutPorts = 1>
ST_38 : Operation 422 [1/1] (0.00ns)   --->   "%trunc_ln34_20 = partselect i32 @_ssdm_op_PartSelect.i32.i48.i32.i32, i48 %mul_ln34_23, i32 16, i32 47" [new_fixedpoint2205/fixedpt.h:34]   --->   Operation 422 'partselect' 'trunc_ln34_20' <Predicate = (!and_ln115_3 & !icmp_ln129_3)> <Delay = 0.00>
ST_38 : Operation 423 [1/5] (3.95ns)   --->   "%mul_ln34_22 = mul i48 %sext_ln34_18, i48 %sext_ln34_18" [new_fixedpoint2205/fixedpt.h:34]   --->   Operation 423 'mul' 'mul_ln34_22' <Predicate = (!and_ln115_3 & icmp_ln129_3)> <Delay = 3.95> <CoreInst = "Multiplier">   --->   Core 3 'Multiplier' <Latency = 4> <II = 1> <Delay = 3.95> <FuncUnit> <Opcode : 'mul'> <InPorts = 2> <OutPorts = 1>
ST_38 : Operation 424 [1/1] (0.00ns)   --->   "%trunc_ln34_19 = partselect i32 @_ssdm_op_PartSelect.i32.i48.i32.i32, i48 %mul_ln34_22, i32 16, i32 47" [new_fixedpoint2205/fixedpt.h:34]   --->   Operation 424 'partselect' 'trunc_ln34_19' <Predicate = (!and_ln115_3 & icmp_ln129_3)> <Delay = 0.00>
ST_38 : Operation 425 [1/1] (1.70ns)   --->   "%br_ln126 = br void %_ZN11Segment_3hw16squared_distanceERiS0_ii.exit.3" [new_fixedpoint2205/Aux_Lib_hw.hpp:126]   --->   Operation 425 'br' 'br_ln126' <Predicate = (and_ln115_3)> <Delay = 1.70>

State 39 <SV = 38> <Delay = 2.55>
ST_39 : Operation 426 [1/1] (2.55ns)   --->   "%add_ln40_1 = add i32 %trunc_ln34_2, i32 %trunc_ln34_1" [new_fixedpoint2205/Aux_Lib_hw.hpp:40]   --->   Operation 426 'add' 'add_ln40_1' <Predicate = (!and_ln115 & !icmp_ln129)> <Delay = 2.55> <CoreInst = "Adder">   --->   Core 1 'Adder' <Latency = 0> <II = 1> <Delay = 2.55> <FuncUnit> <Opcode : 'add' 'sub'> <InPorts = 2> <OutPorts = 1>
ST_39 : Operation 427 [1/1] (1.70ns)   --->   "%br_ln132 = br void %_ZN11Segment_3hw16squared_distanceERiS0_ii.exit.0" [new_fixedpoint2205/Aux_Lib_hw.hpp:132]   --->   Operation 427 'br' 'br_ln132' <Predicate = (!and_ln115 & !icmp_ln129)> <Delay = 1.70>
ST_39 : Operation 428 [1/1] (2.55ns)   --->   "%add_ln40 = add i32 %trunc_ln34_s, i32 %trunc_ln34_9" [new_fixedpoint2205/Aux_Lib_hw.hpp:40]   --->   Operation 428 'add' 'add_ln40' <Predicate = (!and_ln115 & icmp_ln129)> <Delay = 2.55> <CoreInst = "Adder">   --->   Core 1 'Adder' <Latency = 0> <II = 1> <Delay = 2.55> <FuncUnit> <Opcode : 'add' 'sub'> <InPorts = 2> <OutPorts = 1>
ST_39 : Operation 429 [1/1] (1.70ns)   --->   "%br_ln130 = br void %_ZN11Segment_3hw16squared_distanceERiS0_ii.exit.0" [new_fixedpoint2205/Aux_Lib_hw.hpp:130]   --->   Operation 429 'br' 'br_ln130' <Predicate = (!and_ln115 & icmp_ln129)> <Delay = 1.70>
ST_39 : Operation 430 [1/1] (2.55ns)   --->   "%add_ln40_5 = add i32 %trunc_ln34_10, i32 %trunc_ln34_5" [new_fixedpoint2205/Aux_Lib_hw.hpp:40]   --->   Operation 430 'add' 'add_ln40_5' <Predicate = (!and_ln115_1 & !icmp_ln129_1)> <Delay = 2.55> <CoreInst = "Adder">   --->   Core 1 'Adder' <Latency = 0> <II = 1> <Delay = 2.55> <FuncUnit> <Opcode : 'add' 'sub'> <InPorts = 2> <OutPorts = 1>
ST_39 : Operation 431 [1/1] (1.70ns)   --->   "%br_ln132 = br void %_ZN11Segment_3hw16squared_distanceERiS0_ii.exit.1" [new_fixedpoint2205/Aux_Lib_hw.hpp:132]   --->   Operation 431 'br' 'br_ln132' <Predicate = (!and_ln115_1 & !icmp_ln129_1)> <Delay = 1.70>
ST_39 : Operation 432 [1/1] (2.55ns)   --->   "%add_ln40_4 = add i32 %trunc_ln34_7, i32 %trunc_ln34_5" [new_fixedpoint2205/Aux_Lib_hw.hpp:40]   --->   Operation 432 'add' 'add_ln40_4' <Predicate = (!and_ln115_1 & icmp_ln129_1)> <Delay = 2.55> <CoreInst = "Adder">   --->   Core 1 'Adder' <Latency = 0> <II = 1> <Delay = 2.55> <FuncUnit> <Opcode : 'add' 'sub'> <InPorts = 2> <OutPorts = 1>
ST_39 : Operation 433 [1/1] (1.70ns)   --->   "%br_ln130 = br void %_ZN11Segment_3hw16squared_distanceERiS0_ii.exit.1" [new_fixedpoint2205/Aux_Lib_hw.hpp:130]   --->   Operation 433 'br' 'br_ln130' <Predicate = (!and_ln115_1 & icmp_ln129_1)> <Delay = 1.70>
ST_39 : Operation 434 [1/1] (1.70ns)   --->   "%br_ln126 = br void %_ZN11Segment_3hw16squared_distanceERiS0_ii.exit.1" [new_fixedpoint2205/Aux_Lib_hw.hpp:126]   --->   Operation 434 'br' 'br_ln126' <Predicate = (and_ln115_1)> <Delay = 1.70>
ST_39 : Operation 435 [1/1] (2.55ns)   --->   "%add_ln40_6 = add i32 %trunc_ln34_16, i32 %trunc_ln34_15" [new_fixedpoint2205/Aux_Lib_hw.hpp:40]   --->   Operation 435 'add' 'add_ln40_6' <Predicate = (!and_ln115_2 & !icmp_ln129_2)> <Delay = 2.55> <CoreInst = "Adder">   --->   Core 1 'Adder' <Latency = 0> <II = 1> <Delay = 2.55> <FuncUnit> <Opcode : 'add' 'sub'> <InPorts = 2> <OutPorts = 1>
ST_39 : Operation 436 [1/1] (1.70ns)   --->   "%br_ln132 = br void %_ZN11Segment_3hw16squared_distanceERiS0_ii.exit.2" [new_fixedpoint2205/Aux_Lib_hw.hpp:132]   --->   Operation 436 'br' 'br_ln132' <Predicate = (!and_ln115_2 & !icmp_ln129_2)> <Delay = 1.70>
ST_39 : Operation 437 [1/1] (2.55ns)   --->   "%add_ln40_2 = add i32 %trunc_ln34_14, i32 %trunc_ln34_13" [new_fixedpoint2205/Aux_Lib_hw.hpp:40]   --->   Operation 437 'add' 'add_ln40_2' <Predicate = (!and_ln115_2 & icmp_ln129_2)> <Delay = 2.55> <CoreInst = "Adder">   --->   Core 1 'Adder' <Latency = 0> <II = 1> <Delay = 2.55> <FuncUnit> <Opcode : 'add' 'sub'> <InPorts = 2> <OutPorts = 1>
ST_39 : Operation 438 [1/1] (1.70ns)   --->   "%br_ln130 = br void %_ZN11Segment_3hw16squared_distanceERiS0_ii.exit.2" [new_fixedpoint2205/Aux_Lib_hw.hpp:130]   --->   Operation 438 'br' 'br_ln130' <Predicate = (!and_ln115_2 & icmp_ln129_2)> <Delay = 1.70>
ST_39 : Operation 439 [1/1] (2.55ns)   --->   "%add_ln40_7 = add i32 %trunc_ln34_20, i32 %trunc_ln34_18" [new_fixedpoint2205/Aux_Lib_hw.hpp:40]   --->   Operation 439 'add' 'add_ln40_7' <Predicate = (!and_ln115_3 & !icmp_ln129_3)> <Delay = 2.55> <CoreInst = "Adder">   --->   Core 1 'Adder' <Latency = 0> <II = 1> <Delay = 2.55> <FuncUnit> <Opcode : 'add' 'sub'> <InPorts = 2> <OutPorts = 1>
ST_39 : Operation 440 [1/1] (1.70ns)   --->   "%br_ln132 = br void %_ZN11Segment_3hw16squared_distanceERiS0_ii.exit.3" [new_fixedpoint2205/Aux_Lib_hw.hpp:132]   --->   Operation 440 'br' 'br_ln132' <Predicate = (!and_ln115_3 & !icmp_ln129_3)> <Delay = 1.70>
ST_39 : Operation 441 [1/1] (2.55ns)   --->   "%add_ln40_3 = add i32 %trunc_ln34_19, i32 %trunc_ln34_18" [new_fixedpoint2205/Aux_Lib_hw.hpp:40]   --->   Operation 441 'add' 'add_ln40_3' <Predicate = (!and_ln115_3 & icmp_ln129_3)> <Delay = 2.55> <CoreInst = "Adder">   --->   Core 1 'Adder' <Latency = 0> <II = 1> <Delay = 2.55> <FuncUnit> <Opcode : 'add' 'sub'> <InPorts = 2> <OutPorts = 1>
ST_39 : Operation 442 [1/1] (1.70ns)   --->   "%br_ln130 = br void %_ZN11Segment_3hw16squared_distanceERiS0_ii.exit.3" [new_fixedpoint2205/Aux_Lib_hw.hpp:130]   --->   Operation 442 'br' 'br_ln130' <Predicate = (!and_ln115_3 & icmp_ln129_3)> <Delay = 1.70>

State 40 <SV = 39> <Delay = 3.54>
ST_40 : Operation 443 [1/1] (0.00ns)   --->   "%cc_0 = phi i32 %trunc_ln34_8, void, i32 %add_ln40, void, i32 %add_ln40_1, void" [new_fixedpoint2205/fixedpt.h:34]   --->   Operation 443 'phi' 'cc_0' <Predicate = true> <Delay = 0.00>
ST_40 : Operation 444 [1/1] (2.55ns)   --->   "%sub_ln91 = sub i32 %cc_0, i32 %Squared_R_Robot_read" [new_fixedpoint2205/main.cpp:91]   --->   Operation 444 'sub' 'sub_ln91' <Predicate = true> <Delay = 2.55> <CoreInst = "Adder">   --->   Core 1 'Adder' <Latency = 0> <II = 1> <Delay = 2.55> <FuncUnit> <Opcode : 'add' 'sub'> <InPorts = 2> <OutPorts = 1>
ST_40 : Operation 445 [1/1] (0.00ns)   --->   "%cc_1 = phi i32 %trunc_ln34_4, void, i32 %add_ln40_4, void, i32 %add_ln40_5, void" [new_fixedpoint2205/fixedpt.h:34]   --->   Operation 445 'phi' 'cc_1' <Predicate = true> <Delay = 0.00>
ST_40 : Operation 446 [1/1] (2.55ns)   --->   "%sub_ln91_1 = sub i32 %cc_1, i32 %Squared_R_Robot_read" [new_fixedpoint2205/main.cpp:91]   --->   Operation 446 'sub' 'sub_ln91_1' <Predicate = true> <Delay = 2.55> <CoreInst = "Adder">   --->   Core 1 'Adder' <Latency = 0> <II = 1> <Delay = 2.55> <FuncUnit> <Opcode : 'add' 'sub'> <InPorts = 2> <OutPorts = 1>
ST_40 : Operation 447 [1/1] (0.00ns)   --->   "%cc_2 = phi i32 %trunc_ln34_12, void, i32 %add_ln40_2, void, i32 %add_ln40_6, void" [new_fixedpoint2205/fixedpt.h:34]   --->   Operation 447 'phi' 'cc_2' <Predicate = true> <Delay = 0.00>
ST_40 : Operation 448 [1/1] (2.55ns)   --->   "%sub_ln91_2 = sub i32 %cc_2, i32 %Squared_R_Robot_read" [new_fixedpoint2205/main.cpp:91]   --->   Operation 448 'sub' 'sub_ln91_2' <Predicate = true> <Delay = 2.55> <CoreInst = "Adder">   --->   Core 1 'Adder' <Latency = 0> <II = 1> <Delay = 2.55> <FuncUnit> <Opcode : 'add' 'sub'> <InPorts = 2> <OutPorts = 1>
ST_40 : Operation 449 [1/1] (0.00ns)   --->   "%cc_3 = phi i32 %trunc_ln34_17, void, i32 %add_ln40_3, void, i32 %add_ln40_7, void" [new_fixedpoint2205/fixedpt.h:34]   --->   Operation 449 'phi' 'cc_3' <Predicate = true> <Delay = 0.00>
ST_40 : Operation 450 [1/1] (2.55ns)   --->   "%sub_ln91_3 = sub i32 %cc_3, i32 %Squared_R_Robot_read" [new_fixedpoint2205/main.cpp:91]   --->   Operation 450 'sub' 'sub_ln91_3' <Predicate = true> <Delay = 2.55> <CoreInst = "Adder">   --->   Core 1 'Adder' <Latency = 0> <II = 1> <Delay = 2.55> <FuncUnit> <Opcode : 'add' 'sub'> <InPorts = 2> <OutPorts = 1>
ST_40 : Operation 451 [1/1] (0.00ns) (grouped into LUT with out node or_ln95_2)   --->   "%or_ln95 = or i32 %sub_ln91, i32 %sub_ln91_1" [new_fixedpoint2205/main.cpp:95]   --->   Operation 451 'or' 'or_ln95' <Predicate = true> <Delay = 0.00> <CoreInst = "LogicGate">   --->   Core 74 'LogicGate' <Latency = 0> <II = 1> <Delay = 0.97> <FuncUnit> <Opcode : 'and' 'or' 'xor'> <InPorts = 2> <OutPorts = 1>
ST_40 : Operation 452 [1/1] (0.00ns) (grouped into LUT with out node or_ln95_2)   --->   "%or_ln95_1 = or i32 %sub_ln91_2, i32 %sub_ln91_3" [new_fixedpoint2205/main.cpp:95]   --->   Operation 452 'or' 'or_ln95_1' <Predicate = true> <Delay = 0.00> <CoreInst = "LogicGate">   --->   Core 74 'LogicGate' <Latency = 0> <II = 1> <Delay = 0.97> <FuncUnit> <Opcode : 'and' 'or' 'xor'> <InPorts = 2> <OutPorts = 1>
ST_40 : Operation 453 [1/1] (0.99ns) (out node of the LUT)   --->   "%or_ln95_2 = or i32 %or_ln95_1, i32 %or_ln95" [new_fixedpoint2205/main.cpp:95]   --->   Operation 453 'or' 'or_ln95_2' <Predicate = true> <Delay = 0.99> <CoreInst = "LogicGate">   --->   Core 74 'LogicGate' <Latency = 0> <II = 1> <Delay = 0.97> <FuncUnit> <Opcode : 'and' 'or' 'xor'> <InPorts = 2> <OutPorts = 1>
ST_40 : Operation 454 [1/1] (0.00ns)   --->   "%tmp_73 = bitselect i1 @_ssdm_op_BitSelect.i1.i32.i32, i32 %or_ln95_2, i32 31" [new_fixedpoint2205/main.cpp:95]   --->   Operation 454 'bitselect' 'tmp_73' <Predicate = true> <Delay = 0.00>
ST_40 : Operation 455 [1/1] (0.00ns)   --->   "%ret_ln95 = ret i1 %tmp_73" [new_fixedpoint2205/main.cpp:95]   --->   Operation 455 'ret' 'ret_ln95' <Predicate = true> <Delay = 0.00>


============================================================
+ Verbose Summary: Binding
============================================================
STG Binding: 
---------------- STG Properties BEGIN ----------------
- Is combinational: 0
- Is one-state seq: 0
- Is datapath-only: 1
- Is pipelined: 1
- Is top level: 0
Port [ Return ] is wired: 1; IO mode=ap_ctrl_hs:ce=0
Port [ p_read]:  wired=1; compound=0; hidden=0; nouse=0; global=0; static=0; extern=0; dir=0; type=0; pingpong=0; private_global=0; IO mode=ap_none:ce=0
Port [ p_read1]:  wired=1; compound=0; hidden=0; nouse=0; global=0; static=0; extern=0; dir=0; type=0; pingpong=0; private_global=0; IO mode=ap_none:ce=0
Port [ Squared_R_Robot]:  wired=1; compound=0; hidden=0; nouse=0; global=0; static=0; extern=0; dir=0; type=0; pingpong=0; private_global=0; IO mode=ap_none:ce=0
---------------- STG Properties END ------------------

---------------- Datapath Model BEGIN ----------------

<LifeTime>
<method=bitvector/>
Squared_R_Robot_read (read          ) [ 01111111111111111111111111111111111111111]
p_read_3             (read          ) [ 01111111111111111111111111111111110000000]
p_read_4             (read          ) [ 01111111111111111111111111111111110000000]
conv_i               (sitofp        ) [ 01000000111111111000000000000000000000000]
conv9_i              (sitofp        ) [ 01000000111111111000000000000000000000000]
sub_i                (fadd          ) [ 01000000000000000111100000000000000000000]
sub12_i              (fadd          ) [ 01000000000000000111100000000000000000000]
sub_i_1              (fadd          ) [ 01000000000000000111100000000000000000000]
sub12_i_2            (fadd          ) [ 01000000000000000111100000000000000000000]
a_assign             (call          ) [ 01000000000000000000010000000000000000000]
trunc_ln34           (trunc         ) [ 01000000000000000000010000000000000000000]
a_assign_s           (call          ) [ 01000000000000000000011111110000000000000]
a_assign_1           (call          ) [ 01000000000000000000011111110000000000000]
a_assign_14_2        (call          ) [ 01000000000000000000011111110000000000000]
p_shl                (bitconcatenate) [ 00000000000000000000000000000000000000000]
p_shl1               (bitconcatenate) [ 00000000000000000000000000000000000000000]
add_ln34             (add           ) [ 00000000000000000000000000000000000000000]
trunc_ln             (partselect    ) [ 01000000000000000000001111110000000000000]
tmp                  (bitselect     ) [ 01000000000000000000001111110000000000000]
trunc_ln34_22        (trunc         ) [ 00000000000000000000000000000000000000000]
p_shl2               (bitconcatenate) [ 00000000000000000000000000000000000000000]
sub_ln34             (sub           ) [ 00000000000000000000000000000000000000000]
p_shl3               (bitconcatenate) [ 00000000000000000000000000000000000000000]
sub_ln34_1           (sub           ) [ 00000000000000000000000000000000000000000]
tmp_s                (partselect    ) [ 01000000000000000000001000000000000000000]
tmp_52               (bitselect     ) [ 01000000000000000000001111110000000000000]
trunc_ln34_24        (trunc         ) [ 00000000000000000000000000000000000000000]
p_shl6               (bitconcatenate) [ 00000000000000000000000000000000000000000]
sub_ln34_4           (sub           ) [ 00000000000000000000000000000000000000000]
p_shl7               (bitconcatenate) [ 00000000000000000000000000000000000000000]
sub_ln34_5           (sub           ) [ 00000000000000000000000000000000000000000]
tmp_9                (partselect    ) [ 01000000000000000000001000000000000000000]
tmp_59               (bitselect     ) [ 01000000000000000000001111110000000000000]
trunc_ln34_26        (trunc         ) [ 00000000000000000000000000000000000000000]
p_shl12              (bitconcatenate) [ 00000000000000000000000000000000000000000]
p_shl13              (bitconcatenate) [ 00000000000000000000000000000000000000000]
add_ln34_2           (add           ) [ 00000000000000000000000000000000000000000]
tmp_10               (partselect    ) [ 01000000000000000000001000000000000000000]
tmp_66               (bitselect     ) [ 01000000000000000000001111110000000000000]
shl_ln               (bitconcatenate) [ 00000000000000000000000000000000000000000]
sext_ln39_6          (sext          ) [ 01000000000000000000000110000000000000000]
shl_ln39_1           (bitconcatenate) [ 00000000000000000000000000000000000000000]
sext_ln39_10         (sext          ) [ 01000000000000000000000110000000000000000]
shl_ln39_2           (bitconcatenate) [ 00000000000000000000000000000000000000000]
sext_ln39_14         (sext          ) [ 01000000000000000000000110000000000000000]
shl_ln39_3           (bitconcatenate) [ 00000000000000000000000000000000000000000]
sext_ln39_18         (sext          ) [ 01000000000000000000000110000000000000000]
mul_ln39             (mul           ) [ 01000000000000000000000001000000000000000]
tmp_47               (partselect    ) [ 01000000000000000000000001110000000000000]
mul_ln39_3           (mul           ) [ 01000000000000000000000001000000000000000]
tmp_54               (partselect    ) [ 01000000000000000000000001110000000000000]
mul_ln39_5           (mul           ) [ 01000000000000000000000001000000000000000]
tmp_61               (partselect    ) [ 01000000000000000000000001110000000000000]
mul_ln39_7           (mul           ) [ 01000000000000000000000001000000000000000]
tmp_68               (partselect    ) [ 01000000000000000000000001110000000000000]
sub_ln39             (sub           ) [ 01000000000000000000000000100000000000000]
sub_ln39_7           (sub           ) [ 01000000000000000000000000100000000000000]
sub_ln39_11          (sub           ) [ 01000000000000000000000000100000000000000]
sub_ln39_15          (sub           ) [ 01000000000000000000000000100000000000000]
tmp_46               (partselect    ) [ 00000000000000000000000000000000000000000]
select_ln39          (select        ) [ 00000000000000000000000000000000000000000]
sub_ln39_4           (sub           ) [ 01000000000000000000000000010000000000000]
tmp_53               (partselect    ) [ 00000000000000000000000000000000000000000]
select_ln39_7        (select        ) [ 00000000000000000000000000000000000000000]
sub_ln39_8           (sub           ) [ 01000000000000000000000000010000000000000]
tmp_60               (partselect    ) [ 00000000000000000000000000000000000000000]
select_ln39_11       (select        ) [ 00000000000000000000000000000000000000000]
sub_ln39_12          (sub           ) [ 01000000000000000000000000010000000000000]
tmp_67               (partselect    ) [ 00000000000000000000000000000000000000000]
select_ln39_15       (select        ) [ 00000000000000000000000000000000000000000]
sub_ln39_16          (sub           ) [ 01000000000000000000000000010000000000000]
select_ln39_4        (select        ) [ 00000000000000000000000000000000000000000]
tmp_48               (bitselect     ) [ 00000000000000000000000000000000000000000]
xor_ln115            (xor           ) [ 00000000000000000000000000000000000000000]
icmp_ln115           (icmp          ) [ 00000000000000000000000000000000000000000]
and_ln115            (and           ) [ 01000000000000000000000000011111111111110]
br_ln115             (br            ) [ 00000000000000000000000000000000000000000]
icmp_ln129           (icmp          ) [ 01000000000000000000000000001111111111110]
br_ln129             (br            ) [ 00000000000000000000000000000000000000000]
trunc_ln34_21        (trunc         ) [ 00000000000000000000000000000000000000000]
p_shl8               (bitconcatenate) [ 00000000000000000000000000000000000000000]
p_shl9               (bitconcatenate) [ 00000000000000000000000000000000000000000]
add_ln34_1           (add           ) [ 00000000000000000000000000000000000000000]
trunc_ln34_6         (partselect    ) [ 01000000000000000000000000001111110000000]
tmp_49               (bitselect     ) [ 01000000000000000000000000001111100000000]
select_ln39_8        (select        ) [ 00000000000000000000000000000000000000000]
tmp_55               (bitselect     ) [ 00000000000000000000000000000000000000000]
xor_ln115_1          (xor           ) [ 00000000000000000000000000000000000000000]
icmp_ln115_1         (icmp          ) [ 00000000000000000000000000000000000000000]
and_ln115_1          (and           ) [ 01000000000000000000000000011111111111110]
br_ln115             (br            ) [ 00000000000000000000000000000000000000000]
icmp_ln129_1         (icmp          ) [ 01000000000000000000000000001111111111110]
br_ln129             (br            ) [ 00000000000000000000000000000000000000000]
trunc_ln34_23        (trunc         ) [ 00000000000000000000000000000000000000000]
p_shl4               (bitconcatenate) [ 00000000000000000000000000000000000000000]
sub_ln34_2           (sub           ) [ 00000000000000000000000000000000000000000]
p_shl5               (bitconcatenate) [ 00000000000000000000000000000000000000000]
sub_ln34_3           (sub           ) [ 00000000000000000000000000000000000000000]
trunc_ln34_3         (partselect    ) [ 01000000000000000000000000001000000000000]
select_ln39_12       (select        ) [ 00000000000000000000000000000000000000000]
tmp_62               (bitselect     ) [ 00000000000000000000000000000000000000000]
xor_ln115_2          (xor           ) [ 00000000000000000000000000000000000000000]
icmp_ln115_2         (icmp          ) [ 00000000000000000000000000000000000000000]
and_ln115_2          (and           ) [ 01000000000000000000000000011111111111110]
br_ln115             (br            ) [ 00000000000000000000000000000000000000000]
icmp_ln129_2         (icmp          ) [ 01000000000000000000000000001111111111110]
br_ln129             (br            ) [ 00000000000000000000000000000000000000000]
trunc_ln34_25        (trunc         ) [ 00000000000000000000000000000000000000000]
p_shl10              (bitconcatenate) [ 00000000000000000000000000000000000000000]
sub_ln34_6           (sub           ) [ 00000000000000000000000000000000000000000]
p_shl11              (bitconcatenate) [ 00000000000000000000000000000000000000000]
sub_ln34_7           (sub           ) [ 00000000000000000000000000000000000000000]
trunc_ln34_11        (partselect    ) [ 01000000000000000000000000001111110000000]
tmp_63               (bitselect     ) [ 01000000000000000000000000001111100000000]
select_ln39_16       (select        ) [ 00000000000000000000000000000000000000000]
tmp_69               (bitselect     ) [ 00000000000000000000000000000000000000000]
xor_ln115_3          (xor           ) [ 00000000000000000000000000000000000000000]
icmp_ln115_3         (icmp          ) [ 00000000000000000000000000000000000000000]
and_ln115_3          (and           ) [ 01000000000000000000000000011111111111110]
br_ln115             (br            ) [ 00000000000000000000000000000000000000000]
icmp_ln129_3         (icmp          ) [ 01000000000000000000000000001111111111110]
br_ln129             (br            ) [ 00000000000000000000000000000000000000000]
sub_ln118_1          (sub           ) [ 01000000000000000000000000001111110000000]
tmp_70               (bitselect     ) [ 01000000000000000000000000001111100000000]
shl_ln39_4           (bitconcatenate) [ 00000000000000000000000000000000000000000]
sext_ln39_7          (sext          ) [ 01000000000000000000000000000110000000000]
sub_ln118            (sub           ) [ 01000000000000000000000000000111111000000]
tmp_56               (bitselect     ) [ 01000000000000000000000000000111110000000]
shl_ln39_6           (bitconcatenate) [ 00000000000000000000000000000000000000000]
sext_ln39_15         (sext          ) [ 01000000000000000000000000000110000000000]
shl_ln39_7           (bitconcatenate) [ 00000000000000000000000000000000000000000]
sext_ln39_19         (sext          ) [ 01000000000000000000000000000110000000000]
shl_ln39_5           (bitconcatenate) [ 00000000000000000000000000000000000000000]
sext_ln39_11         (sext          ) [ 01000000000000000000000000000011000000000]
mul_ln39_2           (mul           ) [ 01000000000000000000000000000001000000000]
tmp_51               (partselect    ) [ 01000000000000000000000000000001100000000]
mul_ln39_6           (mul           ) [ 01000000000000000000000000000001000000000]
tmp_65               (partselect    ) [ 01000000000000000000000000000001100000000]
mul_ln39_8           (mul           ) [ 01000000000000000000000000000001000000000]
tmp_72               (partselect    ) [ 01000000000000000000000000000001100000000]
sub_ln39_5           (sub           ) [ 01000000000000000000000000000000100000000]
mul_ln39_4           (mul           ) [ 01000000000000000000000000000000100000000]
tmp_58               (partselect    ) [ 01000000000000000000000000000000110000000]
sub_ln39_13          (sub           ) [ 01000000000000000000000000000000100000000]
sub_ln39_17          (sub           ) [ 01000000000000000000000000000000100000000]
tmp_50               (partselect    ) [ 00000000000000000000000000000000000000000]
sext_ln39_8          (sext          ) [ 00000000000000000000000000000000000000000]
sext_ln39_9          (sext          ) [ 00000000000000000000000000000000000000000]
select_ln39_5        (select        ) [ 00000000000000000000000000000000000000000]
sub_ln39_6           (sub           ) [ 00000000000000000000000000000000000000000]
select_ln39_6        (select        ) [ 01000000000000000000000000000000011111000]
sub_ln39_9           (sub           ) [ 01000000000000000000000000000000010000000]
tmp_64               (partselect    ) [ 00000000000000000000000000000000000000000]
sext_ln39_16         (sext          ) [ 00000000000000000000000000000000000000000]
sext_ln39_17         (sext          ) [ 00000000000000000000000000000000000000000]
select_ln39_13       (select        ) [ 00000000000000000000000000000000000000000]
sub_ln39_14          (sub           ) [ 00000000000000000000000000000000000000000]
select_ln39_14       (select        ) [ 01000000000000000000000000000000011111000]
tmp_71               (partselect    ) [ 00000000000000000000000000000000000000000]
sext_ln39_20         (sext          ) [ 00000000000000000000000000000000000000000]
sext_ln39_21         (sext          ) [ 00000000000000000000000000000000000000000]
select_ln39_17       (select        ) [ 00000000000000000000000000000000000000000]
sub_ln39_18          (sub           ) [ 00000000000000000000000000000000000000000]
select_ln39_18       (select        ) [ 01000000000000000000000000000000011111000]
sub_ln40_2           (sub           ) [ 01000000000000000000000000000000001000000]
sub_ln40_3           (sub           ) [ 01000000000000000000000000000000001000000]
sub_ln40             (sub           ) [ 01000000000000000000000000000000001000000]
sub_ln40_1           (sub           ) [ 01000000000000000000000000000000001000000]
sext_ln39            (sext          ) [ 01000000000000000000000000000000001111000]
sub_ln40_4           (sub           ) [ 01000000000000000000000000000000001000000]
sub_ln40_6           (sub           ) [ 01000000000000000000000000000000001000000]
sub_ln40_5           (sub           ) [ 01000000000000000000000000000000001000000]
tmp_57               (partselect    ) [ 00000000000000000000000000000000000000000]
sext_ln39_12         (sext          ) [ 00000000000000000000000000000000000000000]
sext_ln39_13         (sext          ) [ 00000000000000000000000000000000000000000]
select_ln39_9        (select        ) [ 00000000000000000000000000000000000000000]
sub_ln39_10          (sub           ) [ 00000000000000000000000000000000000000000]
select_ln39_10       (select        ) [ 01000000000000000000000000000000001111100]
sub_ln40_9           (sub           ) [ 01000000000000000000000000000000001000000]
sub_ln40_10          (sub           ) [ 01000000000000000000000000000000001000000]
sub_ln40_7           (sub           ) [ 01000000000000000000000000000000001000000]
sub_ln40_8           (sub           ) [ 01000000000000000000000000000000001000000]
sext_ln39_2          (sext          ) [ 01000000000000000000000000000000001111000]
sub_ln40_11          (sub           ) [ 01000000000000000000000000000000001000000]
sub_ln40_13          (sub           ) [ 01000000000000000000000000000000001000000]
sub_ln40_12          (sub           ) [ 01000000000000000000000000000000001000000]
sext_ln39_3          (sext          ) [ 01000000000000000000000000000000001111000]
sext_ln34_8          (sext          ) [ 01000000000000000000000000000000000111100]
sext_ln34_9          (sext          ) [ 01000000000000000000000000000000000111100]
sext_ln34            (sext          ) [ 01000000000000000000000000000000000111100]
sext_ln34_7          (sext          ) [ 01000000000000000000000000000000000111100]
sext_ln34_10         (sext          ) [ 01000000000000000000000000000000000111100]
sext_ln34_12         (sext          ) [ 01000000000000000000000000000000000111100]
sext_ln34_11         (sext          ) [ 01000000000000000000000000000000000111100]
sext_ln39_1          (sext          ) [ 01000000000000000000000000000000000111100]
sext_ln34_15         (sext          ) [ 01000000000000000000000000000000000111100]
sext_ln34_16         (sext          ) [ 01000000000000000000000000000000000111100]
sext_ln34_13         (sext          ) [ 01000000000000000000000000000000000111100]
sext_ln34_14         (sext          ) [ 01000000000000000000000000000000000111100]
sext_ln34_17         (sext          ) [ 01000000000000000000000000000000000111100]
sext_ln34_19         (sext          ) [ 01000000000000000000000000000000000111100]
sext_ln34_18         (sext          ) [ 01000000000000000000000000000000000111100]
mul_ln34_7           (mul           ) [ 00000000000000000000000000000000000000000]
trunc_ln34_8         (partselect    ) [ 01000000000000000000000000000000000000111]
mul_ln34_15          (mul           ) [ 00000000000000000000000000000000000000000]
trunc_ln34_12        (partselect    ) [ 01000000000000000000000000000000000000111]
mul_ln34_20          (mul           ) [ 00000000000000000000000000000000000000000]
trunc_ln34_17        (partselect    ) [ 01000000000000000000000000000000000000111]
mul_ln34_9           (mul           ) [ 00000000000000000000000000000000000000000]
trunc_ln34_1         (partselect    ) [ 01000000000000000000000000000000000000010]
mul_ln34_10          (mul           ) [ 00000000000000000000000000000000000000000]
trunc_ln34_2         (partselect    ) [ 01000000000000000000000000000000000000010]
mul_ln34             (mul           ) [ 00000000000000000000000000000000000000000]
trunc_ln34_9         (partselect    ) [ 01000000000000000000000000000000000000010]
mul_ln34_8           (mul           ) [ 00000000000000000000000000000000000000000]
trunc_ln34_s         (partselect    ) [ 01000000000000000000000000000000000000010]
br_ln126             (br            ) [ 01000000000000000000000000000000000000111]
mul_ln34_12          (mul           ) [ 00000000000000000000000000000000000000000]
trunc_ln34_5         (partselect    ) [ 01000000000000000000000000000000000000010]
mul_ln34_14          (mul           ) [ 00000000000000000000000000000000000000000]
trunc_ln34_10        (partselect    ) [ 01000000000000000000000000000000000000010]
mul_ln34_13          (mul           ) [ 00000000000000000000000000000000000000000]
trunc_ln34_7         (partselect    ) [ 01000000000000000000000000000000000000010]
mul_ln34_11          (mul           ) [ 00000000000000000000000000000000000000000]
trunc_ln34_4         (partselect    ) [ 01000000000000000000000000000000000000011]
mul_ln34_18          (mul           ) [ 00000000000000000000000000000000000000000]
trunc_ln34_15        (partselect    ) [ 01000000000000000000000000000000000000010]
mul_ln34_19          (mul           ) [ 00000000000000000000000000000000000000000]
trunc_ln34_16        (partselect    ) [ 01000000000000000000000000000000000000010]
mul_ln34_16          (mul           ) [ 00000000000000000000000000000000000000000]
trunc_ln34_13        (partselect    ) [ 01000000000000000000000000000000000000010]
mul_ln34_17          (mul           ) [ 00000000000000000000000000000000000000000]
trunc_ln34_14        (partselect    ) [ 01000000000000000000000000000000000000010]
br_ln126             (br            ) [ 01000000000000000000000000000000000000111]
mul_ln34_21          (mul           ) [ 00000000000000000000000000000000000000000]
trunc_ln34_18        (partselect    ) [ 01000000000000000000000000000000000000010]
mul_ln34_23          (mul           ) [ 00000000000000000000000000000000000000000]
trunc_ln34_20        (partselect    ) [ 01000000000000000000000000000000000000010]
mul_ln34_22          (mul           ) [ 00000000000000000000000000000000000000000]
trunc_ln34_19        (partselect    ) [ 01000000000000000000000000000000000000010]
br_ln126             (br            ) [ 01000000000000000000000000000000000000111]
add_ln40_1           (add           ) [ 01000000000000000000000000000000000000111]
br_ln132             (br            ) [ 01000000000000000000000000000000000000111]
add_ln40             (add           ) [ 01000000000000000000000000000000000000111]
br_ln130             (br            ) [ 01000000000000000000000000000000000000111]
add_ln40_5           (add           ) [ 01000000000000000000000000000000000000011]
br_ln132             (br            ) [ 01000000000000000000000000000000000000011]
add_ln40_4           (add           ) [ 01000000000000000000000000000000000000011]
br_ln130             (br            ) [ 01000000000000000000000000000000000000011]
br_ln126             (br            ) [ 01000000000000000000000000000000000000011]
add_ln40_6           (add           ) [ 01000000000000000000000000000000000000111]
br_ln132             (br            ) [ 01000000000000000000000000000000000000111]
add_ln40_2           (add           ) [ 01000000000000000000000000000000000000111]
br_ln130             (br            ) [ 01000000000000000000000000000000000000111]
add_ln40_7           (add           ) [ 01000000000000000000000000000000000000111]
br_ln132             (br            ) [ 01000000000000000000000000000000000000111]
add_ln40_3           (add           ) [ 01000000000000000000000000000000000000111]
br_ln130             (br            ) [ 01000000000000000000000000000000000000111]
cc_0                 (phi           ) [ 01000000000000000000000000000000000000001]
sub_ln91             (sub           ) [ 00000000000000000000000000000000000000000]
cc_1                 (phi           ) [ 01000000000000000000000000000000000000001]
sub_ln91_1           (sub           ) [ 00000000000000000000000000000000000000000]
cc_2                 (phi           ) [ 01000000000000000000000000000000000000001]
sub_ln91_2           (sub           ) [ 00000000000000000000000000000000000000000]
cc_3                 (phi           ) [ 01000000000000000000000000000000000000001]
sub_ln91_3           (sub           ) [ 00000000000000000000000000000000000000000]
or_ln95              (or            ) [ 00000000000000000000000000000000000000000]
or_ln95_1            (or            ) [ 00000000000000000000000000000000000000000]
or_ln95_2            (or            ) [ 00000000000000000000000000000000000000000]
tmp_73               (bitselect     ) [ 00000000000000000000000000000000000000000]
ret_ln95             (ret           ) [ 00000000000000000000000000000000000000000]
</LifeTime>

<model>

<comp_list>
<comp id="0" class="1000" name="p_read">
<pin_list>
<pin id="1" dir="1" index="0" bw="1" slack="0"/>
</pin_list>
<bind>
<StgValue><ssdm name="p_read"/></StgValue>
</bind>
</comp>

<comp id="2" class="1000" name="p_read1">
<pin_list>
<pin id="3" dir="1" index="0" bw="1" slack="0"/>
</pin_list>
<bind>
<StgValue><ssdm name="p_read1"/></StgValue>
</bind>
</comp>

<comp id="4" class="1000" name="Squared_R_Robot">
<pin_list>
<pin id="5" dir="1" index="0" bw="1" slack="0"/>
</pin_list>
<bind>
<StgValue><ssdm name="Squared_R_Robot"/></StgValue>
</bind>
</comp>

<comp id="6" class="1001" name="const_6">
<pin_list>
<pin id="7" dir="1" index="0" bw="1" slack="0"/>
</pin_list>
<bind>
<StgValue><ssdm name="_ssdm_op_Read.ap_auto.i32"/></StgValue>
</bind>
</comp>

<comp id="8" class="1001" name="const_8">
<pin_list>
<pin id="9" dir="1" index="0" bw="1" slack="0"/>
</pin_list>
<bind>
<StgValue><ssdm name=""/></StgValue>
</bind>
</comp>

<comp id="10" class="1001" name="const_10">
<pin_list>
<pin id="11" dir="1" index="0" bw="1" slack="0"/>
</pin_list>
<bind>
<StgValue><ssdm name=""/></StgValue>
</bind>
</comp>

<comp id="12" class="1001" name="const_12">
<pin_list>
<pin id="13" dir="1" index="0" bw="1" slack="0"/>
</pin_list>
<bind>
<StgValue><ssdm name="__hls_fptosi_float_i32"/></StgValue>
</bind>
</comp>

<comp id="14" class="1001" name="const_14">
<pin_list>
<pin id="15" dir="1" index="0" bw="1" slack="0"/>
</pin_list>
<bind>
<StgValue><ssdm name="_ssdm_op_BitConcatenate.i48.i27.i21"/></StgValue>
</bind>
</comp>

<comp id="16" class="1001" name="const_16">
<pin_list>
<pin id="17" dir="1" index="0" bw="1" slack="0"/>
</pin_list>
<bind>
<StgValue><ssdm name=""/></StgValue>
</bind>
</comp>

<comp id="18" class="1001" name="const_18">
<pin_list>
<pin id="19" dir="1" index="0" bw="1" slack="0"/>
</pin_list>
<bind>
<StgValue><ssdm name="_ssdm_op_BitConcatenate.i48.i29.i19"/></StgValue>
</bind>
</comp>

<comp id="20" class="1001" name="const_20">
<pin_list>
<pin id="21" dir="1" index="0" bw="1" slack="0"/>
</pin_list>
<bind>
<StgValue><ssdm name=""/></StgValue>
</bind>
</comp>

<comp id="22" class="1001" name="const_22">
<pin_list>
<pin id="23" dir="1" index="0" bw="1" slack="0"/>
</pin_list>
<bind>
<StgValue><ssdm name="_ssdm_op_PartSelect.i32.i48.i32.i32"/></StgValue>
</bind>
</comp>

<comp id="24" class="1001" name="const_24">
<pin_list>
<pin id="25" dir="1" index="0" bw="1" slack="0"/>
</pin_list>
<bind>
<StgValue><ssdm name=""/></StgValue>
</bind>
</comp>

<comp id="26" class="1001" name="const_26">
<pin_list>
<pin id="27" dir="1" index="0" bw="1" slack="0"/>
</pin_list>
<bind>
<StgValue><ssdm name=""/></StgValue>
</bind>
</comp>

<comp id="28" class="1001" name="const_28">
<pin_list>
<pin id="29" dir="1" index="0" bw="1" slack="0"/>
</pin_list>
<bind>
<StgValue><ssdm name="_ssdm_op_BitSelect.i1.i48.i32"/></StgValue>
</bind>
</comp>

<comp id="30" class="1001" name="const_30">
<pin_list>
<pin id="31" dir="1" index="0" bw="1" slack="0"/>
</pin_list>
<bind>
<StgValue><ssdm name=""/></StgValue>
</bind>
</comp>

<comp id="32" class="1001" name="const_32">
<pin_list>
<pin id="33" dir="1" index="0" bw="1" slack="0"/>
</pin_list>
<bind>
<StgValue><ssdm name="_ssdm_op_BitConcatenate.i48.i32.i16"/></StgValue>
</bind>
</comp>

<comp id="34" class="1001" name="const_34">
<pin_list>
<pin id="35" dir="1" index="0" bw="1" slack="0"/>
</pin_list>
<bind>
<StgValue><ssdm name=""/></StgValue>
</bind>
</comp>

<comp id="36" class="1001" name="const_36">
<pin_list>
<pin id="37" dir="1" index="0" bw="1" slack="0"/>
</pin_list>
<bind>
<StgValue><ssdm name=""/></StgValue>
</bind>
</comp>

<comp id="38" class="1001" name="const_38">
<pin_list>
<pin id="39" dir="1" index="0" bw="1" slack="0"/>
</pin_list>
<bind>
<StgValue><ssdm name="_ssdm_op_PartSelect.i22.i97.i32.i32"/></StgValue>
</bind>
</comp>

<comp id="40" class="1001" name="const_40">
<pin_list>
<pin id="41" dir="1" index="0" bw="1" slack="0"/>
</pin_list>
<bind>
<StgValue><ssdm name=""/></StgValue>
</bind>
</comp>

<comp id="42" class="1001" name="const_42">
<pin_list>
<pin id="43" dir="1" index="0" bw="1" slack="0"/>
</pin_list>
<bind>
<StgValue><ssdm name=""/></StgValue>
</bind>
</comp>

<comp id="44" class="1001" name="const_44">
<pin_list>
<pin id="45" dir="1" index="0" bw="1" slack="0"/>
</pin_list>
<bind>
<StgValue><ssdm name=""/></StgValue>
</bind>
</comp>

<comp id="46" class="1001" name="const_46">
<pin_list>
<pin id="47" dir="1" index="0" bw="1" slack="0"/>
</pin_list>
<bind>
<StgValue><ssdm name=""/></StgValue>
</bind>
</comp>

<comp id="48" class="1001" name="const_48">
<pin_list>
<pin id="49" dir="1" index="0" bw="1" slack="0"/>
</pin_list>
<bind>
<StgValue><ssdm name="_ssdm_op_BitSelect.i1.i22.i32"/></StgValue>
</bind>
</comp>

<comp id="50" class="1001" name="const_50">
<pin_list>
<pin id="51" dir="1" index="0" bw="1" slack="0"/>
</pin_list>
<bind>
<StgValue><ssdm name=""/></StgValue>
</bind>
</comp>

<comp id="52" class="1001" name="const_52">
<pin_list>
<pin id="53" dir="1" index="0" bw="1" slack="0"/>
</pin_list>
<bind>
<StgValue><ssdm name=""/></StgValue>
</bind>
</comp>

<comp id="54" class="1001" name="const_54">
<pin_list>
<pin id="55" dir="1" index="0" bw="1" slack="0"/>
</pin_list>
<bind>
<StgValue><ssdm name=""/></StgValue>
</bind>
</comp>

<comp id="56" class="1001" name="const_56">
<pin_list>
<pin id="57" dir="1" index="0" bw="1" slack="0"/>
</pin_list>
<bind>
<StgValue><ssdm name=""/></StgValue>
</bind>
</comp>

<comp id="58" class="1001" name="const_58">
<pin_list>
<pin id="59" dir="1" index="0" bw="1" slack="0"/>
</pin_list>
<bind>
<StgValue><ssdm name=""/></StgValue>
</bind>
</comp>

<comp id="60" class="1001" name="const_60">
<pin_list>
<pin id="61" dir="1" index="0" bw="1" slack="0"/>
</pin_list>
<bind>
<StgValue><ssdm name="_ssdm_op_BitSelect.i1.i32.i32"/></StgValue>
</bind>
</comp>

<comp id="62" class="1001" name="const_62">
<pin_list>
<pin id="63" dir="1" index="0" bw="1" slack="0"/>
</pin_list>
<bind>
<StgValue><ssdm name=""/></StgValue>
</bind>
</comp>

<comp id="64" class="1001" name="const_64">
<pin_list>
<pin id="65" dir="1" index="0" bw="1" slack="0"/>
</pin_list>
<bind>
<StgValue><ssdm name=""/></StgValue>
</bind>
</comp>

<comp id="66" class="1001" name="const_66">
<pin_list>
<pin id="67" dir="1" index="0" bw="1" slack="0"/>
</pin_list>
<bind>
<StgValue><ssdm name=""/></StgValue>
</bind>
</comp>

<comp id="68" class="1004" name="Squared_R_Robot_read_read_fu_68">
<pin_list>
<pin id="69" dir="0" index="0" bw="32" slack="0"/>
<pin id="70" dir="0" index="1" bw="32" slack="0"/>
<pin id="71" dir="1" index="2" bw="32" slack="39"/>
</pin_list>
<bind>
<opcode="read(1150) " fcode="read"/>
<opset="Squared_R_Robot_read/1 "/>
</bind>
</comp>

<comp id="74" class="1004" name="p_read_3_read_fu_74">
<pin_list>
<pin id="75" dir="0" index="0" bw="32" slack="0"/>
<pin id="76" dir="0" index="1" bw="32" slack="0"/>
<pin id="77" dir="1" index="2" bw="32" slack="0"/>
</pin_list>
<bind>
<opcode="read(1150) " fcode="read"/>
<opset="p_read_3/1 "/>
</bind>
</comp>

<comp id="80" class="1004" name="p_read_4_read_fu_80">
<pin_list>
<pin id="81" dir="0" index="0" bw="32" slack="0"/>
<pin id="82" dir="0" index="1" bw="32" slack="0"/>
<pin id="83" dir="1" index="2" bw="32" slack="0"/>
</pin_list>
<bind>
<opcode="read(1150) " fcode="read"/>
<opset="p_read_4/1 "/>
</bind>
</comp>

<comp id="86" class="1005" name="cc_0_reg_86">
<pin_list>
<pin id="87" dir="0" index="0" bw="32" slack="2147483647"/>
<pin id="88" dir="1" index="1" bw="32" slack="2147483647"/>
</pin_list>
<bind>
<opset="cc_0 (phireg) "/>
</bind>
</comp>

<comp id="89" class="1004" name="cc_0_phi_fu_89">
<pin_list>
<pin id="90" dir="0" index="0" bw="32" slack="3"/>
<pin id="91" dir="0" index="1" bw="0" slack="2147483647"/>
<pin id="92" dir="0" index="2" bw="32" slack="1"/>
<pin id="93" dir="0" index="3" bw="0" slack="2147483647"/>
<pin id="94" dir="0" index="4" bw="32" slack="1"/>
<pin id="95" dir="0" index="5" bw="0" slack="2147483647"/>
<pin id="96" dir="1" index="6" bw="32" slack="0"/>
</pin_list>
<bind>
<opcode="phi(47) " fcode="phi"/>
<opset="cc_0/40 "/>
</bind>
</comp>

<comp id="97" class="1005" name="cc_1_reg_97">
<pin_list>
<pin id="98" dir="0" index="0" bw="32" slack="2147483647"/>
<pin id="99" dir="1" index="1" bw="32" slack="2147483647"/>
</pin_list>
<bind>
<opset="cc_1 (phireg) "/>
</bind>
</comp>

<comp id="100" class="1004" name="cc_1_phi_fu_100">
<pin_list>
<pin id="101" dir="0" index="0" bw="32" slack="2"/>
<pin id="102" dir="0" index="1" bw="0" slack="2147483647"/>
<pin id="103" dir="0" index="2" bw="32" slack="1"/>
<pin id="104" dir="0" index="3" bw="0" slack="2147483647"/>
<pin id="105" dir="0" index="4" bw="32" slack="1"/>
<pin id="106" dir="0" index="5" bw="0" slack="2147483647"/>
<pin id="107" dir="1" index="6" bw="32" slack="0"/>
</pin_list>
<bind>
<opcode="phi(47) " fcode="phi"/>
<opset="cc_1/40 "/>
</bind>
</comp>

<comp id="108" class="1005" name="cc_2_reg_108">
<pin_list>
<pin id="109" dir="0" index="0" bw="32" slack="2147483647"/>
<pin id="110" dir="1" index="1" bw="32" slack="2147483647"/>
</pin_list>
<bind>
<opset="cc_2 (phireg) "/>
</bind>
</comp>

<comp id="111" class="1004" name="cc_2_phi_fu_111">
<pin_list>
<pin id="112" dir="0" index="0" bw="32" slack="3"/>
<pin id="113" dir="0" index="1" bw="0" slack="2147483647"/>
<pin id="114" dir="0" index="2" bw="32" slack="1"/>
<pin id="115" dir="0" index="3" bw="0" slack="2147483647"/>
<pin id="116" dir="0" index="4" bw="32" slack="1"/>
<pin id="117" dir="0" index="5" bw="0" slack="2147483647"/>
<pin id="118" dir="1" index="6" bw="32" slack="0"/>
</pin_list>
<bind>
<opcode="phi(47) " fcode="phi"/>
<opset="cc_2/40 "/>
</bind>
</comp>

<comp id="119" class="1005" name="cc_3_reg_119">
<pin_list>
<pin id="120" dir="0" index="0" bw="32" slack="2147483647"/>
<pin id="121" dir="1" index="1" bw="32" slack="2147483647"/>
</pin_list>
<bind>
<opset="cc_3 (phireg) "/>
</bind>
</comp>

<comp id="122" class="1004" name="cc_3_phi_fu_122">
<pin_list>
<pin id="123" dir="0" index="0" bw="32" slack="3"/>
<pin id="124" dir="0" index="1" bw="0" slack="2147483647"/>
<pin id="125" dir="0" index="2" bw="32" slack="1"/>
<pin id="126" dir="0" index="3" bw="0" slack="2147483647"/>
<pin id="127" dir="0" index="4" bw="32" slack="1"/>
<pin id="128" dir="0" index="5" bw="0" slack="2147483647"/>
<pin id="129" dir="1" index="6" bw="32" slack="0"/>
</pin_list>
<bind>
<opcode="phi(47) " fcode="phi"/>
<opset="cc_3/40 "/>
</bind>
</comp>

<comp id="130" class="1004" name="grp_p_hls_fptosi_float_i32_fu_130">
<pin_list>
<pin id="131" dir="0" index="0" bw="29" slack="0"/>
<pin id="132" dir="0" index="1" bw="32" slack="1"/>
<pin id="133" dir="1" index="2" bw="29" slack="0"/>
</pin_list>
<bind>
<opcode="call(48) " fcode="call"/>
<opset="a_assign/17 "/>
</bind>
</comp>

<comp id="135" class="1004" name="grp_p_hls_fptosi_float_i32_fu_135">
<pin_list>
<pin id="136" dir="0" index="0" bw="29" slack="0"/>
<pin id="137" dir="0" index="1" bw="32" slack="1"/>
<pin id="138" dir="1" index="2" bw="29" slack="1"/>
</pin_list>
<bind>
<opcode="call(48) " fcode="call"/>
<opset="a_assign_s/17 "/>
</bind>
</comp>

<comp id="140" class="1004" name="grp_p_hls_fptosi_float_i32_fu_140">
<pin_list>
<pin id="141" dir="0" index="0" bw="29" slack="0"/>
<pin id="142" dir="0" index="1" bw="32" slack="1"/>
<pin id="143" dir="1" index="2" bw="29" slack="1"/>
</pin_list>
<bind>
<opcode="call(48) " fcode="call"/>
<opset="a_assign_1/17 "/>
</bind>
</comp>

<comp id="145" class="1004" name="grp_p_hls_fptosi_float_i32_fu_145">
<pin_list>
<pin id="146" dir="0" index="0" bw="29" slack="0"/>
<pin id="147" dir="0" index="1" bw="32" slack="1"/>
<pin id="148" dir="1" index="2" bw="29" slack="1"/>
</pin_list>
<bind>
<opcode="call(48) " fcode="call"/>
<opset="a_assign_14_2/17 "/>
</bind>
</comp>

<comp id="150" class="1004" name="grp_fu_150">
<pin_list>
<pin id="151" dir="0" index="0" bw="32" slack="1"/>
<pin id="152" dir="0" index="1" bw="32" slack="0"/>
<pin id="153" dir="1" index="2" bw="32" slack="1"/>
</pin_list>
<bind>
<opcode="fadd(9) " fcode="fadd"/>
<opset="sub_i/8 "/>
</bind>
</comp>

<comp id="155" class="1004" name="grp_fu_155">
<pin_list>
<pin id="156" dir="0" index="0" bw="32" slack="1"/>
<pin id="157" dir="0" index="1" bw="32" slack="0"/>
<pin id="158" dir="1" index="2" bw="32" slack="1"/>
</pin_list>
<bind>
<opcode="fadd(9) " fcode="fadd"/>
<opset="sub12_i/8 "/>
</bind>
</comp>

<comp id="160" class="1004" name="grp_fu_160">
<pin_list>
<pin id="161" dir="0" index="0" bw="32" slack="1"/>
<pin id="162" dir="0" index="1" bw="32" slack="0"/>
<pin id="163" dir="1" index="2" bw="32" slack="1"/>
</pin_list>
<bind>
<opcode="fadd(9) " fcode="fadd"/>
<opset="sub_i_1/8 "/>
</bind>
</comp>

<comp id="165" class="1004" name="grp_fu_165">
<pin_list>
<pin id="166" dir="0" index="0" bw="32" slack="1"/>
<pin id="167" dir="0" index="1" bw="32" slack="0"/>
<pin id="168" dir="1" index="2" bw="32" slack="1"/>
</pin_list>
<bind>
<opcode="fadd(9) " fcode="fadd"/>
<opset="sub12_i_2/8 "/>
</bind>
</comp>

<comp id="170" class="1004" name="grp_fu_170">
<pin_list>
<pin id="171" dir="0" index="0" bw="32" slack="0"/>
<pin id="172" dir="1" index="1" bw="32" slack="1"/>
</pin_list>
<bind>
<opcode="sitofp(39) " fcode="sitofp"/>
<opset="conv_i/1 "/>
</bind>
</comp>

<comp id="174" class="1004" name="grp_fu_174">
<pin_list>
<pin id="175" dir="0" index="0" bw="32" slack="0"/>
<pin id="176" dir="1" index="1" bw="32" slack="1"/>
</pin_list>
<bind>
<opcode="sitofp(39) " fcode="sitofp"/>
<opset="conv9_i/1 "/>
</bind>
</comp>

<comp id="178" class="1004" name="grp_fu_178">
<pin_list>
<pin id="179" dir="0" index="0" bw="22" slack="0"/>
<pin id="180" dir="0" index="1" bw="32" slack="32"/>
<pin id="181" dir="1" index="2" bw="32" slack="1"/>
</pin_list>
<bind>
<opcode="sub(10) " fcode="sub"/>
<opset="sub_ln40_3/33 sub_ln40_1/33 "/>
</bind>
</comp>

<comp id="183" class="1004" name="grp_fu_183">
<pin_list>
<pin id="184" dir="0" index="0" bw="22" slack="0"/>
<pin id="185" dir="0" index="1" bw="32" slack="32"/>
<pin id="186" dir="1" index="2" bw="32" slack="1"/>
</pin_list>
<bind>
<opcode="sub(10) " fcode="sub"/>
<opset="sub_ln40_10/33 sub_ln40_8/33 "/>
</bind>
</comp>

<comp id="188" class="1005" name="reg_188">
<pin_list>
<pin id="189" dir="0" index="0" bw="32" slack="1"/>
<pin id="190" dir="1" index="1" bw="32" slack="1"/>
</pin_list>
<bind>
<opset="sub_ln40_3 sub_ln40_1 "/>
</bind>
</comp>

<comp id="192" class="1005" name="reg_192">
<pin_list>
<pin id="193" dir="0" index="0" bw="32" slack="1"/>
<pin id="194" dir="1" index="1" bw="32" slack="1"/>
</pin_list>
<bind>
<opset="sub_ln40_10 sub_ln40_8 "/>
</bind>
</comp>

<comp id="196" class="1004" name="trunc_ln34_fu_196">
<pin_list>
<pin id="197" dir="0" index="0" bw="29" slack="0"/>
<pin id="198" dir="1" index="1" bw="27" slack="1"/>
</pin_list>
<bind>
<opcode="trunc(33) " fcode="trunc"/>
<opset="trunc_ln34/20 "/>
</bind>
</comp>

<comp id="200" class="1004" name="p_shl_fu_200">
<pin_list>
<pin id="201" dir="0" index="0" bw="48" slack="0"/>
<pin id="202" dir="0" index="1" bw="27" slack="1"/>
<pin id="203" dir="0" index="2" bw="1" slack="0"/>
<pin id="204" dir="1" index="3" bw="48" slack="0"/>
</pin_list>
<bind>
<opcode="bitconcatenate(1004) " fcode="bitconcatenate"/>
<opset="p_shl/21 "/>
</bind>
</comp>

<comp id="207" class="1004" name="p_shl1_fu_207">
<pin_list>
<pin id="208" dir="0" index="0" bw="48" slack="0"/>
<pin id="209" dir="0" index="1" bw="29" slack="1"/>
<pin id="210" dir="0" index="2" bw="1" slack="0"/>
<pin id="211" dir="1" index="3" bw="48" slack="0"/>
</pin_list>
<bind>
<opcode="bitconcatenate(1004) " fcode="bitconcatenate"/>
<opset="p_shl1/21 "/>
</bind>
</comp>

<comp id="214" class="1004" name="add_ln34_fu_214">
<pin_list>
<pin id="215" dir="0" index="0" bw="48" slack="0"/>
<pin id="216" dir="0" index="1" bw="48" slack="0"/>
<pin id="217" dir="1" index="2" bw="48" slack="0"/>
</pin_list>
<bind>
<opcode="add(8) " fcode="add"/>
<opset="add_ln34/21 "/>
</bind>
</comp>

<comp id="220" class="1004" name="trunc_ln_fu_220">
<pin_list>
<pin id="221" dir="0" index="0" bw="32" slack="0"/>
<pin id="222" dir="0" index="1" bw="48" slack="0"/>
<pin id="223" dir="0" index="2" bw="6" slack="0"/>
<pin id="224" dir="0" index="3" bw="7" slack="0"/>
<pin id="225" dir="1" index="4" bw="32" slack="1"/>
</pin_list>
<bind>
<opcode="partselect(1002) " fcode="partselect"/>
<opset="trunc_ln/21 "/>
</bind>
</comp>

<comp id="230" class="1004" name="tmp_fu_230">
<pin_list>
<pin id="231" dir="0" index="0" bw="1" slack="0"/>
<pin id="232" dir="0" index="1" bw="48" slack="0"/>
<pin id="233" dir="0" index="2" bw="7" slack="0"/>
<pin id="234" dir="1" index="3" bw="1" slack="4"/>
</pin_list>
<bind>
<opcode="bitselect(1000) " fcode="bitselect"/>
<opset="tmp/21 "/>
</bind>
</comp>

<comp id="238" class="1004" name="trunc_ln34_22_fu_238">
<pin_list>
<pin id="239" dir="0" index="0" bw="29" slack="1"/>
<pin id="240" dir="1" index="1" bw="27" slack="0"/>
</pin_list>
<bind>
<opcode="trunc(33) " fcode="trunc"/>
<opset="trunc_ln34_22/21 "/>
</bind>
</comp>

<comp id="241" class="1004" name="p_shl2_fu_241">
<pin_list>
<pin id="242" dir="0" index="0" bw="48" slack="0"/>
<pin id="243" dir="0" index="1" bw="27" slack="0"/>
<pin id="244" dir="0" index="2" bw="1" slack="0"/>
<pin id="245" dir="1" index="3" bw="48" slack="0"/>
</pin_list>
<bind>
<opcode="bitconcatenate(1004) " fcode="bitconcatenate"/>
<opset="p_shl2/21 "/>
</bind>
</comp>

<comp id="249" class="1004" name="sub_ln34_fu_249">
<pin_list>
<pin id="250" dir="0" index="0" bw="1" slack="0"/>
<pin id="251" dir="0" index="1" bw="48" slack="0"/>
<pin id="252" dir="1" index="2" bw="48" slack="0"/>
</pin_list>
<bind>
<opcode="sub(10) " fcode="sub"/>
<opset="sub_ln34/21 "/>
</bind>
</comp>

<comp id="255" class="1004" name="p_shl3_fu_255">
<pin_list>
<pin id="256" dir="0" index="0" bw="48" slack="0"/>
<pin id="257" dir="0" index="1" bw="29" slack="1"/>
<pin id="258" dir="0" index="2" bw="1" slack="0"/>
<pin id="259" dir="1" index="3" bw="48" slack="0"/>
</pin_list>
<bind>
<opcode="bitconcatenate(1004) " fcode="bitconcatenate"/>
<opset="p_shl3/21 "/>
</bind>
</comp>

<comp id="262" class="1004" name="sub_ln34_1_fu_262">
<pin_list>
<pin id="263" dir="0" index="0" bw="48" slack="0"/>
<pin id="264" dir="0" index="1" bw="48" slack="0"/>
<pin id="265" dir="1" index="2" bw="48" slack="0"/>
</pin_list>
<bind>
<opcode="sub(10) " fcode="sub"/>
<opset="sub_ln34_1/21 "/>
</bind>
</comp>

<comp id="268" class="1004" name="tmp_s_fu_268">
<pin_list>
<pin id="269" dir="0" index="0" bw="32" slack="0"/>
<pin id="270" dir="0" index="1" bw="48" slack="0"/>
<pin id="271" dir="0" index="2" bw="6" slack="0"/>
<pin id="272" dir="0" index="3" bw="7" slack="0"/>
<pin id="273" dir="1" index="4" bw="32" slack="1"/>
</pin_list>
<bind>
<opcode="partselect(1002) " fcode="partselect"/>
<opset="tmp_s/21 "/>
</bind>
</comp>

<comp id="278" class="1004" name="tmp_52_fu_278">
<pin_list>
<pin id="279" dir="0" index="0" bw="1" slack="0"/>
<pin id="280" dir="0" index="1" bw="48" slack="0"/>
<pin id="281" dir="0" index="2" bw="7" slack="0"/>
<pin id="282" dir="1" index="3" bw="1" slack="4"/>
</pin_list>
<bind>
<opcode="bitselect(1000) " fcode="bitselect"/>
<opset="tmp_52/21 "/>
</bind>
</comp>

<comp id="286" class="1004" name="trunc_ln34_24_fu_286">
<pin_list>
<pin id="287" dir="0" index="0" bw="29" slack="1"/>
<pin id="288" dir="1" index="1" bw="27" slack="0"/>
</pin_list>
<bind>
<opcode="trunc(33) " fcode="trunc"/>
<opset="trunc_ln34_24/21 "/>
</bind>
</comp>

<comp id="289" class="1004" name="p_shl6_fu_289">
<pin_list>
<pin id="290" dir="0" index="0" bw="48" slack="0"/>
<pin id="291" dir="0" index="1" bw="27" slack="0"/>
<pin id="292" dir="0" index="2" bw="1" slack="0"/>
<pin id="293" dir="1" index="3" bw="48" slack="0"/>
</pin_list>
<bind>
<opcode="bitconcatenate(1004) " fcode="bitconcatenate"/>
<opset="p_shl6/21 "/>
</bind>
</comp>

<comp id="297" class="1004" name="sub_ln34_4_fu_297">
<pin_list>
<pin id="298" dir="0" index="0" bw="1" slack="0"/>
<pin id="299" dir="0" index="1" bw="48" slack="0"/>
<pin id="300" dir="1" index="2" bw="48" slack="0"/>
</pin_list>
<bind>
<opcode="sub(10) " fcode="sub"/>
<opset="sub_ln34_4/21 "/>
</bind>
</comp>

<comp id="303" class="1004" name="p_shl7_fu_303">
<pin_list>
<pin id="304" dir="0" index="0" bw="48" slack="0"/>
<pin id="305" dir="0" index="1" bw="29" slack="1"/>
<pin id="306" dir="0" index="2" bw="1" slack="0"/>
<pin id="307" dir="1" index="3" bw="48" slack="0"/>
</pin_list>
<bind>
<opcode="bitconcatenate(1004) " fcode="bitconcatenate"/>
<opset="p_shl7/21 "/>
</bind>
</comp>

<comp id="310" class="1004" name="sub_ln34_5_fu_310">
<pin_list>
<pin id="311" dir="0" index="0" bw="48" slack="0"/>
<pin id="312" dir="0" index="1" bw="48" slack="0"/>
<pin id="313" dir="1" index="2" bw="48" slack="0"/>
</pin_list>
<bind>
<opcode="sub(10) " fcode="sub"/>
<opset="sub_ln34_5/21 "/>
</bind>
</comp>

<comp id="316" class="1004" name="tmp_9_fu_316">
<pin_list>
<pin id="317" dir="0" index="0" bw="32" slack="0"/>
<pin id="318" dir="0" index="1" bw="48" slack="0"/>
<pin id="319" dir="0" index="2" bw="6" slack="0"/>
<pin id="320" dir="0" index="3" bw="7" slack="0"/>
<pin id="321" dir="1" index="4" bw="32" slack="1"/>
</pin_list>
<bind>
<opcode="partselect(1002) " fcode="partselect"/>
<opset="tmp_9/21 "/>
</bind>
</comp>

<comp id="326" class="1004" name="tmp_59_fu_326">
<pin_list>
<pin id="327" dir="0" index="0" bw="1" slack="0"/>
<pin id="328" dir="0" index="1" bw="48" slack="0"/>
<pin id="329" dir="0" index="2" bw="7" slack="0"/>
<pin id="330" dir="1" index="3" bw="1" slack="4"/>
</pin_list>
<bind>
<opcode="bitselect(1000) " fcode="bitselect"/>
<opset="tmp_59/21 "/>
</bind>
</comp>

<comp id="334" class="1004" name="trunc_ln34_26_fu_334">
<pin_list>
<pin id="335" dir="0" index="0" bw="29" slack="1"/>
<pin id="336" dir="1" index="1" bw="27" slack="0"/>
</pin_list>
<bind>
<opcode="trunc(33) " fcode="trunc"/>
<opset="trunc_ln34_26/21 "/>
</bind>
</comp>

<comp id="337" class="1004" name="p_shl12_fu_337">
<pin_list>
<pin id="338" dir="0" index="0" bw="48" slack="0"/>
<pin id="339" dir="0" index="1" bw="27" slack="0"/>
<pin id="340" dir="0" index="2" bw="1" slack="0"/>
<pin id="341" dir="1" index="3" bw="48" slack="0"/>
</pin_list>
<bind>
<opcode="bitconcatenate(1004) " fcode="bitconcatenate"/>
<opset="p_shl12/21 "/>
</bind>
</comp>

<comp id="345" class="1004" name="p_shl13_fu_345">
<pin_list>
<pin id="346" dir="0" index="0" bw="48" slack="0"/>
<pin id="347" dir="0" index="1" bw="29" slack="1"/>
<pin id="348" dir="0" index="2" bw="1" slack="0"/>
<pin id="349" dir="1" index="3" bw="48" slack="0"/>
</pin_list>
<bind>
<opcode="bitconcatenate(1004) " fcode="bitconcatenate"/>
<opset="p_shl13/21 "/>
</bind>
</comp>

<comp id="352" class="1004" name="add_ln34_2_fu_352">
<pin_list>
<pin id="353" dir="0" index="0" bw="48" slack="0"/>
<pin id="354" dir="0" index="1" bw="48" slack="0"/>
<pin id="355" dir="1" index="2" bw="48" slack="0"/>
</pin_list>
<bind>
<opcode="add(8) " fcode="add"/>
<opset="add_ln34_2/21 "/>
</bind>
</comp>

<comp id="358" class="1004" name="tmp_10_fu_358">
<pin_list>
<pin id="359" dir="0" index="0" bw="32" slack="0"/>
<pin id="360" dir="0" index="1" bw="48" slack="0"/>
<pin id="361" dir="0" index="2" bw="6" slack="0"/>
<pin id="362" dir="0" index="3" bw="7" slack="0"/>
<pin id="363" dir="1" index="4" bw="32" slack="1"/>
</pin_list>
<bind>
<opcode="partselect(1002) " fcode="partselect"/>
<opset="tmp_10/21 "/>
</bind>
</comp>

<comp id="368" class="1004" name="tmp_66_fu_368">
<pin_list>
<pin id="369" dir="0" index="0" bw="1" slack="0"/>
<pin id="370" dir="0" index="1" bw="48" slack="0"/>
<pin id="371" dir="0" index="2" bw="7" slack="0"/>
<pin id="372" dir="1" index="3" bw="1" slack="4"/>
</pin_list>
<bind>
<opcode="bitselect(1000) " fcode="bitselect"/>
<opset="tmp_66/21 "/>
</bind>
</comp>

<comp id="376" class="1004" name="shl_ln_fu_376">
<pin_list>
<pin id="377" dir="0" index="0" bw="48" slack="0"/>
<pin id="378" dir="0" index="1" bw="32" slack="1"/>
<pin id="379" dir="0" index="2" bw="1" slack="0"/>
<pin id="380" dir="1" index="3" bw="48" slack="0"/>
</pin_list>
<bind>
<opcode="bitconcatenate(1004) " fcode="bitconcatenate"/>
<opset="shl_ln/22 "/>
</bind>
</comp>

<comp id="383" class="1004" name="sext_ln39_6_fu_383">
<pin_list>
<pin id="384" dir="0" index="0" bw="48" slack="0"/>
<pin id="385" dir="1" index="1" bw="97" slack="0"/>
</pin_list>
<bind>
<opcode="sext(35) " fcode="sext"/>
<opset="sext_ln39_6/22 "/>
</bind>
</comp>

<comp id="387" class="1004" name="grp_fu_387">
<pin_list>
<pin id="388" dir="0" index="0" bw="48" slack="0"/>
<pin id="389" dir="0" index="1" bw="50" slack="0"/>
<pin id="390" dir="1" index="2" bw="97" slack="0"/>
</pin_list>
<bind>
<opcode="mul(12) " fcode="mul"/>
<opset="mul_ln39/22 "/>
</bind>
</comp>

<comp id="393" class="1004" name="shl_ln39_1_fu_393">
<pin_list>
<pin id="394" dir="0" index="0" bw="48" slack="0"/>
<pin id="395" dir="0" index="1" bw="32" slack="1"/>
<pin id="396" dir="0" index="2" bw="1" slack="0"/>
<pin id="397" dir="1" index="3" bw="48" slack="0"/>
</pin_list>
<bind>
<opcode="bitconcatenate(1004) " fcode="bitconcatenate"/>
<opset="shl_ln39_1/22 "/>
</bind>
</comp>

<comp id="400" class="1004" name="sext_ln39_10_fu_400">
<pin_list>
<pin id="401" dir="0" index="0" bw="48" slack="0"/>
<pin id="402" dir="1" index="1" bw="97" slack="0"/>
</pin_list>
<bind>
<opcode="sext(35) " fcode="sext"/>
<opset="sext_ln39_10/22 "/>
</bind>
</comp>

<comp id="404" class="1004" name="grp_fu_404">
<pin_list>
<pin id="405" dir="0" index="0" bw="48" slack="0"/>
<pin id="406" dir="0" index="1" bw="50" slack="0"/>
<pin id="407" dir="1" index="2" bw="97" slack="0"/>
</pin_list>
<bind>
<opcode="mul(12) " fcode="mul"/>
<opset="mul_ln39_3/22 "/>
</bind>
</comp>

<comp id="410" class="1004" name="shl_ln39_2_fu_410">
<pin_list>
<pin id="411" dir="0" index="0" bw="48" slack="0"/>
<pin id="412" dir="0" index="1" bw="32" slack="1"/>
<pin id="413" dir="0" index="2" bw="1" slack="0"/>
<pin id="414" dir="1" index="3" bw="48" slack="0"/>
</pin_list>
<bind>
<opcode="bitconcatenate(1004) " fcode="bitconcatenate"/>
<opset="shl_ln39_2/22 "/>
</bind>
</comp>

<comp id="417" class="1004" name="sext_ln39_14_fu_417">
<pin_list>
<pin id="418" dir="0" index="0" bw="48" slack="0"/>
<pin id="419" dir="1" index="1" bw="97" slack="0"/>
</pin_list>
<bind>
<opcode="sext(35) " fcode="sext"/>
<opset="sext_ln39_14/22 "/>
</bind>
</comp>

<comp id="421" class="1004" name="grp_fu_421">
<pin_list>
<pin id="422" dir="0" index="0" bw="48" slack="0"/>
<pin id="423" dir="0" index="1" bw="50" slack="0"/>
<pin id="424" dir="1" index="2" bw="97" slack="0"/>
</pin_list>
<bind>
<opcode="mul(12) " fcode="mul"/>
<opset="mul_ln39_5/22 "/>
</bind>
</comp>

<comp id="427" class="1004" name="shl_ln39_3_fu_427">
<pin_list>
<pin id="428" dir="0" index="0" bw="48" slack="0"/>
<pin id="429" dir="0" index="1" bw="32" slack="1"/>
<pin id="430" dir="0" index="2" bw="1" slack="0"/>
<pin id="431" dir="1" index="3" bw="48" slack="0"/>
</pin_list>
<bind>
<opcode="bitconcatenate(1004) " fcode="bitconcatenate"/>
<opset="shl_ln39_3/22 "/>
</bind>
</comp>

<comp id="434" class="1004" name="sext_ln39_18_fu_434">
<pin_list>
<pin id="435" dir="0" index="0" bw="48" slack="0"/>
<pin id="436" dir="1" index="1" bw="97" slack="0"/>
</pin_list>
<bind>
<opcode="sext(35) " fcode="sext"/>
<opset="sext_ln39_18/22 "/>
</bind>
</comp>

<comp id="438" class="1004" name="grp_fu_438">
<pin_list>
<pin id="439" dir="0" index="0" bw="48" slack="0"/>
<pin id="440" dir="0" index="1" bw="50" slack="0"/>
<pin id="441" dir="1" index="2" bw="97" slack="0"/>
</pin_list>
<bind>
<opcode="mul(12) " fcode="mul"/>
<opset="mul_ln39_7/22 "/>
</bind>
</comp>

<comp id="444" class="1004" name="tmp_47_fu_444">
<pin_list>
<pin id="445" dir="0" index="0" bw="22" slack="0"/>
<pin id="446" dir="0" index="1" bw="97" slack="0"/>
<pin id="447" dir="0" index="2" bw="8" slack="0"/>
<pin id="448" dir="0" index="3" bw="8" slack="0"/>
<pin id="449" dir="1" index="4" bw="22" slack="2"/>
</pin_list>
<bind>
<opcode="partselect(1002) " fcode="partselect"/>
<opset="tmp_47/24 "/>
</bind>
</comp>

<comp id="454" class="1004" name="tmp_54_fu_454">
<pin_list>
<pin id="455" dir="0" index="0" bw="22" slack="0"/>
<pin id="456" dir="0" index="1" bw="97" slack="0"/>
<pin id="457" dir="0" index="2" bw="8" slack="0"/>
<pin id="458" dir="0" index="3" bw="8" slack="0"/>
<pin id="459" dir="1" index="4" bw="22" slack="2"/>
</pin_list>
<bind>
<opcode="partselect(1002) " fcode="partselect"/>
<opset="tmp_54/24 "/>
</bind>
</comp>

<comp id="464" class="1004" name="tmp_61_fu_464">
<pin_list>
<pin id="465" dir="0" index="0" bw="22" slack="0"/>
<pin id="466" dir="0" index="1" bw="97" slack="0"/>
<pin id="467" dir="0" index="2" bw="8" slack="0"/>
<pin id="468" dir="0" index="3" bw="8" slack="0"/>
<pin id="469" dir="1" index="4" bw="22" slack="2"/>
</pin_list>
<bind>
<opcode="partselect(1002) " fcode="partselect"/>
<opset="tmp_61/24 "/>
</bind>
</comp>

<comp id="474" class="1004" name="tmp_68_fu_474">
<pin_list>
<pin id="475" dir="0" index="0" bw="22" slack="0"/>
<pin id="476" dir="0" index="1" bw="97" slack="0"/>
<pin id="477" dir="0" index="2" bw="8" slack="0"/>
<pin id="478" dir="0" index="3" bw="8" slack="0"/>
<pin id="479" dir="1" index="4" bw="22" slack="2"/>
</pin_list>
<bind>
<opcode="partselect(1002) " fcode="partselect"/>
<opset="tmp_68/24 "/>
</bind>
</comp>

<comp id="484" class="1004" name="sub_ln39_fu_484">
<pin_list>
<pin id="485" dir="0" index="0" bw="1" slack="0"/>
<pin id="486" dir="0" index="1" bw="97" slack="1"/>
<pin id="487" dir="1" index="2" bw="97" slack="1"/>
</pin_list>
<bind>
<opcode="sub(10) " fcode="sub"/>
<opset="sub_ln39/25 "/>
</bind>
</comp>

<comp id="489" class="1004" name="sub_ln39_7_fu_489">
<pin_list>
<pin id="490" dir="0" index="0" bw="1" slack="0"/>
<pin id="491" dir="0" index="1" bw="97" slack="1"/>
<pin id="492" dir="1" index="2" bw="97" slack="1"/>
</pin_list>
<bind>
<opcode="sub(10) " fcode="sub"/>
<opset="sub_ln39_7/25 "/>
</bind>
</comp>

<comp id="494" class="1004" name="sub_ln39_11_fu_494">
<pin_list>
<pin id="495" dir="0" index="0" bw="1" slack="0"/>
<pin id="496" dir="0" index="1" bw="97" slack="1"/>
<pin id="497" dir="1" index="2" bw="97" slack="1"/>
</pin_list>
<bind>
<opcode="sub(10) " fcode="sub"/>
<opset="sub_ln39_11/25 "/>
</bind>
</comp>

<comp id="499" class="1004" name="sub_ln39_15_fu_499">
<pin_list>
<pin id="500" dir="0" index="0" bw="1" slack="0"/>
<pin id="501" dir="0" index="1" bw="97" slack="1"/>
<pin id="502" dir="1" index="2" bw="97" slack="1"/>
</pin_list>
<bind>
<opcode="sub(10) " fcode="sub"/>
<opset="sub_ln39_15/25 "/>
</bind>
</comp>

<comp id="504" class="1004" name="tmp_46_fu_504">
<pin_list>
<pin id="505" dir="0" index="0" bw="22" slack="0"/>
<pin id="506" dir="0" index="1" bw="97" slack="1"/>
<pin id="507" dir="0" index="2" bw="8" slack="0"/>
<pin id="508" dir="0" index="3" bw="8" slack="0"/>
<pin id="509" dir="1" index="4" bw="22" slack="0"/>
</pin_list>
<bind>
<opcode="partselect(1002) " fcode="partselect"/>
<opset="tmp_46/26 "/>
</bind>
</comp>

<comp id="513" class="1004" name="select_ln39_fu_513">
<pin_list>
<pin id="514" dir="0" index="0" bw="1" slack="5"/>
<pin id="515" dir="0" index="1" bw="22" slack="0"/>
<pin id="516" dir="0" index="2" bw="22" slack="2"/>
<pin id="517" dir="1" index="3" bw="22" slack="0"/>
</pin_list>
<bind>
<opcode="select(49) " fcode="select"/>
<opset="select_ln39/26 "/>
</bind>
</comp>

<comp id="519" class="1004" name="sub_ln39_4_fu_519">
<pin_list>
<pin id="520" dir="0" index="0" bw="1" slack="0"/>
<pin id="521" dir="0" index="1" bw="22" slack="0"/>
<pin id="522" dir="1" index="2" bw="22" slack="1"/>
</pin_list>
<bind>
<opcode="sub(10) " fcode="sub"/>
<opset="sub_ln39_4/26 "/>
</bind>
</comp>

<comp id="525" class="1004" name="tmp_53_fu_525">
<pin_list>
<pin id="526" dir="0" index="0" bw="22" slack="0"/>
<pin id="527" dir="0" index="1" bw="97" slack="1"/>
<pin id="528" dir="0" index="2" bw="8" slack="0"/>
<pin id="529" dir="0" index="3" bw="8" slack="0"/>
<pin id="530" dir="1" index="4" bw="22" slack="0"/>
</pin_list>
<bind>
<opcode="partselect(1002) " fcode="partselect"/>
<opset="tmp_53/26 "/>
</bind>
</comp>

<comp id="534" class="1004" name="select_ln39_7_fu_534">
<pin_list>
<pin id="535" dir="0" index="0" bw="1" slack="5"/>
<pin id="536" dir="0" index="1" bw="22" slack="0"/>
<pin id="537" dir="0" index="2" bw="22" slack="2"/>
<pin id="538" dir="1" index="3" bw="22" slack="0"/>
</pin_list>
<bind>
<opcode="select(49) " fcode="select"/>
<opset="select_ln39_7/26 "/>
</bind>
</comp>

<comp id="540" class="1004" name="sub_ln39_8_fu_540">
<pin_list>
<pin id="541" dir="0" index="0" bw="1" slack="0"/>
<pin id="542" dir="0" index="1" bw="22" slack="0"/>
<pin id="543" dir="1" index="2" bw="22" slack="1"/>
</pin_list>
<bind>
<opcode="sub(10) " fcode="sub"/>
<opset="sub_ln39_8/26 "/>
</bind>
</comp>

<comp id="546" class="1004" name="tmp_60_fu_546">
<pin_list>
<pin id="547" dir="0" index="0" bw="22" slack="0"/>
<pin id="548" dir="0" index="1" bw="97" slack="1"/>
<pin id="549" dir="0" index="2" bw="8" slack="0"/>
<pin id="550" dir="0" index="3" bw="8" slack="0"/>
<pin id="551" dir="1" index="4" bw="22" slack="0"/>
</pin_list>
<bind>
<opcode="partselect(1002) " fcode="partselect"/>
<opset="tmp_60/26 "/>
</bind>
</comp>

<comp id="555" class="1004" name="select_ln39_11_fu_555">
<pin_list>
<pin id="556" dir="0" index="0" bw="1" slack="5"/>
<pin id="557" dir="0" index="1" bw="22" slack="0"/>
<pin id="558" dir="0" index="2" bw="22" slack="2"/>
<pin id="559" dir="1" index="3" bw="22" slack="0"/>
</pin_list>
<bind>
<opcode="select(49) " fcode="select"/>
<opset="select_ln39_11/26 "/>
</bind>
</comp>

<comp id="561" class="1004" name="sub_ln39_12_fu_561">
<pin_list>
<pin id="562" dir="0" index="0" bw="1" slack="0"/>
<pin id="563" dir="0" index="1" bw="22" slack="0"/>
<pin id="564" dir="1" index="2" bw="22" slack="1"/>
</pin_list>
<bind>
<opcode="sub(10) " fcode="sub"/>
<opset="sub_ln39_12/26 "/>
</bind>
</comp>

<comp id="567" class="1004" name="tmp_67_fu_567">
<pin_list>
<pin id="568" dir="0" index="0" bw="22" slack="0"/>
<pin id="569" dir="0" index="1" bw="97" slack="1"/>
<pin id="570" dir="0" index="2" bw="8" slack="0"/>
<pin id="571" dir="0" index="3" bw="8" slack="0"/>
<pin id="572" dir="1" index="4" bw="22" slack="0"/>
</pin_list>
<bind>
<opcode="partselect(1002) " fcode="partselect"/>
<opset="tmp_67/26 "/>
</bind>
</comp>

<comp id="576" class="1004" name="select_ln39_15_fu_576">
<pin_list>
<pin id="577" dir="0" index="0" bw="1" slack="5"/>
<pin id="578" dir="0" index="1" bw="22" slack="0"/>
<pin id="579" dir="0" index="2" bw="22" slack="2"/>
<pin id="580" dir="1" index="3" bw="22" slack="0"/>
</pin_list>
<bind>
<opcode="select(49) " fcode="select"/>
<opset="select_ln39_15/26 "/>
</bind>
</comp>

<comp id="582" class="1004" name="sub_ln39_16_fu_582">
<pin_list>
<pin id="583" dir="0" index="0" bw="1" slack="0"/>
<pin id="584" dir="0" index="1" bw="22" slack="0"/>
<pin id="585" dir="1" index="2" bw="22" slack="1"/>
</pin_list>
<bind>
<opcode="sub(10) " fcode="sub"/>
<opset="sub_ln39_16/26 "/>
</bind>
</comp>

<comp id="588" class="1004" name="select_ln39_4_fu_588">
<pin_list>
<pin id="589" dir="0" index="0" bw="1" slack="6"/>
<pin id="590" dir="0" index="1" bw="22" slack="1"/>
<pin id="591" dir="0" index="2" bw="22" slack="3"/>
<pin id="592" dir="1" index="3" bw="22" slack="0"/>
</pin_list>
<bind>
<opcode="select(49) " fcode="select"/>
<opset="select_ln39_4/27 "/>
</bind>
</comp>

<comp id="593" class="1004" name="tmp_48_fu_593">
<pin_list>
<pin id="594" dir="0" index="0" bw="1" slack="0"/>
<pin id="595" dir="0" index="1" bw="22" slack="0"/>
<pin id="596" dir="0" index="2" bw="6" slack="0"/>
<pin id="597" dir="1" index="3" bw="1" slack="0"/>
</pin_list>
<bind>
<opcode="bitselect(1000) " fcode="bitselect"/>
<opset="tmp_48/27 "/>
</bind>
</comp>

<comp id="601" class="1004" name="xor_ln115_fu_601">
<pin_list>
<pin id="602" dir="0" index="0" bw="1" slack="0"/>
<pin id="603" dir="0" index="1" bw="1" slack="0"/>
<pin id="604" dir="1" index="2" bw="1" slack="0"/>
</pin_list>
<bind>
<opcode="xor(25) " fcode="xor"/>
<opset="xor_ln115/27 "/>
</bind>
</comp>

<comp id="607" class="1004" name="icmp_ln115_fu_607">
<pin_list>
<pin id="608" dir="0" index="0" bw="22" slack="0"/>
<pin id="609" dir="0" index="1" bw="22" slack="0"/>
<pin id="610" dir="1" index="2" bw="1" slack="0"/>
</pin_list>
<bind>
<opcode="icmp(45) " fcode="icmp"/>
<opset="icmp_ln115/27 "/>
</bind>
</comp>

<comp id="613" class="1004" name="and_ln115_fu_613">
<pin_list>
<pin id="614" dir="0" index="0" bw="1" slack="0"/>
<pin id="615" dir="0" index="1" bw="1" slack="0"/>
<pin id="616" dir="1" index="2" bw="1" slack="1"/>
</pin_list>
<bind>
<opcode="and(23) " fcode="and"/>
<opset="and_ln115/27 "/>
</bind>
</comp>

<comp id="619" class="1004" name="icmp_ln129_fu_619">
<pin_list>
<pin id="620" dir="0" index="0" bw="22" slack="0"/>
<pin id="621" dir="0" index="1" bw="22" slack="0"/>
<pin id="622" dir="1" index="2" bw="1" slack="6"/>
</pin_list>
<bind>
<opcode="icmp(45) " fcode="icmp"/>
<opset="icmp_ln129/27 "/>
</bind>
</comp>

<comp id="625" class="1004" name="trunc_ln34_21_fu_625">
<pin_list>
<pin id="626" dir="0" index="0" bw="29" slack="7"/>
<pin id="627" dir="1" index="1" bw="27" slack="0"/>
</pin_list>
<bind>
<opcode="trunc(33) " fcode="trunc"/>
<opset="trunc_ln34_21/27 "/>
</bind>
</comp>

<comp id="628" class="1004" name="p_shl8_fu_628">
<pin_list>
<pin id="629" dir="0" index="0" bw="48" slack="0"/>
<pin id="630" dir="0" index="1" bw="27" slack="0"/>
<pin id="631" dir="0" index="2" bw="1" slack="0"/>
<pin id="632" dir="1" index="3" bw="48" slack="0"/>
</pin_list>
<bind>
<opcode="bitconcatenate(1004) " fcode="bitconcatenate"/>
<opset="p_shl8/27 "/>
</bind>
</comp>

<comp id="636" class="1004" name="p_shl9_fu_636">
<pin_list>
<pin id="637" dir="0" index="0" bw="48" slack="0"/>
<pin id="638" dir="0" index="1" bw="29" slack="7"/>
<pin id="639" dir="0" index="2" bw="1" slack="0"/>
<pin id="640" dir="1" index="3" bw="48" slack="0"/>
</pin_list>
<bind>
<opcode="bitconcatenate(1004) " fcode="bitconcatenate"/>
<opset="p_shl9/27 "/>
</bind>
</comp>

<comp id="643" class="1004" name="add_ln34_1_fu_643">
<pin_list>
<pin id="644" dir="0" index="0" bw="48" slack="0"/>
<pin id="645" dir="0" index="1" bw="48" slack="0"/>
<pin id="646" dir="1" index="2" bw="48" slack="0"/>
</pin_list>
<bind>
<opcode="add(8) " fcode="add"/>
<opset="add_ln34_1/27 "/>
</bind>
</comp>

<comp id="649" class="1004" name="trunc_ln34_6_fu_649">
<pin_list>
<pin id="650" dir="0" index="0" bw="32" slack="0"/>
<pin id="651" dir="0" index="1" bw="48" slack="0"/>
<pin id="652" dir="0" index="2" bw="6" slack="0"/>
<pin id="653" dir="0" index="3" bw="7" slack="0"/>
<pin id="654" dir="1" index="4" bw="32" slack="1"/>
</pin_list>
<bind>
<opcode="partselect(1002) " fcode="partselect"/>
<opset="trunc_ln34_6/27 "/>
</bind>
</comp>

<comp id="659" class="1004" name="tmp_49_fu_659">
<pin_list>
<pin id="660" dir="0" index="0" bw="1" slack="0"/>
<pin id="661" dir="0" index="1" bw="48" slack="0"/>
<pin id="662" dir="0" index="2" bw="7" slack="0"/>
<pin id="663" dir="1" index="3" bw="1" slack="4"/>
</pin_list>
<bind>
<opcode="bitselect(1000) " fcode="bitselect"/>
<opset="tmp_49/27 "/>
</bind>
</comp>

<comp id="667" class="1004" name="select_ln39_8_fu_667">
<pin_list>
<pin id="668" dir="0" index="0" bw="1" slack="6"/>
<pin id="669" dir="0" index="1" bw="22" slack="1"/>
<pin id="670" dir="0" index="2" bw="22" slack="3"/>
<pin id="671" dir="1" index="3" bw="22" slack="0"/>
</pin_list>
<bind>
<opcode="select(49) " fcode="select"/>
<opset="select_ln39_8/27 "/>
</bind>
</comp>

<comp id="672" class="1004" name="tmp_55_fu_672">
<pin_list>
<pin id="673" dir="0" index="0" bw="1" slack="0"/>
<pin id="674" dir="0" index="1" bw="22" slack="0"/>
<pin id="675" dir="0" index="2" bw="6" slack="0"/>
<pin id="676" dir="1" index="3" bw="1" slack="0"/>
</pin_list>
<bind>
<opcode="bitselect(1000) " fcode="bitselect"/>
<opset="tmp_55/27 "/>
</bind>
</comp>

<comp id="680" class="1004" name="xor_ln115_1_fu_680">
<pin_list>
<pin id="681" dir="0" index="0" bw="1" slack="0"/>
<pin id="682" dir="0" index="1" bw="1" slack="0"/>
<pin id="683" dir="1" index="2" bw="1" slack="0"/>
</pin_list>
<bind>
<opcode="xor(25) " fcode="xor"/>
<opset="xor_ln115_1/27 "/>
</bind>
</comp>

<comp id="686" class="1004" name="icmp_ln115_1_fu_686">
<pin_list>
<pin id="687" dir="0" index="0" bw="22" slack="0"/>
<pin id="688" dir="0" index="1" bw="22" slack="0"/>
<pin id="689" dir="1" index="2" bw="1" slack="0"/>
</pin_list>
<bind>
<opcode="icmp(45) " fcode="icmp"/>
<opset="icmp_ln115_1/27 "/>
</bind>
</comp>

<comp id="692" class="1004" name="and_ln115_1_fu_692">
<pin_list>
<pin id="693" dir="0" index="0" bw="1" slack="0"/>
<pin id="694" dir="0" index="1" bw="1" slack="0"/>
<pin id="695" dir="1" index="2" bw="1" slack="1"/>
</pin_list>
<bind>
<opcode="and(23) " fcode="and"/>
<opset="and_ln115_1/27 "/>
</bind>
</comp>

<comp id="698" class="1004" name="icmp_ln129_1_fu_698">
<pin_list>
<pin id="699" dir="0" index="0" bw="22" slack="0"/>
<pin id="700" dir="0" index="1" bw="22" slack="0"/>
<pin id="701" dir="1" index="2" bw="1" slack="6"/>
</pin_list>
<bind>
<opcode="icmp(45) " fcode="icmp"/>
<opset="icmp_ln129_1/27 "/>
</bind>
</comp>

<comp id="704" class="1004" name="trunc_ln34_23_fu_704">
<pin_list>
<pin id="705" dir="0" index="0" bw="29" slack="7"/>
<pin id="706" dir="1" index="1" bw="27" slack="0"/>
</pin_list>
<bind>
<opcode="trunc(33) " fcode="trunc"/>
<opset="trunc_ln34_23/27 "/>
</bind>
</comp>

<comp id="707" class="1004" name="p_shl4_fu_707">
<pin_list>
<pin id="708" dir="0" index="0" bw="48" slack="0"/>
<pin id="709" dir="0" index="1" bw="27" slack="0"/>
<pin id="710" dir="0" index="2" bw="1" slack="0"/>
<pin id="711" dir="1" index="3" bw="48" slack="0"/>
</pin_list>
<bind>
<opcode="bitconcatenate(1004) " fcode="bitconcatenate"/>
<opset="p_shl4/27 "/>
</bind>
</comp>

<comp id="715" class="1004" name="sub_ln34_2_fu_715">
<pin_list>
<pin id="716" dir="0" index="0" bw="1" slack="0"/>
<pin id="717" dir="0" index="1" bw="48" slack="0"/>
<pin id="718" dir="1" index="2" bw="48" slack="0"/>
</pin_list>
<bind>
<opcode="sub(10) " fcode="sub"/>
<opset="sub_ln34_2/27 "/>
</bind>
</comp>

<comp id="721" class="1004" name="p_shl5_fu_721">
<pin_list>
<pin id="722" dir="0" index="0" bw="48" slack="0"/>
<pin id="723" dir="0" index="1" bw="29" slack="7"/>
<pin id="724" dir="0" index="2" bw="1" slack="0"/>
<pin id="725" dir="1" index="3" bw="48" slack="0"/>
</pin_list>
<bind>
<opcode="bitconcatenate(1004) " fcode="bitconcatenate"/>
<opset="p_shl5/27 "/>
</bind>
</comp>

<comp id="728" class="1004" name="sub_ln34_3_fu_728">
<pin_list>
<pin id="729" dir="0" index="0" bw="48" slack="0"/>
<pin id="730" dir="0" index="1" bw="48" slack="0"/>
<pin id="731" dir="1" index="2" bw="48" slack="0"/>
</pin_list>
<bind>
<opcode="sub(10) " fcode="sub"/>
<opset="sub_ln34_3/27 "/>
</bind>
</comp>

<comp id="734" class="1004" name="trunc_ln34_3_fu_734">
<pin_list>
<pin id="735" dir="0" index="0" bw="32" slack="0"/>
<pin id="736" dir="0" index="1" bw="48" slack="0"/>
<pin id="737" dir="0" index="2" bw="6" slack="0"/>
<pin id="738" dir="0" index="3" bw="7" slack="0"/>
<pin id="739" dir="1" index="4" bw="32" slack="1"/>
</pin_list>
<bind>
<opcode="partselect(1002) " fcode="partselect"/>
<opset="trunc_ln34_3/27 "/>
</bind>
</comp>

<comp id="744" class="1004" name="select_ln39_12_fu_744">
<pin_list>
<pin id="745" dir="0" index="0" bw="1" slack="6"/>
<pin id="746" dir="0" index="1" bw="22" slack="1"/>
<pin id="747" dir="0" index="2" bw="22" slack="3"/>
<pin id="748" dir="1" index="3" bw="22" slack="0"/>
</pin_list>
<bind>
<opcode="select(49) " fcode="select"/>
<opset="select_ln39_12/27 "/>
</bind>
</comp>

<comp id="749" class="1004" name="tmp_62_fu_749">
<pin_list>
<pin id="750" dir="0" index="0" bw="1" slack="0"/>
<pin id="751" dir="0" index="1" bw="22" slack="0"/>
<pin id="752" dir="0" index="2" bw="6" slack="0"/>
<pin id="753" dir="1" index="3" bw="1" slack="0"/>
</pin_list>
<bind>
<opcode="bitselect(1000) " fcode="bitselect"/>
<opset="tmp_62/27 "/>
</bind>
</comp>

<comp id="757" class="1004" name="xor_ln115_2_fu_757">
<pin_list>
<pin id="758" dir="0" index="0" bw="1" slack="0"/>
<pin id="759" dir="0" index="1" bw="1" slack="0"/>
<pin id="760" dir="1" index="2" bw="1" slack="0"/>
</pin_list>
<bind>
<opcode="xor(25) " fcode="xor"/>
<opset="xor_ln115_2/27 "/>
</bind>
</comp>

<comp id="763" class="1004" name="icmp_ln115_2_fu_763">
<pin_list>
<pin id="764" dir="0" index="0" bw="22" slack="0"/>
<pin id="765" dir="0" index="1" bw="22" slack="0"/>
<pin id="766" dir="1" index="2" bw="1" slack="0"/>
</pin_list>
<bind>
<opcode="icmp(45) " fcode="icmp"/>
<opset="icmp_ln115_2/27 "/>
</bind>
</comp>

<comp id="769" class="1004" name="and_ln115_2_fu_769">
<pin_list>
<pin id="770" dir="0" index="0" bw="1" slack="0"/>
<pin id="771" dir="0" index="1" bw="1" slack="0"/>
<pin id="772" dir="1" index="2" bw="1" slack="1"/>
</pin_list>
<bind>
<opcode="and(23) " fcode="and"/>
<opset="and_ln115_2/27 "/>
</bind>
</comp>

<comp id="775" class="1004" name="icmp_ln129_2_fu_775">
<pin_list>
<pin id="776" dir="0" index="0" bw="22" slack="0"/>
<pin id="777" dir="0" index="1" bw="22" slack="0"/>
<pin id="778" dir="1" index="2" bw="1" slack="6"/>
</pin_list>
<bind>
<opcode="icmp(45) " fcode="icmp"/>
<opset="icmp_ln129_2/27 "/>
</bind>
</comp>

<comp id="781" class="1004" name="trunc_ln34_25_fu_781">
<pin_list>
<pin id="782" dir="0" index="0" bw="29" slack="7"/>
<pin id="783" dir="1" index="1" bw="27" slack="0"/>
</pin_list>
<bind>
<opcode="trunc(33) " fcode="trunc"/>
<opset="trunc_ln34_25/27 "/>
</bind>
</comp>

<comp id="784" class="1004" name="p_shl10_fu_784">
<pin_list>
<pin id="785" dir="0" index="0" bw="48" slack="0"/>
<pin id="786" dir="0" index="1" bw="27" slack="0"/>
<pin id="787" dir="0" index="2" bw="1" slack="0"/>
<pin id="788" dir="1" index="3" bw="48" slack="0"/>
</pin_list>
<bind>
<opcode="bitconcatenate(1004) " fcode="bitconcatenate"/>
<opset="p_shl10/27 "/>
</bind>
</comp>

<comp id="792" class="1004" name="sub_ln34_6_fu_792">
<pin_list>
<pin id="793" dir="0" index="0" bw="1" slack="0"/>
<pin id="794" dir="0" index="1" bw="48" slack="0"/>
<pin id="795" dir="1" index="2" bw="48" slack="0"/>
</pin_list>
<bind>
<opcode="sub(10) " fcode="sub"/>
<opset="sub_ln34_6/27 "/>
</bind>
</comp>

<comp id="798" class="1004" name="p_shl11_fu_798">
<pin_list>
<pin id="799" dir="0" index="0" bw="48" slack="0"/>
<pin id="800" dir="0" index="1" bw="29" slack="7"/>
<pin id="801" dir="0" index="2" bw="1" slack="0"/>
<pin id="802" dir="1" index="3" bw="48" slack="0"/>
</pin_list>
<bind>
<opcode="bitconcatenate(1004) " fcode="bitconcatenate"/>
<opset="p_shl11/27 "/>
</bind>
</comp>

<comp id="805" class="1004" name="sub_ln34_7_fu_805">
<pin_list>
<pin id="806" dir="0" index="0" bw="48" slack="0"/>
<pin id="807" dir="0" index="1" bw="48" slack="0"/>
<pin id="808" dir="1" index="2" bw="48" slack="0"/>
</pin_list>
<bind>
<opcode="sub(10) " fcode="sub"/>
<opset="sub_ln34_7/27 "/>
</bind>
</comp>

<comp id="811" class="1004" name="trunc_ln34_11_fu_811">
<pin_list>
<pin id="812" dir="0" index="0" bw="32" slack="0"/>
<pin id="813" dir="0" index="1" bw="48" slack="0"/>
<pin id="814" dir="0" index="2" bw="6" slack="0"/>
<pin id="815" dir="0" index="3" bw="7" slack="0"/>
<pin id="816" dir="1" index="4" bw="32" slack="1"/>
</pin_list>
<bind>
<opcode="partselect(1002) " fcode="partselect"/>
<opset="trunc_ln34_11/27 "/>
</bind>
</comp>

<comp id="821" class="1004" name="tmp_63_fu_821">
<pin_list>
<pin id="822" dir="0" index="0" bw="1" slack="0"/>
<pin id="823" dir="0" index="1" bw="48" slack="0"/>
<pin id="824" dir="0" index="2" bw="7" slack="0"/>
<pin id="825" dir="1" index="3" bw="1" slack="4"/>
</pin_list>
<bind>
<opcode="bitselect(1000) " fcode="bitselect"/>
<opset="tmp_63/27 "/>
</bind>
</comp>

<comp id="829" class="1004" name="select_ln39_16_fu_829">
<pin_list>
<pin id="830" dir="0" index="0" bw="1" slack="6"/>
<pin id="831" dir="0" index="1" bw="22" slack="1"/>
<pin id="832" dir="0" index="2" bw="22" slack="3"/>
<pin id="833" dir="1" index="3" bw="22" slack="0"/>
</pin_list>
<bind>
<opcode="select(49) " fcode="select"/>
<opset="select_ln39_16/27 "/>
</bind>
</comp>

<comp id="834" class="1004" name="tmp_69_fu_834">
<pin_list>
<pin id="835" dir="0" index="0" bw="1" slack="0"/>
<pin id="836" dir="0" index="1" bw="22" slack="0"/>
<pin id="837" dir="0" index="2" bw="6" slack="0"/>
<pin id="838" dir="1" index="3" bw="1" slack="0"/>
</pin_list>
<bind>
<opcode="bitselect(1000) " fcode="bitselect"/>
<opset="tmp_69/27 "/>
</bind>
</comp>

<comp id="842" class="1004" name="xor_ln115_3_fu_842">
<pin_list>
<pin id="843" dir="0" index="0" bw="1" slack="0"/>
<pin id="844" dir="0" index="1" bw="1" slack="0"/>
<pin id="845" dir="1" index="2" bw="1" slack="0"/>
</pin_list>
<bind>
<opcode="xor(25) " fcode="xor"/>
<opset="xor_ln115_3/27 "/>
</bind>
</comp>

<comp id="848" class="1004" name="icmp_ln115_3_fu_848">
<pin_list>
<pin id="849" dir="0" index="0" bw="22" slack="0"/>
<pin id="850" dir="0" index="1" bw="22" slack="0"/>
<pin id="851" dir="1" index="2" bw="1" slack="0"/>
</pin_list>
<bind>
<opcode="icmp(45) " fcode="icmp"/>
<opset="icmp_ln115_3/27 "/>
</bind>
</comp>

<comp id="854" class="1004" name="and_ln115_3_fu_854">
<pin_list>
<pin id="855" dir="0" index="0" bw="1" slack="0"/>
<pin id="856" dir="0" index="1" bw="1" slack="0"/>
<pin id="857" dir="1" index="2" bw="1" slack="1"/>
</pin_list>
<bind>
<opcode="and(23) " fcode="and"/>
<opset="and_ln115_3/27 "/>
</bind>
</comp>

<comp id="860" class="1004" name="icmp_ln129_3_fu_860">
<pin_list>
<pin id="861" dir="0" index="0" bw="22" slack="0"/>
<pin id="862" dir="0" index="1" bw="22" slack="0"/>
<pin id="863" dir="1" index="2" bw="1" slack="6"/>
</pin_list>
<bind>
<opcode="icmp(45) " fcode="icmp"/>
<opset="icmp_ln129_3/27 "/>
</bind>
</comp>

<comp id="866" class="1004" name="sub_ln118_1_fu_866">
<pin_list>
<pin id="867" dir="0" index="0" bw="1" slack="0"/>
<pin id="868" dir="0" index="1" bw="32" slack="6"/>
<pin id="869" dir="1" index="2" bw="32" slack="0"/>
</pin_list>
<bind>
<opcode="sub(10) " fcode="sub"/>
<opset="sub_ln118_1/27 "/>
</bind>
</comp>

<comp id="871" class="1004" name="tmp_70_fu_871">
<pin_list>
<pin id="872" dir="0" index="0" bw="1" slack="0"/>
<pin id="873" dir="0" index="1" bw="32" slack="0"/>
<pin id="874" dir="0" index="2" bw="6" slack="0"/>
<pin id="875" dir="1" index="3" bw="1" slack="4"/>
</pin_list>
<bind>
<opcode="bitselect(1000) " fcode="bitselect"/>
<opset="tmp_70/27 "/>
</bind>
</comp>

<comp id="879" class="1004" name="shl_ln39_4_fu_879">
<pin_list>
<pin id="880" dir="0" index="0" bw="48" slack="0"/>
<pin id="881" dir="0" index="1" bw="32" slack="1"/>
<pin id="882" dir="0" index="2" bw="1" slack="0"/>
<pin id="883" dir="1" index="3" bw="48" slack="0"/>
</pin_list>
<bind>
<opcode="bitconcatenate(1004) " fcode="bitconcatenate"/>
<opset="shl_ln39_4/28 "/>
</bind>
</comp>

<comp id="886" class="1004" name="sext_ln39_7_fu_886">
<pin_list>
<pin id="887" dir="0" index="0" bw="48" slack="0"/>
<pin id="888" dir="1" index="1" bw="97" slack="0"/>
</pin_list>
<bind>
<opcode="sext(35) " fcode="sext"/>
<opset="sext_ln39_7/28 "/>
</bind>
</comp>

<comp id="890" class="1004" name="grp_fu_890">
<pin_list>
<pin id="891" dir="0" index="0" bw="48" slack="0"/>
<pin id="892" dir="0" index="1" bw="50" slack="0"/>
<pin id="893" dir="1" index="2" bw="97" slack="0"/>
</pin_list>
<bind>
<opcode="mul(12) " fcode="mul"/>
<opset="mul_ln39_2/28 "/>
</bind>
</comp>

<comp id="896" class="1004" name="sub_ln118_fu_896">
<pin_list>
<pin id="897" dir="0" index="0" bw="1" slack="0"/>
<pin id="898" dir="0" index="1" bw="32" slack="1"/>
<pin id="899" dir="1" index="2" bw="32" slack="0"/>
</pin_list>
<bind>
<opcode="sub(10) " fcode="sub"/>
<opset="sub_ln118/28 "/>
</bind>
</comp>

<comp id="901" class="1004" name="tmp_56_fu_901">
<pin_list>
<pin id="902" dir="0" index="0" bw="1" slack="0"/>
<pin id="903" dir="0" index="1" bw="32" slack="0"/>
<pin id="904" dir="0" index="2" bw="6" slack="0"/>
<pin id="905" dir="1" index="3" bw="1" slack="4"/>
</pin_list>
<bind>
<opcode="bitselect(1000) " fcode="bitselect"/>
<opset="tmp_56/28 "/>
</bind>
</comp>

<comp id="909" class="1004" name="shl_ln39_6_fu_909">
<pin_list>
<pin id="910" dir="0" index="0" bw="48" slack="0"/>
<pin id="911" dir="0" index="1" bw="32" slack="1"/>
<pin id="912" dir="0" index="2" bw="1" slack="0"/>
<pin id="913" dir="1" index="3" bw="48" slack="0"/>
</pin_list>
<bind>
<opcode="bitconcatenate(1004) " fcode="bitconcatenate"/>
<opset="shl_ln39_6/28 "/>
</bind>
</comp>

<comp id="916" class="1004" name="sext_ln39_15_fu_916">
<pin_list>
<pin id="917" dir="0" index="0" bw="48" slack="0"/>
<pin id="918" dir="1" index="1" bw="97" slack="0"/>
</pin_list>
<bind>
<opcode="sext(35) " fcode="sext"/>
<opset="sext_ln39_15/28 "/>
</bind>
</comp>

<comp id="920" class="1004" name="grp_fu_920">
<pin_list>
<pin id="921" dir="0" index="0" bw="48" slack="0"/>
<pin id="922" dir="0" index="1" bw="50" slack="0"/>
<pin id="923" dir="1" index="2" bw="97" slack="0"/>
</pin_list>
<bind>
<opcode="mul(12) " fcode="mul"/>
<opset="mul_ln39_6/28 "/>
</bind>
</comp>

<comp id="926" class="1004" name="shl_ln39_7_fu_926">
<pin_list>
<pin id="927" dir="0" index="0" bw="48" slack="0"/>
<pin id="928" dir="0" index="1" bw="32" slack="1"/>
<pin id="929" dir="0" index="2" bw="1" slack="0"/>
<pin id="930" dir="1" index="3" bw="48" slack="0"/>
</pin_list>
<bind>
<opcode="bitconcatenate(1004) " fcode="bitconcatenate"/>
<opset="shl_ln39_7/28 "/>
</bind>
</comp>

<comp id="933" class="1004" name="sext_ln39_19_fu_933">
<pin_list>
<pin id="934" dir="0" index="0" bw="48" slack="0"/>
<pin id="935" dir="1" index="1" bw="97" slack="0"/>
</pin_list>
<bind>
<opcode="sext(35) " fcode="sext"/>
<opset="sext_ln39_19/28 "/>
</bind>
</comp>

<comp id="937" class="1004" name="grp_fu_937">
<pin_list>
<pin id="938" dir="0" index="0" bw="48" slack="0"/>
<pin id="939" dir="0" index="1" bw="50" slack="0"/>
<pin id="940" dir="1" index="2" bw="97" slack="0"/>
</pin_list>
<bind>
<opcode="mul(12) " fcode="mul"/>
<opset="mul_ln39_8/28 "/>
</bind>
</comp>

<comp id="943" class="1004" name="shl_ln39_5_fu_943">
<pin_list>
<pin id="944" dir="0" index="0" bw="48" slack="0"/>
<pin id="945" dir="0" index="1" bw="32" slack="1"/>
<pin id="946" dir="0" index="2" bw="1" slack="0"/>
<pin id="947" dir="1" index="3" bw="48" slack="0"/>
</pin_list>
<bind>
<opcode="bitconcatenate(1004) " fcode="bitconcatenate"/>
<opset="shl_ln39_5/29 "/>
</bind>
</comp>

<comp id="950" class="1004" name="sext_ln39_11_fu_950">
<pin_list>
<pin id="951" dir="0" index="0" bw="48" slack="0"/>
<pin id="952" dir="1" index="1" bw="97" slack="0"/>
</pin_list>
<bind>
<opcode="sext(35) " fcode="sext"/>
<opset="sext_ln39_11/29 "/>
</bind>
</comp>

<comp id="954" class="1004" name="grp_fu_954">
<pin_list>
<pin id="955" dir="0" index="0" bw="48" slack="0"/>
<pin id="956" dir="0" index="1" bw="50" slack="0"/>
<pin id="957" dir="1" index="2" bw="97" slack="0"/>
</pin_list>
<bind>
<opcode="mul(12) " fcode="mul"/>
<opset="mul_ln39_4/29 "/>
</bind>
</comp>

<comp id="960" class="1004" name="tmp_51_fu_960">
<pin_list>
<pin id="961" dir="0" index="0" bw="22" slack="0"/>
<pin id="962" dir="0" index="1" bw="97" slack="0"/>
<pin id="963" dir="0" index="2" bw="8" slack="0"/>
<pin id="964" dir="0" index="3" bw="8" slack="0"/>
<pin id="965" dir="1" index="4" bw="22" slack="2"/>
</pin_list>
<bind>
<opcode="partselect(1002) " fcode="partselect"/>
<opset="tmp_51/30 "/>
</bind>
</comp>

<comp id="970" class="1004" name="tmp_65_fu_970">
<pin_list>
<pin id="971" dir="0" index="0" bw="22" slack="0"/>
<pin id="972" dir="0" index="1" bw="97" slack="0"/>
<pin id="973" dir="0" index="2" bw="8" slack="0"/>
<pin id="974" dir="0" index="3" bw="8" slack="0"/>
<pin id="975" dir="1" index="4" bw="22" slack="2"/>
</pin_list>
<bind>
<opcode="partselect(1002) " fcode="partselect"/>
<opset="tmp_65/30 "/>
</bind>
</comp>

<comp id="980" class="1004" name="tmp_72_fu_980">
<pin_list>
<pin id="981" dir="0" index="0" bw="22" slack="0"/>
<pin id="982" dir="0" index="1" bw="97" slack="0"/>
<pin id="983" dir="0" index="2" bw="8" slack="0"/>
<pin id="984" dir="0" index="3" bw="8" slack="0"/>
<pin id="985" dir="1" index="4" bw="22" slack="2"/>
</pin_list>
<bind>
<opcode="partselect(1002) " fcode="partselect"/>
<opset="tmp_72/30 "/>
</bind>
</comp>

<comp id="990" class="1004" name="sub_ln39_5_fu_990">
<pin_list>
<pin id="991" dir="0" index="0" bw="1" slack="0"/>
<pin id="992" dir="0" index="1" bw="97" slack="1"/>
<pin id="993" dir="1" index="2" bw="97" slack="1"/>
</pin_list>
<bind>
<opcode="sub(10) " fcode="sub"/>
<opset="sub_ln39_5/31 "/>
</bind>
</comp>

<comp id="995" class="1004" name="tmp_58_fu_995">
<pin_list>
<pin id="996" dir="0" index="0" bw="22" slack="0"/>
<pin id="997" dir="0" index="1" bw="97" slack="0"/>
<pin id="998" dir="0" index="2" bw="8" slack="0"/>
<pin id="999" dir="0" index="3" bw="8" slack="0"/>
<pin id="1000" dir="1" index="4" bw="22" slack="2"/>
</pin_list>
<bind>
<opcode="partselect(1002) " fcode="partselect"/>
<opset="tmp_58/31 "/>
</bind>
</comp>

<comp id="1005" class="1004" name="sub_ln39_13_fu_1005">
<pin_list>
<pin id="1006" dir="0" index="0" bw="1" slack="0"/>
<pin id="1007" dir="0" index="1" bw="97" slack="1"/>
<pin id="1008" dir="1" index="2" bw="97" slack="1"/>
</pin_list>
<bind>
<opcode="sub(10) " fcode="sub"/>
<opset="sub_ln39_13/31 "/>
</bind>
</comp>

<comp id="1010" class="1004" name="sub_ln39_17_fu_1010">
<pin_list>
<pin id="1011" dir="0" index="0" bw="1" slack="0"/>
<pin id="1012" dir="0" index="1" bw="97" slack="1"/>
<pin id="1013" dir="1" index="2" bw="97" slack="1"/>
</pin_list>
<bind>
<opcode="sub(10) " fcode="sub"/>
<opset="sub_ln39_17/31 "/>
</bind>
</comp>

<comp id="1015" class="1004" name="tmp_50_fu_1015">
<pin_list>
<pin id="1016" dir="0" index="0" bw="22" slack="0"/>
<pin id="1017" dir="0" index="1" bw="97" slack="1"/>
<pin id="1018" dir="0" index="2" bw="8" slack="0"/>
<pin id="1019" dir="0" index="3" bw="8" slack="0"/>
<pin id="1020" dir="1" index="4" bw="22" slack="0"/>
</pin_list>
<bind>
<opcode="partselect(1002) " fcode="partselect"/>
<opset="tmp_50/32 "/>
</bind>
</comp>

<comp id="1024" class="1004" name="sext_ln39_8_fu_1024">
<pin_list>
<pin id="1025" dir="0" index="0" bw="22" slack="0"/>
<pin id="1026" dir="1" index="1" bw="48" slack="0"/>
</pin_list>
<bind>
<opcode="sext(35) " fcode="sext"/>
<opset="sext_ln39_8/32 "/>
</bind>
</comp>

<comp id="1028" class="1004" name="sext_ln39_9_fu_1028">
<pin_list>
<pin id="1029" dir="0" index="0" bw="22" slack="2"/>
<pin id="1030" dir="1" index="1" bw="48" slack="0"/>
</pin_list>
<bind>
<opcode="sext(35) " fcode="sext"/>
<opset="sext_ln39_9/32 "/>
</bind>
</comp>

<comp id="1031" class="1004" name="select_ln39_5_fu_1031">
<pin_list>
<pin id="1032" dir="0" index="0" bw="1" slack="5"/>
<pin id="1033" dir="0" index="1" bw="48" slack="0"/>
<pin id="1034" dir="0" index="2" bw="48" slack="0"/>
<pin id="1035" dir="1" index="3" bw="48" slack="0"/>
</pin_list>
<bind>
<opcode="select(49) " fcode="select"/>
<opset="select_ln39_5/32 "/>
</bind>
</comp>

<comp id="1038" class="1004" name="sub_ln39_6_fu_1038">
<pin_list>
<pin id="1039" dir="0" index="0" bw="1" slack="0"/>
<pin id="1040" dir="0" index="1" bw="22" slack="0"/>
<pin id="1041" dir="1" index="2" bw="48" slack="0"/>
</pin_list>
<bind>
<opcode="sub(10) " fcode="sub"/>
<opset="sub_ln39_6/32 "/>
</bind>
</comp>

<comp id="1044" class="1004" name="select_ln39_6_fu_1044">
<pin_list>
<pin id="1045" dir="0" index="0" bw="1" slack="5"/>
<pin id="1046" dir="0" index="1" bw="48" slack="0"/>
<pin id="1047" dir="0" index="2" bw="48" slack="0"/>
<pin id="1048" dir="1" index="3" bw="48" slack="1"/>
</pin_list>
<bind>
<opcode="select(49) " fcode="select"/>
<opset="select_ln39_6/32 "/>
</bind>
</comp>

<comp id="1051" class="1004" name="sub_ln39_9_fu_1051">
<pin_list>
<pin id="1052" dir="0" index="0" bw="1" slack="0"/>
<pin id="1053" dir="0" index="1" bw="97" slack="1"/>
<pin id="1054" dir="1" index="2" bw="97" slack="1"/>
</pin_list>
<bind>
<opcode="sub(10) " fcode="sub"/>
<opset="sub_ln39_9/32 "/>
</bind>
</comp>

<comp id="1056" class="1004" name="tmp_64_fu_1056">
<pin_list>
<pin id="1057" dir="0" index="0" bw="22" slack="0"/>
<pin id="1058" dir="0" index="1" bw="97" slack="1"/>
<pin id="1059" dir="0" index="2" bw="8" slack="0"/>
<pin id="1060" dir="0" index="3" bw="8" slack="0"/>
<pin id="1061" dir="1" index="4" bw="22" slack="0"/>
</pin_list>
<bind>
<opcode="partselect(1002) " fcode="partselect"/>
<opset="tmp_64/32 "/>
</bind>
</comp>

<comp id="1065" class="1004" name="sext_ln39_16_fu_1065">
<pin_list>
<pin id="1066" dir="0" index="0" bw="22" slack="0"/>
<pin id="1067" dir="1" index="1" bw="48" slack="0"/>
</pin_list>
<bind>
<opcode="sext(35) " fcode="sext"/>
<opset="sext_ln39_16/32 "/>
</bind>
</comp>

<comp id="1069" class="1004" name="sext_ln39_17_fu_1069">
<pin_list>
<pin id="1070" dir="0" index="0" bw="22" slack="2"/>
<pin id="1071" dir="1" index="1" bw="48" slack="0"/>
</pin_list>
<bind>
<opcode="sext(35) " fcode="sext"/>
<opset="sext_ln39_17/32 "/>
</bind>
</comp>

<comp id="1072" class="1004" name="select_ln39_13_fu_1072">
<pin_list>
<pin id="1073" dir="0" index="0" bw="1" slack="5"/>
<pin id="1074" dir="0" index="1" bw="48" slack="0"/>
<pin id="1075" dir="0" index="2" bw="48" slack="0"/>
<pin id="1076" dir="1" index="3" bw="48" slack="0"/>
</pin_list>
<bind>
<opcode="select(49) " fcode="select"/>
<opset="select_ln39_13/32 "/>
</bind>
</comp>

<comp id="1079" class="1004" name="sub_ln39_14_fu_1079">
<pin_list>
<pin id="1080" dir="0" index="0" bw="1" slack="0"/>
<pin id="1081" dir="0" index="1" bw="22" slack="0"/>
<pin id="1082" dir="1" index="2" bw="48" slack="0"/>
</pin_list>
<bind>
<opcode="sub(10) " fcode="sub"/>
<opset="sub_ln39_14/32 "/>
</bind>
</comp>

<comp id="1085" class="1004" name="select_ln39_14_fu_1085">
<pin_list>
<pin id="1086" dir="0" index="0" bw="1" slack="5"/>
<pin id="1087" dir="0" index="1" bw="48" slack="0"/>
<pin id="1088" dir="0" index="2" bw="48" slack="0"/>
<pin id="1089" dir="1" index="3" bw="48" slack="1"/>
</pin_list>
<bind>
<opcode="select(49) " fcode="select"/>
<opset="select_ln39_14/32 "/>
</bind>
</comp>

<comp id="1092" class="1004" name="tmp_71_fu_1092">
<pin_list>
<pin id="1093" dir="0" index="0" bw="22" slack="0"/>
<pin id="1094" dir="0" index="1" bw="97" slack="1"/>
<pin id="1095" dir="0" index="2" bw="8" slack="0"/>
<pin id="1096" dir="0" index="3" bw="8" slack="0"/>
<pin id="1097" dir="1" index="4" bw="22" slack="0"/>
</pin_list>
<bind>
<opcode="partselect(1002) " fcode="partselect"/>
<opset="tmp_71/32 "/>
</bind>
</comp>

<comp id="1101" class="1004" name="sext_ln39_20_fu_1101">
<pin_list>
<pin id="1102" dir="0" index="0" bw="22" slack="0"/>
<pin id="1103" dir="1" index="1" bw="48" slack="0"/>
</pin_list>
<bind>
<opcode="sext(35) " fcode="sext"/>
<opset="sext_ln39_20/32 "/>
</bind>
</comp>

<comp id="1105" class="1004" name="sext_ln39_21_fu_1105">
<pin_list>
<pin id="1106" dir="0" index="0" bw="22" slack="2"/>
<pin id="1107" dir="1" index="1" bw="48" slack="0"/>
</pin_list>
<bind>
<opcode="sext(35) " fcode="sext"/>
<opset="sext_ln39_21/32 "/>
</bind>
</comp>

<comp id="1108" class="1004" name="select_ln39_17_fu_1108">
<pin_list>
<pin id="1109" dir="0" index="0" bw="1" slack="5"/>
<pin id="1110" dir="0" index="1" bw="48" slack="0"/>
<pin id="1111" dir="0" index="2" bw="48" slack="0"/>
<pin id="1112" dir="1" index="3" bw="48" slack="0"/>
</pin_list>
<bind>
<opcode="select(49) " fcode="select"/>
<opset="select_ln39_17/32 "/>
</bind>
</comp>

<comp id="1115" class="1004" name="sub_ln39_18_fu_1115">
<pin_list>
<pin id="1116" dir="0" index="0" bw="1" slack="0"/>
<pin id="1117" dir="0" index="1" bw="22" slack="0"/>
<pin id="1118" dir="1" index="2" bw="48" slack="0"/>
</pin_list>
<bind>
<opcode="sub(10) " fcode="sub"/>
<opset="sub_ln39_18/32 "/>
</bind>
</comp>

<comp id="1121" class="1004" name="select_ln39_18_fu_1121">
<pin_list>
<pin id="1122" dir="0" index="0" bw="1" slack="5"/>
<pin id="1123" dir="0" index="1" bw="48" slack="0"/>
<pin id="1124" dir="0" index="2" bw="48" slack="0"/>
<pin id="1125" dir="1" index="3" bw="48" slack="1"/>
</pin_list>
<bind>
<opcode="select(49) " fcode="select"/>
<opset="select_ln39_18/32 "/>
</bind>
</comp>

<comp id="1128" class="1004" name="sub_ln40_2_fu_1128">
<pin_list>
<pin id="1129" dir="0" index="0" bw="22" slack="0"/>
<pin id="1130" dir="0" index="1" bw="32" slack="32"/>
<pin id="1131" dir="1" index="2" bw="32" slack="1"/>
</pin_list>
<bind>
<opcode="sub(10) " fcode="sub"/>
<opset="sub_ln40_2/33 "/>
</bind>
</comp>

<comp id="1133" class="1004" name="sub_ln40_fu_1133">
<pin_list>
<pin id="1134" dir="0" index="0" bw="22" slack="0"/>
<pin id="1135" dir="0" index="1" bw="32" slack="32"/>
<pin id="1136" dir="1" index="2" bw="32" slack="1"/>
</pin_list>
<bind>
<opcode="sub(10) " fcode="sub"/>
<opset="sub_ln40/33 "/>
</bind>
</comp>

<comp id="1138" class="1004" name="sext_ln39_fu_1138">
<pin_list>
<pin id="1139" dir="0" index="0" bw="32" slack="6"/>
<pin id="1140" dir="1" index="1" bw="48" slack="0"/>
</pin_list>
<bind>
<opcode="sext(35) " fcode="sext"/>
<opset="sext_ln39/33 "/>
</bind>
</comp>

<comp id="1141" class="1004" name="grp_fu_1141">
<pin_list>
<pin id="1142" dir="0" index="0" bw="24" slack="1"/>
<pin id="1143" dir="0" index="1" bw="32" slack="0"/>
<pin id="1144" dir="1" index="2" bw="48" slack="0"/>
</pin_list>
<bind>
<opcode="mul(12) " fcode="mul"/>
<opset="mul_ln34_7/33 "/>
</bind>
</comp>

<comp id="1146" class="1004" name="sub_ln40_4_fu_1146">
<pin_list>
<pin id="1147" dir="0" index="0" bw="22" slack="0"/>
<pin id="1148" dir="0" index="1" bw="32" slack="32"/>
<pin id="1149" dir="1" index="2" bw="32" slack="1"/>
</pin_list>
<bind>
<opcode="sub(10) " fcode="sub"/>
<opset="sub_ln40_4/33 "/>
</bind>
</comp>

<comp id="1151" class="1004" name="sub_ln40_6_fu_1151">
<pin_list>
<pin id="1152" dir="0" index="0" bw="22" slack="0"/>
<pin id="1153" dir="0" index="1" bw="32" slack="32"/>
<pin id="1154" dir="1" index="2" bw="32" slack="1"/>
</pin_list>
<bind>
<opcode="sub(10) " fcode="sub"/>
<opset="sub_ln40_6/33 "/>
</bind>
</comp>

<comp id="1156" class="1004" name="sub_ln40_5_fu_1156">
<pin_list>
<pin id="1157" dir="0" index="0" bw="22" slack="0"/>
<pin id="1158" dir="0" index="1" bw="32" slack="32"/>
<pin id="1159" dir="1" index="2" bw="32" slack="1"/>
</pin_list>
<bind>
<opcode="sub(10) " fcode="sub"/>
<opset="sub_ln40_5/33 "/>
</bind>
</comp>

<comp id="1161" class="1004" name="tmp_57_fu_1161">
<pin_list>
<pin id="1162" dir="0" index="0" bw="22" slack="0"/>
<pin id="1163" dir="0" index="1" bw="97" slack="1"/>
<pin id="1164" dir="0" index="2" bw="8" slack="0"/>
<pin id="1165" dir="0" index="3" bw="8" slack="0"/>
<pin id="1166" dir="1" index="4" bw="22" slack="0"/>
</pin_list>
<bind>
<opcode="partselect(1002) " fcode="partselect"/>
<opset="tmp_57/33 "/>
</bind>
</comp>

<comp id="1170" class="1004" name="sext_ln39_12_fu_1170">
<pin_list>
<pin id="1171" dir="0" index="0" bw="22" slack="0"/>
<pin id="1172" dir="1" index="1" bw="48" slack="0"/>
</pin_list>
<bind>
<opcode="sext(35) " fcode="sext"/>
<opset="sext_ln39_12/33 "/>
</bind>
</comp>

<comp id="1174" class="1004" name="sext_ln39_13_fu_1174">
<pin_list>
<pin id="1175" dir="0" index="0" bw="22" slack="2"/>
<pin id="1176" dir="1" index="1" bw="48" slack="0"/>
</pin_list>
<bind>
<opcode="sext(35) " fcode="sext"/>
<opset="sext_ln39_13/33 "/>
</bind>
</comp>

<comp id="1177" class="1004" name="select_ln39_9_fu_1177">
<pin_list>
<pin id="1178" dir="0" index="0" bw="1" slack="5"/>
<pin id="1179" dir="0" index="1" bw="48" slack="0"/>
<pin id="1180" dir="0" index="2" bw="48" slack="0"/>
<pin id="1181" dir="1" index="3" bw="48" slack="0"/>
</pin_list>
<bind>
<opcode="select(49) " fcode="select"/>
<opset="select_ln39_9/33 "/>
</bind>
</comp>

<comp id="1184" class="1004" name="sub_ln39_10_fu_1184">
<pin_list>
<pin id="1185" dir="0" index="0" bw="1" slack="0"/>
<pin id="1186" dir="0" index="1" bw="22" slack="0"/>
<pin id="1187" dir="1" index="2" bw="48" slack="0"/>
</pin_list>
<bind>
<opcode="sub(10) " fcode="sub"/>
<opset="sub_ln39_10/33 "/>
</bind>
</comp>

<comp id="1190" class="1004" name="select_ln39_10_fu_1190">
<pin_list>
<pin id="1191" dir="0" index="0" bw="1" slack="5"/>
<pin id="1192" dir="0" index="1" bw="48" slack="0"/>
<pin id="1193" dir="0" index="2" bw="48" slack="0"/>
<pin id="1194" dir="1" index="3" bw="48" slack="1"/>
</pin_list>
<bind>
<opcode="select(49) " fcode="select"/>
<opset="select_ln39_10/33 "/>
</bind>
</comp>

<comp id="1197" class="1004" name="sub_ln40_9_fu_1197">
<pin_list>
<pin id="1198" dir="0" index="0" bw="22" slack="0"/>
<pin id="1199" dir="0" index="1" bw="32" slack="32"/>
<pin id="1200" dir="1" index="2" bw="32" slack="1"/>
</pin_list>
<bind>
<opcode="sub(10) " fcode="sub"/>
<opset="sub_ln40_9/33 "/>
</bind>
</comp>

<comp id="1202" class="1004" name="sub_ln40_7_fu_1202">
<pin_list>
<pin id="1203" dir="0" index="0" bw="22" slack="0"/>
<pin id="1204" dir="0" index="1" bw="32" slack="32"/>
<pin id="1205" dir="1" index="2" bw="32" slack="1"/>
</pin_list>
<bind>
<opcode="sub(10) " fcode="sub"/>
<opset="sub_ln40_7/33 "/>
</bind>
</comp>

<comp id="1207" class="1004" name="sext_ln39_2_fu_1207">
<pin_list>
<pin id="1208" dir="0" index="0" bw="32" slack="6"/>
<pin id="1209" dir="1" index="1" bw="48" slack="0"/>
</pin_list>
<bind>
<opcode="sext(35) " fcode="sext"/>
<opset="sext_ln39_2/33 "/>
</bind>
</comp>

<comp id="1210" class="1004" name="grp_fu_1210">
<pin_list>
<pin id="1211" dir="0" index="0" bw="24" slack="1"/>
<pin id="1212" dir="0" index="1" bw="32" slack="0"/>
<pin id="1213" dir="1" index="2" bw="48" slack="0"/>
</pin_list>
<bind>
<opcode="mul(12) " fcode="mul"/>
<opset="mul_ln34_15/33 "/>
</bind>
</comp>

<comp id="1215" class="1004" name="sub_ln40_11_fu_1215">
<pin_list>
<pin id="1216" dir="0" index="0" bw="22" slack="0"/>
<pin id="1217" dir="0" index="1" bw="32" slack="32"/>
<pin id="1218" dir="1" index="2" bw="32" slack="1"/>
</pin_list>
<bind>
<opcode="sub(10) " fcode="sub"/>
<opset="sub_ln40_11/33 "/>
</bind>
</comp>

<comp id="1220" class="1004" name="sub_ln40_13_fu_1220">
<pin_list>
<pin id="1221" dir="0" index="0" bw="22" slack="0"/>
<pin id="1222" dir="0" index="1" bw="32" slack="32"/>
<pin id="1223" dir="1" index="2" bw="32" slack="1"/>
</pin_list>
<bind>
<opcode="sub(10) " fcode="sub"/>
<opset="sub_ln40_13/33 "/>
</bind>
</comp>

<comp id="1225" class="1004" name="sub_ln40_12_fu_1225">
<pin_list>
<pin id="1226" dir="0" index="0" bw="22" slack="0"/>
<pin id="1227" dir="0" index="1" bw="32" slack="32"/>
<pin id="1228" dir="1" index="2" bw="32" slack="1"/>
</pin_list>
<bind>
<opcode="sub(10) " fcode="sub"/>
<opset="sub_ln40_12/33 "/>
</bind>
</comp>

<comp id="1230" class="1004" name="sext_ln39_3_fu_1230">
<pin_list>
<pin id="1231" dir="0" index="0" bw="32" slack="6"/>
<pin id="1232" dir="1" index="1" bw="48" slack="0"/>
</pin_list>
<bind>
<opcode="sext(35) " fcode="sext"/>
<opset="sext_ln39_3/33 "/>
</bind>
</comp>

<comp id="1233" class="1004" name="grp_fu_1233">
<pin_list>
<pin id="1234" dir="0" index="0" bw="24" slack="1"/>
<pin id="1235" dir="0" index="1" bw="32" slack="0"/>
<pin id="1236" dir="1" index="2" bw="48" slack="0"/>
</pin_list>
<bind>
<opcode="mul(12) " fcode="mul"/>
<opset="mul_ln34_20/33 "/>
</bind>
</comp>

<comp id="1238" class="1004" name="sext_ln34_8_fu_1238">
<pin_list>
<pin id="1239" dir="0" index="0" bw="32" slack="1"/>
<pin id="1240" dir="1" index="1" bw="48" slack="0"/>
</pin_list>
<bind>
<opcode="sext(35) " fcode="sext"/>
<opset="sext_ln34_8/34 "/>
</bind>
</comp>

<comp id="1241" class="1004" name="grp_fu_1241">
<pin_list>
<pin id="1242" dir="0" index="0" bw="32" slack="0"/>
<pin id="1243" dir="0" index="1" bw="32" slack="0"/>
<pin id="1244" dir="1" index="2" bw="48" slack="0"/>
</pin_list>
<bind>
<opcode="mul(12) " fcode="mul"/>
<opset="mul_ln34_9/34 "/>
</bind>
</comp>

<comp id="1247" class="1004" name="sext_ln34_9_fu_1247">
<pin_list>
<pin id="1248" dir="0" index="0" bw="32" slack="1"/>
<pin id="1249" dir="1" index="1" bw="48" slack="0"/>
</pin_list>
<bind>
<opcode="sext(35) " fcode="sext"/>
<opset="sext_ln34_9/34 "/>
</bind>
</comp>

<comp id="1251" class="1004" name="grp_fu_1251">
<pin_list>
<pin id="1252" dir="0" index="0" bw="32" slack="0"/>
<pin id="1253" dir="0" index="1" bw="32" slack="0"/>
<pin id="1254" dir="1" index="2" bw="48" slack="0"/>
</pin_list>
<bind>
<opcode="mul(12) " fcode="mul"/>
<opset="mul_ln34_10/34 "/>
</bind>
</comp>

<comp id="1257" class="1004" name="sext_ln34_fu_1257">
<pin_list>
<pin id="1258" dir="0" index="0" bw="32" slack="1"/>
<pin id="1259" dir="1" index="1" bw="48" slack="0"/>
</pin_list>
<bind>
<opcode="sext(35) " fcode="sext"/>
<opset="sext_ln34/34 "/>
</bind>
</comp>

<comp id="1260" class="1004" name="grp_fu_1260">
<pin_list>
<pin id="1261" dir="0" index="0" bw="32" slack="0"/>
<pin id="1262" dir="0" index="1" bw="32" slack="0"/>
<pin id="1263" dir="1" index="2" bw="48" slack="0"/>
</pin_list>
<bind>
<opcode="mul(12) " fcode="mul"/>
<opset="mul_ln34/34 "/>
</bind>
</comp>

<comp id="1266" class="1004" name="sext_ln34_7_fu_1266">
<pin_list>
<pin id="1267" dir="0" index="0" bw="32" slack="1"/>
<pin id="1268" dir="1" index="1" bw="48" slack="0"/>
</pin_list>
<bind>
<opcode="sext(35) " fcode="sext"/>
<opset="sext_ln34_7/34 "/>
</bind>
</comp>

<comp id="1270" class="1004" name="grp_fu_1270">
<pin_list>
<pin id="1271" dir="0" index="0" bw="32" slack="0"/>
<pin id="1272" dir="0" index="1" bw="32" slack="0"/>
<pin id="1273" dir="1" index="2" bw="48" slack="0"/>
</pin_list>
<bind>
<opcode="mul(12) " fcode="mul"/>
<opset="mul_ln34_8/34 "/>
</bind>
</comp>

<comp id="1276" class="1004" name="sext_ln34_10_fu_1276">
<pin_list>
<pin id="1277" dir="0" index="0" bw="32" slack="1"/>
<pin id="1278" dir="1" index="1" bw="48" slack="0"/>
</pin_list>
<bind>
<opcode="sext(35) " fcode="sext"/>
<opset="sext_ln34_10/34 "/>
</bind>
</comp>

<comp id="1279" class="1004" name="grp_fu_1279">
<pin_list>
<pin id="1280" dir="0" index="0" bw="32" slack="0"/>
<pin id="1281" dir="0" index="1" bw="32" slack="0"/>
<pin id="1282" dir="1" index="2" bw="48" slack="0"/>
</pin_list>
<bind>
<opcode="mul(12) " fcode="mul"/>
<opset="mul_ln34_12/34 "/>
</bind>
</comp>

<comp id="1285" class="1004" name="sext_ln34_12_fu_1285">
<pin_list>
<pin id="1286" dir="0" index="0" bw="32" slack="1"/>
<pin id="1287" dir="1" index="1" bw="48" slack="0"/>
</pin_list>
<bind>
<opcode="sext(35) " fcode="sext"/>
<opset="sext_ln34_12/34 "/>
</bind>
</comp>

<comp id="1288" class="1004" name="grp_fu_1288">
<pin_list>
<pin id="1289" dir="0" index="0" bw="32" slack="0"/>
<pin id="1290" dir="0" index="1" bw="32" slack="0"/>
<pin id="1291" dir="1" index="2" bw="48" slack="0"/>
</pin_list>
<bind>
<opcode="mul(12) " fcode="mul"/>
<opset="mul_ln34_14/34 "/>
</bind>
</comp>

<comp id="1294" class="1004" name="sext_ln34_11_fu_1294">
<pin_list>
<pin id="1295" dir="0" index="0" bw="32" slack="1"/>
<pin id="1296" dir="1" index="1" bw="48" slack="0"/>
</pin_list>
<bind>
<opcode="sext(35) " fcode="sext"/>
<opset="sext_ln34_11/34 "/>
</bind>
</comp>

<comp id="1297" class="1004" name="grp_fu_1297">
<pin_list>
<pin id="1298" dir="0" index="0" bw="32" slack="0"/>
<pin id="1299" dir="0" index="1" bw="32" slack="0"/>
<pin id="1300" dir="1" index="2" bw="48" slack="0"/>
</pin_list>
<bind>
<opcode="mul(12) " fcode="mul"/>
<opset="mul_ln34_13/34 "/>
</bind>
</comp>

<comp id="1303" class="1004" name="sext_ln39_1_fu_1303">
<pin_list>
<pin id="1304" dir="0" index="0" bw="32" slack="6"/>
<pin id="1305" dir="1" index="1" bw="48" slack="0"/>
</pin_list>
<bind>
<opcode="sext(35) " fcode="sext"/>
<opset="sext_ln39_1/34 "/>
</bind>
</comp>

<comp id="1306" class="1004" name="grp_fu_1306">
<pin_list>
<pin id="1307" dir="0" index="0" bw="24" slack="1"/>
<pin id="1308" dir="0" index="1" bw="32" slack="0"/>
<pin id="1309" dir="1" index="2" bw="48" slack="0"/>
</pin_list>
<bind>
<opcode="mul(12) " fcode="mul"/>
<opset="mul_ln34_11/34 "/>
</bind>
</comp>

<comp id="1311" class="1004" name="sext_ln34_15_fu_1311">
<pin_list>
<pin id="1312" dir="0" index="0" bw="32" slack="1"/>
<pin id="1313" dir="1" index="1" bw="48" slack="0"/>
</pin_list>
<bind>
<opcode="sext(35) " fcode="sext"/>
<opset="sext_ln34_15/34 "/>
</bind>
</comp>

<comp id="1314" class="1004" name="grp_fu_1314">
<pin_list>
<pin id="1315" dir="0" index="0" bw="32" slack="0"/>
<pin id="1316" dir="0" index="1" bw="32" slack="0"/>
<pin id="1317" dir="1" index="2" bw="48" slack="0"/>
</pin_list>
<bind>
<opcode="mul(12) " fcode="mul"/>
<opset="mul_ln34_18/34 "/>
</bind>
</comp>

<comp id="1320" class="1004" name="sext_ln34_16_fu_1320">
<pin_list>
<pin id="1321" dir="0" index="0" bw="32" slack="1"/>
<pin id="1322" dir="1" index="1" bw="48" slack="0"/>
</pin_list>
<bind>
<opcode="sext(35) " fcode="sext"/>
<opset="sext_ln34_16/34 "/>
</bind>
</comp>

<comp id="1324" class="1004" name="grp_fu_1324">
<pin_list>
<pin id="1325" dir="0" index="0" bw="32" slack="0"/>
<pin id="1326" dir="0" index="1" bw="32" slack="0"/>
<pin id="1327" dir="1" index="2" bw="48" slack="0"/>
</pin_list>
<bind>
<opcode="mul(12) " fcode="mul"/>
<opset="mul_ln34_19/34 "/>
</bind>
</comp>

<comp id="1330" class="1004" name="sext_ln34_13_fu_1330">
<pin_list>
<pin id="1331" dir="0" index="0" bw="32" slack="1"/>
<pin id="1332" dir="1" index="1" bw="48" slack="0"/>
</pin_list>
<bind>
<opcode="sext(35) " fcode="sext"/>
<opset="sext_ln34_13/34 "/>
</bind>
</comp>

<comp id="1333" class="1004" name="grp_fu_1333">
<pin_list>
<pin id="1334" dir="0" index="0" bw="32" slack="0"/>
<pin id="1335" dir="0" index="1" bw="32" slack="0"/>
<pin id="1336" dir="1" index="2" bw="48" slack="0"/>
</pin_list>
<bind>
<opcode="mul(12) " fcode="mul"/>
<opset="mul_ln34_16/34 "/>
</bind>
</comp>

<comp id="1339" class="1004" name="sext_ln34_14_fu_1339">
<pin_list>
<pin id="1340" dir="0" index="0" bw="32" slack="1"/>
<pin id="1341" dir="1" index="1" bw="48" slack="0"/>
</pin_list>
<bind>
<opcode="sext(35) " fcode="sext"/>
<opset="sext_ln34_14/34 "/>
</bind>
</comp>

<comp id="1343" class="1004" name="grp_fu_1343">
<pin_list>
<pin id="1344" dir="0" index="0" bw="32" slack="0"/>
<pin id="1345" dir="0" index="1" bw="32" slack="0"/>
<pin id="1346" dir="1" index="2" bw="48" slack="0"/>
</pin_list>
<bind>
<opcode="mul(12) " fcode="mul"/>
<opset="mul_ln34_17/34 "/>
</bind>
</comp>

<comp id="1349" class="1004" name="sext_ln34_17_fu_1349">
<pin_list>
<pin id="1350" dir="0" index="0" bw="32" slack="1"/>
<pin id="1351" dir="1" index="1" bw="48" slack="0"/>
</pin_list>
<bind>
<opcode="sext(35) " fcode="sext"/>
<opset="sext_ln34_17/34 "/>
</bind>
</comp>

<comp id="1352" class="1004" name="grp_fu_1352">
<pin_list>
<pin id="1353" dir="0" index="0" bw="32" slack="0"/>
<pin id="1354" dir="0" index="1" bw="32" slack="0"/>
<pin id="1355" dir="1" index="2" bw="48" slack="0"/>
</pin_list>
<bind>
<opcode="mul(12) " fcode="mul"/>
<opset="mul_ln34_21/34 "/>
</bind>
</comp>

<comp id="1358" class="1004" name="sext_ln34_19_fu_1358">
<pin_list>
<pin id="1359" dir="0" index="0" bw="32" slack="1"/>
<pin id="1360" dir="1" index="1" bw="48" slack="0"/>
</pin_list>
<bind>
<opcode="sext(35) " fcode="sext"/>
<opset="sext_ln34_19/34 "/>
</bind>
</comp>

<comp id="1361" class="1004" name="grp_fu_1361">
<pin_list>
<pin id="1362" dir="0" index="0" bw="32" slack="0"/>
<pin id="1363" dir="0" index="1" bw="32" slack="0"/>
<pin id="1364" dir="1" index="2" bw="48" slack="0"/>
</pin_list>
<bind>
<opcode="mul(12) " fcode="mul"/>
<opset="mul_ln34_23/34 "/>
</bind>
</comp>

<comp id="1367" class="1004" name="sext_ln34_18_fu_1367">
<pin_list>
<pin id="1368" dir="0" index="0" bw="32" slack="1"/>
<pin id="1369" dir="1" index="1" bw="48" slack="0"/>
</pin_list>
<bind>
<opcode="sext(35) " fcode="sext"/>
<opset="sext_ln34_18/34 "/>
</bind>
</comp>

<comp id="1370" class="1004" name="grp_fu_1370">
<pin_list>
<pin id="1371" dir="0" index="0" bw="32" slack="0"/>
<pin id="1372" dir="0" index="1" bw="32" slack="0"/>
<pin id="1373" dir="1" index="2" bw="48" slack="0"/>
</pin_list>
<bind>
<opcode="mul(12) " fcode="mul"/>
<opset="mul_ln34_22/34 "/>
</bind>
</comp>

<comp id="1376" class="1004" name="trunc_ln34_8_fu_1376">
<pin_list>
<pin id="1377" dir="0" index="0" bw="32" slack="0"/>
<pin id="1378" dir="0" index="1" bw="48" slack="0"/>
<pin id="1379" dir="0" index="2" bw="6" slack="0"/>
<pin id="1380" dir="0" index="3" bw="7" slack="0"/>
<pin id="1381" dir="1" index="4" bw="32" slack="3"/>
</pin_list>
<bind>
<opcode="partselect(1002) " fcode="partselect"/>
<opset="trunc_ln34_8/37 "/>
</bind>
</comp>

<comp id="1386" class="1004" name="trunc_ln34_12_fu_1386">
<pin_list>
<pin id="1387" dir="0" index="0" bw="32" slack="0"/>
<pin id="1388" dir="0" index="1" bw="48" slack="0"/>
<pin id="1389" dir="0" index="2" bw="6" slack="0"/>
<pin id="1390" dir="0" index="3" bw="7" slack="0"/>
<pin id="1391" dir="1" index="4" bw="32" slack="3"/>
</pin_list>
<bind>
<opcode="partselect(1002) " fcode="partselect"/>
<opset="trunc_ln34_12/37 "/>
</bind>
</comp>

<comp id="1396" class="1004" name="trunc_ln34_17_fu_1396">
<pin_list>
<pin id="1397" dir="0" index="0" bw="32" slack="0"/>
<pin id="1398" dir="0" index="1" bw="48" slack="0"/>
<pin id="1399" dir="0" index="2" bw="6" slack="0"/>
<pin id="1400" dir="0" index="3" bw="7" slack="0"/>
<pin id="1401" dir="1" index="4" bw="32" slack="3"/>
</pin_list>
<bind>
<opcode="partselect(1002) " fcode="partselect"/>
<opset="trunc_ln34_17/37 "/>
</bind>
</comp>

<comp id="1406" class="1004" name="trunc_ln34_1_fu_1406">
<pin_list>
<pin id="1407" dir="0" index="0" bw="32" slack="0"/>
<pin id="1408" dir="0" index="1" bw="48" slack="0"/>
<pin id="1409" dir="0" index="2" bw="6" slack="0"/>
<pin id="1410" dir="0" index="3" bw="7" slack="0"/>
<pin id="1411" dir="1" index="4" bw="32" slack="1"/>
</pin_list>
<bind>
<opcode="partselect(1002) " fcode="partselect"/>
<opset="trunc_ln34_1/38 "/>
</bind>
</comp>

<comp id="1416" class="1004" name="trunc_ln34_2_fu_1416">
<pin_list>
<pin id="1417" dir="0" index="0" bw="32" slack="0"/>
<pin id="1418" dir="0" index="1" bw="48" slack="0"/>
<pin id="1419" dir="0" index="2" bw="6" slack="0"/>
<pin id="1420" dir="0" index="3" bw="7" slack="0"/>
<pin id="1421" dir="1" index="4" bw="32" slack="1"/>
</pin_list>
<bind>
<opcode="partselect(1002) " fcode="partselect"/>
<opset="trunc_ln34_2/38 "/>
</bind>
</comp>

<comp id="1426" class="1004" name="trunc_ln34_9_fu_1426">
<pin_list>
<pin id="1427" dir="0" index="0" bw="32" slack="0"/>
<pin id="1428" dir="0" index="1" bw="48" slack="0"/>
<pin id="1429" dir="0" index="2" bw="6" slack="0"/>
<pin id="1430" dir="0" index="3" bw="7" slack="0"/>
<pin id="1431" dir="1" index="4" bw="32" slack="1"/>
</pin_list>
<bind>
<opcode="partselect(1002) " fcode="partselect"/>
<opset="trunc_ln34_9/38 "/>
</bind>
</comp>

<comp id="1436" class="1004" name="trunc_ln34_s_fu_1436">
<pin_list>
<pin id="1437" dir="0" index="0" bw="32" slack="0"/>
<pin id="1438" dir="0" index="1" bw="48" slack="0"/>
<pin id="1439" dir="0" index="2" bw="6" slack="0"/>
<pin id="1440" dir="0" index="3" bw="7" slack="0"/>
<pin id="1441" dir="1" index="4" bw="32" slack="1"/>
</pin_list>
<bind>
<opcode="partselect(1002) " fcode="partselect"/>
<opset="trunc_ln34_s/38 "/>
</bind>
</comp>

<comp id="1446" class="1004" name="trunc_ln34_5_fu_1446">
<pin_list>
<pin id="1447" dir="0" index="0" bw="32" slack="0"/>
<pin id="1448" dir="0" index="1" bw="48" slack="0"/>
<pin id="1449" dir="0" index="2" bw="6" slack="0"/>
<pin id="1450" dir="0" index="3" bw="7" slack="0"/>
<pin id="1451" dir="1" index="4" bw="32" slack="1"/>
</pin_list>
<bind>
<opcode="partselect(1002) " fcode="partselect"/>
<opset="trunc_ln34_5/38 "/>
</bind>
</comp>

<comp id="1456" class="1004" name="trunc_ln34_10_fu_1456">
<pin_list>
<pin id="1457" dir="0" index="0" bw="32" slack="0"/>
<pin id="1458" dir="0" index="1" bw="48" slack="0"/>
<pin id="1459" dir="0" index="2" bw="6" slack="0"/>
<pin id="1460" dir="0" index="3" bw="7" slack="0"/>
<pin id="1461" dir="1" index="4" bw="32" slack="1"/>
</pin_list>
<bind>
<opcode="partselect(1002) " fcode="partselect"/>
<opset="trunc_ln34_10/38 "/>
</bind>
</comp>

<comp id="1466" class="1004" name="trunc_ln34_7_fu_1466">
<pin_list>
<pin id="1467" dir="0" index="0" bw="32" slack="0"/>
<pin id="1468" dir="0" index="1" bw="48" slack="0"/>
<pin id="1469" dir="0" index="2" bw="6" slack="0"/>
<pin id="1470" dir="0" index="3" bw="7" slack="0"/>
<pin id="1471" dir="1" index="4" bw="32" slack="1"/>
</pin_list>
<bind>
<opcode="partselect(1002) " fcode="partselect"/>
<opset="trunc_ln34_7/38 "/>
</bind>
</comp>

<comp id="1476" class="1004" name="trunc_ln34_4_fu_1476">
<pin_list>
<pin id="1477" dir="0" index="0" bw="32" slack="0"/>
<pin id="1478" dir="0" index="1" bw="48" slack="0"/>
<pin id="1479" dir="0" index="2" bw="6" slack="0"/>
<pin id="1480" dir="0" index="3" bw="7" slack="0"/>
<pin id="1481" dir="1" index="4" bw="32" slack="2"/>
</pin_list>
<bind>
<opcode="partselect(1002) " fcode="partselect"/>
<opset="trunc_ln34_4/38 "/>
</bind>
</comp>

<comp id="1486" class="1004" name="trunc_ln34_15_fu_1486">
<pin_list>
<pin id="1487" dir="0" index="0" bw="32" slack="0"/>
<pin id="1488" dir="0" index="1" bw="48" slack="0"/>
<pin id="1489" dir="0" index="2" bw="6" slack="0"/>
<pin id="1490" dir="0" index="3" bw="7" slack="0"/>
<pin id="1491" dir="1" index="4" bw="32" slack="1"/>
</pin_list>
<bind>
<opcode="partselect(1002) " fcode="partselect"/>
<opset="trunc_ln34_15/38 "/>
</bind>
</comp>

<comp id="1496" class="1004" name="trunc_ln34_16_fu_1496">
<pin_list>
<pin id="1497" dir="0" index="0" bw="32" slack="0"/>
<pin id="1498" dir="0" index="1" bw="48" slack="0"/>
<pin id="1499" dir="0" index="2" bw="6" slack="0"/>
<pin id="1500" dir="0" index="3" bw="7" slack="0"/>
<pin id="1501" dir="1" index="4" bw="32" slack="1"/>
</pin_list>
<bind>
<opcode="partselect(1002) " fcode="partselect"/>
<opset="trunc_ln34_16/38 "/>
</bind>
</comp>

<comp id="1506" class="1004" name="trunc_ln34_13_fu_1506">
<pin_list>
<pin id="1507" dir="0" index="0" bw="32" slack="0"/>
<pin id="1508" dir="0" index="1" bw="48" slack="0"/>
<pin id="1509" dir="0" index="2" bw="6" slack="0"/>
<pin id="1510" dir="0" index="3" bw="7" slack="0"/>
<pin id="1511" dir="1" index="4" bw="32" slack="1"/>
</pin_list>
<bind>
<opcode="partselect(1002) " fcode="partselect"/>
<opset="trunc_ln34_13/38 "/>
</bind>
</comp>

<comp id="1516" class="1004" name="trunc_ln34_14_fu_1516">
<pin_list>
<pin id="1517" dir="0" index="0" bw="32" slack="0"/>
<pin id="1518" dir="0" index="1" bw="48" slack="0"/>
<pin id="1519" dir="0" index="2" bw="6" slack="0"/>
<pin id="1520" dir="0" index="3" bw="7" slack="0"/>
<pin id="1521" dir="1" index="4" bw="32" slack="1"/>
</pin_list>
<bind>
<opcode="partselect(1002) " fcode="partselect"/>
<opset="trunc_ln34_14/38 "/>
</bind>
</comp>

<comp id="1526" class="1004" name="trunc_ln34_18_fu_1526">
<pin_list>
<pin id="1527" dir="0" index="0" bw="32" slack="0"/>
<pin id="1528" dir="0" index="1" bw="48" slack="0"/>
<pin id="1529" dir="0" index="2" bw="6" slack="0"/>
<pin id="1530" dir="0" index="3" bw="7" slack="0"/>
<pin id="1531" dir="1" index="4" bw="32" slack="1"/>
</pin_list>
<bind>
<opcode="partselect(1002) " fcode="partselect"/>
<opset="trunc_ln34_18/38 "/>
</bind>
</comp>

<comp id="1536" class="1004" name="trunc_ln34_20_fu_1536">
<pin_list>
<pin id="1537" dir="0" index="0" bw="32" slack="0"/>
<pin id="1538" dir="0" index="1" bw="48" slack="0"/>
<pin id="1539" dir="0" index="2" bw="6" slack="0"/>
<pin id="1540" dir="0" index="3" bw="7" slack="0"/>
<pin id="1541" dir="1" index="4" bw="32" slack="1"/>
</pin_list>
<bind>
<opcode="partselect(1002) " fcode="partselect"/>
<opset="trunc_ln34_20/38 "/>
</bind>
</comp>

<comp id="1546" class="1004" name="trunc_ln34_19_fu_1546">
<pin_list>
<pin id="1547" dir="0" index="0" bw="32" slack="0"/>
<pin id="1548" dir="0" index="1" bw="48" slack="0"/>
<pin id="1549" dir="0" index="2" bw="6" slack="0"/>
<pin id="1550" dir="0" index="3" bw="7" slack="0"/>
<pin id="1551" dir="1" index="4" bw="32" slack="1"/>
</pin_list>
<bind>
<opcode="partselect(1002) " fcode="partselect"/>
<opset="trunc_ln34_19/38 "/>
</bind>
</comp>

<comp id="1556" class="1004" name="add_ln40_1_fu_1556">
<pin_list>
<pin id="1557" dir="0" index="0" bw="32" slack="1"/>
<pin id="1558" dir="0" index="1" bw="32" slack="1"/>
<pin id="1559" dir="1" index="2" bw="32" slack="1"/>
</pin_list>
<bind>
<opcode="add(8) " fcode="add"/>
<opset="add_ln40_1/39 "/>
</bind>
</comp>

<comp id="1560" class="1004" name="add_ln40_fu_1560">
<pin_list>
<pin id="1561" dir="0" index="0" bw="32" slack="1"/>
<pin id="1562" dir="0" index="1" bw="32" slack="1"/>
<pin id="1563" dir="1" index="2" bw="32" slack="1"/>
</pin_list>
<bind>
<opcode="add(8) " fcode="add"/>
<opset="add_ln40/39 "/>
</bind>
</comp>

<comp id="1564" class="1004" name="add_ln40_5_fu_1564">
<pin_list>
<pin id="1565" dir="0" index="0" bw="32" slack="1"/>
<pin id="1566" dir="0" index="1" bw="32" slack="1"/>
<pin id="1567" dir="1" index="2" bw="32" slack="1"/>
</pin_list>
<bind>
<opcode="add(8) " fcode="add"/>
<opset="add_ln40_5/39 "/>
</bind>
</comp>

<comp id="1568" class="1004" name="add_ln40_4_fu_1568">
<pin_list>
<pin id="1569" dir="0" index="0" bw="32" slack="1"/>
<pin id="1570" dir="0" index="1" bw="32" slack="1"/>
<pin id="1571" dir="1" index="2" bw="32" slack="1"/>
</pin_list>
<bind>
<opcode="add(8) " fcode="add"/>
<opset="add_ln40_4/39 "/>
</bind>
</comp>

<comp id="1572" class="1004" name="add_ln40_6_fu_1572">
<pin_list>
<pin id="1573" dir="0" index="0" bw="32" slack="1"/>
<pin id="1574" dir="0" index="1" bw="32" slack="1"/>
<pin id="1575" dir="1" index="2" bw="32" slack="1"/>
</pin_list>
<bind>
<opcode="add(8) " fcode="add"/>
<opset="add_ln40_6/39 "/>
</bind>
</comp>

<comp id="1576" class="1004" name="add_ln40_2_fu_1576">
<pin_list>
<pin id="1577" dir="0" index="0" bw="32" slack="1"/>
<pin id="1578" dir="0" index="1" bw="32" slack="1"/>
<pin id="1579" dir="1" index="2" bw="32" slack="1"/>
</pin_list>
<bind>
<opcode="add(8) " fcode="add"/>
<opset="add_ln40_2/39 "/>
</bind>
</comp>

<comp id="1580" class="1004" name="add_ln40_7_fu_1580">
<pin_list>
<pin id="1581" dir="0" index="0" bw="32" slack="1"/>
<pin id="1582" dir="0" index="1" bw="32" slack="1"/>
<pin id="1583" dir="1" index="2" bw="32" slack="1"/>
</pin_list>
<bind>
<opcode="add(8) " fcode="add"/>
<opset="add_ln40_7/39 "/>
</bind>
</comp>

<comp id="1584" class="1004" name="add_ln40_3_fu_1584">
<pin_list>
<pin id="1585" dir="0" index="0" bw="32" slack="1"/>
<pin id="1586" dir="0" index="1" bw="32" slack="1"/>
<pin id="1587" dir="1" index="2" bw="32" slack="1"/>
</pin_list>
<bind>
<opcode="add(8) " fcode="add"/>
<opset="add_ln40_3/39 "/>
</bind>
</comp>

<comp id="1588" class="1004" name="sub_ln91_fu_1588">
<pin_list>
<pin id="1589" dir="0" index="0" bw="32" slack="0"/>
<pin id="1590" dir="0" index="1" bw="32" slack="39"/>
<pin id="1591" dir="1" index="2" bw="32" slack="0"/>
</pin_list>
<bind>
<opcode="sub(10) " fcode="sub"/>
<opset="sub_ln91/40 "/>
</bind>
</comp>

<comp id="1593" class="1004" name="sub_ln91_1_fu_1593">
<pin_list>
<pin id="1594" dir="0" index="0" bw="32" slack="0"/>
<pin id="1595" dir="0" index="1" bw="32" slack="39"/>
<pin id="1596" dir="1" index="2" bw="32" slack="0"/>
</pin_list>
<bind>
<opcode="sub(10) " fcode="sub"/>
<opset="sub_ln91_1/40 "/>
</bind>
</comp>

<comp id="1598" class="1004" name="sub_ln91_2_fu_1598">
<pin_list>
<pin id="1599" dir="0" index="0" bw="32" slack="0"/>
<pin id="1600" dir="0" index="1" bw="32" slack="39"/>
<pin id="1601" dir="1" index="2" bw="32" slack="0"/>
</pin_list>
<bind>
<opcode="sub(10) " fcode="sub"/>
<opset="sub_ln91_2/40 "/>
</bind>
</comp>

<comp id="1603" class="1004" name="sub_ln91_3_fu_1603">
<pin_list>
<pin id="1604" dir="0" index="0" bw="32" slack="0"/>
<pin id="1605" dir="0" index="1" bw="32" slack="39"/>
<pin id="1606" dir="1" index="2" bw="32" slack="0"/>
</pin_list>
<bind>
<opcode="sub(10) " fcode="sub"/>
<opset="sub_ln91_3/40 "/>
</bind>
</comp>

<comp id="1608" class="1004" name="or_ln95_fu_1608">
<pin_list>
<pin id="1609" dir="0" index="0" bw="32" slack="0"/>
<pin id="1610" dir="0" index="1" bw="32" slack="0"/>
<pin id="1611" dir="1" index="2" bw="32" slack="0"/>
</pin_list>
<bind>
<opcode="or(24) " fcode="or"/>
<opset="or_ln95/40 "/>
</bind>
</comp>

<comp id="1614" class="1004" name="or_ln95_1_fu_1614">
<pin_list>
<pin id="1615" dir="0" index="0" bw="32" slack="0"/>
<pin id="1616" dir="0" index="1" bw="32" slack="0"/>
<pin id="1617" dir="1" index="2" bw="32" slack="0"/>
</pin_list>
<bind>
<opcode="or(24) " fcode="or"/>
<opset="or_ln95_1/40 "/>
</bind>
</comp>

<comp id="1620" class="1004" name="or_ln95_2_fu_1620">
<pin_list>
<pin id="1621" dir="0" index="0" bw="32" slack="0"/>
<pin id="1622" dir="0" index="1" bw="32" slack="0"/>
<pin id="1623" dir="1" index="2" bw="32" slack="0"/>
</pin_list>
<bind>
<opcode="or(24) " fcode="or"/>
<opset="or_ln95_2/40 "/>
</bind>
</comp>

<comp id="1626" class="1004" name="tmp_73_fu_1626">
<pin_list>
<pin id="1627" dir="0" index="0" bw="1" slack="0"/>
<pin id="1628" dir="0" index="1" bw="32" slack="0"/>
<pin id="1629" dir="0" index="2" bw="6" slack="0"/>
<pin id="1630" dir="1" index="3" bw="1" slack="2147483647"/>
</pin_list>
<bind>
<opcode="bitselect(1000) " fcode="bitselect"/>
<opset="tmp_73/40 "/>
</bind>
</comp>

<comp id="1634" class="1005" name="Squared_R_Robot_read_reg_1634">
<pin_list>
<pin id="1635" dir="0" index="0" bw="32" slack="39"/>
<pin id="1636" dir="1" index="1" bw="32" slack="39"/>
</pin_list>
<bind>
<opset="Squared_R_Robot_read "/>
</bind>
</comp>

<comp id="1642" class="1005" name="p_read_3_reg_1642">
<pin_list>
<pin id="1643" dir="0" index="0" bw="32" slack="1"/>
<pin id="1644" dir="1" index="1" bw="32" slack="1"/>
</pin_list>
<bind>
<opset="p_read_3 "/>
</bind>
</comp>

<comp id="1653" class="1005" name="p_read_4_reg_1653">
<pin_list>
<pin id="1654" dir="0" index="0" bw="32" slack="1"/>
<pin id="1655" dir="1" index="1" bw="32" slack="1"/>
</pin_list>
<bind>
<opset="p_read_4 "/>
</bind>
</comp>

<comp id="1664" class="1005" name="conv_i_reg_1664">
<pin_list>
<pin id="1665" dir="0" index="0" bw="32" slack="1"/>
<pin id="1666" dir="1" index="1" bw="32" slack="1"/>
</pin_list>
<bind>
<opset="conv_i "/>
</bind>
</comp>

<comp id="1670" class="1005" name="conv9_i_reg_1670">
<pin_list>
<pin id="1671" dir="0" index="0" bw="32" slack="1"/>
<pin id="1672" dir="1" index="1" bw="32" slack="1"/>
</pin_list>
<bind>
<opset="conv9_i "/>
</bind>
</comp>

<comp id="1676" class="1005" name="sub_i_reg_1676">
<pin_list>
<pin id="1677" dir="0" index="0" bw="32" slack="1"/>
<pin id="1678" dir="1" index="1" bw="32" slack="1"/>
</pin_list>
<bind>
<opset="sub_i "/>
</bind>
</comp>

<comp id="1681" class="1005" name="sub12_i_reg_1681">
<pin_list>
<pin id="1682" dir="0" index="0" bw="32" slack="1"/>
<pin id="1683" dir="1" index="1" bw="32" slack="1"/>
</pin_list>
<bind>
<opset="sub12_i "/>
</bind>
</comp>

<comp id="1686" class="1005" name="sub_i_1_reg_1686">
<pin_list>
<pin id="1687" dir="0" index="0" bw="32" slack="1"/>
<pin id="1688" dir="1" index="1" bw="32" slack="1"/>
</pin_list>
<bind>
<opset="sub_i_1 "/>
</bind>
</comp>

<comp id="1691" class="1005" name="sub12_i_2_reg_1691">
<pin_list>
<pin id="1692" dir="0" index="0" bw="32" slack="1"/>
<pin id="1693" dir="1" index="1" bw="32" slack="1"/>
</pin_list>
<bind>
<opset="sub12_i_2 "/>
</bind>
</comp>

<comp id="1696" class="1005" name="a_assign_reg_1696">
<pin_list>
<pin id="1697" dir="0" index="0" bw="29" slack="1"/>
<pin id="1698" dir="1" index="1" bw="29" slack="1"/>
</pin_list>
<bind>
<opset="a_assign "/>
</bind>
</comp>

<comp id="1701" class="1005" name="trunc_ln34_reg_1701">
<pin_list>
<pin id="1702" dir="0" index="0" bw="27" slack="1"/>
<pin id="1703" dir="1" index="1" bw="27" slack="1"/>
</pin_list>
<bind>
<opset="trunc_ln34 "/>
</bind>
</comp>

<comp id="1706" class="1005" name="a_assign_s_reg_1706">
<pin_list>
<pin id="1707" dir="0" index="0" bw="29" slack="1"/>
<pin id="1708" dir="1" index="1" bw="29" slack="1"/>
</pin_list>
<bind>
<opset="a_assign_s "/>
</bind>
</comp>

<comp id="1714" class="1005" name="a_assign_1_reg_1714">
<pin_list>
<pin id="1715" dir="0" index="0" bw="29" slack="1"/>
<pin id="1716" dir="1" index="1" bw="29" slack="1"/>
</pin_list>
<bind>
<opset="a_assign_1 "/>
</bind>
</comp>

<comp id="1722" class="1005" name="a_assign_14_2_reg_1722">
<pin_list>
<pin id="1723" dir="0" index="0" bw="29" slack="1"/>
<pin id="1724" dir="1" index="1" bw="29" slack="1"/>
</pin_list>
<bind>
<opset="a_assign_14_2 "/>
</bind>
</comp>

<comp id="1730" class="1005" name="trunc_ln_reg_1730">
<pin_list>
<pin id="1731" dir="0" index="0" bw="32" slack="1"/>
<pin id="1732" dir="1" index="1" bw="32" slack="1"/>
</pin_list>
<bind>
<opset="trunc_ln "/>
</bind>
</comp>

<comp id="1736" class="1005" name="tmp_reg_1736">
<pin_list>
<pin id="1737" dir="0" index="0" bw="1" slack="4"/>
<pin id="1738" dir="1" index="1" bw="1" slack="5"/>
</pin_list>
<bind>
<opset="tmp "/>
</bind>
</comp>

<comp id="1742" class="1005" name="tmp_s_reg_1742">
<pin_list>
<pin id="1743" dir="0" index="0" bw="32" slack="1"/>
<pin id="1744" dir="1" index="1" bw="32" slack="1"/>
</pin_list>
<bind>
<opset="tmp_s "/>
</bind>
</comp>

<comp id="1747" class="1005" name="tmp_52_reg_1747">
<pin_list>
<pin id="1748" dir="0" index="0" bw="1" slack="4"/>
<pin id="1749" dir="1" index="1" bw="1" slack="5"/>
</pin_list>
<bind>
<opset="tmp_52 "/>
</bind>
</comp>

<comp id="1753" class="1005" name="tmp_9_reg_1753">
<pin_list>
<pin id="1754" dir="0" index="0" bw="32" slack="1"/>
<pin id="1755" dir="1" index="1" bw="32" slack="1"/>
</pin_list>
<bind>
<opset="tmp_9 "/>
</bind>
</comp>

<comp id="1758" class="1005" name="tmp_59_reg_1758">
<pin_list>
<pin id="1759" dir="0" index="0" bw="1" slack="4"/>
<pin id="1760" dir="1" index="1" bw="1" slack="5"/>
</pin_list>
<bind>
<opset="tmp_59 "/>
</bind>
</comp>

<comp id="1764" class="1005" name="tmp_10_reg_1764">
<pin_list>
<pin id="1765" dir="0" index="0" bw="32" slack="1"/>
<pin id="1766" dir="1" index="1" bw="32" slack="1"/>
</pin_list>
<bind>
<opset="tmp_10 "/>
</bind>
</comp>

<comp id="1769" class="1005" name="tmp_66_reg_1769">
<pin_list>
<pin id="1770" dir="0" index="0" bw="1" slack="4"/>
<pin id="1771" dir="1" index="1" bw="1" slack="5"/>
</pin_list>
<bind>
<opset="tmp_66 "/>
</bind>
</comp>

<comp id="1775" class="1005" name="sext_ln39_6_reg_1775">
<pin_list>
<pin id="1776" dir="0" index="0" bw="97" slack="1"/>
<pin id="1777" dir="1" index="1" bw="97" slack="1"/>
</pin_list>
<bind>
<opset="sext_ln39_6 "/>
</bind>
</comp>

<comp id="1780" class="1005" name="sext_ln39_10_reg_1780">
<pin_list>
<pin id="1781" dir="0" index="0" bw="97" slack="1"/>
<pin id="1782" dir="1" index="1" bw="97" slack="1"/>
</pin_list>
<bind>
<opset="sext_ln39_10 "/>
</bind>
</comp>

<comp id="1785" class="1005" name="sext_ln39_14_reg_1785">
<pin_list>
<pin id="1786" dir="0" index="0" bw="97" slack="1"/>
<pin id="1787" dir="1" index="1" bw="97" slack="1"/>
</pin_list>
<bind>
<opset="sext_ln39_14 "/>
</bind>
</comp>

<comp id="1790" class="1005" name="sext_ln39_18_reg_1790">
<pin_list>
<pin id="1791" dir="0" index="0" bw="97" slack="1"/>
<pin id="1792" dir="1" index="1" bw="97" slack="1"/>
</pin_list>
<bind>
<opset="sext_ln39_18 "/>
</bind>
</comp>

<comp id="1795" class="1005" name="mul_ln39_reg_1795">
<pin_list>
<pin id="1796" dir="0" index="0" bw="97" slack="1"/>
<pin id="1797" dir="1" index="1" bw="97" slack="1"/>
</pin_list>
<bind>
<opset="mul_ln39 "/>
</bind>
</comp>

<comp id="1800" class="1005" name="tmp_47_reg_1800">
<pin_list>
<pin id="1801" dir="0" index="0" bw="22" slack="2"/>
<pin id="1802" dir="1" index="1" bw="22" slack="2"/>
</pin_list>
<bind>
<opset="tmp_47 "/>
</bind>
</comp>

<comp id="1806" class="1005" name="mul_ln39_3_reg_1806">
<pin_list>
<pin id="1807" dir="0" index="0" bw="97" slack="1"/>
<pin id="1808" dir="1" index="1" bw="97" slack="1"/>
</pin_list>
<bind>
<opset="mul_ln39_3 "/>
</bind>
</comp>

<comp id="1811" class="1005" name="tmp_54_reg_1811">
<pin_list>
<pin id="1812" dir="0" index="0" bw="22" slack="2"/>
<pin id="1813" dir="1" index="1" bw="22" slack="2"/>
</pin_list>
<bind>
<opset="tmp_54 "/>
</bind>
</comp>

<comp id="1817" class="1005" name="mul_ln39_5_reg_1817">
<pin_list>
<pin id="1818" dir="0" index="0" bw="97" slack="1"/>
<pin id="1819" dir="1" index="1" bw="97" slack="1"/>
</pin_list>
<bind>
<opset="mul_ln39_5 "/>
</bind>
</comp>

<comp id="1822" class="1005" name="tmp_61_reg_1822">
<pin_list>
<pin id="1823" dir="0" index="0" bw="22" slack="2"/>
<pin id="1824" dir="1" index="1" bw="22" slack="2"/>
</pin_list>
<bind>
<opset="tmp_61 "/>
</bind>
</comp>

<comp id="1828" class="1005" name="mul_ln39_7_reg_1828">
<pin_list>
<pin id="1829" dir="0" index="0" bw="97" slack="1"/>
<pin id="1830" dir="1" index="1" bw="97" slack="1"/>
</pin_list>
<bind>
<opset="mul_ln39_7 "/>
</bind>
</comp>

<comp id="1833" class="1005" name="tmp_68_reg_1833">
<pin_list>
<pin id="1834" dir="0" index="0" bw="22" slack="2"/>
<pin id="1835" dir="1" index="1" bw="22" slack="2"/>
</pin_list>
<bind>
<opset="tmp_68 "/>
</bind>
</comp>

<comp id="1839" class="1005" name="sub_ln39_reg_1839">
<pin_list>
<pin id="1840" dir="0" index="0" bw="97" slack="1"/>
<pin id="1841" dir="1" index="1" bw="97" slack="1"/>
</pin_list>
<bind>
<opset="sub_ln39 "/>
</bind>
</comp>

<comp id="1844" class="1005" name="sub_ln39_7_reg_1844">
<pin_list>
<pin id="1845" dir="0" index="0" bw="97" slack="1"/>
<pin id="1846" dir="1" index="1" bw="97" slack="1"/>
</pin_list>
<bind>
<opset="sub_ln39_7 "/>
</bind>
</comp>

<comp id="1849" class="1005" name="sub_ln39_11_reg_1849">
<pin_list>
<pin id="1850" dir="0" index="0" bw="97" slack="1"/>
<pin id="1851" dir="1" index="1" bw="97" slack="1"/>
</pin_list>
<bind>
<opset="sub_ln39_11 "/>
</bind>
</comp>

<comp id="1854" class="1005" name="sub_ln39_15_reg_1854">
<pin_list>
<pin id="1855" dir="0" index="0" bw="97" slack="1"/>
<pin id="1856" dir="1" index="1" bw="97" slack="1"/>
</pin_list>
<bind>
<opset="sub_ln39_15 "/>
</bind>
</comp>

<comp id="1859" class="1005" name="sub_ln39_4_reg_1859">
<pin_list>
<pin id="1860" dir="0" index="0" bw="22" slack="1"/>
<pin id="1861" dir="1" index="1" bw="22" slack="1"/>
</pin_list>
<bind>
<opset="sub_ln39_4 "/>
</bind>
</comp>

<comp id="1864" class="1005" name="sub_ln39_8_reg_1864">
<pin_list>
<pin id="1865" dir="0" index="0" bw="22" slack="1"/>
<pin id="1866" dir="1" index="1" bw="22" slack="1"/>
</pin_list>
<bind>
<opset="sub_ln39_8 "/>
</bind>
</comp>

<comp id="1869" class="1005" name="sub_ln39_12_reg_1869">
<pin_list>
<pin id="1870" dir="0" index="0" bw="22" slack="1"/>
<pin id="1871" dir="1" index="1" bw="22" slack="1"/>
</pin_list>
<bind>
<opset="sub_ln39_12 "/>
</bind>
</comp>

<comp id="1874" class="1005" name="sub_ln39_16_reg_1874">
<pin_list>
<pin id="1875" dir="0" index="0" bw="22" slack="1"/>
<pin id="1876" dir="1" index="1" bw="22" slack="1"/>
</pin_list>
<bind>
<opset="sub_ln39_16 "/>
</bind>
</comp>

<comp id="1879" class="1005" name="and_ln115_reg_1879">
<pin_list>
<pin id="1880" dir="0" index="0" bw="1" slack="1"/>
<pin id="1881" dir="1" index="1" bw="1" slack="2147483647"/>
</pin_list>
<bind>
<opset="and_ln115 "/>
</bind>
</comp>

<comp id="1883" class="1005" name="icmp_ln129_reg_1883">
<pin_list>
<pin id="1884" dir="0" index="0" bw="1" slack="6"/>
<pin id="1885" dir="1" index="1" bw="1" slack="2147483647"/>
</pin_list>
<bind>
<opset="icmp_ln129 "/>
</bind>
</comp>

<comp id="1887" class="1005" name="trunc_ln34_6_reg_1887">
<pin_list>
<pin id="1888" dir="0" index="0" bw="32" slack="1"/>
<pin id="1889" dir="1" index="1" bw="32" slack="1"/>
</pin_list>
<bind>
<opset="trunc_ln34_6 "/>
</bind>
</comp>

<comp id="1893" class="1005" name="tmp_49_reg_1893">
<pin_list>
<pin id="1894" dir="0" index="0" bw="1" slack="4"/>
<pin id="1895" dir="1" index="1" bw="1" slack="5"/>
</pin_list>
<bind>
<opset="tmp_49 "/>
</bind>
</comp>

<comp id="1899" class="1005" name="and_ln115_1_reg_1899">
<pin_list>
<pin id="1900" dir="0" index="0" bw="1" slack="1"/>
<pin id="1901" dir="1" index="1" bw="1" slack="2147483647"/>
</pin_list>
<bind>
<opset="and_ln115_1 "/>
</bind>
</comp>

<comp id="1903" class="1005" name="icmp_ln129_1_reg_1903">
<pin_list>
<pin id="1904" dir="0" index="0" bw="1" slack="6"/>
<pin id="1905" dir="1" index="1" bw="1" slack="2147483647"/>
</pin_list>
<bind>
<opset="icmp_ln129_1 "/>
</bind>
</comp>

<comp id="1907" class="1005" name="trunc_ln34_3_reg_1907">
<pin_list>
<pin id="1908" dir="0" index="0" bw="32" slack="1"/>
<pin id="1909" dir="1" index="1" bw="32" slack="1"/>
</pin_list>
<bind>
<opset="trunc_ln34_3 "/>
</bind>
</comp>

<comp id="1912" class="1005" name="and_ln115_2_reg_1912">
<pin_list>
<pin id="1913" dir="0" index="0" bw="1" slack="1"/>
<pin id="1914" dir="1" index="1" bw="1" slack="2147483647"/>
</pin_list>
<bind>
<opset="and_ln115_2 "/>
</bind>
</comp>

<comp id="1916" class="1005" name="icmp_ln129_2_reg_1916">
<pin_list>
<pin id="1917" dir="0" index="0" bw="1" slack="6"/>
<pin id="1918" dir="1" index="1" bw="1" slack="2147483647"/>
</pin_list>
<bind>
<opset="icmp_ln129_2 "/>
</bind>
</comp>

<comp id="1920" class="1005" name="trunc_ln34_11_reg_1920">
<pin_list>
<pin id="1921" dir="0" index="0" bw="32" slack="1"/>
<pin id="1922" dir="1" index="1" bw="32" slack="1"/>
</pin_list>
<bind>
<opset="trunc_ln34_11 "/>
</bind>
</comp>

<comp id="1926" class="1005" name="tmp_63_reg_1926">
<pin_list>
<pin id="1927" dir="0" index="0" bw="1" slack="4"/>
<pin id="1928" dir="1" index="1" bw="1" slack="5"/>
</pin_list>
<bind>
<opset="tmp_63 "/>
</bind>
</comp>

<comp id="1932" class="1005" name="and_ln115_3_reg_1932">
<pin_list>
<pin id="1933" dir="0" index="0" bw="1" slack="1"/>
<pin id="1934" dir="1" index="1" bw="1" slack="2147483647"/>
</pin_list>
<bind>
<opset="and_ln115_3 "/>
</bind>
</comp>

<comp id="1936" class="1005" name="icmp_ln129_3_reg_1936">
<pin_list>
<pin id="1937" dir="0" index="0" bw="1" slack="6"/>
<pin id="1938" dir="1" index="1" bw="1" slack="2147483647"/>
</pin_list>
<bind>
<opset="icmp_ln129_3 "/>
</bind>
</comp>

<comp id="1940" class="1005" name="sub_ln118_1_reg_1940">
<pin_list>
<pin id="1941" dir="0" index="0" bw="32" slack="1"/>
<pin id="1942" dir="1" index="1" bw="32" slack="1"/>
</pin_list>
<bind>
<opset="sub_ln118_1 "/>
</bind>
</comp>

<comp id="1946" class="1005" name="tmp_70_reg_1946">
<pin_list>
<pin id="1947" dir="0" index="0" bw="1" slack="4"/>
<pin id="1948" dir="1" index="1" bw="1" slack="5"/>
</pin_list>
<bind>
<opset="tmp_70 "/>
</bind>
</comp>

<comp id="1952" class="1005" name="sext_ln39_7_reg_1952">
<pin_list>
<pin id="1953" dir="0" index="0" bw="97" slack="1"/>
<pin id="1954" dir="1" index="1" bw="97" slack="1"/>
</pin_list>
<bind>
<opset="sext_ln39_7 "/>
</bind>
</comp>

<comp id="1957" class="1005" name="sub_ln118_reg_1957">
<pin_list>
<pin id="1958" dir="0" index="0" bw="32" slack="1"/>
<pin id="1959" dir="1" index="1" bw="32" slack="1"/>
</pin_list>
<bind>
<opset="sub_ln118 "/>
</bind>
</comp>

<comp id="1963" class="1005" name="tmp_56_reg_1963">
<pin_list>
<pin id="1964" dir="0" index="0" bw="1" slack="4"/>
<pin id="1965" dir="1" index="1" bw="1" slack="5"/>
</pin_list>
<bind>
<opset="tmp_56 "/>
</bind>
</comp>

<comp id="1969" class="1005" name="sext_ln39_15_reg_1969">
<pin_list>
<pin id="1970" dir="0" index="0" bw="97" slack="1"/>
<pin id="1971" dir="1" index="1" bw="97" slack="1"/>
</pin_list>
<bind>
<opset="sext_ln39_15 "/>
</bind>
</comp>

<comp id="1974" class="1005" name="sext_ln39_19_reg_1974">
<pin_list>
<pin id="1975" dir="0" index="0" bw="97" slack="1"/>
<pin id="1976" dir="1" index="1" bw="97" slack="1"/>
</pin_list>
<bind>
<opset="sext_ln39_19 "/>
</bind>
</comp>

<comp id="1979" class="1005" name="sext_ln39_11_reg_1979">
<pin_list>
<pin id="1980" dir="0" index="0" bw="97" slack="1"/>
<pin id="1981" dir="1" index="1" bw="97" slack="1"/>
</pin_list>
<bind>
<opset="sext_ln39_11 "/>
</bind>
</comp>

<comp id="1984" class="1005" name="mul_ln39_2_reg_1984">
<pin_list>
<pin id="1985" dir="0" index="0" bw="97" slack="1"/>
<pin id="1986" dir="1" index="1" bw="97" slack="1"/>
</pin_list>
<bind>
<opset="mul_ln39_2 "/>
</bind>
</comp>

<comp id="1989" class="1005" name="tmp_51_reg_1989">
<pin_list>
<pin id="1990" dir="0" index="0" bw="22" slack="2"/>
<pin id="1991" dir="1" index="1" bw="22" slack="2"/>
</pin_list>
<bind>
<opset="tmp_51 "/>
</bind>
</comp>

<comp id="1994" class="1005" name="mul_ln39_6_reg_1994">
<pin_list>
<pin id="1995" dir="0" index="0" bw="97" slack="1"/>
<pin id="1996" dir="1" index="1" bw="97" slack="1"/>
</pin_list>
<bind>
<opset="mul_ln39_6 "/>
</bind>
</comp>

<comp id="1999" class="1005" name="tmp_65_reg_1999">
<pin_list>
<pin id="2000" dir="0" index="0" bw="22" slack="2"/>
<pin id="2001" dir="1" index="1" bw="22" slack="2"/>
</pin_list>
<bind>
<opset="tmp_65 "/>
</bind>
</comp>

<comp id="2004" class="1005" name="mul_ln39_8_reg_2004">
<pin_list>
<pin id="2005" dir="0" index="0" bw="97" slack="1"/>
<pin id="2006" dir="1" index="1" bw="97" slack="1"/>
</pin_list>
<bind>
<opset="mul_ln39_8 "/>
</bind>
</comp>

<comp id="2009" class="1005" name="tmp_72_reg_2009">
<pin_list>
<pin id="2010" dir="0" index="0" bw="22" slack="2"/>
<pin id="2011" dir="1" index="1" bw="22" slack="2"/>
</pin_list>
<bind>
<opset="tmp_72 "/>
</bind>
</comp>

<comp id="2014" class="1005" name="sub_ln39_5_reg_2014">
<pin_list>
<pin id="2015" dir="0" index="0" bw="97" slack="1"/>
<pin id="2016" dir="1" index="1" bw="97" slack="1"/>
</pin_list>
<bind>
<opset="sub_ln39_5 "/>
</bind>
</comp>

<comp id="2019" class="1005" name="mul_ln39_4_reg_2019">
<pin_list>
<pin id="2020" dir="0" index="0" bw="97" slack="1"/>
<pin id="2021" dir="1" index="1" bw="97" slack="1"/>
</pin_list>
<bind>
<opset="mul_ln39_4 "/>
</bind>
</comp>

<comp id="2024" class="1005" name="tmp_58_reg_2024">
<pin_list>
<pin id="2025" dir="0" index="0" bw="22" slack="2"/>
<pin id="2026" dir="1" index="1" bw="22" slack="2"/>
</pin_list>
<bind>
<opset="tmp_58 "/>
</bind>
</comp>

<comp id="2029" class="1005" name="sub_ln39_13_reg_2029">
<pin_list>
<pin id="2030" dir="0" index="0" bw="97" slack="1"/>
<pin id="2031" dir="1" index="1" bw="97" slack="1"/>
</pin_list>
<bind>
<opset="sub_ln39_13 "/>
</bind>
</comp>

<comp id="2034" class="1005" name="sub_ln39_17_reg_2034">
<pin_list>
<pin id="2035" dir="0" index="0" bw="97" slack="1"/>
<pin id="2036" dir="1" index="1" bw="97" slack="1"/>
</pin_list>
<bind>
<opset="sub_ln39_17 "/>
</bind>
</comp>

<comp id="2039" class="1005" name="select_ln39_6_reg_2039">
<pin_list>
<pin id="2040" dir="0" index="0" bw="48" slack="1"/>
<pin id="2041" dir="1" index="1" bw="48" slack="1"/>
</pin_list>
<bind>
<opset="select_ln39_6 "/>
</bind>
</comp>

<comp id="2044" class="1005" name="sub_ln39_9_reg_2044">
<pin_list>
<pin id="2045" dir="0" index="0" bw="97" slack="1"/>
<pin id="2046" dir="1" index="1" bw="97" slack="1"/>
</pin_list>
<bind>
<opset="sub_ln39_9 "/>
</bind>
</comp>

<comp id="2049" class="1005" name="select_ln39_14_reg_2049">
<pin_list>
<pin id="2050" dir="0" index="0" bw="48" slack="1"/>
<pin id="2051" dir="1" index="1" bw="48" slack="1"/>
</pin_list>
<bind>
<opset="select_ln39_14 "/>
</bind>
</comp>

<comp id="2054" class="1005" name="select_ln39_18_reg_2054">
<pin_list>
<pin id="2055" dir="0" index="0" bw="48" slack="1"/>
<pin id="2056" dir="1" index="1" bw="48" slack="1"/>
</pin_list>
<bind>
<opset="select_ln39_18 "/>
</bind>
</comp>

<comp id="2059" class="1005" name="sub_ln40_2_reg_2059">
<pin_list>
<pin id="2060" dir="0" index="0" bw="32" slack="1"/>
<pin id="2061" dir="1" index="1" bw="32" slack="1"/>
</pin_list>
<bind>
<opset="sub_ln40_2 "/>
</bind>
</comp>

<comp id="2064" class="1005" name="sub_ln40_reg_2064">
<pin_list>
<pin id="2065" dir="0" index="0" bw="32" slack="1"/>
<pin id="2066" dir="1" index="1" bw="32" slack="1"/>
</pin_list>
<bind>
<opset="sub_ln40 "/>
</bind>
</comp>

<comp id="2069" class="1005" name="sext_ln39_reg_2069">
<pin_list>
<pin id="2070" dir="0" index="0" bw="48" slack="1"/>
<pin id="2071" dir="1" index="1" bw="48" slack="1"/>
</pin_list>
<bind>
<opset="sext_ln39 "/>
</bind>
</comp>

<comp id="2074" class="1005" name="sub_ln40_4_reg_2074">
<pin_list>
<pin id="2075" dir="0" index="0" bw="32" slack="1"/>
<pin id="2076" dir="1" index="1" bw="32" slack="1"/>
</pin_list>
<bind>
<opset="sub_ln40_4 "/>
</bind>
</comp>

<comp id="2079" class="1005" name="sub_ln40_6_reg_2079">
<pin_list>
<pin id="2080" dir="0" index="0" bw="32" slack="1"/>
<pin id="2081" dir="1" index="1" bw="32" slack="1"/>
</pin_list>
<bind>
<opset="sub_ln40_6 "/>
</bind>
</comp>

<comp id="2084" class="1005" name="sub_ln40_5_reg_2084">
<pin_list>
<pin id="2085" dir="0" index="0" bw="32" slack="1"/>
<pin id="2086" dir="1" index="1" bw="32" slack="1"/>
</pin_list>
<bind>
<opset="sub_ln40_5 "/>
</bind>
</comp>

<comp id="2089" class="1005" name="select_ln39_10_reg_2089">
<pin_list>
<pin id="2090" dir="0" index="0" bw="48" slack="1"/>
<pin id="2091" dir="1" index="1" bw="48" slack="1"/>
</pin_list>
<bind>
<opset="select_ln39_10 "/>
</bind>
</comp>

<comp id="2094" class="1005" name="sub_ln40_9_reg_2094">
<pin_list>
<pin id="2095" dir="0" index="0" bw="32" slack="1"/>
<pin id="2096" dir="1" index="1" bw="32" slack="1"/>
</pin_list>
<bind>
<opset="sub_ln40_9 "/>
</bind>
</comp>

<comp id="2099" class="1005" name="sub_ln40_7_reg_2099">
<pin_list>
<pin id="2100" dir="0" index="0" bw="32" slack="1"/>
<pin id="2101" dir="1" index="1" bw="32" slack="1"/>
</pin_list>
<bind>
<opset="sub_ln40_7 "/>
</bind>
</comp>

<comp id="2104" class="1005" name="sext_ln39_2_reg_2104">
<pin_list>
<pin id="2105" dir="0" index="0" bw="48" slack="1"/>
<pin id="2106" dir="1" index="1" bw="48" slack="1"/>
</pin_list>
<bind>
<opset="sext_ln39_2 "/>
</bind>
</comp>

<comp id="2109" class="1005" name="sub_ln40_11_reg_2109">
<pin_list>
<pin id="2110" dir="0" index="0" bw="32" slack="1"/>
<pin id="2111" dir="1" index="1" bw="32" slack="1"/>
</pin_list>
<bind>
<opset="sub_ln40_11 "/>
</bind>
</comp>

<comp id="2114" class="1005" name="sub_ln40_13_reg_2114">
<pin_list>
<pin id="2115" dir="0" index="0" bw="32" slack="1"/>
<pin id="2116" dir="1" index="1" bw="32" slack="1"/>
</pin_list>
<bind>
<opset="sub_ln40_13 "/>
</bind>
</comp>

<comp id="2119" class="1005" name="sub_ln40_12_reg_2119">
<pin_list>
<pin id="2120" dir="0" index="0" bw="32" slack="1"/>
<pin id="2121" dir="1" index="1" bw="32" slack="1"/>
</pin_list>
<bind>
<opset="sub_ln40_12 "/>
</bind>
</comp>

<comp id="2124" class="1005" name="sext_ln39_3_reg_2124">
<pin_list>
<pin id="2125" dir="0" index="0" bw="48" slack="1"/>
<pin id="2126" dir="1" index="1" bw="48" slack="1"/>
</pin_list>
<bind>
<opset="sext_ln39_3 "/>
</bind>
</comp>

<comp id="2129" class="1005" name="sext_ln34_8_reg_2129">
<pin_list>
<pin id="2130" dir="0" index="0" bw="48" slack="1"/>
<pin id="2131" dir="1" index="1" bw="48" slack="1"/>
</pin_list>
<bind>
<opset="sext_ln34_8 "/>
</bind>
</comp>

<comp id="2135" class="1005" name="sext_ln34_9_reg_2135">
<pin_list>
<pin id="2136" dir="0" index="0" bw="48" slack="1"/>
<pin id="2137" dir="1" index="1" bw="48" slack="1"/>
</pin_list>
<bind>
<opset="sext_ln34_9 "/>
</bind>
</comp>

<comp id="2141" class="1005" name="sext_ln34_reg_2141">
<pin_list>
<pin id="2142" dir="0" index="0" bw="48" slack="1"/>
<pin id="2143" dir="1" index="1" bw="48" slack="1"/>
</pin_list>
<bind>
<opset="sext_ln34 "/>
</bind>
</comp>

<comp id="2147" class="1005" name="sext_ln34_7_reg_2147">
<pin_list>
<pin id="2148" dir="0" index="0" bw="48" slack="1"/>
<pin id="2149" dir="1" index="1" bw="48" slack="1"/>
</pin_list>
<bind>
<opset="sext_ln34_7 "/>
</bind>
</comp>

<comp id="2153" class="1005" name="sext_ln34_10_reg_2153">
<pin_list>
<pin id="2154" dir="0" index="0" bw="48" slack="1"/>
<pin id="2155" dir="1" index="1" bw="48" slack="1"/>
</pin_list>
<bind>
<opset="sext_ln34_10 "/>
</bind>
</comp>

<comp id="2159" class="1005" name="sext_ln34_12_reg_2159">
<pin_list>
<pin id="2160" dir="0" index="0" bw="48" slack="1"/>
<pin id="2161" dir="1" index="1" bw="48" slack="1"/>
</pin_list>
<bind>
<opset="sext_ln34_12 "/>
</bind>
</comp>

<comp id="2165" class="1005" name="sext_ln34_11_reg_2165">
<pin_list>
<pin id="2166" dir="0" index="0" bw="48" slack="1"/>
<pin id="2167" dir="1" index="1" bw="48" slack="1"/>
</pin_list>
<bind>
<opset="sext_ln34_11 "/>
</bind>
</comp>

<comp id="2171" class="1005" name="sext_ln39_1_reg_2171">
<pin_list>
<pin id="2172" dir="0" index="0" bw="48" slack="1"/>
<pin id="2173" dir="1" index="1" bw="48" slack="1"/>
</pin_list>
<bind>
<opset="sext_ln39_1 "/>
</bind>
</comp>

<comp id="2176" class="1005" name="sext_ln34_15_reg_2176">
<pin_list>
<pin id="2177" dir="0" index="0" bw="48" slack="1"/>
<pin id="2178" dir="1" index="1" bw="48" slack="1"/>
</pin_list>
<bind>
<opset="sext_ln34_15 "/>
</bind>
</comp>

<comp id="2182" class="1005" name="sext_ln34_16_reg_2182">
<pin_list>
<pin id="2183" dir="0" index="0" bw="48" slack="1"/>
<pin id="2184" dir="1" index="1" bw="48" slack="1"/>
</pin_list>
<bind>
<opset="sext_ln34_16 "/>
</bind>
</comp>

<comp id="2188" class="1005" name="sext_ln34_13_reg_2188">
<pin_list>
<pin id="2189" dir="0" index="0" bw="48" slack="1"/>
<pin id="2190" dir="1" index="1" bw="48" slack="1"/>
</pin_list>
<bind>
<opset="sext_ln34_13 "/>
</bind>
</comp>

<comp id="2194" class="1005" name="sext_ln34_14_reg_2194">
<pin_list>
<pin id="2195" dir="0" index="0" bw="48" slack="1"/>
<pin id="2196" dir="1" index="1" bw="48" slack="1"/>
</pin_list>
<bind>
<opset="sext_ln34_14 "/>
</bind>
</comp>

<comp id="2200" class="1005" name="sext_ln34_17_reg_2200">
<pin_list>
<pin id="2201" dir="0" index="0" bw="48" slack="1"/>
<pin id="2202" dir="1" index="1" bw="48" slack="1"/>
</pin_list>
<bind>
<opset="sext_ln34_17 "/>
</bind>
</comp>

<comp id="2206" class="1005" name="sext_ln34_19_reg_2206">
<pin_list>
<pin id="2207" dir="0" index="0" bw="48" slack="1"/>
<pin id="2208" dir="1" index="1" bw="48" slack="1"/>
</pin_list>
<bind>
<opset="sext_ln34_19 "/>
</bind>
</comp>

<comp id="2212" class="1005" name="sext_ln34_18_reg_2212">
<pin_list>
<pin id="2213" dir="0" index="0" bw="48" slack="1"/>
<pin id="2214" dir="1" index="1" bw="48" slack="1"/>
</pin_list>
<bind>
<opset="sext_ln34_18 "/>
</bind>
</comp>

<comp id="2218" class="1005" name="trunc_ln34_8_reg_2218">
<pin_list>
<pin id="2219" dir="0" index="0" bw="32" slack="3"/>
<pin id="2220" dir="1" index="1" bw="32" slack="3"/>
</pin_list>
<bind>
<opset="trunc_ln34_8 "/>
</bind>
</comp>

<comp id="2223" class="1005" name="trunc_ln34_12_reg_2223">
<pin_list>
<pin id="2224" dir="0" index="0" bw="32" slack="3"/>
<pin id="2225" dir="1" index="1" bw="32" slack="3"/>
</pin_list>
<bind>
<opset="trunc_ln34_12 "/>
</bind>
</comp>

<comp id="2228" class="1005" name="trunc_ln34_17_reg_2228">
<pin_list>
<pin id="2229" dir="0" index="0" bw="32" slack="3"/>
<pin id="2230" dir="1" index="1" bw="32" slack="3"/>
</pin_list>
<bind>
<opset="trunc_ln34_17 "/>
</bind>
</comp>

<comp id="2233" class="1005" name="trunc_ln34_1_reg_2233">
<pin_list>
<pin id="2234" dir="0" index="0" bw="32" slack="1"/>
<pin id="2235" dir="1" index="1" bw="32" slack="1"/>
</pin_list>
<bind>
<opset="trunc_ln34_1 "/>
</bind>
</comp>

<comp id="2238" class="1005" name="trunc_ln34_2_reg_2238">
<pin_list>
<pin id="2239" dir="0" index="0" bw="32" slack="1"/>
<pin id="2240" dir="1" index="1" bw="32" slack="1"/>
</pin_list>
<bind>
<opset="trunc_ln34_2 "/>
</bind>
</comp>

<comp id="2243" class="1005" name="trunc_ln34_9_reg_2243">
<pin_list>
<pin id="2244" dir="0" index="0" bw="32" slack="1"/>
<pin id="2245" dir="1" index="1" bw="32" slack="1"/>
</pin_list>
<bind>
<opset="trunc_ln34_9 "/>
</bind>
</comp>

<comp id="2248" class="1005" name="trunc_ln34_s_reg_2248">
<pin_list>
<pin id="2249" dir="0" index="0" bw="32" slack="1"/>
<pin id="2250" dir="1" index="1" bw="32" slack="1"/>
</pin_list>
<bind>
<opset="trunc_ln34_s "/>
</bind>
</comp>

<comp id="2253" class="1005" name="trunc_ln34_5_reg_2253">
<pin_list>
<pin id="2254" dir="0" index="0" bw="32" slack="1"/>
<pin id="2255" dir="1" index="1" bw="32" slack="1"/>
</pin_list>
<bind>
<opset="trunc_ln34_5 "/>
</bind>
</comp>

<comp id="2259" class="1005" name="trunc_ln34_10_reg_2259">
<pin_list>
<pin id="2260" dir="0" index="0" bw="32" slack="1"/>
<pin id="2261" dir="1" index="1" bw="32" slack="1"/>
</pin_list>
<bind>
<opset="trunc_ln34_10 "/>
</bind>
</comp>

<comp id="2264" class="1005" name="trunc_ln34_7_reg_2264">
<pin_list>
<pin id="2265" dir="0" index="0" bw="32" slack="1"/>
<pin id="2266" dir="1" index="1" bw="32" slack="1"/>
</pin_list>
<bind>
<opset="trunc_ln34_7 "/>
</bind>
</comp>

<comp id="2269" class="1005" name="trunc_ln34_4_reg_2269">
<pin_list>
<pin id="2270" dir="0" index="0" bw="32" slack="2"/>
<pin id="2271" dir="1" index="1" bw="32" slack="2"/>
</pin_list>
<bind>
<opset="trunc_ln34_4 "/>
</bind>
</comp>

<comp id="2274" class="1005" name="trunc_ln34_15_reg_2274">
<pin_list>
<pin id="2275" dir="0" index="0" bw="32" slack="1"/>
<pin id="2276" dir="1" index="1" bw="32" slack="1"/>
</pin_list>
<bind>
<opset="trunc_ln34_15 "/>
</bind>
</comp>

<comp id="2279" class="1005" name="trunc_ln34_16_reg_2279">
<pin_list>
<pin id="2280" dir="0" index="0" bw="32" slack="1"/>
<pin id="2281" dir="1" index="1" bw="32" slack="1"/>
</pin_list>
<bind>
<opset="trunc_ln34_16 "/>
</bind>
</comp>

<comp id="2284" class="1005" name="trunc_ln34_13_reg_2284">
<pin_list>
<pin id="2285" dir="0" index="0" bw="32" slack="1"/>
<pin id="2286" dir="1" index="1" bw="32" slack="1"/>
</pin_list>
<bind>
<opset="trunc_ln34_13 "/>
</bind>
</comp>

<comp id="2289" class="1005" name="trunc_ln34_14_reg_2289">
<pin_list>
<pin id="2290" dir="0" index="0" bw="32" slack="1"/>
<pin id="2291" dir="1" index="1" bw="32" slack="1"/>
</pin_list>
<bind>
<opset="trunc_ln34_14 "/>
</bind>
</comp>

<comp id="2294" class="1005" name="trunc_ln34_18_reg_2294">
<pin_list>
<pin id="2295" dir="0" index="0" bw="32" slack="1"/>
<pin id="2296" dir="1" index="1" bw="32" slack="1"/>
</pin_list>
<bind>
<opset="trunc_ln34_18 "/>
</bind>
</comp>

<comp id="2300" class="1005" name="trunc_ln34_20_reg_2300">
<pin_list>
<pin id="2301" dir="0" index="0" bw="32" slack="1"/>
<pin id="2302" dir="1" index="1" bw="32" slack="1"/>
</pin_list>
<bind>
<opset="trunc_ln34_20 "/>
</bind>
</comp>

<comp id="2305" class="1005" name="trunc_ln34_19_reg_2305">
<pin_list>
<pin id="2306" dir="0" index="0" bw="32" slack="1"/>
<pin id="2307" dir="1" index="1" bw="32" slack="1"/>
</pin_list>
<bind>
<opset="trunc_ln34_19 "/>
</bind>
</comp>

<comp id="2310" class="1005" name="add_ln40_1_reg_2310">
<pin_list>
<pin id="2311" dir="0" index="0" bw="32" slack="1"/>
<pin id="2312" dir="1" index="1" bw="32" slack="1"/>
</pin_list>
<bind>
<opset="add_ln40_1 "/>
</bind>
</comp>

<comp id="2315" class="1005" name="add_ln40_reg_2315">
<pin_list>
<pin id="2316" dir="0" index="0" bw="32" slack="1"/>
<pin id="2317" dir="1" index="1" bw="32" slack="1"/>
</pin_list>
<bind>
<opset="add_ln40 "/>
</bind>
</comp>

<comp id="2320" class="1005" name="add_ln40_5_reg_2320">
<pin_list>
<pin id="2321" dir="0" index="0" bw="32" slack="1"/>
<pin id="2322" dir="1" index="1" bw="32" slack="1"/>
</pin_list>
<bind>
<opset="add_ln40_5 "/>
</bind>
</comp>

<comp id="2325" class="1005" name="add_ln40_4_reg_2325">
<pin_list>
<pin id="2326" dir="0" index="0" bw="32" slack="1"/>
<pin id="2327" dir="1" index="1" bw="32" slack="1"/>
</pin_list>
<bind>
<opset="add_ln40_4 "/>
</bind>
</comp>

<comp id="2330" class="1005" name="add_ln40_6_reg_2330">
<pin_list>
<pin id="2331" dir="0" index="0" bw="32" slack="1"/>
<pin id="2332" dir="1" index="1" bw="32" slack="1"/>
</pin_list>
<bind>
<opset="add_ln40_6 "/>
</bind>
</comp>

<comp id="2335" class="1005" name="add_ln40_2_reg_2335">
<pin_list>
<pin id="2336" dir="0" index="0" bw="32" slack="1"/>
<pin id="2337" dir="1" index="1" bw="32" slack="1"/>
</pin_list>
<bind>
<opset="add_ln40_2 "/>
</bind>
</comp>

<comp id="2340" class="1005" name="add_ln40_7_reg_2340">
<pin_list>
<pin id="2341" dir="0" index="0" bw="32" slack="1"/>
<pin id="2342" dir="1" index="1" bw="32" slack="1"/>
</pin_list>
<bind>
<opset="add_ln40_7 "/>
</bind>
</comp>

<comp id="2345" class="1005" name="add_ln40_3_reg_2345">
<pin_list>
<pin id="2346" dir="0" index="0" bw="32" slack="1"/>
<pin id="2347" dir="1" index="1" bw="32" slack="1"/>
</pin_list>
<bind>
<opset="add_ln40_3 "/>
</bind>
</comp>

</comp_list>

<net_list>
<net id="72"><net_src comp="6" pin="0"/><net_sink comp="68" pin=0"/></net>

<net id="73"><net_src comp="4" pin="0"/><net_sink comp="68" pin=1"/></net>

<net id="78"><net_src comp="6" pin="0"/><net_sink comp="74" pin=0"/></net>

<net id="79"><net_src comp="2" pin="0"/><net_sink comp="74" pin=1"/></net>

<net id="84"><net_src comp="6" pin="0"/><net_sink comp="80" pin=0"/></net>

<net id="85"><net_src comp="0" pin="0"/><net_sink comp="80" pin=1"/></net>

<net id="134"><net_src comp="12" pin="0"/><net_sink comp="130" pin=0"/></net>

<net id="139"><net_src comp="12" pin="0"/><net_sink comp="135" pin=0"/></net>

<net id="144"><net_src comp="12" pin="0"/><net_sink comp="140" pin=0"/></net>

<net id="149"><net_src comp="12" pin="0"/><net_sink comp="145" pin=0"/></net>

<net id="154"><net_src comp="8" pin="0"/><net_sink comp="150" pin=1"/></net>

<net id="159"><net_src comp="10" pin="0"/><net_sink comp="155" pin=1"/></net>

<net id="164"><net_src comp="10" pin="0"/><net_sink comp="160" pin=1"/></net>

<net id="169"><net_src comp="8" pin="0"/><net_sink comp="165" pin=1"/></net>

<net id="173"><net_src comp="80" pin="2"/><net_sink comp="170" pin=0"/></net>

<net id="177"><net_src comp="74" pin="2"/><net_sink comp="174" pin=0"/></net>

<net id="182"><net_src comp="66" pin="0"/><net_sink comp="178" pin=0"/></net>

<net id="187"><net_src comp="64" pin="0"/><net_sink comp="183" pin=0"/></net>

<net id="191"><net_src comp="178" pin="2"/><net_sink comp="188" pin=0"/></net>

<net id="195"><net_src comp="183" pin="2"/><net_sink comp="192" pin=0"/></net>

<net id="199"><net_src comp="130" pin="2"/><net_sink comp="196" pin=0"/></net>

<net id="205"><net_src comp="14" pin="0"/><net_sink comp="200" pin=0"/></net>

<net id="206"><net_src comp="16" pin="0"/><net_sink comp="200" pin=2"/></net>

<net id="212"><net_src comp="18" pin="0"/><net_sink comp="207" pin=0"/></net>

<net id="213"><net_src comp="20" pin="0"/><net_sink comp="207" pin=2"/></net>

<net id="218"><net_src comp="200" pin="3"/><net_sink comp="214" pin=0"/></net>

<net id="219"><net_src comp="207" pin="3"/><net_sink comp="214" pin=1"/></net>

<net id="226"><net_src comp="22" pin="0"/><net_sink comp="220" pin=0"/></net>

<net id="227"><net_src comp="214" pin="2"/><net_sink comp="220" pin=1"/></net>

<net id="228"><net_src comp="24" pin="0"/><net_sink comp="220" pin=2"/></net>

<net id="229"><net_src comp="26" pin="0"/><net_sink comp="220" pin=3"/></net>

<net id="235"><net_src comp="28" pin="0"/><net_sink comp="230" pin=0"/></net>

<net id="236"><net_src comp="214" pin="2"/><net_sink comp="230" pin=1"/></net>

<net id="237"><net_src comp="26" pin="0"/><net_sink comp="230" pin=2"/></net>

<net id="246"><net_src comp="14" pin="0"/><net_sink comp="241" pin=0"/></net>

<net id="247"><net_src comp="238" pin="1"/><net_sink comp="241" pin=1"/></net>

<net id="248"><net_src comp="16" pin="0"/><net_sink comp="241" pin=2"/></net>

<net id="253"><net_src comp="30" pin="0"/><net_sink comp="249" pin=0"/></net>

<net id="254"><net_src comp="241" pin="3"/><net_sink comp="249" pin=1"/></net>

<net id="260"><net_src comp="18" pin="0"/><net_sink comp="255" pin=0"/></net>

<net id="261"><net_src comp="20" pin="0"/><net_sink comp="255" pin=2"/></net>

<net id="266"><net_src comp="249" pin="2"/><net_sink comp="262" pin=0"/></net>

<net id="267"><net_src comp="255" pin="3"/><net_sink comp="262" pin=1"/></net>

<net id="274"><net_src comp="22" pin="0"/><net_sink comp="268" pin=0"/></net>

<net id="275"><net_src comp="262" pin="2"/><net_sink comp="268" pin=1"/></net>

<net id="276"><net_src comp="24" pin="0"/><net_sink comp="268" pin=2"/></net>

<net id="277"><net_src comp="26" pin="0"/><net_sink comp="268" pin=3"/></net>

<net id="283"><net_src comp="28" pin="0"/><net_sink comp="278" pin=0"/></net>

<net id="284"><net_src comp="262" pin="2"/><net_sink comp="278" pin=1"/></net>

<net id="285"><net_src comp="26" pin="0"/><net_sink comp="278" pin=2"/></net>

<net id="294"><net_src comp="14" pin="0"/><net_sink comp="289" pin=0"/></net>

<net id="295"><net_src comp="286" pin="1"/><net_sink comp="289" pin=1"/></net>

<net id="296"><net_src comp="16" pin="0"/><net_sink comp="289" pin=2"/></net>

<net id="301"><net_src comp="30" pin="0"/><net_sink comp="297" pin=0"/></net>

<net id="302"><net_src comp="289" pin="3"/><net_sink comp="297" pin=1"/></net>

<net id="308"><net_src comp="18" pin="0"/><net_sink comp="303" pin=0"/></net>

<net id="309"><net_src comp="20" pin="0"/><net_sink comp="303" pin=2"/></net>

<net id="314"><net_src comp="297" pin="2"/><net_sink comp="310" pin=0"/></net>

<net id="315"><net_src comp="303" pin="3"/><net_sink comp="310" pin=1"/></net>

<net id="322"><net_src comp="22" pin="0"/><net_sink comp="316" pin=0"/></net>

<net id="323"><net_src comp="310" pin="2"/><net_sink comp="316" pin=1"/></net>

<net id="324"><net_src comp="24" pin="0"/><net_sink comp="316" pin=2"/></net>

<net id="325"><net_src comp="26" pin="0"/><net_sink comp="316" pin=3"/></net>

<net id="331"><net_src comp="28" pin="0"/><net_sink comp="326" pin=0"/></net>

<net id="332"><net_src comp="310" pin="2"/><net_sink comp="326" pin=1"/></net>

<net id="333"><net_src comp="26" pin="0"/><net_sink comp="326" pin=2"/></net>

<net id="342"><net_src comp="14" pin="0"/><net_sink comp="337" pin=0"/></net>

<net id="343"><net_src comp="334" pin="1"/><net_sink comp="337" pin=1"/></net>

<net id="344"><net_src comp="16" pin="0"/><net_sink comp="337" pin=2"/></net>

<net id="350"><net_src comp="18" pin="0"/><net_sink comp="345" pin=0"/></net>

<net id="351"><net_src comp="20" pin="0"/><net_sink comp="345" pin=2"/></net>

<net id="356"><net_src comp="337" pin="3"/><net_sink comp="352" pin=0"/></net>

<net id="357"><net_src comp="345" pin="3"/><net_sink comp="352" pin=1"/></net>

<net id="364"><net_src comp="22" pin="0"/><net_sink comp="358" pin=0"/></net>

<net id="365"><net_src comp="352" pin="2"/><net_sink comp="358" pin=1"/></net>

<net id="366"><net_src comp="24" pin="0"/><net_sink comp="358" pin=2"/></net>

<net id="367"><net_src comp="26" pin="0"/><net_sink comp="358" pin=3"/></net>

<net id="373"><net_src comp="28" pin="0"/><net_sink comp="368" pin=0"/></net>

<net id="374"><net_src comp="352" pin="2"/><net_sink comp="368" pin=1"/></net>

<net id="375"><net_src comp="26" pin="0"/><net_sink comp="368" pin=2"/></net>

<net id="381"><net_src comp="32" pin="0"/><net_sink comp="376" pin=0"/></net>

<net id="382"><net_src comp="34" pin="0"/><net_sink comp="376" pin=2"/></net>

<net id="386"><net_src comp="376" pin="3"/><net_sink comp="383" pin=0"/></net>

<net id="391"><net_src comp="383" pin="1"/><net_sink comp="387" pin=0"/></net>

<net id="392"><net_src comp="36" pin="0"/><net_sink comp="387" pin=1"/></net>

<net id="398"><net_src comp="32" pin="0"/><net_sink comp="393" pin=0"/></net>

<net id="399"><net_src comp="34" pin="0"/><net_sink comp="393" pin=2"/></net>

<net id="403"><net_src comp="393" pin="3"/><net_sink comp="400" pin=0"/></net>

<net id="408"><net_src comp="400" pin="1"/><net_sink comp="404" pin=0"/></net>

<net id="409"><net_src comp="36" pin="0"/><net_sink comp="404" pin=1"/></net>

<net id="415"><net_src comp="32" pin="0"/><net_sink comp="410" pin=0"/></net>

<net id="416"><net_src comp="34" pin="0"/><net_sink comp="410" pin=2"/></net>

<net id="420"><net_src comp="410" pin="3"/><net_sink comp="417" pin=0"/></net>

<net id="425"><net_src comp="417" pin="1"/><net_sink comp="421" pin=0"/></net>

<net id="426"><net_src comp="36" pin="0"/><net_sink comp="421" pin=1"/></net>

<net id="432"><net_src comp="32" pin="0"/><net_sink comp="427" pin=0"/></net>

<net id="433"><net_src comp="34" pin="0"/><net_sink comp="427" pin=2"/></net>

<net id="437"><net_src comp="427" pin="3"/><net_sink comp="434" pin=0"/></net>

<net id="442"><net_src comp="434" pin="1"/><net_sink comp="438" pin=0"/></net>

<net id="443"><net_src comp="36" pin="0"/><net_sink comp="438" pin=1"/></net>

<net id="450"><net_src comp="38" pin="0"/><net_sink comp="444" pin=0"/></net>

<net id="451"><net_src comp="387" pin="2"/><net_sink comp="444" pin=1"/></net>

<net id="452"><net_src comp="40" pin="0"/><net_sink comp="444" pin=2"/></net>

<net id="453"><net_src comp="42" pin="0"/><net_sink comp="444" pin=3"/></net>

<net id="460"><net_src comp="38" pin="0"/><net_sink comp="454" pin=0"/></net>

<net id="461"><net_src comp="404" pin="2"/><net_sink comp="454" pin=1"/></net>

<net id="462"><net_src comp="40" pin="0"/><net_sink comp="454" pin=2"/></net>

<net id="463"><net_src comp="42" pin="0"/><net_sink comp="454" pin=3"/></net>

<net id="470"><net_src comp="38" pin="0"/><net_sink comp="464" pin=0"/></net>

<net id="471"><net_src comp="421" pin="2"/><net_sink comp="464" pin=1"/></net>

<net id="472"><net_src comp="40" pin="0"/><net_sink comp="464" pin=2"/></net>

<net id="473"><net_src comp="42" pin="0"/><net_sink comp="464" pin=3"/></net>

<net id="480"><net_src comp="38" pin="0"/><net_sink comp="474" pin=0"/></net>

<net id="481"><net_src comp="438" pin="2"/><net_sink comp="474" pin=1"/></net>

<net id="482"><net_src comp="40" pin="0"/><net_sink comp="474" pin=2"/></net>

<net id="483"><net_src comp="42" pin="0"/><net_sink comp="474" pin=3"/></net>

<net id="488"><net_src comp="44" pin="0"/><net_sink comp="484" pin=0"/></net>

<net id="493"><net_src comp="44" pin="0"/><net_sink comp="489" pin=0"/></net>

<net id="498"><net_src comp="44" pin="0"/><net_sink comp="494" pin=0"/></net>

<net id="503"><net_src comp="44" pin="0"/><net_sink comp="499" pin=0"/></net>

<net id="510"><net_src comp="38" pin="0"/><net_sink comp="504" pin=0"/></net>

<net id="511"><net_src comp="40" pin="0"/><net_sink comp="504" pin=2"/></net>

<net id="512"><net_src comp="42" pin="0"/><net_sink comp="504" pin=3"/></net>

<net id="518"><net_src comp="504" pin="4"/><net_sink comp="513" pin=1"/></net>

<net id="523"><net_src comp="46" pin="0"/><net_sink comp="519" pin=0"/></net>

<net id="524"><net_src comp="513" pin="3"/><net_sink comp="519" pin=1"/></net>

<net id="531"><net_src comp="38" pin="0"/><net_sink comp="525" pin=0"/></net>

<net id="532"><net_src comp="40" pin="0"/><net_sink comp="525" pin=2"/></net>

<net id="533"><net_src comp="42" pin="0"/><net_sink comp="525" pin=3"/></net>

<net id="539"><net_src comp="525" pin="4"/><net_sink comp="534" pin=1"/></net>

<net id="544"><net_src comp="46" pin="0"/><net_sink comp="540" pin=0"/></net>

<net id="545"><net_src comp="534" pin="3"/><net_sink comp="540" pin=1"/></net>

<net id="552"><net_src comp="38" pin="0"/><net_sink comp="546" pin=0"/></net>

<net id="553"><net_src comp="40" pin="0"/><net_sink comp="546" pin=2"/></net>

<net id="554"><net_src comp="42" pin="0"/><net_sink comp="546" pin=3"/></net>

<net id="560"><net_src comp="546" pin="4"/><net_sink comp="555" pin=1"/></net>

<net id="565"><net_src comp="46" pin="0"/><net_sink comp="561" pin=0"/></net>

<net id="566"><net_src comp="555" pin="3"/><net_sink comp="561" pin=1"/></net>

<net id="573"><net_src comp="38" pin="0"/><net_sink comp="567" pin=0"/></net>

<net id="574"><net_src comp="40" pin="0"/><net_sink comp="567" pin=2"/></net>

<net id="575"><net_src comp="42" pin="0"/><net_sink comp="567" pin=3"/></net>

<net id="581"><net_src comp="567" pin="4"/><net_sink comp="576" pin=1"/></net>

<net id="586"><net_src comp="46" pin="0"/><net_sink comp="582" pin=0"/></net>

<net id="587"><net_src comp="576" pin="3"/><net_sink comp="582" pin=1"/></net>

<net id="598"><net_src comp="48" pin="0"/><net_sink comp="593" pin=0"/></net>

<net id="599"><net_src comp="588" pin="3"/><net_sink comp="593" pin=1"/></net>

<net id="600"><net_src comp="50" pin="0"/><net_sink comp="593" pin=2"/></net>

<net id="605"><net_src comp="593" pin="3"/><net_sink comp="601" pin=0"/></net>

<net id="606"><net_src comp="52" pin="0"/><net_sink comp="601" pin=1"/></net>

<net id="611"><net_src comp="588" pin="3"/><net_sink comp="607" pin=0"/></net>

<net id="612"><net_src comp="54" pin="0"/><net_sink comp="607" pin=1"/></net>

<net id="617"><net_src comp="607" pin="2"/><net_sink comp="613" pin=0"/></net>

<net id="618"><net_src comp="601" pin="2"/><net_sink comp="613" pin=1"/></net>

<net id="623"><net_src comp="588" pin="3"/><net_sink comp="619" pin=0"/></net>

<net id="624"><net_src comp="56" pin="0"/><net_sink comp="619" pin=1"/></net>

<net id="633"><net_src comp="14" pin="0"/><net_sink comp="628" pin=0"/></net>

<net id="634"><net_src comp="625" pin="1"/><net_sink comp="628" pin=1"/></net>

<net id="635"><net_src comp="16" pin="0"/><net_sink comp="628" pin=2"/></net>

<net id="641"><net_src comp="18" pin="0"/><net_sink comp="636" pin=0"/></net>

<net id="642"><net_src comp="20" pin="0"/><net_sink comp="636" pin=2"/></net>

<net id="647"><net_src comp="628" pin="3"/><net_sink comp="643" pin=0"/></net>

<net id="648"><net_src comp="636" pin="3"/><net_sink comp="643" pin=1"/></net>

<net id="655"><net_src comp="22" pin="0"/><net_sink comp="649" pin=0"/></net>

<net id="656"><net_src comp="643" pin="2"/><net_sink comp="649" pin=1"/></net>

<net id="657"><net_src comp="24" pin="0"/><net_sink comp="649" pin=2"/></net>

<net id="658"><net_src comp="26" pin="0"/><net_sink comp="649" pin=3"/></net>

<net id="664"><net_src comp="28" pin="0"/><net_sink comp="659" pin=0"/></net>

<net id="665"><net_src comp="643" pin="2"/><net_sink comp="659" pin=1"/></net>

<net id="666"><net_src comp="26" pin="0"/><net_sink comp="659" pin=2"/></net>

<net id="677"><net_src comp="48" pin="0"/><net_sink comp="672" pin=0"/></net>

<net id="678"><net_src comp="667" pin="3"/><net_sink comp="672" pin=1"/></net>

<net id="679"><net_src comp="50" pin="0"/><net_sink comp="672" pin=2"/></net>

<net id="684"><net_src comp="672" pin="3"/><net_sink comp="680" pin=0"/></net>

<net id="685"><net_src comp="52" pin="0"/><net_sink comp="680" pin=1"/></net>

<net id="690"><net_src comp="667" pin="3"/><net_sink comp="686" pin=0"/></net>

<net id="691"><net_src comp="54" pin="0"/><net_sink comp="686" pin=1"/></net>

<net id="696"><net_src comp="686" pin="2"/><net_sink comp="692" pin=0"/></net>

<net id="697"><net_src comp="680" pin="2"/><net_sink comp="692" pin=1"/></net>

<net id="702"><net_src comp="667" pin="3"/><net_sink comp="698" pin=0"/></net>

<net id="703"><net_src comp="56" pin="0"/><net_sink comp="698" pin=1"/></net>

<net id="712"><net_src comp="14" pin="0"/><net_sink comp="707" pin=0"/></net>

<net id="713"><net_src comp="704" pin="1"/><net_sink comp="707" pin=1"/></net>

<net id="714"><net_src comp="16" pin="0"/><net_sink comp="707" pin=2"/></net>

<net id="719"><net_src comp="30" pin="0"/><net_sink comp="715" pin=0"/></net>

<net id="720"><net_src comp="707" pin="3"/><net_sink comp="715" pin=1"/></net>

<net id="726"><net_src comp="18" pin="0"/><net_sink comp="721" pin=0"/></net>

<net id="727"><net_src comp="20" pin="0"/><net_sink comp="721" pin=2"/></net>

<net id="732"><net_src comp="715" pin="2"/><net_sink comp="728" pin=0"/></net>

<net id="733"><net_src comp="721" pin="3"/><net_sink comp="728" pin=1"/></net>

<net id="740"><net_src comp="22" pin="0"/><net_sink comp="734" pin=0"/></net>

<net id="741"><net_src comp="728" pin="2"/><net_sink comp="734" pin=1"/></net>

<net id="742"><net_src comp="24" pin="0"/><net_sink comp="734" pin=2"/></net>

<net id="743"><net_src comp="26" pin="0"/><net_sink comp="734" pin=3"/></net>

<net id="754"><net_src comp="48" pin="0"/><net_sink comp="749" pin=0"/></net>

<net id="755"><net_src comp="744" pin="3"/><net_sink comp="749" pin=1"/></net>

<net id="756"><net_src comp="50" pin="0"/><net_sink comp="749" pin=2"/></net>

<net id="761"><net_src comp="749" pin="3"/><net_sink comp="757" pin=0"/></net>

<net id="762"><net_src comp="52" pin="0"/><net_sink comp="757" pin=1"/></net>

<net id="767"><net_src comp="744" pin="3"/><net_sink comp="763" pin=0"/></net>

<net id="768"><net_src comp="54" pin="0"/><net_sink comp="763" pin=1"/></net>

<net id="773"><net_src comp="763" pin="2"/><net_sink comp="769" pin=0"/></net>

<net id="774"><net_src comp="757" pin="2"/><net_sink comp="769" pin=1"/></net>

<net id="779"><net_src comp="744" pin="3"/><net_sink comp="775" pin=0"/></net>

<net id="780"><net_src comp="56" pin="0"/><net_sink comp="775" pin=1"/></net>

<net id="789"><net_src comp="14" pin="0"/><net_sink comp="784" pin=0"/></net>

<net id="790"><net_src comp="781" pin="1"/><net_sink comp="784" pin=1"/></net>

<net id="791"><net_src comp="16" pin="0"/><net_sink comp="784" pin=2"/></net>

<net id="796"><net_src comp="30" pin="0"/><net_sink comp="792" pin=0"/></net>

<net id="797"><net_src comp="784" pin="3"/><net_sink comp="792" pin=1"/></net>

<net id="803"><net_src comp="18" pin="0"/><net_sink comp="798" pin=0"/></net>

<net id="804"><net_src comp="20" pin="0"/><net_sink comp="798" pin=2"/></net>

<net id="809"><net_src comp="792" pin="2"/><net_sink comp="805" pin=0"/></net>

<net id="810"><net_src comp="798" pin="3"/><net_sink comp="805" pin=1"/></net>

<net id="817"><net_src comp="22" pin="0"/><net_sink comp="811" pin=0"/></net>

<net id="818"><net_src comp="805" pin="2"/><net_sink comp="811" pin=1"/></net>

<net id="819"><net_src comp="24" pin="0"/><net_sink comp="811" pin=2"/></net>

<net id="820"><net_src comp="26" pin="0"/><net_sink comp="811" pin=3"/></net>

<net id="826"><net_src comp="28" pin="0"/><net_sink comp="821" pin=0"/></net>

<net id="827"><net_src comp="805" pin="2"/><net_sink comp="821" pin=1"/></net>

<net id="828"><net_src comp="26" pin="0"/><net_sink comp="821" pin=2"/></net>

<net id="839"><net_src comp="48" pin="0"/><net_sink comp="834" pin=0"/></net>

<net id="840"><net_src comp="829" pin="3"/><net_sink comp="834" pin=1"/></net>

<net id="841"><net_src comp="50" pin="0"/><net_sink comp="834" pin=2"/></net>

<net id="846"><net_src comp="834" pin="3"/><net_sink comp="842" pin=0"/></net>

<net id="847"><net_src comp="52" pin="0"/><net_sink comp="842" pin=1"/></net>

<net id="852"><net_src comp="829" pin="3"/><net_sink comp="848" pin=0"/></net>

<net id="853"><net_src comp="54" pin="0"/><net_sink comp="848" pin=1"/></net>

<net id="858"><net_src comp="848" pin="2"/><net_sink comp="854" pin=0"/></net>

<net id="859"><net_src comp="842" pin="2"/><net_sink comp="854" pin=1"/></net>

<net id="864"><net_src comp="829" pin="3"/><net_sink comp="860" pin=0"/></net>

<net id="865"><net_src comp="56" pin="0"/><net_sink comp="860" pin=1"/></net>

<net id="870"><net_src comp="58" pin="0"/><net_sink comp="866" pin=0"/></net>

<net id="876"><net_src comp="60" pin="0"/><net_sink comp="871" pin=0"/></net>

<net id="877"><net_src comp="866" pin="2"/><net_sink comp="871" pin=1"/></net>

<net id="878"><net_src comp="62" pin="0"/><net_sink comp="871" pin=2"/></net>

<net id="884"><net_src comp="32" pin="0"/><net_sink comp="879" pin=0"/></net>

<net id="885"><net_src comp="34" pin="0"/><net_sink comp="879" pin=2"/></net>

<net id="889"><net_src comp="879" pin="3"/><net_sink comp="886" pin=0"/></net>

<net id="894"><net_src comp="886" pin="1"/><net_sink comp="890" pin=0"/></net>

<net id="895"><net_src comp="36" pin="0"/><net_sink comp="890" pin=1"/></net>

<net id="900"><net_src comp="58" pin="0"/><net_sink comp="896" pin=0"/></net>

<net id="906"><net_src comp="60" pin="0"/><net_sink comp="901" pin=0"/></net>

<net id="907"><net_src comp="896" pin="2"/><net_sink comp="901" pin=1"/></net>

<net id="908"><net_src comp="62" pin="0"/><net_sink comp="901" pin=2"/></net>

<net id="914"><net_src comp="32" pin="0"/><net_sink comp="909" pin=0"/></net>

<net id="915"><net_src comp="34" pin="0"/><net_sink comp="909" pin=2"/></net>

<net id="919"><net_src comp="909" pin="3"/><net_sink comp="916" pin=0"/></net>

<net id="924"><net_src comp="916" pin="1"/><net_sink comp="920" pin=0"/></net>

<net id="925"><net_src comp="36" pin="0"/><net_sink comp="920" pin=1"/></net>

<net id="931"><net_src comp="32" pin="0"/><net_sink comp="926" pin=0"/></net>

<net id="932"><net_src comp="34" pin="0"/><net_sink comp="926" pin=2"/></net>

<net id="936"><net_src comp="926" pin="3"/><net_sink comp="933" pin=0"/></net>

<net id="941"><net_src comp="933" pin="1"/><net_sink comp="937" pin=0"/></net>

<net id="942"><net_src comp="36" pin="0"/><net_sink comp="937" pin=1"/></net>

<net id="948"><net_src comp="32" pin="0"/><net_sink comp="943" pin=0"/></net>

<net id="949"><net_src comp="34" pin="0"/><net_sink comp="943" pin=2"/></net>

<net id="953"><net_src comp="943" pin="3"/><net_sink comp="950" pin=0"/></net>

<net id="958"><net_src comp="950" pin="1"/><net_sink comp="954" pin=0"/></net>

<net id="959"><net_src comp="36" pin="0"/><net_sink comp="954" pin=1"/></net>

<net id="966"><net_src comp="38" pin="0"/><net_sink comp="960" pin=0"/></net>

<net id="967"><net_src comp="890" pin="2"/><net_sink comp="960" pin=1"/></net>

<net id="968"><net_src comp="40" pin="0"/><net_sink comp="960" pin=2"/></net>

<net id="969"><net_src comp="42" pin="0"/><net_sink comp="960" pin=3"/></net>

<net id="976"><net_src comp="38" pin="0"/><net_sink comp="970" pin=0"/></net>

<net id="977"><net_src comp="920" pin="2"/><net_sink comp="970" pin=1"/></net>

<net id="978"><net_src comp="40" pin="0"/><net_sink comp="970" pin=2"/></net>

<net id="979"><net_src comp="42" pin="0"/><net_sink comp="970" pin=3"/></net>

<net id="986"><net_src comp="38" pin="0"/><net_sink comp="980" pin=0"/></net>

<net id="987"><net_src comp="937" pin="2"/><net_sink comp="980" pin=1"/></net>

<net id="988"><net_src comp="40" pin="0"/><net_sink comp="980" pin=2"/></net>

<net id="989"><net_src comp="42" pin="0"/><net_sink comp="980" pin=3"/></net>

<net id="994"><net_src comp="44" pin="0"/><net_sink comp="990" pin=0"/></net>

<net id="1001"><net_src comp="38" pin="0"/><net_sink comp="995" pin=0"/></net>

<net id="1002"><net_src comp="954" pin="2"/><net_sink comp="995" pin=1"/></net>

<net id="1003"><net_src comp="40" pin="0"/><net_sink comp="995" pin=2"/></net>

<net id="1004"><net_src comp="42" pin="0"/><net_sink comp="995" pin=3"/></net>

<net id="1009"><net_src comp="44" pin="0"/><net_sink comp="1005" pin=0"/></net>

<net id="1014"><net_src comp="44" pin="0"/><net_sink comp="1010" pin=0"/></net>

<net id="1021"><net_src comp="38" pin="0"/><net_sink comp="1015" pin=0"/></net>

<net id="1022"><net_src comp="40" pin="0"/><net_sink comp="1015" pin=2"/></net>

<net id="1023"><net_src comp="42" pin="0"/><net_sink comp="1015" pin=3"/></net>

<net id="1027"><net_src comp="1015" pin="4"/><net_sink comp="1024" pin=0"/></net>

<net id="1036"><net_src comp="1024" pin="1"/><net_sink comp="1031" pin=1"/></net>

<net id="1037"><net_src comp="1028" pin="1"/><net_sink comp="1031" pin=2"/></net>

<net id="1042"><net_src comp="30" pin="0"/><net_sink comp="1038" pin=0"/></net>

<net id="1043"><net_src comp="1031" pin="3"/><net_sink comp="1038" pin=1"/></net>

<net id="1049"><net_src comp="1038" pin="2"/><net_sink comp="1044" pin=1"/></net>

<net id="1050"><net_src comp="1028" pin="1"/><net_sink comp="1044" pin=2"/></net>

<net id="1055"><net_src comp="44" pin="0"/><net_sink comp="1051" pin=0"/></net>

<net id="1062"><net_src comp="38" pin="0"/><net_sink comp="1056" pin=0"/></net>

<net id="1063"><net_src comp="40" pin="0"/><net_sink comp="1056" pin=2"/></net>

<net id="1064"><net_src comp="42" pin="0"/><net_sink comp="1056" pin=3"/></net>

<net id="1068"><net_src comp="1056" pin="4"/><net_sink comp="1065" pin=0"/></net>

<net id="1077"><net_src comp="1065" pin="1"/><net_sink comp="1072" pin=1"/></net>

<net id="1078"><net_src comp="1069" pin="1"/><net_sink comp="1072" pin=2"/></net>

<net id="1083"><net_src comp="30" pin="0"/><net_sink comp="1079" pin=0"/></net>

<net id="1084"><net_src comp="1072" pin="3"/><net_sink comp="1079" pin=1"/></net>

<net id="1090"><net_src comp="1079" pin="2"/><net_sink comp="1085" pin=1"/></net>

<net id="1091"><net_src comp="1069" pin="1"/><net_sink comp="1085" pin=2"/></net>

<net id="1098"><net_src comp="38" pin="0"/><net_sink comp="1092" pin=0"/></net>

<net id="1099"><net_src comp="40" pin="0"/><net_sink comp="1092" pin=2"/></net>

<net id="1100"><net_src comp="42" pin="0"/><net_sink comp="1092" pin=3"/></net>

<net id="1104"><net_src comp="1092" pin="4"/><net_sink comp="1101" pin=0"/></net>

<net id="1113"><net_src comp="1101" pin="1"/><net_sink comp="1108" pin=1"/></net>

<net id="1114"><net_src comp="1105" pin="1"/><net_sink comp="1108" pin=2"/></net>

<net id="1119"><net_src comp="30" pin="0"/><net_sink comp="1115" pin=0"/></net>

<net id="1120"><net_src comp="1108" pin="3"/><net_sink comp="1115" pin=1"/></net>

<net id="1126"><net_src comp="1115" pin="2"/><net_sink comp="1121" pin=1"/></net>

<net id="1127"><net_src comp="1105" pin="1"/><net_sink comp="1121" pin=2"/></net>

<net id="1132"><net_src comp="64" pin="0"/><net_sink comp="1128" pin=0"/></net>

<net id="1137"><net_src comp="66" pin="0"/><net_sink comp="1133" pin=0"/></net>

<net id="1145"><net_src comp="1138" pin="1"/><net_sink comp="1141" pin=1"/></net>

<net id="1150"><net_src comp="66" pin="0"/><net_sink comp="1146" pin=0"/></net>

<net id="1155"><net_src comp="66" pin="0"/><net_sink comp="1151" pin=0"/></net>

<net id="1160"><net_src comp="64" pin="0"/><net_sink comp="1156" pin=0"/></net>

<net id="1167"><net_src comp="38" pin="0"/><net_sink comp="1161" pin=0"/></net>

<net id="1168"><net_src comp="40" pin="0"/><net_sink comp="1161" pin=2"/></net>

<net id="1169"><net_src comp="42" pin="0"/><net_sink comp="1161" pin=3"/></net>

<net id="1173"><net_src comp="1161" pin="4"/><net_sink comp="1170" pin=0"/></net>

<net id="1182"><net_src comp="1170" pin="1"/><net_sink comp="1177" pin=1"/></net>

<net id="1183"><net_src comp="1174" pin="1"/><net_sink comp="1177" pin=2"/></net>

<net id="1188"><net_src comp="30" pin="0"/><net_sink comp="1184" pin=0"/></net>

<net id="1189"><net_src comp="1177" pin="3"/><net_sink comp="1184" pin=1"/></net>

<net id="1195"><net_src comp="1184" pin="2"/><net_sink comp="1190" pin=1"/></net>

<net id="1196"><net_src comp="1174" pin="1"/><net_sink comp="1190" pin=2"/></net>

<net id="1201"><net_src comp="66" pin="0"/><net_sink comp="1197" pin=0"/></net>

<net id="1206"><net_src comp="64" pin="0"/><net_sink comp="1202" pin=0"/></net>

<net id="1214"><net_src comp="1207" pin="1"/><net_sink comp="1210" pin=1"/></net>

<net id="1219"><net_src comp="64" pin="0"/><net_sink comp="1215" pin=0"/></net>

<net id="1224"><net_src comp="64" pin="0"/><net_sink comp="1220" pin=0"/></net>

<net id="1229"><net_src comp="66" pin="0"/><net_sink comp="1225" pin=0"/></net>

<net id="1237"><net_src comp="1230" pin="1"/><net_sink comp="1233" pin=1"/></net>

<net id="1245"><net_src comp="1238" pin="1"/><net_sink comp="1241" pin=0"/></net>

<net id="1246"><net_src comp="1238" pin="1"/><net_sink comp="1241" pin=1"/></net>

<net id="1250"><net_src comp="188" pin="1"/><net_sink comp="1247" pin=0"/></net>

<net id="1255"><net_src comp="1247" pin="1"/><net_sink comp="1251" pin=0"/></net>

<net id="1256"><net_src comp="1247" pin="1"/><net_sink comp="1251" pin=1"/></net>

<net id="1264"><net_src comp="1257" pin="1"/><net_sink comp="1260" pin=0"/></net>

<net id="1265"><net_src comp="1257" pin="1"/><net_sink comp="1260" pin=1"/></net>

<net id="1269"><net_src comp="188" pin="1"/><net_sink comp="1266" pin=0"/></net>

<net id="1274"><net_src comp="1266" pin="1"/><net_sink comp="1270" pin=0"/></net>

<net id="1275"><net_src comp="1266" pin="1"/><net_sink comp="1270" pin=1"/></net>

<net id="1283"><net_src comp="1276" pin="1"/><net_sink comp="1279" pin=0"/></net>

<net id="1284"><net_src comp="1276" pin="1"/><net_sink comp="1279" pin=1"/></net>

<net id="1292"><net_src comp="1285" pin="1"/><net_sink comp="1288" pin=0"/></net>

<net id="1293"><net_src comp="1285" pin="1"/><net_sink comp="1288" pin=1"/></net>

<net id="1301"><net_src comp="1294" pin="1"/><net_sink comp="1297" pin=0"/></net>

<net id="1302"><net_src comp="1294" pin="1"/><net_sink comp="1297" pin=1"/></net>

<net id="1310"><net_src comp="1303" pin="1"/><net_sink comp="1306" pin=1"/></net>

<net id="1318"><net_src comp="1311" pin="1"/><net_sink comp="1314" pin=0"/></net>

<net id="1319"><net_src comp="1311" pin="1"/><net_sink comp="1314" pin=1"/></net>

<net id="1323"><net_src comp="192" pin="1"/><net_sink comp="1320" pin=0"/></net>

<net id="1328"><net_src comp="1320" pin="1"/><net_sink comp="1324" pin=0"/></net>

<net id="1329"><net_src comp="1320" pin="1"/><net_sink comp="1324" pin=1"/></net>

<net id="1337"><net_src comp="1330" pin="1"/><net_sink comp="1333" pin=0"/></net>

<net id="1338"><net_src comp="1330" pin="1"/><net_sink comp="1333" pin=1"/></net>

<net id="1342"><net_src comp="192" pin="1"/><net_sink comp="1339" pin=0"/></net>

<net id="1347"><net_src comp="1339" pin="1"/><net_sink comp="1343" pin=0"/></net>

<net id="1348"><net_src comp="1339" pin="1"/><net_sink comp="1343" pin=1"/></net>

<net id="1356"><net_src comp="1349" pin="1"/><net_sink comp="1352" pin=0"/></net>

<net id="1357"><net_src comp="1349" pin="1"/><net_sink comp="1352" pin=1"/></net>

<net id="1365"><net_src comp="1358" pin="1"/><net_sink comp="1361" pin=0"/></net>

<net id="1366"><net_src comp="1358" pin="1"/><net_sink comp="1361" pin=1"/></net>

<net id="1374"><net_src comp="1367" pin="1"/><net_sink comp="1370" pin=0"/></net>

<net id="1375"><net_src comp="1367" pin="1"/><net_sink comp="1370" pin=1"/></net>

<net id="1382"><net_src comp="22" pin="0"/><net_sink comp="1376" pin=0"/></net>

<net id="1383"><net_src comp="1141" pin="2"/><net_sink comp="1376" pin=1"/></net>

<net id="1384"><net_src comp="24" pin="0"/><net_sink comp="1376" pin=2"/></net>

<net id="1385"><net_src comp="26" pin="0"/><net_sink comp="1376" pin=3"/></net>

<net id="1392"><net_src comp="22" pin="0"/><net_sink comp="1386" pin=0"/></net>

<net id="1393"><net_src comp="1210" pin="2"/><net_sink comp="1386" pin=1"/></net>

<net id="1394"><net_src comp="24" pin="0"/><net_sink comp="1386" pin=2"/></net>

<net id="1395"><net_src comp="26" pin="0"/><net_sink comp="1386" pin=3"/></net>

<net id="1402"><net_src comp="22" pin="0"/><net_sink comp="1396" pin=0"/></net>

<net id="1403"><net_src comp="1233" pin="2"/><net_sink comp="1396" pin=1"/></net>

<net id="1404"><net_src comp="24" pin="0"/><net_sink comp="1396" pin=2"/></net>

<net id="1405"><net_src comp="26" pin="0"/><net_sink comp="1396" pin=3"/></net>

<net id="1412"><net_src comp="22" pin="0"/><net_sink comp="1406" pin=0"/></net>

<net id="1413"><net_src comp="1241" pin="2"/><net_sink comp="1406" pin=1"/></net>

<net id="1414"><net_src comp="24" pin="0"/><net_sink comp="1406" pin=2"/></net>

<net id="1415"><net_src comp="26" pin="0"/><net_sink comp="1406" pin=3"/></net>

<net id="1422"><net_src comp="22" pin="0"/><net_sink comp="1416" pin=0"/></net>

<net id="1423"><net_src comp="1251" pin="2"/><net_sink comp="1416" pin=1"/></net>

<net id="1424"><net_src comp="24" pin="0"/><net_sink comp="1416" pin=2"/></net>

<net id="1425"><net_src comp="26" pin="0"/><net_sink comp="1416" pin=3"/></net>

<net id="1432"><net_src comp="22" pin="0"/><net_sink comp="1426" pin=0"/></net>

<net id="1433"><net_src comp="1260" pin="2"/><net_sink comp="1426" pin=1"/></net>

<net id="1434"><net_src comp="24" pin="0"/><net_sink comp="1426" pin=2"/></net>

<net id="1435"><net_src comp="26" pin="0"/><net_sink comp="1426" pin=3"/></net>

<net id="1442"><net_src comp="22" pin="0"/><net_sink comp="1436" pin=0"/></net>

<net id="1443"><net_src comp="1270" pin="2"/><net_sink comp="1436" pin=1"/></net>

<net id="1444"><net_src comp="24" pin="0"/><net_sink comp="1436" pin=2"/></net>

<net id="1445"><net_src comp="26" pin="0"/><net_sink comp="1436" pin=3"/></net>

<net id="1452"><net_src comp="22" pin="0"/><net_sink comp="1446" pin=0"/></net>

<net id="1453"><net_src comp="1279" pin="2"/><net_sink comp="1446" pin=1"/></net>

<net id="1454"><net_src comp="24" pin="0"/><net_sink comp="1446" pin=2"/></net>

<net id="1455"><net_src comp="26" pin="0"/><net_sink comp="1446" pin=3"/></net>

<net id="1462"><net_src comp="22" pin="0"/><net_sink comp="1456" pin=0"/></net>

<net id="1463"><net_src comp="1288" pin="2"/><net_sink comp="1456" pin=1"/></net>

<net id="1464"><net_src comp="24" pin="0"/><net_sink comp="1456" pin=2"/></net>

<net id="1465"><net_src comp="26" pin="0"/><net_sink comp="1456" pin=3"/></net>

<net id="1472"><net_src comp="22" pin="0"/><net_sink comp="1466" pin=0"/></net>

<net id="1473"><net_src comp="1297" pin="2"/><net_sink comp="1466" pin=1"/></net>

<net id="1474"><net_src comp="24" pin="0"/><net_sink comp="1466" pin=2"/></net>

<net id="1475"><net_src comp="26" pin="0"/><net_sink comp="1466" pin=3"/></net>

<net id="1482"><net_src comp="22" pin="0"/><net_sink comp="1476" pin=0"/></net>

<net id="1483"><net_src comp="1306" pin="2"/><net_sink comp="1476" pin=1"/></net>

<net id="1484"><net_src comp="24" pin="0"/><net_sink comp="1476" pin=2"/></net>

<net id="1485"><net_src comp="26" pin="0"/><net_sink comp="1476" pin=3"/></net>

<net id="1492"><net_src comp="22" pin="0"/><net_sink comp="1486" pin=0"/></net>

<net id="1493"><net_src comp="1314" pin="2"/><net_sink comp="1486" pin=1"/></net>

<net id="1494"><net_src comp="24" pin="0"/><net_sink comp="1486" pin=2"/></net>

<net id="1495"><net_src comp="26" pin="0"/><net_sink comp="1486" pin=3"/></net>

<net id="1502"><net_src comp="22" pin="0"/><net_sink comp="1496" pin=0"/></net>

<net id="1503"><net_src comp="1324" pin="2"/><net_sink comp="1496" pin=1"/></net>

<net id="1504"><net_src comp="24" pin="0"/><net_sink comp="1496" pin=2"/></net>

<net id="1505"><net_src comp="26" pin="0"/><net_sink comp="1496" pin=3"/></net>

<net id="1512"><net_src comp="22" pin="0"/><net_sink comp="1506" pin=0"/></net>

<net id="1513"><net_src comp="1333" pin="2"/><net_sink comp="1506" pin=1"/></net>

<net id="1514"><net_src comp="24" pin="0"/><net_sink comp="1506" pin=2"/></net>

<net id="1515"><net_src comp="26" pin="0"/><net_sink comp="1506" pin=3"/></net>

<net id="1522"><net_src comp="22" pin="0"/><net_sink comp="1516" pin=0"/></net>

<net id="1523"><net_src comp="1343" pin="2"/><net_sink comp="1516" pin=1"/></net>

<net id="1524"><net_src comp="24" pin="0"/><net_sink comp="1516" pin=2"/></net>

<net id="1525"><net_src comp="26" pin="0"/><net_sink comp="1516" pin=3"/></net>

<net id="1532"><net_src comp="22" pin="0"/><net_sink comp="1526" pin=0"/></net>

<net id="1533"><net_src comp="1352" pin="2"/><net_sink comp="1526" pin=1"/></net>

<net id="1534"><net_src comp="24" pin="0"/><net_sink comp="1526" pin=2"/></net>

<net id="1535"><net_src comp="26" pin="0"/><net_sink comp="1526" pin=3"/></net>

<net id="1542"><net_src comp="22" pin="0"/><net_sink comp="1536" pin=0"/></net>

<net id="1543"><net_src comp="1361" pin="2"/><net_sink comp="1536" pin=1"/></net>

<net id="1544"><net_src comp="24" pin="0"/><net_sink comp="1536" pin=2"/></net>

<net id="1545"><net_src comp="26" pin="0"/><net_sink comp="1536" pin=3"/></net>

<net id="1552"><net_src comp="22" pin="0"/><net_sink comp="1546" pin=0"/></net>

<net id="1553"><net_src comp="1370" pin="2"/><net_sink comp="1546" pin=1"/></net>

<net id="1554"><net_src comp="24" pin="0"/><net_sink comp="1546" pin=2"/></net>

<net id="1555"><net_src comp="26" pin="0"/><net_sink comp="1546" pin=3"/></net>

<net id="1592"><net_src comp="89" pin="6"/><net_sink comp="1588" pin=0"/></net>

<net id="1597"><net_src comp="100" pin="6"/><net_sink comp="1593" pin=0"/></net>

<net id="1602"><net_src comp="111" pin="6"/><net_sink comp="1598" pin=0"/></net>

<net id="1607"><net_src comp="122" pin="6"/><net_sink comp="1603" pin=0"/></net>

<net id="1612"><net_src comp="1588" pin="2"/><net_sink comp="1608" pin=0"/></net>

<net id="1613"><net_src comp="1593" pin="2"/><net_sink comp="1608" pin=1"/></net>

<net id="1618"><net_src comp="1598" pin="2"/><net_sink comp="1614" pin=0"/></net>

<net id="1619"><net_src comp="1603" pin="2"/><net_sink comp="1614" pin=1"/></net>

<net id="1624"><net_src comp="1614" pin="2"/><net_sink comp="1620" pin=0"/></net>

<net id="1625"><net_src comp="1608" pin="2"/><net_sink comp="1620" pin=1"/></net>

<net id="1631"><net_src comp="60" pin="0"/><net_sink comp="1626" pin=0"/></net>

<net id="1632"><net_src comp="1620" pin="2"/><net_sink comp="1626" pin=1"/></net>

<net id="1633"><net_src comp="62" pin="0"/><net_sink comp="1626" pin=2"/></net>

<net id="1637"><net_src comp="68" pin="2"/><net_sink comp="1634" pin=0"/></net>

<net id="1638"><net_src comp="1634" pin="1"/><net_sink comp="1588" pin=1"/></net>

<net id="1639"><net_src comp="1634" pin="1"/><net_sink comp="1593" pin=1"/></net>

<net id="1640"><net_src comp="1634" pin="1"/><net_sink comp="1598" pin=1"/></net>

<net id="1641"><net_src comp="1634" pin="1"/><net_sink comp="1603" pin=1"/></net>

<net id="1645"><net_src comp="74" pin="2"/><net_sink comp="1642" pin=0"/></net>

<net id="1646"><net_src comp="1642" pin="1"/><net_sink comp="174" pin=0"/></net>

<net id="1647"><net_src comp="1642" pin="1"/><net_sink comp="178" pin=1"/></net>

<net id="1648"><net_src comp="1642" pin="1"/><net_sink comp="1151" pin=1"/></net>

<net id="1649"><net_src comp="1642" pin="1"/><net_sink comp="1156" pin=1"/></net>

<net id="1650"><net_src comp="1642" pin="1"/><net_sink comp="183" pin=1"/></net>

<net id="1651"><net_src comp="1642" pin="1"/><net_sink comp="1220" pin=1"/></net>

<net id="1652"><net_src comp="1642" pin="1"/><net_sink comp="1225" pin=1"/></net>

<net id="1656"><net_src comp="80" pin="2"/><net_sink comp="1653" pin=0"/></net>

<net id="1657"><net_src comp="1653" pin="1"/><net_sink comp="170" pin=0"/></net>

<net id="1658"><net_src comp="1653" pin="1"/><net_sink comp="1128" pin=1"/></net>

<net id="1659"><net_src comp="1653" pin="1"/><net_sink comp="1133" pin=1"/></net>

<net id="1660"><net_src comp="1653" pin="1"/><net_sink comp="1146" pin=1"/></net>

<net id="1661"><net_src comp="1653" pin="1"/><net_sink comp="1197" pin=1"/></net>

<net id="1662"><net_src comp="1653" pin="1"/><net_sink comp="1202" pin=1"/></net>

<net id="1663"><net_src comp="1653" pin="1"/><net_sink comp="1215" pin=1"/></net>

<net id="1667"><net_src comp="170" pin="1"/><net_sink comp="1664" pin=0"/></net>

<net id="1668"><net_src comp="1664" pin="1"/><net_sink comp="150" pin=0"/></net>

<net id="1669"><net_src comp="1664" pin="1"/><net_sink comp="160" pin=0"/></net>

<net id="1673"><net_src comp="174" pin="1"/><net_sink comp="1670" pin=0"/></net>

<net id="1674"><net_src comp="1670" pin="1"/><net_sink comp="155" pin=0"/></net>

<net id="1675"><net_src comp="1670" pin="1"/><net_sink comp="165" pin=0"/></net>

<net id="1679"><net_src comp="150" pin="2"/><net_sink comp="1676" pin=0"/></net>

<net id="1680"><net_src comp="1676" pin="1"/><net_sink comp="130" pin=1"/></net>

<net id="1684"><net_src comp="155" pin="2"/><net_sink comp="1681" pin=0"/></net>

<net id="1685"><net_src comp="1681" pin="1"/><net_sink comp="135" pin=1"/></net>

<net id="1689"><net_src comp="160" pin="2"/><net_sink comp="1686" pin=0"/></net>

<net id="1690"><net_src comp="1686" pin="1"/><net_sink comp="140" pin=1"/></net>

<net id="1694"><net_src comp="165" pin="2"/><net_sink comp="1691" pin=0"/></net>

<net id="1695"><net_src comp="1691" pin="1"/><net_sink comp="145" pin=1"/></net>

<net id="1699"><net_src comp="130" pin="2"/><net_sink comp="1696" pin=0"/></net>

<net id="1700"><net_src comp="1696" pin="1"/><net_sink comp="207" pin=1"/></net>

<net id="1704"><net_src comp="196" pin="1"/><net_sink comp="1701" pin=0"/></net>

<net id="1705"><net_src comp="1701" pin="1"/><net_sink comp="200" pin=1"/></net>

<net id="1709"><net_src comp="135" pin="2"/><net_sink comp="1706" pin=0"/></net>

<net id="1710"><net_src comp="1706" pin="1"/><net_sink comp="238" pin=0"/></net>

<net id="1711"><net_src comp="1706" pin="1"/><net_sink comp="255" pin=1"/></net>

<net id="1712"><net_src comp="1706" pin="1"/><net_sink comp="625" pin=0"/></net>

<net id="1713"><net_src comp="1706" pin="1"/><net_sink comp="636" pin=1"/></net>

<net id="1717"><net_src comp="140" pin="2"/><net_sink comp="1714" pin=0"/></net>

<net id="1718"><net_src comp="1714" pin="1"/><net_sink comp="286" pin=0"/></net>

<net id="1719"><net_src comp="1714" pin="1"/><net_sink comp="303" pin=1"/></net>

<net id="1720"><net_src comp="1714" pin="1"/><net_sink comp="704" pin=0"/></net>

<net id="1721"><net_src comp="1714" pin="1"/><net_sink comp="721" pin=1"/></net>

<net id="1725"><net_src comp="145" pin="2"/><net_sink comp="1722" pin=0"/></net>

<net id="1726"><net_src comp="1722" pin="1"/><net_sink comp="334" pin=0"/></net>

<net id="1727"><net_src comp="1722" pin="1"/><net_sink comp="345" pin=1"/></net>

<net id="1728"><net_src comp="1722" pin="1"/><net_sink comp="781" pin=0"/></net>

<net id="1729"><net_src comp="1722" pin="1"/><net_sink comp="798" pin=1"/></net>

<net id="1733"><net_src comp="220" pin="4"/><net_sink comp="1730" pin=0"/></net>

<net id="1734"><net_src comp="1730" pin="1"/><net_sink comp="376" pin=1"/></net>

<net id="1735"><net_src comp="1730" pin="1"/><net_sink comp="866" pin=1"/></net>

<net id="1739"><net_src comp="230" pin="3"/><net_sink comp="1736" pin=0"/></net>

<net id="1740"><net_src comp="1736" pin="1"/><net_sink comp="513" pin=0"/></net>

<net id="1741"><net_src comp="1736" pin="1"/><net_sink comp="588" pin=0"/></net>

<net id="1745"><net_src comp="268" pin="4"/><net_sink comp="1742" pin=0"/></net>

<net id="1746"><net_src comp="1742" pin="1"/><net_sink comp="393" pin=1"/></net>

<net id="1750"><net_src comp="278" pin="3"/><net_sink comp="1747" pin=0"/></net>

<net id="1751"><net_src comp="1747" pin="1"/><net_sink comp="534" pin=0"/></net>

<net id="1752"><net_src comp="1747" pin="1"/><net_sink comp="667" pin=0"/></net>

<net id="1756"><net_src comp="316" pin="4"/><net_sink comp="1753" pin=0"/></net>

<net id="1757"><net_src comp="1753" pin="1"/><net_sink comp="410" pin=1"/></net>

<net id="1761"><net_src comp="326" pin="3"/><net_sink comp="1758" pin=0"/></net>

<net id="1762"><net_src comp="1758" pin="1"/><net_sink comp="555" pin=0"/></net>

<net id="1763"><net_src comp="1758" pin="1"/><net_sink comp="744" pin=0"/></net>

<net id="1767"><net_src comp="358" pin="4"/><net_sink comp="1764" pin=0"/></net>

<net id="1768"><net_src comp="1764" pin="1"/><net_sink comp="427" pin=1"/></net>

<net id="1772"><net_src comp="368" pin="3"/><net_sink comp="1769" pin=0"/></net>

<net id="1773"><net_src comp="1769" pin="1"/><net_sink comp="576" pin=0"/></net>

<net id="1774"><net_src comp="1769" pin="1"/><net_sink comp="829" pin=0"/></net>

<net id="1778"><net_src comp="383" pin="1"/><net_sink comp="1775" pin=0"/></net>

<net id="1779"><net_src comp="1775" pin="1"/><net_sink comp="387" pin=0"/></net>

<net id="1783"><net_src comp="400" pin="1"/><net_sink comp="1780" pin=0"/></net>

<net id="1784"><net_src comp="1780" pin="1"/><net_sink comp="404" pin=0"/></net>

<net id="1788"><net_src comp="417" pin="1"/><net_sink comp="1785" pin=0"/></net>

<net id="1789"><net_src comp="1785" pin="1"/><net_sink comp="421" pin=0"/></net>

<net id="1793"><net_src comp="434" pin="1"/><net_sink comp="1790" pin=0"/></net>

<net id="1794"><net_src comp="1790" pin="1"/><net_sink comp="438" pin=0"/></net>

<net id="1798"><net_src comp="387" pin="2"/><net_sink comp="1795" pin=0"/></net>

<net id="1799"><net_src comp="1795" pin="1"/><net_sink comp="484" pin=1"/></net>

<net id="1803"><net_src comp="444" pin="4"/><net_sink comp="1800" pin=0"/></net>

<net id="1804"><net_src comp="1800" pin="1"/><net_sink comp="513" pin=2"/></net>

<net id="1805"><net_src comp="1800" pin="1"/><net_sink comp="588" pin=2"/></net>

<net id="1809"><net_src comp="404" pin="2"/><net_sink comp="1806" pin=0"/></net>

<net id="1810"><net_src comp="1806" pin="1"/><net_sink comp="489" pin=1"/></net>

<net id="1814"><net_src comp="454" pin="4"/><net_sink comp="1811" pin=0"/></net>

<net id="1815"><net_src comp="1811" pin="1"/><net_sink comp="534" pin=2"/></net>

<net id="1816"><net_src comp="1811" pin="1"/><net_sink comp="667" pin=2"/></net>

<net id="1820"><net_src comp="421" pin="2"/><net_sink comp="1817" pin=0"/></net>

<net id="1821"><net_src comp="1817" pin="1"/><net_sink comp="494" pin=1"/></net>

<net id="1825"><net_src comp="464" pin="4"/><net_sink comp="1822" pin=0"/></net>

<net id="1826"><net_src comp="1822" pin="1"/><net_sink comp="555" pin=2"/></net>

<net id="1827"><net_src comp="1822" pin="1"/><net_sink comp="744" pin=2"/></net>

<net id="1831"><net_src comp="438" pin="2"/><net_sink comp="1828" pin=0"/></net>

<net id="1832"><net_src comp="1828" pin="1"/><net_sink comp="499" pin=1"/></net>

<net id="1836"><net_src comp="474" pin="4"/><net_sink comp="1833" pin=0"/></net>

<net id="1837"><net_src comp="1833" pin="1"/><net_sink comp="576" pin=2"/></net>

<net id="1838"><net_src comp="1833" pin="1"/><net_sink comp="829" pin=2"/></net>

<net id="1842"><net_src comp="484" pin="2"/><net_sink comp="1839" pin=0"/></net>

<net id="1843"><net_src comp="1839" pin="1"/><net_sink comp="504" pin=1"/></net>

<net id="1847"><net_src comp="489" pin="2"/><net_sink comp="1844" pin=0"/></net>

<net id="1848"><net_src comp="1844" pin="1"/><net_sink comp="525" pin=1"/></net>

<net id="1852"><net_src comp="494" pin="2"/><net_sink comp="1849" pin=0"/></net>

<net id="1853"><net_src comp="1849" pin="1"/><net_sink comp="546" pin=1"/></net>

<net id="1857"><net_src comp="499" pin="2"/><net_sink comp="1854" pin=0"/></net>

<net id="1858"><net_src comp="1854" pin="1"/><net_sink comp="567" pin=1"/></net>

<net id="1862"><net_src comp="519" pin="2"/><net_sink comp="1859" pin=0"/></net>

<net id="1863"><net_src comp="1859" pin="1"/><net_sink comp="588" pin=1"/></net>

<net id="1867"><net_src comp="540" pin="2"/><net_sink comp="1864" pin=0"/></net>

<net id="1868"><net_src comp="1864" pin="1"/><net_sink comp="667" pin=1"/></net>

<net id="1872"><net_src comp="561" pin="2"/><net_sink comp="1869" pin=0"/></net>

<net id="1873"><net_src comp="1869" pin="1"/><net_sink comp="744" pin=1"/></net>

<net id="1877"><net_src comp="582" pin="2"/><net_sink comp="1874" pin=0"/></net>

<net id="1878"><net_src comp="1874" pin="1"/><net_sink comp="829" pin=1"/></net>

<net id="1882"><net_src comp="613" pin="2"/><net_sink comp="1879" pin=0"/></net>

<net id="1886"><net_src comp="619" pin="2"/><net_sink comp="1883" pin=0"/></net>

<net id="1890"><net_src comp="649" pin="4"/><net_sink comp="1887" pin=0"/></net>

<net id="1891"><net_src comp="1887" pin="1"/><net_sink comp="879" pin=1"/></net>

<net id="1892"><net_src comp="1887" pin="1"/><net_sink comp="1138" pin=0"/></net>

<net id="1896"><net_src comp="659" pin="3"/><net_sink comp="1893" pin=0"/></net>

<net id="1897"><net_src comp="1893" pin="1"/><net_sink comp="1031" pin=0"/></net>

<net id="1898"><net_src comp="1893" pin="1"/><net_sink comp="1044" pin=0"/></net>

<net id="1902"><net_src comp="692" pin="2"/><net_sink comp="1899" pin=0"/></net>

<net id="1906"><net_src comp="698" pin="2"/><net_sink comp="1903" pin=0"/></net>

<net id="1910"><net_src comp="734" pin="4"/><net_sink comp="1907" pin=0"/></net>

<net id="1911"><net_src comp="1907" pin="1"/><net_sink comp="896" pin=1"/></net>

<net id="1915"><net_src comp="769" pin="2"/><net_sink comp="1912" pin=0"/></net>

<net id="1919"><net_src comp="775" pin="2"/><net_sink comp="1916" pin=0"/></net>

<net id="1923"><net_src comp="811" pin="4"/><net_sink comp="1920" pin=0"/></net>

<net id="1924"><net_src comp="1920" pin="1"/><net_sink comp="909" pin=1"/></net>

<net id="1925"><net_src comp="1920" pin="1"/><net_sink comp="1207" pin=0"/></net>

<net id="1929"><net_src comp="821" pin="3"/><net_sink comp="1926" pin=0"/></net>

<net id="1930"><net_src comp="1926" pin="1"/><net_sink comp="1072" pin=0"/></net>

<net id="1931"><net_src comp="1926" pin="1"/><net_sink comp="1085" pin=0"/></net>

<net id="1935"><net_src comp="854" pin="2"/><net_sink comp="1932" pin=0"/></net>

<net id="1939"><net_src comp="860" pin="2"/><net_sink comp="1936" pin=0"/></net>

<net id="1943"><net_src comp="866" pin="2"/><net_sink comp="1940" pin=0"/></net>

<net id="1944"><net_src comp="1940" pin="1"/><net_sink comp="926" pin=1"/></net>

<net id="1945"><net_src comp="1940" pin="1"/><net_sink comp="1230" pin=0"/></net>

<net id="1949"><net_src comp="871" pin="3"/><net_sink comp="1946" pin=0"/></net>

<net id="1950"><net_src comp="1946" pin="1"/><net_sink comp="1108" pin=0"/></net>

<net id="1951"><net_src comp="1946" pin="1"/><net_sink comp="1121" pin=0"/></net>

<net id="1955"><net_src comp="886" pin="1"/><net_sink comp="1952" pin=0"/></net>

<net id="1956"><net_src comp="1952" pin="1"/><net_sink comp="890" pin=0"/></net>

<net id="1960"><net_src comp="896" pin="2"/><net_sink comp="1957" pin=0"/></net>

<net id="1961"><net_src comp="1957" pin="1"/><net_sink comp="943" pin=1"/></net>

<net id="1962"><net_src comp="1957" pin="1"/><net_sink comp="1303" pin=0"/></net>

<net id="1966"><net_src comp="901" pin="3"/><net_sink comp="1963" pin=0"/></net>

<net id="1967"><net_src comp="1963" pin="1"/><net_sink comp="1177" pin=0"/></net>

<net id="1968"><net_src comp="1963" pin="1"/><net_sink comp="1190" pin=0"/></net>

<net id="1972"><net_src comp="916" pin="1"/><net_sink comp="1969" pin=0"/></net>

<net id="1973"><net_src comp="1969" pin="1"/><net_sink comp="920" pin=0"/></net>

<net id="1977"><net_src comp="933" pin="1"/><net_sink comp="1974" pin=0"/></net>

<net id="1978"><net_src comp="1974" pin="1"/><net_sink comp="937" pin=0"/></net>

<net id="1982"><net_src comp="950" pin="1"/><net_sink comp="1979" pin=0"/></net>

<net id="1983"><net_src comp="1979" pin="1"/><net_sink comp="954" pin=0"/></net>

<net id="1987"><net_src comp="890" pin="2"/><net_sink comp="1984" pin=0"/></net>

<net id="1988"><net_src comp="1984" pin="1"/><net_sink comp="990" pin=1"/></net>

<net id="1992"><net_src comp="960" pin="4"/><net_sink comp="1989" pin=0"/></net>

<net id="1993"><net_src comp="1989" pin="1"/><net_sink comp="1028" pin=0"/></net>

<net id="1997"><net_src comp="920" pin="2"/><net_sink comp="1994" pin=0"/></net>

<net id="1998"><net_src comp="1994" pin="1"/><net_sink comp="1005" pin=1"/></net>

<net id="2002"><net_src comp="970" pin="4"/><net_sink comp="1999" pin=0"/></net>

<net id="2003"><net_src comp="1999" pin="1"/><net_sink comp="1069" pin=0"/></net>

<net id="2007"><net_src comp="937" pin="2"/><net_sink comp="2004" pin=0"/></net>

<net id="2008"><net_src comp="2004" pin="1"/><net_sink comp="1010" pin=1"/></net>

<net id="2012"><net_src comp="980" pin="4"/><net_sink comp="2009" pin=0"/></net>

<net id="2013"><net_src comp="2009" pin="1"/><net_sink comp="1105" pin=0"/></net>

<net id="2017"><net_src comp="990" pin="2"/><net_sink comp="2014" pin=0"/></net>

<net id="2018"><net_src comp="2014" pin="1"/><net_sink comp="1015" pin=1"/></net>

<net id="2022"><net_src comp="954" pin="2"/><net_sink comp="2019" pin=0"/></net>

<net id="2023"><net_src comp="2019" pin="1"/><net_sink comp="1051" pin=1"/></net>

<net id="2027"><net_src comp="995" pin="4"/><net_sink comp="2024" pin=0"/></net>

<net id="2028"><net_src comp="2024" pin="1"/><net_sink comp="1174" pin=0"/></net>

<net id="2032"><net_src comp="1005" pin="2"/><net_sink comp="2029" pin=0"/></net>

<net id="2033"><net_src comp="2029" pin="1"/><net_sink comp="1056" pin=1"/></net>

<net id="2037"><net_src comp="1010" pin="2"/><net_sink comp="2034" pin=0"/></net>

<net id="2038"><net_src comp="2034" pin="1"/><net_sink comp="1092" pin=1"/></net>

<net id="2042"><net_src comp="1044" pin="3"/><net_sink comp="2039" pin=0"/></net>

<net id="2043"><net_src comp="2039" pin="1"/><net_sink comp="1141" pin=0"/></net>

<net id="2047"><net_src comp="1051" pin="2"/><net_sink comp="2044" pin=0"/></net>

<net id="2048"><net_src comp="2044" pin="1"/><net_sink comp="1161" pin=1"/></net>

<net id="2052"><net_src comp="1085" pin="3"/><net_sink comp="2049" pin=0"/></net>

<net id="2053"><net_src comp="2049" pin="1"/><net_sink comp="1210" pin=0"/></net>

<net id="2057"><net_src comp="1121" pin="3"/><net_sink comp="2054" pin=0"/></net>

<net id="2058"><net_src comp="2054" pin="1"/><net_sink comp="1233" pin=0"/></net>

<net id="2062"><net_src comp="1128" pin="2"/><net_sink comp="2059" pin=0"/></net>

<net id="2063"><net_src comp="2059" pin="1"/><net_sink comp="1238" pin=0"/></net>

<net id="2067"><net_src comp="1133" pin="2"/><net_sink comp="2064" pin=0"/></net>

<net id="2068"><net_src comp="2064" pin="1"/><net_sink comp="1257" pin=0"/></net>

<net id="2072"><net_src comp="1138" pin="1"/><net_sink comp="2069" pin=0"/></net>

<net id="2073"><net_src comp="2069" pin="1"/><net_sink comp="1141" pin=1"/></net>

<net id="2077"><net_src comp="1146" pin="2"/><net_sink comp="2074" pin=0"/></net>

<net id="2078"><net_src comp="2074" pin="1"/><net_sink comp="1276" pin=0"/></net>

<net id="2082"><net_src comp="1151" pin="2"/><net_sink comp="2079" pin=0"/></net>

<net id="2083"><net_src comp="2079" pin="1"/><net_sink comp="1285" pin=0"/></net>

<net id="2087"><net_src comp="1156" pin="2"/><net_sink comp="2084" pin=0"/></net>

<net id="2088"><net_src comp="2084" pin="1"/><net_sink comp="1294" pin=0"/></net>

<net id="2092"><net_src comp="1190" pin="3"/><net_sink comp="2089" pin=0"/></net>

<net id="2093"><net_src comp="2089" pin="1"/><net_sink comp="1306" pin=0"/></net>

<net id="2097"><net_src comp="1197" pin="2"/><net_sink comp="2094" pin=0"/></net>

<net id="2098"><net_src comp="2094" pin="1"/><net_sink comp="1311" pin=0"/></net>

<net id="2102"><net_src comp="1202" pin="2"/><net_sink comp="2099" pin=0"/></net>

<net id="2103"><net_src comp="2099" pin="1"/><net_sink comp="1330" pin=0"/></net>

<net id="2107"><net_src comp="1207" pin="1"/><net_sink comp="2104" pin=0"/></net>

<net id="2108"><net_src comp="2104" pin="1"/><net_sink comp="1210" pin=1"/></net>

<net id="2112"><net_src comp="1215" pin="2"/><net_sink comp="2109" pin=0"/></net>

<net id="2113"><net_src comp="2109" pin="1"/><net_sink comp="1349" pin=0"/></net>

<net id="2117"><net_src comp="1220" pin="2"/><net_sink comp="2114" pin=0"/></net>

<net id="2118"><net_src comp="2114" pin="1"/><net_sink comp="1358" pin=0"/></net>

<net id="2122"><net_src comp="1225" pin="2"/><net_sink comp="2119" pin=0"/></net>

<net id="2123"><net_src comp="2119" pin="1"/><net_sink comp="1367" pin=0"/></net>

<net id="2127"><net_src comp="1230" pin="1"/><net_sink comp="2124" pin=0"/></net>

<net id="2128"><net_src comp="2124" pin="1"/><net_sink comp="1233" pin=1"/></net>

<net id="2132"><net_src comp="1238" pin="1"/><net_sink comp="2129" pin=0"/></net>

<net id="2133"><net_src comp="2129" pin="1"/><net_sink comp="1241" pin=0"/></net>

<net id="2134"><net_src comp="2129" pin="1"/><net_sink comp="1241" pin=1"/></net>

<net id="2138"><net_src comp="1247" pin="1"/><net_sink comp="2135" pin=0"/></net>

<net id="2139"><net_src comp="2135" pin="1"/><net_sink comp="1251" pin=0"/></net>

<net id="2140"><net_src comp="2135" pin="1"/><net_sink comp="1251" pin=1"/></net>

<net id="2144"><net_src comp="1257" pin="1"/><net_sink comp="2141" pin=0"/></net>

<net id="2145"><net_src comp="2141" pin="1"/><net_sink comp="1260" pin=0"/></net>

<net id="2146"><net_src comp="2141" pin="1"/><net_sink comp="1260" pin=1"/></net>

<net id="2150"><net_src comp="1266" pin="1"/><net_sink comp="2147" pin=0"/></net>

<net id="2151"><net_src comp="2147" pin="1"/><net_sink comp="1270" pin=0"/></net>

<net id="2152"><net_src comp="2147" pin="1"/><net_sink comp="1270" pin=1"/></net>

<net id="2156"><net_src comp="1276" pin="1"/><net_sink comp="2153" pin=0"/></net>

<net id="2157"><net_src comp="2153" pin="1"/><net_sink comp="1279" pin=0"/></net>

<net id="2158"><net_src comp="2153" pin="1"/><net_sink comp="1279" pin=1"/></net>

<net id="2162"><net_src comp="1285" pin="1"/><net_sink comp="2159" pin=0"/></net>

<net id="2163"><net_src comp="2159" pin="1"/><net_sink comp="1288" pin=0"/></net>

<net id="2164"><net_src comp="2159" pin="1"/><net_sink comp="1288" pin=1"/></net>

<net id="2168"><net_src comp="1294" pin="1"/><net_sink comp="2165" pin=0"/></net>

<net id="2169"><net_src comp="2165" pin="1"/><net_sink comp="1297" pin=0"/></net>

<net id="2170"><net_src comp="2165" pin="1"/><net_sink comp="1297" pin=1"/></net>

<net id="2174"><net_src comp="1303" pin="1"/><net_sink comp="2171" pin=0"/></net>

<net id="2175"><net_src comp="2171" pin="1"/><net_sink comp="1306" pin=1"/></net>

<net id="2179"><net_src comp="1311" pin="1"/><net_sink comp="2176" pin=0"/></net>

<net id="2180"><net_src comp="2176" pin="1"/><net_sink comp="1314" pin=0"/></net>

<net id="2181"><net_src comp="2176" pin="1"/><net_sink comp="1314" pin=1"/></net>

<net id="2185"><net_src comp="1320" pin="1"/><net_sink comp="2182" pin=0"/></net>

<net id="2186"><net_src comp="2182" pin="1"/><net_sink comp="1324" pin=0"/></net>

<net id="2187"><net_src comp="2182" pin="1"/><net_sink comp="1324" pin=1"/></net>

<net id="2191"><net_src comp="1330" pin="1"/><net_sink comp="2188" pin=0"/></net>

<net id="2192"><net_src comp="2188" pin="1"/><net_sink comp="1333" pin=0"/></net>

<net id="2193"><net_src comp="2188" pin="1"/><net_sink comp="1333" pin=1"/></net>

<net id="2197"><net_src comp="1339" pin="1"/><net_sink comp="2194" pin=0"/></net>

<net id="2198"><net_src comp="2194" pin="1"/><net_sink comp="1343" pin=0"/></net>

<net id="2199"><net_src comp="2194" pin="1"/><net_sink comp="1343" pin=1"/></net>

<net id="2203"><net_src comp="1349" pin="1"/><net_sink comp="2200" pin=0"/></net>

<net id="2204"><net_src comp="2200" pin="1"/><net_sink comp="1352" pin=0"/></net>

<net id="2205"><net_src comp="2200" pin="1"/><net_sink comp="1352" pin=1"/></net>

<net id="2209"><net_src comp="1358" pin="1"/><net_sink comp="2206" pin=0"/></net>

<net id="2210"><net_src comp="2206" pin="1"/><net_sink comp="1361" pin=0"/></net>

<net id="2211"><net_src comp="2206" pin="1"/><net_sink comp="1361" pin=1"/></net>

<net id="2215"><net_src comp="1367" pin="1"/><net_sink comp="2212" pin=0"/></net>

<net id="2216"><net_src comp="2212" pin="1"/><net_sink comp="1370" pin=0"/></net>

<net id="2217"><net_src comp="2212" pin="1"/><net_sink comp="1370" pin=1"/></net>

<net id="2221"><net_src comp="1376" pin="4"/><net_sink comp="2218" pin=0"/></net>

<net id="2222"><net_src comp="2218" pin="1"/><net_sink comp="89" pin=0"/></net>

<net id="2226"><net_src comp="1386" pin="4"/><net_sink comp="2223" pin=0"/></net>

<net id="2227"><net_src comp="2223" pin="1"/><net_sink comp="111" pin=0"/></net>

<net id="2231"><net_src comp="1396" pin="4"/><net_sink comp="2228" pin=0"/></net>

<net id="2232"><net_src comp="2228" pin="1"/><net_sink comp="122" pin=0"/></net>

<net id="2236"><net_src comp="1406" pin="4"/><net_sink comp="2233" pin=0"/></net>

<net id="2237"><net_src comp="2233" pin="1"/><net_sink comp="1556" pin=1"/></net>

<net id="2241"><net_src comp="1416" pin="4"/><net_sink comp="2238" pin=0"/></net>

<net id="2242"><net_src comp="2238" pin="1"/><net_sink comp="1556" pin=0"/></net>

<net id="2246"><net_src comp="1426" pin="4"/><net_sink comp="2243" pin=0"/></net>

<net id="2247"><net_src comp="2243" pin="1"/><net_sink comp="1560" pin=1"/></net>

<net id="2251"><net_src comp="1436" pin="4"/><net_sink comp="2248" pin=0"/></net>

<net id="2252"><net_src comp="2248" pin="1"/><net_sink comp="1560" pin=0"/></net>

<net id="2256"><net_src comp="1446" pin="4"/><net_sink comp="2253" pin=0"/></net>

<net id="2257"><net_src comp="2253" pin="1"/><net_sink comp="1564" pin=1"/></net>

<net id="2258"><net_src comp="2253" pin="1"/><net_sink comp="1568" pin=1"/></net>

<net id="2262"><net_src comp="1456" pin="4"/><net_sink comp="2259" pin=0"/></net>

<net id="2263"><net_src comp="2259" pin="1"/><net_sink comp="1564" pin=0"/></net>

<net id="2267"><net_src comp="1466" pin="4"/><net_sink comp="2264" pin=0"/></net>

<net id="2268"><net_src comp="2264" pin="1"/><net_sink comp="1568" pin=0"/></net>

<net id="2272"><net_src comp="1476" pin="4"/><net_sink comp="2269" pin=0"/></net>

<net id="2273"><net_src comp="2269" pin="1"/><net_sink comp="100" pin=0"/></net>

<net id="2277"><net_src comp="1486" pin="4"/><net_sink comp="2274" pin=0"/></net>

<net id="2278"><net_src comp="2274" pin="1"/><net_sink comp="1572" pin=1"/></net>

<net id="2282"><net_src comp="1496" pin="4"/><net_sink comp="2279" pin=0"/></net>

<net id="2283"><net_src comp="2279" pin="1"/><net_sink comp="1572" pin=0"/></net>

<net id="2287"><net_src comp="1506" pin="4"/><net_sink comp="2284" pin=0"/></net>

<net id="2288"><net_src comp="2284" pin="1"/><net_sink comp="1576" pin=1"/></net>

<net id="2292"><net_src comp="1516" pin="4"/><net_sink comp="2289" pin=0"/></net>

<net id="2293"><net_src comp="2289" pin="1"/><net_sink comp="1576" pin=0"/></net>

<net id="2297"><net_src comp="1526" pin="4"/><net_sink comp="2294" pin=0"/></net>

<net id="2298"><net_src comp="2294" pin="1"/><net_sink comp="1580" pin=1"/></net>

<net id="2299"><net_src comp="2294" pin="1"/><net_sink comp="1584" pin=1"/></net>

<net id="2303"><net_src comp="1536" pin="4"/><net_sink comp="2300" pin=0"/></net>

<net id="2304"><net_src comp="2300" pin="1"/><net_sink comp="1580" pin=0"/></net>

<net id="2308"><net_src comp="1546" pin="4"/><net_sink comp="2305" pin=0"/></net>

<net id="2309"><net_src comp="2305" pin="1"/><net_sink comp="1584" pin=0"/></net>

<net id="2313"><net_src comp="1556" pin="2"/><net_sink comp="2310" pin=0"/></net>

<net id="2314"><net_src comp="2310" pin="1"/><net_sink comp="89" pin=4"/></net>

<net id="2318"><net_src comp="1560" pin="2"/><net_sink comp="2315" pin=0"/></net>

<net id="2319"><net_src comp="2315" pin="1"/><net_sink comp="89" pin=2"/></net>

<net id="2323"><net_src comp="1564" pin="2"/><net_sink comp="2320" pin=0"/></net>

<net id="2324"><net_src comp="2320" pin="1"/><net_sink comp="100" pin=4"/></net>

<net id="2328"><net_src comp="1568" pin="2"/><net_sink comp="2325" pin=0"/></net>

<net id="2329"><net_src comp="2325" pin="1"/><net_sink comp="100" pin=2"/></net>

<net id="2333"><net_src comp="1572" pin="2"/><net_sink comp="2330" pin=0"/></net>

<net id="2334"><net_src comp="2330" pin="1"/><net_sink comp="111" pin=4"/></net>

<net id="2338"><net_src comp="1576" pin="2"/><net_sink comp="2335" pin=0"/></net>

<net id="2339"><net_src comp="2335" pin="1"/><net_sink comp="111" pin=2"/></net>

<net id="2343"><net_src comp="1580" pin="2"/><net_sink comp="2340" pin=0"/></net>

<net id="2344"><net_src comp="2340" pin="1"/><net_sink comp="122" pin=4"/></net>

<net id="2348"><net_src comp="1584" pin="2"/><net_sink comp="2345" pin=0"/></net>

<net id="2349"><net_src comp="2345" pin="1"/><net_sink comp="122" pin=2"/></net>

</net_list>

</model> 
---------------- Datapath Model END ------------------

* FSMD analyzer results:
  - Output states:
	Port: p_read | {}
	Port: p_read1 | {}
	Port: Squared_R_Robot | {}
 - Input state : 
	Port: Collision_detectedhw : p_read | {1 }
	Port: Collision_detectedhw : p_read1 | {1 }
	Port: Collision_detectedhw : Squared_R_Robot | {1 }
  - Chain level:
	State 1
	State 2
	State 3
	State 4
	State 5
	State 6
	State 7
	State 8
	State 9
	State 10
	State 11
	State 12
	State 13
	State 14
	State 15
	State 16
	State 17
	State 18
	State 19
	State 20
		trunc_ln34 : 1
	State 21
		add_ln34 : 1
		trunc_ln : 2
		tmp : 2
		p_shl2 : 1
		sub_ln34 : 2
		sub_ln34_1 : 3
		tmp_s : 4
		tmp_52 : 4
		p_shl6 : 1
		sub_ln34_4 : 2
		sub_ln34_5 : 3
		tmp_9 : 4
		tmp_59 : 4
		p_shl12 : 1
		add_ln34_2 : 2
		tmp_10 : 3
		tmp_66 : 3
	State 22
		sext_ln39_6 : 1
		mul_ln39 : 2
		sext_ln39_10 : 1
		mul_ln39_3 : 2
		sext_ln39_14 : 1
		mul_ln39_5 : 2
		sext_ln39_18 : 1
		mul_ln39_7 : 2
	State 23
	State 24
		tmp_47 : 1
		tmp_54 : 1
		tmp_61 : 1
		tmp_68 : 1
	State 25
	State 26
		select_ln39 : 1
		sub_ln39_4 : 2
		select_ln39_7 : 1
		sub_ln39_8 : 2
		select_ln39_11 : 1
		sub_ln39_12 : 2
		select_ln39_15 : 1
		sub_ln39_16 : 2
	State 27
		tmp_48 : 1
		xor_ln115 : 2
		icmp_ln115 : 1
		and_ln115 : 2
		br_ln115 : 2
		icmp_ln129 : 1
		br_ln129 : 2
		p_shl8 : 1
		add_ln34_1 : 2
		trunc_ln34_6 : 3
		tmp_49 : 3
		tmp_55 : 1
		xor_ln115_1 : 2
		icmp_ln115_1 : 1
		and_ln115_1 : 2
		br_ln115 : 2
		icmp_ln129_1 : 1
		br_ln129 : 2
		p_shl4 : 1
		sub_ln34_2 : 2
		sub_ln34_3 : 3
		trunc_ln34_3 : 4
		tmp_62 : 1
		xor_ln115_2 : 2
		icmp_ln115_2 : 1
		and_ln115_2 : 2
		br_ln115 : 2
		icmp_ln129_2 : 1
		br_ln129 : 2
		p_shl10 : 1
		sub_ln34_6 : 2
		sub_ln34_7 : 3
		trunc_ln34_11 : 4
		tmp_63 : 4
		tmp_69 : 1
		xor_ln115_3 : 2
		icmp_ln115_3 : 1
		and_ln115_3 : 2
		br_ln115 : 2
		icmp_ln129_3 : 1
		br_ln129 : 2
		tmp_70 : 1
	State 28
		sext_ln39_7 : 1
		mul_ln39_2 : 2
		tmp_56 : 1
		sext_ln39_15 : 1
		mul_ln39_6 : 2
		sext_ln39_19 : 1
		mul_ln39_8 : 2
	State 29
		sext_ln39_11 : 1
		mul_ln39_4 : 2
	State 30
		tmp_51 : 1
		tmp_65 : 1
		tmp_72 : 1
	State 31
		tmp_58 : 1
	State 32
		sext_ln39_8 : 1
		select_ln39_5 : 2
		sub_ln39_6 : 3
		select_ln39_6 : 4
		sext_ln39_16 : 1
		select_ln39_13 : 2
		sub_ln39_14 : 3
		select_ln39_14 : 4
		sext_ln39_20 : 1
		select_ln39_17 : 2
		sub_ln39_18 : 3
		select_ln39_18 : 4
	State 33
		mul_ln34_7 : 1
		sext_ln39_12 : 1
		select_ln39_9 : 2
		sub_ln39_10 : 3
		select_ln39_10 : 4
		mul_ln34_15 : 1
		mul_ln34_20 : 1
	State 34
		mul_ln34_9 : 1
		mul_ln34_10 : 1
		mul_ln34 : 1
		mul_ln34_8 : 1
		mul_ln34_12 : 1
		mul_ln34_14 : 1
		mul_ln34_13 : 1
		mul_ln34_11 : 1
		mul_ln34_18 : 1
		mul_ln34_19 : 1
		mul_ln34_16 : 1
		mul_ln34_17 : 1
		mul_ln34_21 : 1
		mul_ln34_23 : 1
		mul_ln34_22 : 1
	State 35
	State 36
	State 37
		trunc_ln34_8 : 1
		trunc_ln34_12 : 1
		trunc_ln34_17 : 1
	State 38
		trunc_ln34_1 : 1
		trunc_ln34_2 : 1
		trunc_ln34_9 : 1
		trunc_ln34_s : 1
		trunc_ln34_5 : 1
		trunc_ln34_10 : 1
		trunc_ln34_7 : 1
		trunc_ln34_4 : 1
		trunc_ln34_15 : 1
		trunc_ln34_16 : 1
		trunc_ln34_13 : 1
		trunc_ln34_14 : 1
		trunc_ln34_18 : 1
		trunc_ln34_20 : 1
		trunc_ln34_19 : 1
	State 39
	State 40
		sub_ln91 : 1
		sub_ln91_1 : 1
		sub_ln91_2 : 1
		sub_ln91_3 : 1
		or_ln95 : 2
		or_ln95_1 : 2
		or_ln95_2 : 2
		tmp_73 : 2
		ret_ln95 : 3


============================================================
+ Verbose Summary: Datapath Resource usage 
============================================================

* Functional unit list:
|----------|-----------------------------------|---------|---------|---------|
| Operation|          Functional Unit          |   DSP   |    FF   |   LUT   |
|----------|-----------------------------------|---------|---------|---------|
|          |             grp_fu_387            |    4    |    34   |    47   |
|          |             grp_fu_404            |    4    |    34   |    47   |
|          |             grp_fu_421            |    4    |    34   |    47   |
|          |             grp_fu_438            |    4    |    34   |    47   |
|          |             grp_fu_890            |    4    |    34   |    47   |
|          |             grp_fu_920            |    4    |    34   |    47   |
|          |             grp_fu_937            |    4    |    34   |    47   |
|          |             grp_fu_954            |    4    |    34   |    47   |
|          |            grp_fu_1141            |    2    |   215   |    1    |
|          |            grp_fu_1210            |    2    |   215   |    1    |
|          |            grp_fu_1233            |    2    |   215   |    1    |
|          |            grp_fu_1241            |    3    |   215   |    1    |
|    mul   |            grp_fu_1251            |    3    |   215   |    1    |
|          |            grp_fu_1260            |    3    |   215   |    1    |
|          |            grp_fu_1270            |    3    |   215   |    1    |
|          |            grp_fu_1279            |    3    |   215   |    1    |
|          |            grp_fu_1288            |    3    |   215   |    1    |
|          |            grp_fu_1297            |    3    |   215   |    1    |
|          |            grp_fu_1306            |    2    |   215   |    1    |
|          |            grp_fu_1314            |    3    |   215   |    1    |
|          |            grp_fu_1324            |    3    |   215   |    1    |
|          |            grp_fu_1333            |    3    |   215   |    1    |
|          |            grp_fu_1343            |    3    |   215   |    1    |
|          |            grp_fu_1352            |    3    |   215   |    1    |
|          |            grp_fu_1361            |    3    |   215   |    1    |
|          |            grp_fu_1370            |    3    |   215   |    1    |
|----------|-----------------------------------|---------|---------|---------|
|          |             grp_fu_150            |    2    |   324   |   424   |
|   fadd   |             grp_fu_155            |    2    |   324   |   424   |
|          |             grp_fu_160            |    2    |   324   |   424   |
|          |             grp_fu_165            |    2    |   324   |   424   |
|----------|-----------------------------------|---------|---------|---------|
|          |             grp_fu_178            |    0    |    0    |    39   |
|          |             grp_fu_183            |    0    |    0    |    39   |
|          |          sub_ln34_fu_249          |    0    |    0    |    48   |
|          |         sub_ln34_1_fu_262         |    0    |    0    |    48   |
|          |         sub_ln34_4_fu_297         |    0    |    0    |    48   |
|          |         sub_ln34_5_fu_310         |    0    |    0    |    48   |
|          |          sub_ln39_fu_484          |    0    |    0    |   104   |
|          |         sub_ln39_7_fu_489         |    0    |    0    |   104   |
|          |         sub_ln39_11_fu_494        |    0    |    0    |   104   |
|          |         sub_ln39_15_fu_499        |    0    |    0    |   104   |
|          |         sub_ln39_4_fu_519         |    0    |    0    |    29   |
|          |         sub_ln39_8_fu_540         |    0    |    0    |    29   |
|          |         sub_ln39_12_fu_561        |    0    |    0    |    29   |
|          |         sub_ln39_16_fu_582        |    0    |    0    |    29   |
|          |         sub_ln34_2_fu_715         |    0    |    0    |    48   |
|          |         sub_ln34_3_fu_728         |    0    |    0    |    48   |
|          |         sub_ln34_6_fu_792         |    0    |    0    |    48   |
|          |         sub_ln34_7_fu_805         |    0    |    0    |    48   |
|          |         sub_ln118_1_fu_866        |    0    |    0    |    39   |
|          |          sub_ln118_fu_896         |    0    |    0    |    39   |
|    sub   |         sub_ln39_5_fu_990         |    0    |    0    |   104   |
|          |        sub_ln39_13_fu_1005        |    0    |    0    |   104   |
|          |        sub_ln39_17_fu_1010        |    0    |    0    |   104   |
|          |         sub_ln39_6_fu_1038        |    0    |    0    |    29   |
|          |         sub_ln39_9_fu_1051        |    0    |    0    |   104   |
|          |        sub_ln39_14_fu_1079        |    0    |    0    |    29   |
|          |        sub_ln39_18_fu_1115        |    0    |    0    |    29   |
|          |         sub_ln40_2_fu_1128        |    0    |    0    |    39   |
|          |          sub_ln40_fu_1133         |    0    |    0    |    39   |
|          |         sub_ln40_4_fu_1146        |    0    |    0    |    39   |
|          |         sub_ln40_6_fu_1151        |    0    |    0    |    39   |
|          |         sub_ln40_5_fu_1156        |    0    |    0    |    39   |
|          |        sub_ln39_10_fu_1184        |    0    |    0    |    29   |
|          |         sub_ln40_9_fu_1197        |    0    |    0    |    39   |
|          |         sub_ln40_7_fu_1202        |    0    |    0    |    39   |
|          |        sub_ln40_11_fu_1215        |    0    |    0    |    39   |
|          |        sub_ln40_13_fu_1220        |    0    |    0    |    39   |
|          |        sub_ln40_12_fu_1225        |    0    |    0    |    39   |
|          |          sub_ln91_fu_1588         |    0    |    0    |    39   |
|          |         sub_ln91_1_fu_1593        |    0    |    0    |    39   |
|          |         sub_ln91_2_fu_1598        |    0    |    0    |    39   |
|          |         sub_ln91_3_fu_1603        |    0    |    0    |    39   |
|----------|-----------------------------------|---------|---------|---------|
|          | grp_p_hls_fptosi_float_i32_fu_130 |    0    |    63   |   333   |
|   call   | grp_p_hls_fptosi_float_i32_fu_135 |    0    |    63   |   333   |
|          | grp_p_hls_fptosi_float_i32_fu_140 |    0    |    63   |   333   |
|          | grp_p_hls_fptosi_float_i32_fu_145 |    0    |    63   |   333   |
|----------|-----------------------------------|---------|---------|---------|
|          |         select_ln39_fu_513        |    0    |    0    |    22   |
|          |        select_ln39_7_fu_534       |    0    |    0    |    22   |
|          |       select_ln39_11_fu_555       |    0    |    0    |    22   |
|          |       select_ln39_15_fu_576       |    0    |    0    |    22   |
|          |        select_ln39_4_fu_588       |    0    |    0    |    22   |
|          |        select_ln39_8_fu_667       |    0    |    0    |    22   |
|          |       select_ln39_12_fu_744       |    0    |    0    |    22   |
|  select  |       select_ln39_16_fu_829       |    0    |    0    |    22   |
|          |       select_ln39_5_fu_1031       |    0    |    0    |    48   |
|          |       select_ln39_6_fu_1044       |    0    |    0    |    48   |
|          |       select_ln39_13_fu_1072      |    0    |    0    |    48   |
|          |       select_ln39_14_fu_1085      |    0    |    0    |    48   |
|          |       select_ln39_17_fu_1108      |    0    |    0    |    48   |
|          |       select_ln39_18_fu_1121      |    0    |    0    |    48   |
|          |       select_ln39_9_fu_1177       |    0    |    0    |    48   |
|          |       select_ln39_10_fu_1190      |    0    |    0    |    48   |
|----------|-----------------------------------|---------|---------|---------|
|          |          add_ln34_fu_214          |    0    |    0    |    55   |
|          |         add_ln34_2_fu_352         |    0    |    0    |    55   |
|          |         add_ln34_1_fu_643         |    0    |    0    |    55   |
|          |         add_ln40_1_fu_1556        |    0    |    0    |    39   |
|          |          add_ln40_fu_1560         |    0    |    0    |    39   |
|    add   |         add_ln40_5_fu_1564        |    0    |    0    |    39   |
|          |         add_ln40_4_fu_1568        |    0    |    0    |    39   |
|          |         add_ln40_6_fu_1572        |    0    |    0    |    39   |
|          |         add_ln40_2_fu_1576        |    0    |    0    |    39   |
|          |         add_ln40_7_fu_1580        |    0    |    0    |    39   |
|          |         add_ln40_3_fu_1584        |    0    |    0    |    39   |
|----------|-----------------------------------|---------|---------|---------|
|          |         icmp_ln115_fu_607         |    0    |    0    |    14   |
|          |         icmp_ln129_fu_619         |    0    |    0    |    14   |
|          |        icmp_ln115_1_fu_686        |    0    |    0    |    14   |
|   icmp   |        icmp_ln129_1_fu_698        |    0    |    0    |    14   |
|          |        icmp_ln115_2_fu_763        |    0    |    0    |    14   |
|          |        icmp_ln129_2_fu_775        |    0    |    0    |    14   |
|          |        icmp_ln115_3_fu_848        |    0    |    0    |    14   |
|          |        icmp_ln129_3_fu_860        |    0    |    0    |    14   |
|----------|-----------------------------------|---------|---------|---------|
|          |          or_ln95_fu_1608          |    0    |    0    |    32   |
|    or    |         or_ln95_1_fu_1614         |    0    |    0    |    32   |
|          |         or_ln95_2_fu_1620         |    0    |    0    |    32   |
|----------|-----------------------------------|---------|---------|---------|
|          |          xor_ln115_fu_601         |    0    |    0    |    2    |
|    xor   |         xor_ln115_1_fu_680        |    0    |    0    |    2    |
|          |         xor_ln115_2_fu_757        |    0    |    0    |    2    |
|          |         xor_ln115_3_fu_842        |    0    |    0    |    2    |
|----------|-----------------------------------|---------|---------|---------|
|          |          and_ln115_fu_613         |    0    |    0    |    2    |
|    and   |         and_ln115_1_fu_692        |    0    |    0    |    2    |
|          |         and_ln115_2_fu_769        |    0    |    0    |    2    |
|          |         and_ln115_3_fu_854        |    0    |    0    |    2    |
|----------|-----------------------------------|---------|---------|---------|
|          |  Squared_R_Robot_read_read_fu_68  |    0    |    0    |    0    |
|   read   |        p_read_3_read_fu_74        |    0    |    0    |    0    |
|          |        p_read_4_read_fu_80        |    0    |    0    |    0    |
|----------|-----------------------------------|---------|---------|---------|
|  sitofp  |             grp_fu_170            |    0    |    0    |    0    |
|          |             grp_fu_174            |    0    |    0    |    0    |
|----------|-----------------------------------|---------|---------|---------|
|          |         trunc_ln34_fu_196         |    0    |    0    |    0    |
|          |        trunc_ln34_22_fu_238       |    0    |    0    |    0    |
|          |        trunc_ln34_24_fu_286       |    0    |    0    |    0    |
|   trunc  |        trunc_ln34_26_fu_334       |    0    |    0    |    0    |
|          |        trunc_ln34_21_fu_625       |    0    |    0    |    0    |
|          |        trunc_ln34_23_fu_704       |    0    |    0    |    0    |
|          |        trunc_ln34_25_fu_781       |    0    |    0    |    0    |
|----------|-----------------------------------|---------|---------|---------|
|          |            p_shl_fu_200           |    0    |    0    |    0    |
|          |           p_shl1_fu_207           |    0    |    0    |    0    |
|          |           p_shl2_fu_241           |    0    |    0    |    0    |
|          |           p_shl3_fu_255           |    0    |    0    |    0    |
|          |           p_shl6_fu_289           |    0    |    0    |    0    |
|          |           p_shl7_fu_303           |    0    |    0    |    0    |
|          |           p_shl12_fu_337          |    0    |    0    |    0    |
|          |           p_shl13_fu_345          |    0    |    0    |    0    |
|          |           shl_ln_fu_376           |    0    |    0    |    0    |
|          |         shl_ln39_1_fu_393         |    0    |    0    |    0    |
|bitconcatenate|         shl_ln39_2_fu_410         |    0    |    0    |    0    |
|          |         shl_ln39_3_fu_427         |    0    |    0    |    0    |
|          |           p_shl8_fu_628           |    0    |    0    |    0    |
|          |           p_shl9_fu_636           |    0    |    0    |    0    |
|          |           p_shl4_fu_707           |    0    |    0    |    0    |
|          |           p_shl5_fu_721           |    0    |    0    |    0    |
|          |           p_shl10_fu_784          |    0    |    0    |    0    |
|          |           p_shl11_fu_798          |    0    |    0    |    0    |
|          |         shl_ln39_4_fu_879         |    0    |    0    |    0    |
|          |         shl_ln39_6_fu_909         |    0    |    0    |    0    |
|          |         shl_ln39_7_fu_926         |    0    |    0    |    0    |
|          |         shl_ln39_5_fu_943         |    0    |    0    |    0    |
|----------|-----------------------------------|---------|---------|---------|
|          |          trunc_ln_fu_220          |    0    |    0    |    0    |
|          |            tmp_s_fu_268           |    0    |    0    |    0    |
|          |            tmp_9_fu_316           |    0    |    0    |    0    |
|          |           tmp_10_fu_358           |    0    |    0    |    0    |
|          |           tmp_47_fu_444           |    0    |    0    |    0    |
|          |           tmp_54_fu_454           |    0    |    0    |    0    |
|          |           tmp_61_fu_464           |    0    |    0    |    0    |
|          |           tmp_68_fu_474           |    0    |    0    |    0    |
|          |           tmp_46_fu_504           |    0    |    0    |    0    |
|          |           tmp_53_fu_525           |    0    |    0    |    0    |
|          |           tmp_60_fu_546           |    0    |    0    |    0    |
|          |           tmp_67_fu_567           |    0    |    0    |    0    |
|          |        trunc_ln34_6_fu_649        |    0    |    0    |    0    |
|          |        trunc_ln34_3_fu_734        |    0    |    0    |    0    |
|          |        trunc_ln34_11_fu_811       |    0    |    0    |    0    |
|          |           tmp_51_fu_960           |    0    |    0    |    0    |
|          |           tmp_65_fu_970           |    0    |    0    |    0    |
|          |           tmp_72_fu_980           |    0    |    0    |    0    |
|          |           tmp_58_fu_995           |    0    |    0    |    0    |
|          |           tmp_50_fu_1015          |    0    |    0    |    0    |
|partselect|           tmp_64_fu_1056          |    0    |    0    |    0    |
|          |           tmp_71_fu_1092          |    0    |    0    |    0    |
|          |           tmp_57_fu_1161          |    0    |    0    |    0    |
|          |        trunc_ln34_8_fu_1376       |    0    |    0    |    0    |
|          |       trunc_ln34_12_fu_1386       |    0    |    0    |    0    |
|          |       trunc_ln34_17_fu_1396       |    0    |    0    |    0    |
|          |        trunc_ln34_1_fu_1406       |    0    |    0    |    0    |
|          |        trunc_ln34_2_fu_1416       |    0    |    0    |    0    |
|          |        trunc_ln34_9_fu_1426       |    0    |    0    |    0    |
|          |        trunc_ln34_s_fu_1436       |    0    |    0    |    0    |
|          |        trunc_ln34_5_fu_1446       |    0    |    0    |    0    |
|          |       trunc_ln34_10_fu_1456       |    0    |    0    |    0    |
|          |        trunc_ln34_7_fu_1466       |    0    |    0    |    0    |
|          |        trunc_ln34_4_fu_1476       |    0    |    0    |    0    |
|          |       trunc_ln34_15_fu_1486       |    0    |    0    |    0    |
|          |       trunc_ln34_16_fu_1496       |    0    |    0    |    0    |
|          |       trunc_ln34_13_fu_1506       |    0    |    0    |    0    |
|          |       trunc_ln34_14_fu_1516       |    0    |    0    |    0    |
|          |       trunc_ln34_18_fu_1526       |    0    |    0    |    0    |
|          |       trunc_ln34_20_fu_1536       |    0    |    0    |    0    |
|          |       trunc_ln34_19_fu_1546       |    0    |    0    |    0    |
|----------|-----------------------------------|---------|---------|---------|
|          |             tmp_fu_230            |    0    |    0    |    0    |
|          |           tmp_52_fu_278           |    0    |    0    |    0    |
|          |           tmp_59_fu_326           |    0    |    0    |    0    |
|          |           tmp_66_fu_368           |    0    |    0    |    0    |
|          |           tmp_48_fu_593           |    0    |    0    |    0    |
|          |           tmp_49_fu_659           |    0    |    0    |    0    |
| bitselect|           tmp_55_fu_672           |    0    |    0    |    0    |
|          |           tmp_62_fu_749           |    0    |    0    |    0    |
|          |           tmp_63_fu_821           |    0    |    0    |    0    |
|          |           tmp_69_fu_834           |    0    |    0    |    0    |
|          |           tmp_70_fu_871           |    0    |    0    |    0    |
|          |           tmp_56_fu_901           |    0    |    0    |    0    |
|          |           tmp_73_fu_1626          |    0    |    0    |    0    |
|----------|-----------------------------------|---------|---------|---------|
|          |         sext_ln39_6_fu_383        |    0    |    0    |    0    |
|          |        sext_ln39_10_fu_400        |    0    |    0    |    0    |
|          |        sext_ln39_14_fu_417        |    0    |    0    |    0    |
|          |        sext_ln39_18_fu_434        |    0    |    0    |    0    |
|          |         sext_ln39_7_fu_886        |    0    |    0    |    0    |
|          |        sext_ln39_15_fu_916        |    0    |    0    |    0    |
|          |        sext_ln39_19_fu_933        |    0    |    0    |    0    |
|          |        sext_ln39_11_fu_950        |    0    |    0    |    0    |
|          |        sext_ln39_8_fu_1024        |    0    |    0    |    0    |
|          |        sext_ln39_9_fu_1028        |    0    |    0    |    0    |
|          |        sext_ln39_16_fu_1065       |    0    |    0    |    0    |
|          |        sext_ln39_17_fu_1069       |    0    |    0    |    0    |
|          |        sext_ln39_20_fu_1101       |    0    |    0    |    0    |
|          |        sext_ln39_21_fu_1105       |    0    |    0    |    0    |
|          |         sext_ln39_fu_1138         |    0    |    0    |    0    |
|          |        sext_ln39_12_fu_1170       |    0    |    0    |    0    |
|   sext   |        sext_ln39_13_fu_1174       |    0    |    0    |    0    |
|          |        sext_ln39_2_fu_1207        |    0    |    0    |    0    |
|          |        sext_ln39_3_fu_1230        |    0    |    0    |    0    |
|          |        sext_ln34_8_fu_1238        |    0    |    0    |    0    |
|          |        sext_ln34_9_fu_1247        |    0    |    0    |    0    |
|          |         sext_ln34_fu_1257         |    0    |    0    |    0    |
|          |        sext_ln34_7_fu_1266        |    0    |    0    |    0    |
|          |        sext_ln34_10_fu_1276       |    0    |    0    |    0    |
|          |        sext_ln34_12_fu_1285       |    0    |    0    |    0    |
|          |        sext_ln34_11_fu_1294       |    0    |    0    |    0    |
|          |        sext_ln39_1_fu_1303        |    0    |    0    |    0    |
|          |        sext_ln34_15_fu_1311       |    0    |    0    |    0    |
|          |        sext_ln34_16_fu_1320       |    0    |    0    |    0    |
|          |        sext_ln34_13_fu_1330       |    0    |    0    |    0    |
|          |        sext_ln34_14_fu_1339       |    0    |    0    |    0    |
|          |        sext_ln34_17_fu_1349       |    0    |    0    |    0    |
|          |        sext_ln34_19_fu_1358       |    0    |    0    |    0    |
|          |        sext_ln34_18_fu_1367       |    0    |    0    |    0    |
|----------|-----------------------------------|---------|---------|---------|
|   Total  |                                   |    90   |   5690  |   6833  |
|----------|-----------------------------------|---------|---------|---------|

Memories:
N/A

* Register list:
+-----------------------------+--------+
|                             |   FF   |
+-----------------------------+--------+
|Squared_R_Robot_read_reg_1634|   32   |
|    a_assign_14_2_reg_1722   |   29   |
|     a_assign_1_reg_1714     |   29   |
|      a_assign_reg_1696      |   29   |
|     a_assign_s_reg_1706     |   29   |
|     add_ln40_1_reg_2310     |   32   |
|     add_ln40_2_reg_2335     |   32   |
|     add_ln40_3_reg_2345     |   32   |
|     add_ln40_4_reg_2325     |   32   |
|     add_ln40_5_reg_2320     |   32   |
|     add_ln40_6_reg_2330     |   32   |
|     add_ln40_7_reg_2340     |   32   |
|      add_ln40_reg_2315      |   32   |
|     and_ln115_1_reg_1899    |    1   |
|     and_ln115_2_reg_1912    |    1   |
|     and_ln115_3_reg_1932    |    1   |
|      and_ln115_reg_1879     |    1   |
|         cc_0_reg_86         |   32   |
|         cc_1_reg_97         |   32   |
|         cc_2_reg_108        |   32   |
|         cc_3_reg_119        |   32   |
|       conv9_i_reg_1670      |   32   |
|       conv_i_reg_1664       |   32   |
|    icmp_ln129_1_reg_1903    |    1   |
|    icmp_ln129_2_reg_1916    |    1   |
|    icmp_ln129_3_reg_1936    |    1   |
|     icmp_ln129_reg_1883     |    1   |
|     mul_ln39_2_reg_1984     |   97   |
|     mul_ln39_3_reg_1806     |   97   |
|     mul_ln39_4_reg_2019     |   97   |
|     mul_ln39_5_reg_1817     |   97   |
|     mul_ln39_6_reg_1994     |   97   |
|     mul_ln39_7_reg_1828     |   97   |
|     mul_ln39_8_reg_2004     |   97   |
|      mul_ln39_reg_1795      |   97   |
|      p_read_3_reg_1642      |   32   |
|      p_read_4_reg_1653      |   32   |
|           reg_188           |   32   |
|           reg_192           |   32   |
|   select_ln39_10_reg_2089   |   48   |
|   select_ln39_14_reg_2049   |   48   |
|   select_ln39_18_reg_2054   |   48   |
|    select_ln39_6_reg_2039   |   48   |
|    sext_ln34_10_reg_2153    |   48   |
|    sext_ln34_11_reg_2165    |   48   |
|    sext_ln34_12_reg_2159    |   48   |
|    sext_ln34_13_reg_2188    |   48   |
|    sext_ln34_14_reg_2194    |   48   |
|    sext_ln34_15_reg_2176    |   48   |
|    sext_ln34_16_reg_2182    |   48   |
|    sext_ln34_17_reg_2200    |   48   |
|    sext_ln34_18_reg_2212    |   48   |
|    sext_ln34_19_reg_2206    |   48   |
|     sext_ln34_7_reg_2147    |   48   |
|     sext_ln34_8_reg_2129    |   48   |
|     sext_ln34_9_reg_2135    |   48   |
|      sext_ln34_reg_2141     |   48   |
|    sext_ln39_10_reg_1780    |   97   |
|    sext_ln39_11_reg_1979    |   97   |
|    sext_ln39_14_reg_1785    |   97   |
|    sext_ln39_15_reg_1969    |   97   |
|    sext_ln39_18_reg_1790    |   97   |
|    sext_ln39_19_reg_1974    |   97   |
|     sext_ln39_1_reg_2171    |   48   |
|     sext_ln39_2_reg_2104    |   48   |
|     sext_ln39_3_reg_2124    |   48   |
|     sext_ln39_6_reg_1775    |   97   |
|     sext_ln39_7_reg_1952    |   97   |
|      sext_ln39_reg_2069     |   48   |
|      sub12_i_2_reg_1691     |   32   |
|       sub12_i_reg_1681      |   32   |
|       sub_i_1_reg_1686      |   32   |
|        sub_i_reg_1676       |   32   |
|     sub_ln118_1_reg_1940    |   32   |
|      sub_ln118_reg_1957     |   32   |
|     sub_ln39_11_reg_1849    |   97   |
|     sub_ln39_12_reg_1869    |   22   |
|     sub_ln39_13_reg_2029    |   97   |
|     sub_ln39_15_reg_1854    |   97   |
|     sub_ln39_16_reg_1874    |   22   |
|     sub_ln39_17_reg_2034    |   97   |
|     sub_ln39_4_reg_1859     |   22   |
|     sub_ln39_5_reg_2014     |   97   |
|     sub_ln39_7_reg_1844     |   97   |
|     sub_ln39_8_reg_1864     |   22   |
|     sub_ln39_9_reg_2044     |   97   |
|      sub_ln39_reg_1839      |   97   |
|     sub_ln40_11_reg_2109    |   32   |
|     sub_ln40_12_reg_2119    |   32   |
|     sub_ln40_13_reg_2114    |   32   |
|     sub_ln40_2_reg_2059     |   32   |
|     sub_ln40_4_reg_2074     |   32   |
|     sub_ln40_5_reg_2084     |   32   |
|     sub_ln40_6_reg_2079     |   32   |
|     sub_ln40_7_reg_2099     |   32   |
|     sub_ln40_9_reg_2094     |   32   |
|      sub_ln40_reg_2064      |   32   |
|       tmp_10_reg_1764       |   32   |
|       tmp_47_reg_1800       |   22   |
|       tmp_49_reg_1893       |    1   |
|       tmp_51_reg_1989       |   22   |
|       tmp_52_reg_1747       |    1   |
|       tmp_54_reg_1811       |   22   |
|       tmp_56_reg_1963       |    1   |
|       tmp_58_reg_2024       |   22   |
|       tmp_59_reg_1758       |    1   |
|       tmp_61_reg_1822       |   22   |
|       tmp_63_reg_1926       |    1   |
|       tmp_65_reg_1999       |   22   |
|       tmp_66_reg_1769       |    1   |
|       tmp_68_reg_1833       |   22   |
|       tmp_70_reg_1946       |    1   |
|       tmp_72_reg_2009       |   22   |
|        tmp_9_reg_1753       |   32   |
|         tmp_reg_1736        |    1   |
|        tmp_s_reg_1742       |   32   |
|    trunc_ln34_10_reg_2259   |   32   |
|    trunc_ln34_11_reg_1920   |   32   |
|    trunc_ln34_12_reg_2223   |   32   |
|    trunc_ln34_13_reg_2284   |   32   |
|    trunc_ln34_14_reg_2289   |   32   |
|    trunc_ln34_15_reg_2274   |   32   |
|    trunc_ln34_16_reg_2279   |   32   |
|    trunc_ln34_17_reg_2228   |   32   |
|    trunc_ln34_18_reg_2294   |   32   |
|    trunc_ln34_19_reg_2305   |   32   |
|    trunc_ln34_1_reg_2233    |   32   |
|    trunc_ln34_20_reg_2300   |   32   |
|    trunc_ln34_2_reg_2238    |   32   |
|    trunc_ln34_3_reg_1907    |   32   |
|    trunc_ln34_4_reg_2269    |   32   |
|    trunc_ln34_5_reg_2253    |   32   |
|    trunc_ln34_6_reg_1887    |   32   |
|    trunc_ln34_7_reg_2264    |   32   |
|    trunc_ln34_8_reg_2218    |   32   |
|    trunc_ln34_9_reg_2243    |   32   |
|     trunc_ln34_reg_1701     |   27   |
|    trunc_ln34_s_reg_2248    |   32   |
|      trunc_ln_reg_1730      |   32   |
+-----------------------------+--------+
|            Total            |  5727  |
+-----------------------------+--------+

* Multiplexer (MUX) list: 
|-------------|------|------|------|--------||---------||---------|
|     Comp    |  Pin | Size |  BW  | S x BW ||  Delay  ||   LUT   |
|-------------|------|------|------|--------||---------||---------|
|  grp_fu_170 |  p0  |   2  |  32  |   64   ||    9    |
|  grp_fu_174 |  p0  |   2  |  32  |   64   ||    9    |
|  grp_fu_387 |  p0  |   2  |  48  |   96   ||    9    |
|  grp_fu_404 |  p0  |   2  |  48  |   96   ||    9    |
|  grp_fu_421 |  p0  |   2  |  48  |   96   ||    9    |
|  grp_fu_438 |  p0  |   2  |  48  |   96   ||    9    |
|  grp_fu_890 |  p0  |   2  |  48  |   96   ||    9    |
|  grp_fu_920 |  p0  |   2  |  48  |   96   ||    9    |
|  grp_fu_937 |  p0  |   2  |  48  |   96   ||    9    |
|  grp_fu_954 |  p0  |   2  |  48  |   96   ||    9    |
| grp_fu_1141 |  p1  |   2  |  32  |   64   ||    9    |
| grp_fu_1210 |  p1  |   2  |  32  |   64   ||    9    |
| grp_fu_1233 |  p1  |   2  |  32  |   64   ||    9    |
| grp_fu_1241 |  p0  |   2  |  32  |   64   ||    9    |
| grp_fu_1241 |  p1  |   2  |  32  |   64   ||    9    |
| grp_fu_1251 |  p0  |   2  |  32  |   64   ||    9    |
| grp_fu_1251 |  p1  |   2  |  32  |   64   ||    9    |
| grp_fu_1260 |  p0  |   2  |  32  |   64   ||    9    |
| grp_fu_1260 |  p1  |   2  |  32  |   64   ||    9    |
| grp_fu_1270 |  p0  |   2  |  32  |   64   ||    9    |
| grp_fu_1270 |  p1  |   2  |  32  |   64   ||    9    |
| grp_fu_1279 |  p0  |   2  |  32  |   64   ||    9    |
| grp_fu_1279 |  p1  |   2  |  32  |   64   ||    9    |
| grp_fu_1288 |  p0  |   2  |  32  |   64   ||    9    |
| grp_fu_1288 |  p1  |   2  |  32  |   64   ||    9    |
| grp_fu_1297 |  p0  |   2  |  32  |   64   ||    9    |
| grp_fu_1297 |  p1  |   2  |  32  |   64   ||    9    |
| grp_fu_1306 |  p1  |   2  |  32  |   64   ||    9    |
| grp_fu_1314 |  p0  |   2  |  32  |   64   ||    9    |
| grp_fu_1314 |  p1  |   2  |  32  |   64   ||    9    |
| grp_fu_1324 |  p0  |   2  |  32  |   64   ||    9    |
| grp_fu_1324 |  p1  |   2  |  32  |   64   ||    9    |
| grp_fu_1333 |  p0  |   2  |  32  |   64   ||    9    |
| grp_fu_1333 |  p1  |   2  |  32  |   64   ||    9    |
| grp_fu_1343 |  p0  |   2  |  32  |   64   ||    9    |
| grp_fu_1343 |  p1  |   2  |  32  |   64   ||    9    |
| grp_fu_1352 |  p0  |   2  |  32  |   64   ||    9    |
| grp_fu_1352 |  p1  |   2  |  32  |   64   ||    9    |
| grp_fu_1361 |  p0  |   2  |  32  |   64   ||    9    |
| grp_fu_1361 |  p1  |   2  |  32  |   64   ||    9    |
| grp_fu_1370 |  p0  |   2  |  32  |   64   ||    9    |
| grp_fu_1370 |  p1  |   2  |  32  |   64   ||    9    |
|-------------|------|------|------|--------||---------||---------|
|    Total    |      |      |      |  2944  ||  66.696 ||   378   |
|-------------|------|------|------|--------||---------||---------|



* Summary:
+-----------+--------+--------+--------+--------+
|           |   DSP  |  Delay |   FF   |   LUT  |
+-----------+--------+--------+--------+--------+
|  Function |   90   |    -   |  5690  |  6833  |
|   Memory  |    -   |    -   |    -   |    -   |
|Multiplexer|    -   |   66   |    -   |   378  |
|  Register |    -   |    -   |  5727  |    -   |
+-----------+--------+--------+--------+--------+
|   Total   |   90   |   66   |  11417 |  7211  |
+-----------+--------+--------+--------+--------+
