

================================================================
== Vitis HLS Report for 'Collision_detectedhw'
================================================================
* Date:           Tue May 30 11:08:24 2023

* Version:        2021.2 (Build 3367213 on Tue Oct 19 02:47:39 MDT 2021)
* Project:        new_fixedpoint2205
* Solution:       solution1 (Vivado IP Flow Target)
* Product family: zynq
* Target device:  xc7z020-clg400-1


================================================================
== Performance Estimates
================================================================
+ Timing: 
    * Summary: 
    +--------+---------+----------+------------+
    |  Clock |  Target | Estimated| Uncertainty|
    +--------+---------+----------+------------+
    |ap_clk  |  6.75 ns|  6.312 ns|     1.82 ns|
    +--------+---------+----------+------------+

+ Latency: 
    * Summary: 
    +---------+---------+----------+----------+-----+-----+---------+
    |  Latency (cycles) |  Latency (absolute) |  Interval | Pipeline|
    |   min   |   max   |    min   |    max   | min | max |   Type  |
    +---------+---------+----------+----------+-----+-----+---------+
    |       39|       39|  0.263 us|  0.263 us|    1|    1|      yes|
    +---------+---------+----------+----------+-----+-----+---------+

    + Detail: 
        * Instance: 
        N/A

        * Loop: 
        N/A

============================================================
+ Verbose Summary: Synthesis Manager
============================================================
InlineROM: 1
ExposeGlobal: 0
============================================================
+ Verbose Summary: CDFG Model
============================================================
IsTopModel: 0
ResetActiveHigh: 1
IsCombinational: 0
IsDatapathOnly: 0
HasWiredReturn: 1
HasMFsm: 2
HasVarLatency: 0
IsPipeline: 1
IsRtlPipelined: 1
IsInstanceOverlapped: 0
IsDontTouch: 0
HasImplIP: 0
IsGatedGlobalClock: 0

+ Individual pipeline summary: 
  * Pipeline-0: initiation interval (II) = 1, depth = 40


============================================================
+ Verbose Summary: Schedule
============================================================
* Number of FSM states : 40
* Pipeline : 1
  Pipeline-0 : II = 1, D = 40, States = { 1 2 3 4 5 6 7 8 9 10 11 12 13 14 15 16 17 18 19 20 21 22 23 24 25 26 27 28 29 30 31 32 33 34 35 36 37 38 39 40 }
* Dataflow Pipeline: 0

* FSM state transitions: 
1 --> 2 
2 --> 3 
3 --> 4 
4 --> 5 
5 --> 6 
6 --> 7 
7 --> 8 
8 --> 9 
9 --> 10 
10 --> 11 
11 --> 12 
12 --> 13 
13 --> 14 
14 --> 15 
15 --> 16 
16 --> 17 
17 --> 18 
18 --> 19 
19 --> 20 
20 --> 21 
21 --> 22 
22 --> 23 
23 --> 24 
24 --> 25 
25 --> 26 
26 --> 27 
27 --> 28 
28 --> 29 
29 --> 30 
30 --> 31 
31 --> 32 
32 --> 33 
33 --> 34 
34 --> 35 
35 --> 36 
36 --> 37 
37 --> 38 
38 --> 39 
39 --> 40 
40 --> 

* FSM state operations: 

State 1 <SV = 0> <Delay = 6.31>
ST_1 : Operation 41 [1/1] (0.00ns)   --->   "%Squared_R_Robot_read = read i32 @_ssdm_op_Read.ap_auto.i32, i32 %Squared_R_Robot"   --->   Operation 41 'read' 'Squared_R_Robot_read' <Predicate = true> <Delay = 0.00>
ST_1 : Operation 42 [1/1] (0.00ns)   --->   "%p_read_3 = read i32 @_ssdm_op_Read.ap_auto.i32, i32 %p_read1"   --->   Operation 42 'read' 'p_read_3' <Predicate = true> <Delay = 0.00>
ST_1 : Operation 43 [1/1] (0.00ns)   --->   "%p_read_4 = read i32 @_ssdm_op_Read.ap_auto.i32, i32 %p_read"   --->   Operation 43 'read' 'p_read_4' <Predicate = true> <Delay = 0.00>
ST_1 : Operation 44 [7/7] (6.31ns)   --->   "%conv_i = sitofp i32 %p_read_4"   --->   Operation 44 'sitofp' 'conv_i' <Predicate = true> <Delay = 6.31> <CoreInst = "Int2Float">   --->   Core 62 'Int2Float' <Latency = 6> <II = 1> <Delay = 6.31> <FuncUnit> <Opcode : 'sitofp' 'uitofp'> <InPorts = 1> <OutPorts = 1>
ST_1 : Operation 45 [7/7] (6.31ns)   --->   "%conv9_i = sitofp i32 %p_read_3"   --->   Operation 45 'sitofp' 'conv9_i' <Predicate = true> <Delay = 6.31> <CoreInst = "Int2Float">   --->   Core 62 'Int2Float' <Latency = 6> <II = 1> <Delay = 6.31> <FuncUnit> <Opcode : 'sitofp' 'uitofp'> <InPorts = 1> <OutPorts = 1>

State 2 <SV = 1> <Delay = 6.31>
ST_2 : Operation 46 [6/7] (6.31ns)   --->   "%conv_i = sitofp i32 %p_read_4"   --->   Operation 46 'sitofp' 'conv_i' <Predicate = true> <Delay = 6.31> <CoreInst = "Int2Float">   --->   Core 62 'Int2Float' <Latency = 6> <II = 1> <Delay = 6.31> <FuncUnit> <Opcode : 'sitofp' 'uitofp'> <InPorts = 1> <OutPorts = 1>
ST_2 : Operation 47 [6/7] (6.31ns)   --->   "%conv9_i = sitofp i32 %p_read_3"   --->   Operation 47 'sitofp' 'conv9_i' <Predicate = true> <Delay = 6.31> <CoreInst = "Int2Float">   --->   Core 62 'Int2Float' <Latency = 6> <II = 1> <Delay = 6.31> <FuncUnit> <Opcode : 'sitofp' 'uitofp'> <InPorts = 1> <OutPorts = 1>

State 3 <SV = 2> <Delay = 6.31>
ST_3 : Operation 48 [5/7] (6.31ns)   --->   "%conv_i = sitofp i32 %p_read_4"   --->   Operation 48 'sitofp' 'conv_i' <Predicate = true> <Delay = 6.31> <CoreInst = "Int2Float">   --->   Core 62 'Int2Float' <Latency = 6> <II = 1> <Delay = 6.31> <FuncUnit> <Opcode : 'sitofp' 'uitofp'> <InPorts = 1> <OutPorts = 1>
ST_3 : Operation 49 [5/7] (6.31ns)   --->   "%conv9_i = sitofp i32 %p_read_3"   --->   Operation 49 'sitofp' 'conv9_i' <Predicate = true> <Delay = 6.31> <CoreInst = "Int2Float">   --->   Core 62 'Int2Float' <Latency = 6> <II = 1> <Delay = 6.31> <FuncUnit> <Opcode : 'sitofp' 'uitofp'> <InPorts = 1> <OutPorts = 1>

State 4 <SV = 3> <Delay = 6.31>
ST_4 : Operation 50 [4/7] (6.31ns)   --->   "%conv_i = sitofp i32 %p_read_4"   --->   Operation 50 'sitofp' 'conv_i' <Predicate = true> <Delay = 6.31> <CoreInst = "Int2Float">   --->   Core 62 'Int2Float' <Latency = 6> <II = 1> <Delay = 6.31> <FuncUnit> <Opcode : 'sitofp' 'uitofp'> <InPorts = 1> <OutPorts = 1>
ST_4 : Operation 51 [4/7] (6.31ns)   --->   "%conv9_i = sitofp i32 %p_read_3"   --->   Operation 51 'sitofp' 'conv9_i' <Predicate = true> <Delay = 6.31> <CoreInst = "Int2Float">   --->   Core 62 'Int2Float' <Latency = 6> <II = 1> <Delay = 6.31> <FuncUnit> <Opcode : 'sitofp' 'uitofp'> <InPorts = 1> <OutPorts = 1>

State 5 <SV = 4> <Delay = 6.31>
ST_5 : Operation 52 [3/7] (6.31ns)   --->   "%conv_i = sitofp i32 %p_read_4"   --->   Operation 52 'sitofp' 'conv_i' <Predicate = true> <Delay = 6.31> <CoreInst = "Int2Float">   --->   Core 62 'Int2Float' <Latency = 6> <II = 1> <Delay = 6.31> <FuncUnit> <Opcode : 'sitofp' 'uitofp'> <InPorts = 1> <OutPorts = 1>
ST_5 : Operation 53 [3/7] (6.31ns)   --->   "%conv9_i = sitofp i32 %p_read_3"   --->   Operation 53 'sitofp' 'conv9_i' <Predicate = true> <Delay = 6.31> <CoreInst = "Int2Float">   --->   Core 62 'Int2Float' <Latency = 6> <II = 1> <Delay = 6.31> <FuncUnit> <Opcode : 'sitofp' 'uitofp'> <InPorts = 1> <OutPorts = 1>

State 6 <SV = 5> <Delay = 6.31>
ST_6 : Operation 54 [2/7] (6.31ns)   --->   "%conv_i = sitofp i32 %p_read_4"   --->   Operation 54 'sitofp' 'conv_i' <Predicate = true> <Delay = 6.31> <CoreInst = "Int2Float">   --->   Core 62 'Int2Float' <Latency = 6> <II = 1> <Delay = 6.31> <FuncUnit> <Opcode : 'sitofp' 'uitofp'> <InPorts = 1> <OutPorts = 1>
ST_6 : Operation 55 [2/7] (6.31ns)   --->   "%conv9_i = sitofp i32 %p_read_3"   --->   Operation 55 'sitofp' 'conv9_i' <Predicate = true> <Delay = 6.31> <CoreInst = "Int2Float">   --->   Core 62 'Int2Float' <Latency = 6> <II = 1> <Delay = 6.31> <FuncUnit> <Opcode : 'sitofp' 'uitofp'> <InPorts = 1> <OutPorts = 1>

State 7 <SV = 6> <Delay = 6.31>
ST_7 : Operation 56 [1/7] (6.31ns)   --->   "%conv_i = sitofp i32 %p_read_4"   --->   Operation 56 'sitofp' 'conv_i' <Predicate = true> <Delay = 6.31> <CoreInst = "Int2Float">   --->   Core 62 'Int2Float' <Latency = 6> <II = 1> <Delay = 6.31> <FuncUnit> <Opcode : 'sitofp' 'uitofp'> <InPorts = 1> <OutPorts = 1>
ST_7 : Operation 57 [1/7] (6.31ns)   --->   "%conv9_i = sitofp i32 %p_read_3"   --->   Operation 57 'sitofp' 'conv9_i' <Predicate = true> <Delay = 6.31> <CoreInst = "Int2Float">   --->   Core 62 'Int2Float' <Latency = 6> <II = 1> <Delay = 6.31> <FuncUnit> <Opcode : 'sitofp' 'uitofp'> <InPorts = 1> <OutPorts = 1>

State 8 <SV = 7> <Delay = 4.34>
ST_8 : Operation 58 [9/9] (4.34ns)   --->   "%sub_i = fadd i32 %conv_i, i32 1.31072e+06" [new_fixedpoint2205/Aux_Lib_hw.hpp:106]   --->   Operation 58 'fadd' 'sub_i' <Predicate = true> <Delay = 4.34> <CoreInst = "FAddSub_fulldsp">   --->   Core 18 'FAddSub_fulldsp' <Latency = 8> <II = 1> <Delay = 4.34> <FuncUnit> <Opcode : 'fadd' 'fsub'> <InPorts = 2> <OutPorts = 1>
ST_8 : Operation 59 [9/9] (4.34ns)   --->   "%sub12_i = fadd i32 %conv9_i, i32 -1.31072e+06" [new_fixedpoint2205/Aux_Lib_hw.hpp:107]   --->   Operation 59 'fadd' 'sub12_i' <Predicate = true> <Delay = 4.34> <CoreInst = "FAddSub_fulldsp">   --->   Core 18 'FAddSub_fulldsp' <Latency = 8> <II = 1> <Delay = 4.34> <FuncUnit> <Opcode : 'fadd' 'fsub'> <InPorts = 2> <OutPorts = 1>
ST_8 : Operation 60 [9/9] (4.34ns)   --->   "%sub_i_1 = fadd i32 %conv_i, i32 -1.31072e+06" [new_fixedpoint2205/Aux_Lib_hw.hpp:106]   --->   Operation 60 'fadd' 'sub_i_1' <Predicate = true> <Delay = 4.34> <CoreInst = "FAddSub_fulldsp">   --->   Core 18 'FAddSub_fulldsp' <Latency = 8> <II = 1> <Delay = 4.34> <FuncUnit> <Opcode : 'fadd' 'fsub'> <InPorts = 2> <OutPorts = 1>
ST_8 : Operation 61 [9/9] (4.34ns)   --->   "%sub12_i_2 = fadd i32 %conv9_i, i32 1.31072e+06" [new_fixedpoint2205/Aux_Lib_hw.hpp:107]   --->   Operation 61 'fadd' 'sub12_i_2' <Predicate = true> <Delay = 4.34> <CoreInst = "FAddSub_fulldsp">   --->   Core 18 'FAddSub_fulldsp' <Latency = 8> <II = 1> <Delay = 4.34> <FuncUnit> <Opcode : 'fadd' 'fsub'> <InPorts = 2> <OutPorts = 1>

State 9 <SV = 8> <Delay = 4.34>
ST_9 : Operation 62 [8/9] (4.34ns)   --->   "%sub_i = fadd i32 %conv_i, i32 1.31072e+06" [new_fixedpoint2205/Aux_Lib_hw.hpp:106]   --->   Operation 62 'fadd' 'sub_i' <Predicate = true> <Delay = 4.34> <CoreInst = "FAddSub_fulldsp">   --->   Core 18 'FAddSub_fulldsp' <Latency = 8> <II = 1> <Delay = 4.34> <FuncUnit> <Opcode : 'fadd' 'fsub'> <InPorts = 2> <OutPorts = 1>
ST_9 : Operation 63 [8/9] (4.34ns)   --->   "%sub12_i = fadd i32 %conv9_i, i32 -1.31072e+06" [new_fixedpoint2205/Aux_Lib_hw.hpp:107]   --->   Operation 63 'fadd' 'sub12_i' <Predicate = true> <Delay = 4.34> <CoreInst = "FAddSub_fulldsp">   --->   Core 18 'FAddSub_fulldsp' <Latency = 8> <II = 1> <Delay = 4.34> <FuncUnit> <Opcode : 'fadd' 'fsub'> <InPorts = 2> <OutPorts = 1>
ST_9 : Operation 64 [8/9] (4.34ns)   --->   "%sub_i_1 = fadd i32 %conv_i, i32 -1.31072e+06" [new_fixedpoint2205/Aux_Lib_hw.hpp:106]   --->   Operation 64 'fadd' 'sub_i_1' <Predicate = true> <Delay = 4.34> <CoreInst = "FAddSub_fulldsp">   --->   Core 18 'FAddSub_fulldsp' <Latency = 8> <II = 1> <Delay = 4.34> <FuncUnit> <Opcode : 'fadd' 'fsub'> <InPorts = 2> <OutPorts = 1>
ST_9 : Operation 65 [8/9] (4.34ns)   --->   "%sub12_i_2 = fadd i32 %conv9_i, i32 1.31072e+06" [new_fixedpoint2205/Aux_Lib_hw.hpp:107]   --->   Operation 65 'fadd' 'sub12_i_2' <Predicate = true> <Delay = 4.34> <CoreInst = "FAddSub_fulldsp">   --->   Core 18 'FAddSub_fulldsp' <Latency = 8> <II = 1> <Delay = 4.34> <FuncUnit> <Opcode : 'fadd' 'fsub'> <InPorts = 2> <OutPorts = 1>

State 10 <SV = 9> <Delay = 4.34>
ST_10 : Operation 66 [7/9] (4.34ns)   --->   "%sub_i = fadd i32 %conv_i, i32 1.31072e+06" [new_fixedpoint2205/Aux_Lib_hw.hpp:106]   --->   Operation 66 'fadd' 'sub_i' <Predicate = true> <Delay = 4.34> <CoreInst = "FAddSub_fulldsp">   --->   Core 18 'FAddSub_fulldsp' <Latency = 8> <II = 1> <Delay = 4.34> <FuncUnit> <Opcode : 'fadd' 'fsub'> <InPorts = 2> <OutPorts = 1>
ST_10 : Operation 67 [7/9] (4.34ns)   --->   "%sub12_i = fadd i32 %conv9_i, i32 -1.31072e+06" [new_fixedpoint2205/Aux_Lib_hw.hpp:107]   --->   Operation 67 'fadd' 'sub12_i' <Predicate = true> <Delay = 4.34> <CoreInst = "FAddSub_fulldsp">   --->   Core 18 'FAddSub_fulldsp' <Latency = 8> <II = 1> <Delay = 4.34> <FuncUnit> <Opcode : 'fadd' 'fsub'> <InPorts = 2> <OutPorts = 1>
ST_10 : Operation 68 [7/9] (4.34ns)   --->   "%sub_i_1 = fadd i32 %conv_i, i32 -1.31072e+06" [new_fixedpoint2205/Aux_Lib_hw.hpp:106]   --->   Operation 68 'fadd' 'sub_i_1' <Predicate = true> <Delay = 4.34> <CoreInst = "FAddSub_fulldsp">   --->   Core 18 'FAddSub_fulldsp' <Latency = 8> <II = 1> <Delay = 4.34> <FuncUnit> <Opcode : 'fadd' 'fsub'> <InPorts = 2> <OutPorts = 1>
ST_10 : Operation 69 [7/9] (4.34ns)   --->   "%sub12_i_2 = fadd i32 %conv9_i, i32 1.31072e+06" [new_fixedpoint2205/Aux_Lib_hw.hpp:107]   --->   Operation 69 'fadd' 'sub12_i_2' <Predicate = true> <Delay = 4.34> <CoreInst = "FAddSub_fulldsp">   --->   Core 18 'FAddSub_fulldsp' <Latency = 8> <II = 1> <Delay = 4.34> <FuncUnit> <Opcode : 'fadd' 'fsub'> <InPorts = 2> <OutPorts = 1>

State 11 <SV = 10> <Delay = 4.34>
ST_11 : Operation 70 [6/9] (4.34ns)   --->   "%sub_i = fadd i32 %conv_i, i32 1.31072e+06" [new_fixedpoint2205/Aux_Lib_hw.hpp:106]   --->   Operation 70 'fadd' 'sub_i' <Predicate = true> <Delay = 4.34> <CoreInst = "FAddSub_fulldsp">   --->   Core 18 'FAddSub_fulldsp' <Latency = 8> <II = 1> <Delay = 4.34> <FuncUnit> <Opcode : 'fadd' 'fsub'> <InPorts = 2> <OutPorts = 1>
ST_11 : Operation 71 [6/9] (4.34ns)   --->   "%sub12_i = fadd i32 %conv9_i, i32 -1.31072e+06" [new_fixedpoint2205/Aux_Lib_hw.hpp:107]   --->   Operation 71 'fadd' 'sub12_i' <Predicate = true> <Delay = 4.34> <CoreInst = "FAddSub_fulldsp">   --->   Core 18 'FAddSub_fulldsp' <Latency = 8> <II = 1> <Delay = 4.34> <FuncUnit> <Opcode : 'fadd' 'fsub'> <InPorts = 2> <OutPorts = 1>
ST_11 : Operation 72 [6/9] (4.34ns)   --->   "%sub_i_1 = fadd i32 %conv_i, i32 -1.31072e+06" [new_fixedpoint2205/Aux_Lib_hw.hpp:106]   --->   Operation 72 'fadd' 'sub_i_1' <Predicate = true> <Delay = 4.34> <CoreInst = "FAddSub_fulldsp">   --->   Core 18 'FAddSub_fulldsp' <Latency = 8> <II = 1> <Delay = 4.34> <FuncUnit> <Opcode : 'fadd' 'fsub'> <InPorts = 2> <OutPorts = 1>
ST_11 : Operation 73 [6/9] (4.34ns)   --->   "%sub12_i_2 = fadd i32 %conv9_i, i32 1.31072e+06" [new_fixedpoint2205/Aux_Lib_hw.hpp:107]   --->   Operation 73 'fadd' 'sub12_i_2' <Predicate = true> <Delay = 4.34> <CoreInst = "FAddSub_fulldsp">   --->   Core 18 'FAddSub_fulldsp' <Latency = 8> <II = 1> <Delay = 4.34> <FuncUnit> <Opcode : 'fadd' 'fsub'> <InPorts = 2> <OutPorts = 1>

State 12 <SV = 11> <Delay = 4.34>
ST_12 : Operation 74 [5/9] (4.34ns)   --->   "%sub_i = fadd i32 %conv_i, i32 1.31072e+06" [new_fixedpoint2205/Aux_Lib_hw.hpp:106]   --->   Operation 74 'fadd' 'sub_i' <Predicate = true> <Delay = 4.34> <CoreInst = "FAddSub_fulldsp">   --->   Core 18 'FAddSub_fulldsp' <Latency = 8> <II = 1> <Delay = 4.34> <FuncUnit> <Opcode : 'fadd' 'fsub'> <InPorts = 2> <OutPorts = 1>
ST_12 : Operation 75 [5/9] (4.34ns)   --->   "%sub12_i = fadd i32 %conv9_i, i32 -1.31072e+06" [new_fixedpoint2205/Aux_Lib_hw.hpp:107]   --->   Operation 75 'fadd' 'sub12_i' <Predicate = true> <Delay = 4.34> <CoreInst = "FAddSub_fulldsp">   --->   Core 18 'FAddSub_fulldsp' <Latency = 8> <II = 1> <Delay = 4.34> <FuncUnit> <Opcode : 'fadd' 'fsub'> <InPorts = 2> <OutPorts = 1>
ST_12 : Operation 76 [5/9] (4.34ns)   --->   "%sub_i_1 = fadd i32 %conv_i, i32 -1.31072e+06" [new_fixedpoint2205/Aux_Lib_hw.hpp:106]   --->   Operation 76 'fadd' 'sub_i_1' <Predicate = true> <Delay = 4.34> <CoreInst = "FAddSub_fulldsp">   --->   Core 18 'FAddSub_fulldsp' <Latency = 8> <II = 1> <Delay = 4.34> <FuncUnit> <Opcode : 'fadd' 'fsub'> <InPorts = 2> <OutPorts = 1>
ST_12 : Operation 77 [5/9] (4.34ns)   --->   "%sub12_i_2 = fadd i32 %conv9_i, i32 1.31072e+06" [new_fixedpoint2205/Aux_Lib_hw.hpp:107]   --->   Operation 77 'fadd' 'sub12_i_2' <Predicate = true> <Delay = 4.34> <CoreInst = "FAddSub_fulldsp">   --->   Core 18 'FAddSub_fulldsp' <Latency = 8> <II = 1> <Delay = 4.34> <FuncUnit> <Opcode : 'fadd' 'fsub'> <InPorts = 2> <OutPorts = 1>

State 13 <SV = 12> <Delay = 4.34>
ST_13 : Operation 78 [4/9] (4.34ns)   --->   "%sub_i = fadd i32 %conv_i, i32 1.31072e+06" [new_fixedpoint2205/Aux_Lib_hw.hpp:106]   --->   Operation 78 'fadd' 'sub_i' <Predicate = true> <Delay = 4.34> <CoreInst = "FAddSub_fulldsp">   --->   Core 18 'FAddSub_fulldsp' <Latency = 8> <II = 1> <Delay = 4.34> <FuncUnit> <Opcode : 'fadd' 'fsub'> <InPorts = 2> <OutPorts = 1>
ST_13 : Operation 79 [4/9] (4.34ns)   --->   "%sub12_i = fadd i32 %conv9_i, i32 -1.31072e+06" [new_fixedpoint2205/Aux_Lib_hw.hpp:107]   --->   Operation 79 'fadd' 'sub12_i' <Predicate = true> <Delay = 4.34> <CoreInst = "FAddSub_fulldsp">   --->   Core 18 'FAddSub_fulldsp' <Latency = 8> <II = 1> <Delay = 4.34> <FuncUnit> <Opcode : 'fadd' 'fsub'> <InPorts = 2> <OutPorts = 1>
ST_13 : Operation 80 [4/9] (4.34ns)   --->   "%sub_i_1 = fadd i32 %conv_i, i32 -1.31072e+06" [new_fixedpoint2205/Aux_Lib_hw.hpp:106]   --->   Operation 80 'fadd' 'sub_i_1' <Predicate = true> <Delay = 4.34> <CoreInst = "FAddSub_fulldsp">   --->   Core 18 'FAddSub_fulldsp' <Latency = 8> <II = 1> <Delay = 4.34> <FuncUnit> <Opcode : 'fadd' 'fsub'> <InPorts = 2> <OutPorts = 1>
ST_13 : Operation 81 [4/9] (4.34ns)   --->   "%sub12_i_2 = fadd i32 %conv9_i, i32 1.31072e+06" [new_fixedpoint2205/Aux_Lib_hw.hpp:107]   --->   Operation 81 'fadd' 'sub12_i_2' <Predicate = true> <Delay = 4.34> <CoreInst = "FAddSub_fulldsp">   --->   Core 18 'FAddSub_fulldsp' <Latency = 8> <II = 1> <Delay = 4.34> <FuncUnit> <Opcode : 'fadd' 'fsub'> <InPorts = 2> <OutPorts = 1>

State 14 <SV = 13> <Delay = 4.34>
ST_14 : Operation 82 [3/9] (4.34ns)   --->   "%sub_i = fadd i32 %conv_i, i32 1.31072e+06" [new_fixedpoint2205/Aux_Lib_hw.hpp:106]   --->   Operation 82 'fadd' 'sub_i' <Predicate = true> <Delay = 4.34> <CoreInst = "FAddSub_fulldsp">   --->   Core 18 'FAddSub_fulldsp' <Latency = 8> <II = 1> <Delay = 4.34> <FuncUnit> <Opcode : 'fadd' 'fsub'> <InPorts = 2> <OutPorts = 1>
ST_14 : Operation 83 [3/9] (4.34ns)   --->   "%sub12_i = fadd i32 %conv9_i, i32 -1.31072e+06" [new_fixedpoint2205/Aux_Lib_hw.hpp:107]   --->   Operation 83 'fadd' 'sub12_i' <Predicate = true> <Delay = 4.34> <CoreInst = "FAddSub_fulldsp">   --->   Core 18 'FAddSub_fulldsp' <Latency = 8> <II = 1> <Delay = 4.34> <FuncUnit> <Opcode : 'fadd' 'fsub'> <InPorts = 2> <OutPorts = 1>
ST_14 : Operation 84 [3/9] (4.34ns)   --->   "%sub_i_1 = fadd i32 %conv_i, i32 -1.31072e+06" [new_fixedpoint2205/Aux_Lib_hw.hpp:106]   --->   Operation 84 'fadd' 'sub_i_1' <Predicate = true> <Delay = 4.34> <CoreInst = "FAddSub_fulldsp">   --->   Core 18 'FAddSub_fulldsp' <Latency = 8> <II = 1> <Delay = 4.34> <FuncUnit> <Opcode : 'fadd' 'fsub'> <InPorts = 2> <OutPorts = 1>
ST_14 : Operation 85 [3/9] (4.34ns)   --->   "%sub12_i_2 = fadd i32 %conv9_i, i32 1.31072e+06" [new_fixedpoint2205/Aux_Lib_hw.hpp:107]   --->   Operation 85 'fadd' 'sub12_i_2' <Predicate = true> <Delay = 4.34> <CoreInst = "FAddSub_fulldsp">   --->   Core 18 'FAddSub_fulldsp' <Latency = 8> <II = 1> <Delay = 4.34> <FuncUnit> <Opcode : 'fadd' 'fsub'> <InPorts = 2> <OutPorts = 1>

State 15 <SV = 14> <Delay = 4.34>
ST_15 : Operation 86 [2/9] (4.34ns)   --->   "%sub_i = fadd i32 %conv_i, i32 1.31072e+06" [new_fixedpoint2205/Aux_Lib_hw.hpp:106]   --->   Operation 86 'fadd' 'sub_i' <Predicate = true> <Delay = 4.34> <CoreInst = "FAddSub_fulldsp">   --->   Core 18 'FAddSub_fulldsp' <Latency = 8> <II = 1> <Delay = 4.34> <FuncUnit> <Opcode : 'fadd' 'fsub'> <InPorts = 2> <OutPorts = 1>
ST_15 : Operation 87 [2/9] (4.34ns)   --->   "%sub12_i = fadd i32 %conv9_i, i32 -1.31072e+06" [new_fixedpoint2205/Aux_Lib_hw.hpp:107]   --->   Operation 87 'fadd' 'sub12_i' <Predicate = true> <Delay = 4.34> <CoreInst = "FAddSub_fulldsp">   --->   Core 18 'FAddSub_fulldsp' <Latency = 8> <II = 1> <Delay = 4.34> <FuncUnit> <Opcode : 'fadd' 'fsub'> <InPorts = 2> <OutPorts = 1>
ST_15 : Operation 88 [2/9] (4.34ns)   --->   "%sub_i_1 = fadd i32 %conv_i, i32 -1.31072e+06" [new_fixedpoint2205/Aux_Lib_hw.hpp:106]   --->   Operation 88 'fadd' 'sub_i_1' <Predicate = true> <Delay = 4.34> <CoreInst = "FAddSub_fulldsp">   --->   Core 18 'FAddSub_fulldsp' <Latency = 8> <II = 1> <Delay = 4.34> <FuncUnit> <Opcode : 'fadd' 'fsub'> <InPorts = 2> <OutPorts = 1>
ST_15 : Operation 89 [2/9] (4.34ns)   --->   "%sub12_i_2 = fadd i32 %conv9_i, i32 1.31072e+06" [new_fixedpoint2205/Aux_Lib_hw.hpp:107]   --->   Operation 89 'fadd' 'sub12_i_2' <Predicate = true> <Delay = 4.34> <CoreInst = "FAddSub_fulldsp">   --->   Core 18 'FAddSub_fulldsp' <Latency = 8> <II = 1> <Delay = 4.34> <FuncUnit> <Opcode : 'fadd' 'fsub'> <InPorts = 2> <OutPorts = 1>

State 16 <SV = 15> <Delay = 4.34>
ST_16 : Operation 90 [1/9] (4.34ns)   --->   "%sub_i = fadd i32 %conv_i, i32 1.31072e+06" [new_fixedpoint2205/Aux_Lib_hw.hpp:106]   --->   Operation 90 'fadd' 'sub_i' <Predicate = true> <Delay = 4.34> <CoreInst = "FAddSub_fulldsp">   --->   Core 18 'FAddSub_fulldsp' <Latency = 8> <II = 1> <Delay = 4.34> <FuncUnit> <Opcode : 'fadd' 'fsub'> <InPorts = 2> <OutPorts = 1>
ST_16 : Operation 91 [1/9] (4.34ns)   --->   "%sub12_i = fadd i32 %conv9_i, i32 -1.31072e+06" [new_fixedpoint2205/Aux_Lib_hw.hpp:107]   --->   Operation 91 'fadd' 'sub12_i' <Predicate = true> <Delay = 4.34> <CoreInst = "FAddSub_fulldsp">   --->   Core 18 'FAddSub_fulldsp' <Latency = 8> <II = 1> <Delay = 4.34> <FuncUnit> <Opcode : 'fadd' 'fsub'> <InPorts = 2> <OutPorts = 1>
ST_16 : Operation 92 [1/9] (4.34ns)   --->   "%sub_i_1 = fadd i32 %conv_i, i32 -1.31072e+06" [new_fixedpoint2205/Aux_Lib_hw.hpp:106]   --->   Operation 92 'fadd' 'sub_i_1' <Predicate = true> <Delay = 4.34> <CoreInst = "FAddSub_fulldsp">   --->   Core 18 'FAddSub_fulldsp' <Latency = 8> <II = 1> <Delay = 4.34> <FuncUnit> <Opcode : 'fadd' 'fsub'> <InPorts = 2> <OutPorts = 1>
ST_16 : Operation 93 [1/9] (4.34ns)   --->   "%sub12_i_2 = fadd i32 %conv9_i, i32 1.31072e+06" [new_fixedpoint2205/Aux_Lib_hw.hpp:107]   --->   Operation 93 'fadd' 'sub12_i_2' <Predicate = true> <Delay = 4.34> <CoreInst = "FAddSub_fulldsp">   --->   Core 18 'FAddSub_fulldsp' <Latency = 8> <II = 1> <Delay = 4.34> <FuncUnit> <Opcode : 'fadd' 'fsub'> <InPorts = 2> <OutPorts = 1>

State 17 <SV = 16> <Delay = 2.88>
ST_17 : Operation 94 [4/4] (2.88ns)   --->   "%a_assign = call i29 @__hls_fptosi_float_i32, i32 %sub_i" [new_fixedpoint2205/Aux_Lib_hw.hpp:106]   --->   Operation 94 'call' 'a_assign' <Predicate = true> <Delay = 2.88> <CoreType = "Generic">   --->   Core 0 '' <Latency = 0> <II = 1> <Delay = 1.00> <Generic> <Opcode : >
ST_17 : Operation 95 [4/4] (2.88ns)   --->   "%a_assign_s = call i29 @__hls_fptosi_float_i32, i32 %sub12_i" [new_fixedpoint2205/Aux_Lib_hw.hpp:107]   --->   Operation 95 'call' 'a_assign_s' <Predicate = true> <Delay = 2.88> <CoreType = "Generic">   --->   Core 0 '' <Latency = 0> <II = 1> <Delay = 1.00> <Generic> <Opcode : >
ST_17 : Operation 96 [4/4] (2.88ns)   --->   "%a_assign_1 = call i29 @__hls_fptosi_float_i32, i32 %sub_i_1" [new_fixedpoint2205/Aux_Lib_hw.hpp:106]   --->   Operation 96 'call' 'a_assign_1' <Predicate = true> <Delay = 2.88> <CoreType = "Generic">   --->   Core 0 '' <Latency = 0> <II = 1> <Delay = 1.00> <Generic> <Opcode : >
ST_17 : Operation 97 [4/4] (2.88ns)   --->   "%a_assign_14_2 = call i29 @__hls_fptosi_float_i32, i32 %sub12_i_2" [new_fixedpoint2205/Aux_Lib_hw.hpp:107]   --->   Operation 97 'call' 'a_assign_14_2' <Predicate = true> <Delay = 2.88> <CoreType = "Generic">   --->   Core 0 '' <Latency = 0> <II = 1> <Delay = 1.00> <Generic> <Opcode : >

State 18 <SV = 17> <Delay = 4.42>
ST_18 : Operation 98 [3/4] (4.42ns)   --->   "%a_assign = call i29 @__hls_fptosi_float_i32, i32 %sub_i" [new_fixedpoint2205/Aux_Lib_hw.hpp:106]   --->   Operation 98 'call' 'a_assign' <Predicate = true> <Delay = 4.42> <CoreType = "Generic">   --->   Core 0 '' <Latency = 0> <II = 1> <Delay = 1.00> <Generic> <Opcode : >
ST_18 : Operation 99 [3/4] (4.42ns)   --->   "%a_assign_s = call i29 @__hls_fptosi_float_i32, i32 %sub12_i" [new_fixedpoint2205/Aux_Lib_hw.hpp:107]   --->   Operation 99 'call' 'a_assign_s' <Predicate = true> <Delay = 4.42> <CoreType = "Generic">   --->   Core 0 '' <Latency = 0> <II = 1> <Delay = 1.00> <Generic> <Opcode : >
ST_18 : Operation 100 [3/4] (4.42ns)   --->   "%a_assign_1 = call i29 @__hls_fptosi_float_i32, i32 %sub_i_1" [new_fixedpoint2205/Aux_Lib_hw.hpp:106]   --->   Operation 100 'call' 'a_assign_1' <Predicate = true> <Delay = 4.42> <CoreType = "Generic">   --->   Core 0 '' <Latency = 0> <II = 1> <Delay = 1.00> <Generic> <Opcode : >
ST_18 : Operation 101 [3/4] (4.42ns)   --->   "%a_assign_14_2 = call i29 @__hls_fptosi_float_i32, i32 %sub12_i_2" [new_fixedpoint2205/Aux_Lib_hw.hpp:107]   --->   Operation 101 'call' 'a_assign_14_2' <Predicate = true> <Delay = 4.42> <CoreType = "Generic">   --->   Core 0 '' <Latency = 0> <II = 1> <Delay = 1.00> <Generic> <Opcode : >

State 19 <SV = 18> <Delay = 4.42>
ST_19 : Operation 102 [2/4] (4.42ns)   --->   "%a_assign = call i29 @__hls_fptosi_float_i32, i32 %sub_i" [new_fixedpoint2205/Aux_Lib_hw.hpp:106]   --->   Operation 102 'call' 'a_assign' <Predicate = true> <Delay = 4.42> <CoreType = "Generic">   --->   Core 0 '' <Latency = 0> <II = 1> <Delay = 1.00> <Generic> <Opcode : >
ST_19 : Operation 103 [2/4] (4.42ns)   --->   "%a_assign_s = call i29 @__hls_fptosi_float_i32, i32 %sub12_i" [new_fixedpoint2205/Aux_Lib_hw.hpp:107]   --->   Operation 103 'call' 'a_assign_s' <Predicate = true> <Delay = 4.42> <CoreType = "Generic">   --->   Core 0 '' <Latency = 0> <II = 1> <Delay = 1.00> <Generic> <Opcode : >
ST_19 : Operation 104 [2/4] (4.42ns)   --->   "%a_assign_1 = call i29 @__hls_fptosi_float_i32, i32 %sub_i_1" [new_fixedpoint2205/Aux_Lib_hw.hpp:106]   --->   Operation 104 'call' 'a_assign_1' <Predicate = true> <Delay = 4.42> <CoreType = "Generic">   --->   Core 0 '' <Latency = 0> <II = 1> <Delay = 1.00> <Generic> <Opcode : >
ST_19 : Operation 105 [2/4] (4.42ns)   --->   "%a_assign_14_2 = call i29 @__hls_fptosi_float_i32, i32 %sub12_i_2" [new_fixedpoint2205/Aux_Lib_hw.hpp:107]   --->   Operation 105 'call' 'a_assign_14_2' <Predicate = true> <Delay = 4.42> <CoreType = "Generic">   --->   Core 0 '' <Latency = 0> <II = 1> <Delay = 1.00> <Generic> <Opcode : >

State 20 <SV = 19> <Delay = 3.26>
ST_20 : Operation 106 [1/4] (3.26ns)   --->   "%a_assign = call i29 @__hls_fptosi_float_i32, i32 %sub_i" [new_fixedpoint2205/Aux_Lib_hw.hpp:106]   --->   Operation 106 'call' 'a_assign' <Predicate = true> <Delay = 3.26> <CoreType = "Generic">   --->   Core 0 '' <Latency = 0> <II = 1> <Delay = 1.00> <Generic> <Opcode : >
ST_20 : Operation 107 [1/1] (0.00ns)   --->   "%trunc_ln34 = trunc i29 %a_assign" [new_fixedpoint2205/fixedpt.h:34]   --->   Operation 107 'trunc' 'trunc_ln34' <Predicate = true> <Delay = 0.00>
ST_20 : Operation 108 [1/4] (3.26ns)   --->   "%a_assign_s = call i29 @__hls_fptosi_float_i32, i32 %sub12_i" [new_fixedpoint2205/Aux_Lib_hw.hpp:107]   --->   Operation 108 'call' 'a_assign_s' <Predicate = true> <Delay = 3.26> <CoreType = "Generic">   --->   Core 0 '' <Latency = 0> <II = 1> <Delay = 1.00> <Generic> <Opcode : >
ST_20 : Operation 109 [1/4] (3.26ns)   --->   "%a_assign_1 = call i29 @__hls_fptosi_float_i32, i32 %sub_i_1" [new_fixedpoint2205/Aux_Lib_hw.hpp:106]   --->   Operation 109 'call' 'a_assign_1' <Predicate = true> <Delay = 3.26> <CoreType = "Generic">   --->   Core 0 '' <Latency = 0> <II = 1> <Delay = 1.00> <Generic> <Opcode : >
ST_20 : Operation 110 [1/4] (3.26ns)   --->   "%a_assign_14_2 = call i29 @__hls_fptosi_float_i32, i32 %sub12_i_2" [new_fixedpoint2205/Aux_Lib_hw.hpp:107]   --->   Operation 110 'call' 'a_assign_14_2' <Predicate = true> <Delay = 3.26> <CoreType = "Generic">   --->   Core 0 '' <Latency = 0> <II = 1> <Delay = 1.00> <Generic> <Opcode : >

State 21 <SV = 20> <Delay = 4.88>
ST_21 : Operation 111 [1/1] (0.00ns)   --->   "%p_shl = bitconcatenate i48 @_ssdm_op_BitConcatenate.i48.i27.i21, i27 %trunc_ln34, i21 0" [new_fixedpoint2205/fixedpt.h:34]   --->   Operation 111 'bitconcatenate' 'p_shl' <Predicate = true> <Delay = 0.00>
ST_21 : Operation 112 [1/1] (0.00ns)   --->   "%p_shl1 = bitconcatenate i48 @_ssdm_op_BitConcatenate.i48.i29.i19, i29 %a_assign, i19 0" [new_fixedpoint2205/fixedpt.h:34]   --->   Operation 112 'bitconcatenate' 'p_shl1' <Predicate = true> <Delay = 0.00>
ST_21 : Operation 113 [1/1] (3.10ns)   --->   "%add_ln34 = add i48 %p_shl, i48 %p_shl1" [new_fixedpoint2205/fixedpt.h:34]   --->   Operation 113 'add' 'add_ln34' <Predicate = true> <Delay = 3.10> <CoreInst = "Adder">   --->   Core 1 'Adder' <Latency = 0> <II = 1> <Delay = 2.55> <FuncUnit> <Opcode : 'add' 'sub'> <InPorts = 2> <OutPorts = 1>
ST_21 : Operation 114 [1/1] (0.00ns)   --->   "%trunc_ln = partselect i32 @_ssdm_op_PartSelect.i32.i48.i32.i32, i48 %add_ln34, i32 16, i32 47" [new_fixedpoint2205/fixedpt.h:34]   --->   Operation 114 'partselect' 'trunc_ln' <Predicate = true> <Delay = 0.00>
ST_21 : Operation 115 [1/1] (0.00ns)   --->   "%tmp = bitselect i1 @_ssdm_op_BitSelect.i1.i48.i32, i48 %add_ln34, i32 47" [new_fixedpoint2205/fixedpt.h:39]   --->   Operation 115 'bitselect' 'tmp' <Predicate = true> <Delay = 0.00>
ST_21 : Operation 116 [1/1] (0.00ns)   --->   "%trunc_ln34_22 = trunc i29 %a_assign_s" [new_fixedpoint2205/fixedpt.h:34]   --->   Operation 116 'trunc' 'trunc_ln34_22' <Predicate = true> <Delay = 0.00>
ST_21 : Operation 117 [1/1] (0.00ns)   --->   "%p_shl2 = bitconcatenate i48 @_ssdm_op_BitConcatenate.i48.i27.i21, i27 %trunc_ln34_22, i21 0" [new_fixedpoint2205/fixedpt.h:34]   --->   Operation 117 'bitconcatenate' 'p_shl2' <Predicate = true> <Delay = 0.00>
ST_21 : Operation 118 [1/1] (0.00ns) (grouped into TernaryAdder)   --->   "%sub_ln34 = sub i48 0, i48 %p_shl2" [new_fixedpoint2205/fixedpt.h:34]   --->   Operation 118 'sub' 'sub_ln34' <Predicate = true> <Delay = 0.00> <CoreInst = "TAddSub">   --->   Core 10 'TAddSub' <Latency = 0> <II = 1> <Delay = 2.44> <IPBlock> <Opcode : 'add' 'sub'> <InPorts = 3> <OutPorts = 1> <Sync> <CReg>
ST_21 : Operation 119 [1/1] (0.00ns)   --->   "%p_shl3 = bitconcatenate i48 @_ssdm_op_BitConcatenate.i48.i29.i19, i29 %a_assign_s, i19 0" [new_fixedpoint2205/fixedpt.h:34]   --->   Operation 119 'bitconcatenate' 'p_shl3' <Predicate = true> <Delay = 0.00>
ST_21 : Operation 120 [1/1] (4.88ns) (root node of TernaryAdder)   --->   "%sub_ln34_1 = sub i48 %sub_ln34, i48 %p_shl3" [new_fixedpoint2205/fixedpt.h:34]   --->   Operation 120 'sub' 'sub_ln34_1' <Predicate = true> <Delay = 4.88> <CoreInst = "TAddSub">   --->   Core 10 'TAddSub' <Latency = 0> <II = 1> <Delay = 2.44> <IPBlock> <Opcode : 'add' 'sub'> <InPorts = 3> <OutPorts = 1> <Sync> <CReg>
ST_21 : Operation 121 [1/1] (0.00ns)   --->   "%tmp_s = partselect i32 @_ssdm_op_PartSelect.i32.i48.i32.i32, i48 %sub_ln34_1, i32 16, i32 47" [new_fixedpoint2205/fixedpt.h:39]   --->   Operation 121 'partselect' 'tmp_s' <Predicate = true> <Delay = 0.00>
ST_21 : Operation 122 [1/1] (0.00ns)   --->   "%tmp_52 = bitselect i1 @_ssdm_op_BitSelect.i1.i48.i32, i48 %sub_ln34_1, i32 47" [new_fixedpoint2205/fixedpt.h:39]   --->   Operation 122 'bitselect' 'tmp_52' <Predicate = true> <Delay = 0.00>
ST_21 : Operation 123 [1/1] (0.00ns)   --->   "%trunc_ln34_24 = trunc i29 %a_assign_1" [new_fixedpoint2205/fixedpt.h:34]   --->   Operation 123 'trunc' 'trunc_ln34_24' <Predicate = true> <Delay = 0.00>
ST_21 : Operation 124 [1/1] (0.00ns)   --->   "%p_shl6 = bitconcatenate i48 @_ssdm_op_BitConcatenate.i48.i27.i21, i27 %trunc_ln34_24, i21 0" [new_fixedpoint2205/fixedpt.h:34]   --->   Operation 124 'bitconcatenate' 'p_shl6' <Predicate = true> <Delay = 0.00>
ST_21 : Operation 125 [1/1] (0.00ns) (grouped into TernaryAdder)   --->   "%sub_ln34_4 = sub i48 0, i48 %p_shl6" [new_fixedpoint2205/fixedpt.h:34]   --->   Operation 125 'sub' 'sub_ln34_4' <Predicate = true> <Delay = 0.00> <CoreInst = "TAddSub">   --->   Core 10 'TAddSub' <Latency = 0> <II = 1> <Delay = 2.44> <IPBlock> <Opcode : 'add' 'sub'> <InPorts = 3> <OutPorts = 1> <Sync> <CReg>
ST_21 : Operation 126 [1/1] (0.00ns)   --->   "%p_shl7 = bitconcatenate i48 @_ssdm_op_BitConcatenate.i48.i29.i19, i29 %a_assign_1, i19 0" [new_fixedpoint2205/fixedpt.h:34]   --->   Operation 126 'bitconcatenate' 'p_shl7' <Predicate = true> <Delay = 0.00>
ST_21 : Operation 127 [1/1] (4.88ns) (root node of TernaryAdder)   --->   "%sub_ln34_5 = sub i48 %sub_ln34_4, i48 %p_shl7" [new_fixedpoint2205/fixedpt.h:34]   --->   Operation 127 'sub' 'sub_ln34_5' <Predicate = true> <Delay = 4.88> <CoreInst = "TAddSub">   --->   Core 10 'TAddSub' <Latency = 0> <II = 1> <Delay = 2.44> <IPBlock> <Opcode : 'add' 'sub'> <InPorts = 3> <OutPorts = 1> <Sync> <CReg>
ST_21 : Operation 128 [1/1] (0.00ns)   --->   "%tmp_9 = partselect i32 @_ssdm_op_PartSelect.i32.i48.i32.i32, i48 %sub_ln34_5, i32 16, i32 47" [new_fixedpoint2205/fixedpt.h:39]   --->   Operation 128 'partselect' 'tmp_9' <Predicate = true> <Delay = 0.00>
ST_21 : Operation 129 [1/1] (0.00ns)   --->   "%tmp_59 = bitselect i1 @_ssdm_op_BitSelect.i1.i48.i32, i48 %sub_ln34_5, i32 47" [new_fixedpoint2205/fixedpt.h:39]   --->   Operation 129 'bitselect' 'tmp_59' <Predicate = true> <Delay = 0.00>
ST_21 : Operation 130 [1/1] (0.00ns)   --->   "%trunc_ln34_26 = trunc i29 %a_assign_14_2" [new_fixedpoint2205/fixedpt.h:34]   --->   Operation 130 'trunc' 'trunc_ln34_26' <Predicate = true> <Delay = 0.00>
ST_21 : Operation 131 [1/1] (0.00ns)   --->   "%p_shl12 = bitconcatenate i48 @_ssdm_op_BitConcatenate.i48.i27.i21, i27 %trunc_ln34_26, i21 0" [new_fixedpoint2205/fixedpt.h:34]   --->   Operation 131 'bitconcatenate' 'p_shl12' <Predicate = true> <Delay = 0.00>
ST_21 : Operation 132 [1/1] (0.00ns)   --->   "%p_shl13 = bitconcatenate i48 @_ssdm_op_BitConcatenate.i48.i29.i19, i29 %a_assign_14_2, i19 0" [new_fixedpoint2205/fixedpt.h:34]   --->   Operation 132 'bitconcatenate' 'p_shl13' <Predicate = true> <Delay = 0.00>
ST_21 : Operation 133 [1/1] (3.10ns)   --->   "%add_ln34_2 = add i48 %p_shl12, i48 %p_shl13" [new_fixedpoint2205/fixedpt.h:34]   --->   Operation 133 'add' 'add_ln34_2' <Predicate = true> <Delay = 3.10> <CoreInst = "Adder">   --->   Core 1 'Adder' <Latency = 0> <II = 1> <Delay = 2.55> <FuncUnit> <Opcode : 'add' 'sub'> <InPorts = 2> <OutPorts = 1>
ST_21 : Operation 134 [1/1] (0.00ns)   --->   "%tmp_10 = partselect i32 @_ssdm_op_PartSelect.i32.i48.i32.i32, i48 %add_ln34_2, i32 16, i32 47" [new_fixedpoint2205/fixedpt.h:39]   --->   Operation 134 'partselect' 'tmp_10' <Predicate = true> <Delay = 0.00>
ST_21 : Operation 135 [1/1] (0.00ns)   --->   "%tmp_66 = bitselect i1 @_ssdm_op_BitSelect.i1.i48.i32, i48 %add_ln34_2, i32 47" [new_fixedpoint2205/fixedpt.h:39]   --->   Operation 135 'bitselect' 'tmp_66' <Predicate = true> <Delay = 0.00>

State 22 <SV = 21> <Delay = 3.94>
ST_22 : Operation 136 [1/1] (0.00ns)   --->   "%shl_ln = bitconcatenate i48 @_ssdm_op_BitConcatenate.i48.i32.i16, i32 %trunc_ln, i16 0" [new_fixedpoint2205/fixedpt.h:39]   --->   Operation 136 'bitconcatenate' 'shl_ln' <Predicate = true> <Delay = 0.00>
ST_22 : Operation 137 [1/1] (0.00ns)   --->   "%sext_ln39_6 = sext i48 %shl_ln" [new_fixedpoint2205/fixedpt.h:39]   --->   Operation 137 'sext' 'sext_ln39_6' <Predicate = true> <Delay = 0.00>
ST_22 : Operation 138 [3/3] (3.94ns)   --->   "%mul_ln39 = mul i97 %sext_ln39_6, i97 360287970189640" [new_fixedpoint2205/fixedpt.h:39]   --->   Operation 138 'mul' 'mul_ln39' <Predicate = true> <Delay = 3.94> <CoreInst = "Mul_DSP">   --->   Core 5 'Mul_DSP' <Latency = 2> <II = 1> <Delay = 3.94> <FuncUnit> <Opcode : 'mul'> <InPorts = 2> <OutPorts = 1>
ST_22 : Operation 139 [1/1] (0.00ns)   --->   "%shl_ln39_1 = bitconcatenate i48 @_ssdm_op_BitConcatenate.i48.i32.i16, i32 %tmp_s, i16 0" [new_fixedpoint2205/fixedpt.h:39]   --->   Operation 139 'bitconcatenate' 'shl_ln39_1' <Predicate = true> <Delay = 0.00>
ST_22 : Operation 140 [1/1] (0.00ns)   --->   "%sext_ln39_10 = sext i48 %shl_ln39_1" [new_fixedpoint2205/fixedpt.h:39]   --->   Operation 140 'sext' 'sext_ln39_10' <Predicate = true> <Delay = 0.00>
ST_22 : Operation 141 [3/3] (3.94ns)   --->   "%mul_ln39_3 = mul i97 %sext_ln39_10, i97 360287970189640" [new_fixedpoint2205/fixedpt.h:39]   --->   Operation 141 'mul' 'mul_ln39_3' <Predicate = true> <Delay = 3.94> <CoreInst = "Mul_DSP">   --->   Core 5 'Mul_DSP' <Latency = 2> <II = 1> <Delay = 3.94> <FuncUnit> <Opcode : 'mul'> <InPorts = 2> <OutPorts = 1>
ST_22 : Operation 142 [1/1] (0.00ns)   --->   "%shl_ln39_2 = bitconcatenate i48 @_ssdm_op_BitConcatenate.i48.i32.i16, i32 %tmp_9, i16 0" [new_fixedpoint2205/fixedpt.h:39]   --->   Operation 142 'bitconcatenate' 'shl_ln39_2' <Predicate = true> <Delay = 0.00>
ST_22 : Operation 143 [1/1] (0.00ns)   --->   "%sext_ln39_14 = sext i48 %shl_ln39_2" [new_fixedpoint2205/fixedpt.h:39]   --->   Operation 143 'sext' 'sext_ln39_14' <Predicate = true> <Delay = 0.00>
ST_22 : Operation 144 [3/3] (3.94ns)   --->   "%mul_ln39_5 = mul i97 %sext_ln39_14, i97 360287970189640" [new_fixedpoint2205/fixedpt.h:39]   --->   Operation 144 'mul' 'mul_ln39_5' <Predicate = true> <Delay = 3.94> <CoreInst = "Mul_DSP">   --->   Core 5 'Mul_DSP' <Latency = 2> <II = 1> <Delay = 3.94> <FuncUnit> <Opcode : 'mul'> <InPorts = 2> <OutPorts = 1>
ST_22 : Operation 145 [1/1] (0.00ns)   --->   "%shl_ln39_3 = bitconcatenate i48 @_ssdm_op_BitConcatenate.i48.i32.i16, i32 %tmp_10, i16 0" [new_fixedpoint2205/fixedpt.h:39]   --->   Operation 145 'bitconcatenate' 'shl_ln39_3' <Predicate = true> <Delay = 0.00>
ST_22 : Operation 146 [1/1] (0.00ns)   --->   "%sext_ln39_18 = sext i48 %shl_ln39_3" [new_fixedpoint2205/fixedpt.h:39]   --->   Operation 146 'sext' 'sext_ln39_18' <Predicate = true> <Delay = 0.00>
ST_22 : Operation 147 [3/3] (3.94ns)   --->   "%mul_ln39_7 = mul i97 %sext_ln39_18, i97 360287970189640" [new_fixedpoint2205/fixedpt.h:39]   --->   Operation 147 'mul' 'mul_ln39_7' <Predicate = true> <Delay = 3.94> <CoreInst = "Mul_DSP">   --->   Core 5 'Mul_DSP' <Latency = 2> <II = 1> <Delay = 3.94> <FuncUnit> <Opcode : 'mul'> <InPorts = 2> <OutPorts = 1>

State 23 <SV = 22> <Delay = 3.94>
ST_23 : Operation 148 [2/3] (3.94ns)   --->   "%mul_ln39 = mul i97 %sext_ln39_6, i97 360287970189640" [new_fixedpoint2205/fixedpt.h:39]   --->   Operation 148 'mul' 'mul_ln39' <Predicate = true> <Delay = 3.94> <CoreInst = "Mul_DSP">   --->   Core 5 'Mul_DSP' <Latency = 2> <II = 1> <Delay = 3.94> <FuncUnit> <Opcode : 'mul'> <InPorts = 2> <OutPorts = 1>
ST_23 : Operation 149 [2/3] (3.94ns)   --->   "%mul_ln39_3 = mul i97 %sext_ln39_10, i97 360287970189640" [new_fixedpoint2205/fixedpt.h:39]   --->   Operation 149 'mul' 'mul_ln39_3' <Predicate = true> <Delay = 3.94> <CoreInst = "Mul_DSP">   --->   Core 5 'Mul_DSP' <Latency = 2> <II = 1> <Delay = 3.94> <FuncUnit> <Opcode : 'mul'> <InPorts = 2> <OutPorts = 1>
ST_23 : Operation 150 [2/3] (3.94ns)   --->   "%mul_ln39_5 = mul i97 %sext_ln39_14, i97 360287970189640" [new_fixedpoint2205/fixedpt.h:39]   --->   Operation 150 'mul' 'mul_ln39_5' <Predicate = true> <Delay = 3.94> <CoreInst = "Mul_DSP">   --->   Core 5 'Mul_DSP' <Latency = 2> <II = 1> <Delay = 3.94> <FuncUnit> <Opcode : 'mul'> <InPorts = 2> <OutPorts = 1>
ST_23 : Operation 151 [2/3] (3.94ns)   --->   "%mul_ln39_7 = mul i97 %sext_ln39_18, i97 360287970189640" [new_fixedpoint2205/fixedpt.h:39]   --->   Operation 151 'mul' 'mul_ln39_7' <Predicate = true> <Delay = 3.94> <CoreInst = "Mul_DSP">   --->   Core 5 'Mul_DSP' <Latency = 2> <II = 1> <Delay = 3.94> <FuncUnit> <Opcode : 'mul'> <InPorts = 2> <OutPorts = 1>

State 24 <SV = 23> <Delay = 3.94>
ST_24 : Operation 152 [1/3] (3.94ns)   --->   "%mul_ln39 = mul i97 %sext_ln39_6, i97 360287970189640" [new_fixedpoint2205/fixedpt.h:39]   --->   Operation 152 'mul' 'mul_ln39' <Predicate = true> <Delay = 3.94> <CoreInst = "Mul_DSP">   --->   Core 5 'Mul_DSP' <Latency = 2> <II = 1> <Delay = 3.94> <FuncUnit> <Opcode : 'mul'> <InPorts = 2> <OutPorts = 1>
ST_24 : Operation 153 [1/1] (0.00ns)   --->   "%tmp_47 = partselect i22 @_ssdm_op_PartSelect.i22.i97.i32.i32, i97 %mul_ln39, i32 75, i32 96" [new_fixedpoint2205/fixedpt.h:39]   --->   Operation 153 'partselect' 'tmp_47' <Predicate = true> <Delay = 0.00>
ST_24 : Operation 154 [1/3] (3.94ns)   --->   "%mul_ln39_3 = mul i97 %sext_ln39_10, i97 360287970189640" [new_fixedpoint2205/fixedpt.h:39]   --->   Operation 154 'mul' 'mul_ln39_3' <Predicate = true> <Delay = 3.94> <CoreInst = "Mul_DSP">   --->   Core 5 'Mul_DSP' <Latency = 2> <II = 1> <Delay = 3.94> <FuncUnit> <Opcode : 'mul'> <InPorts = 2> <OutPorts = 1>
ST_24 : Operation 155 [1/1] (0.00ns)   --->   "%tmp_54 = partselect i22 @_ssdm_op_PartSelect.i22.i97.i32.i32, i97 %mul_ln39_3, i32 75, i32 96" [new_fixedpoint2205/fixedpt.h:39]   --->   Operation 155 'partselect' 'tmp_54' <Predicate = true> <Delay = 0.00>
ST_24 : Operation 156 [1/3] (3.94ns)   --->   "%mul_ln39_5 = mul i97 %sext_ln39_14, i97 360287970189640" [new_fixedpoint2205/fixedpt.h:39]   --->   Operation 156 'mul' 'mul_ln39_5' <Predicate = true> <Delay = 3.94> <CoreInst = "Mul_DSP">   --->   Core 5 'Mul_DSP' <Latency = 2> <II = 1> <Delay = 3.94> <FuncUnit> <Opcode : 'mul'> <InPorts = 2> <OutPorts = 1>
ST_24 : Operation 157 [1/1] (0.00ns)   --->   "%tmp_61 = partselect i22 @_ssdm_op_PartSelect.i22.i97.i32.i32, i97 %mul_ln39_5, i32 75, i32 96" [new_fixedpoint2205/fixedpt.h:39]   --->   Operation 157 'partselect' 'tmp_61' <Predicate = true> <Delay = 0.00>
ST_24 : Operation 158 [1/3] (3.94ns)   --->   "%mul_ln39_7 = mul i97 %sext_ln39_18, i97 360287970189640" [new_fixedpoint2205/fixedpt.h:39]   --->   Operation 158 'mul' 'mul_ln39_7' <Predicate = true> <Delay = 3.94> <CoreInst = "Mul_DSP">   --->   Core 5 'Mul_DSP' <Latency = 2> <II = 1> <Delay = 3.94> <FuncUnit> <Opcode : 'mul'> <InPorts = 2> <OutPorts = 1>
ST_24 : Operation 159 [1/1] (0.00ns)   --->   "%tmp_68 = partselect i22 @_ssdm_op_PartSelect.i22.i97.i32.i32, i97 %mul_ln39_7, i32 75, i32 96" [new_fixedpoint2205/fixedpt.h:39]   --->   Operation 159 'partselect' 'tmp_68' <Predicate = true> <Delay = 0.00>

State 25 <SV = 24> <Delay = 4.46>
ST_25 : Operation 160 [1/1] (4.46ns)   --->   "%sub_ln39 = sub i97 0, i97 %mul_ln39" [new_fixedpoint2205/fixedpt.h:39]   --->   Operation 160 'sub' 'sub_ln39' <Predicate = (tmp)> <Delay = 4.46> <CoreInst = "Adder">   --->   Core 1 'Adder' <Latency = 0> <II = 1> <Delay = 2.55> <FuncUnit> <Opcode : 'add' 'sub'> <InPorts = 2> <OutPorts = 1>
ST_25 : Operation 161 [1/1] (4.46ns)   --->   "%sub_ln39_7 = sub i97 0, i97 %mul_ln39_3" [new_fixedpoint2205/fixedpt.h:39]   --->   Operation 161 'sub' 'sub_ln39_7' <Predicate = (tmp_52)> <Delay = 4.46> <CoreInst = "Adder">   --->   Core 1 'Adder' <Latency = 0> <II = 1> <Delay = 2.55> <FuncUnit> <Opcode : 'add' 'sub'> <InPorts = 2> <OutPorts = 1>
ST_25 : Operation 162 [1/1] (4.46ns)   --->   "%sub_ln39_11 = sub i97 0, i97 %mul_ln39_5" [new_fixedpoint2205/fixedpt.h:39]   --->   Operation 162 'sub' 'sub_ln39_11' <Predicate = (tmp_59)> <Delay = 4.46> <CoreInst = "Adder">   --->   Core 1 'Adder' <Latency = 0> <II = 1> <Delay = 2.55> <FuncUnit> <Opcode : 'add' 'sub'> <InPorts = 2> <OutPorts = 1>
ST_25 : Operation 163 [1/1] (4.46ns)   --->   "%sub_ln39_15 = sub i97 0, i97 %mul_ln39_7" [new_fixedpoint2205/fixedpt.h:39]   --->   Operation 163 'sub' 'sub_ln39_15' <Predicate = (tmp_66)> <Delay = 4.46> <CoreInst = "Adder">   --->   Core 1 'Adder' <Latency = 0> <II = 1> <Delay = 2.55> <FuncUnit> <Opcode : 'add' 'sub'> <InPorts = 2> <OutPorts = 1>

State 26 <SV = 25> <Delay = 2.25>
ST_26 : Operation 164 [1/1] (0.00ns) (grouped into LUT with out node sub_ln39_4)   --->   "%tmp_46 = partselect i22 @_ssdm_op_PartSelect.i22.i97.i32.i32, i97 %sub_ln39, i32 75, i32 96" [new_fixedpoint2205/fixedpt.h:39]   --->   Operation 164 'partselect' 'tmp_46' <Predicate = (tmp)> <Delay = 0.00>
ST_26 : Operation 165 [1/1] (0.00ns) (grouped into LUT with out node sub_ln39_4)   --->   "%select_ln39 = select i1 %tmp, i22 %tmp_46, i22 %tmp_47" [new_fixedpoint2205/fixedpt.h:39]   --->   Operation 165 'select' 'select_ln39' <Predicate = (tmp)> <Delay = 0.00> <CoreInst = "Sel">   --->   Core 73 'Sel' <Latency = 0> <II = 1> <Delay = 0.69> <FuncUnit> <Opcode : 'select'> <InPorts = 3> <OutPorts = 1>
ST_26 : Operation 166 [1/1] (2.25ns) (out node of the LUT)   --->   "%sub_ln39_4 = sub i22 0, i22 %select_ln39" [new_fixedpoint2205/fixedpt.h:39]   --->   Operation 166 'sub' 'sub_ln39_4' <Predicate = (tmp)> <Delay = 2.25> <CoreInst = "Adder">   --->   Core 1 'Adder' <Latency = 0> <II = 1> <Delay = 2.55> <FuncUnit> <Opcode : 'add' 'sub'> <InPorts = 2> <OutPorts = 1>
ST_26 : Operation 167 [1/1] (0.00ns) (grouped into LUT with out node sub_ln39_8)   --->   "%tmp_53 = partselect i22 @_ssdm_op_PartSelect.i22.i97.i32.i32, i97 %sub_ln39_7, i32 75, i32 96" [new_fixedpoint2205/fixedpt.h:39]   --->   Operation 167 'partselect' 'tmp_53' <Predicate = (tmp_52)> <Delay = 0.00>
ST_26 : Operation 168 [1/1] (0.00ns) (grouped into LUT with out node sub_ln39_8)   --->   "%select_ln39_7 = select i1 %tmp_52, i22 %tmp_53, i22 %tmp_54" [new_fixedpoint2205/fixedpt.h:39]   --->   Operation 168 'select' 'select_ln39_7' <Predicate = (tmp_52)> <Delay = 0.00> <CoreInst = "Sel">   --->   Core 73 'Sel' <Latency = 0> <II = 1> <Delay = 0.69> <FuncUnit> <Opcode : 'select'> <InPorts = 3> <OutPorts = 1>
ST_26 : Operation 169 [1/1] (2.25ns) (out node of the LUT)   --->   "%sub_ln39_8 = sub i22 0, i22 %select_ln39_7" [new_fixedpoint2205/fixedpt.h:39]   --->   Operation 169 'sub' 'sub_ln39_8' <Predicate = (tmp_52)> <Delay = 2.25> <CoreInst = "Adder">   --->   Core 1 'Adder' <Latency = 0> <II = 1> <Delay = 2.55> <FuncUnit> <Opcode : 'add' 'sub'> <InPorts = 2> <OutPorts = 1>
ST_26 : Operation 170 [1/1] (0.00ns) (grouped into LUT with out node sub_ln39_12)   --->   "%tmp_60 = partselect i22 @_ssdm_op_PartSelect.i22.i97.i32.i32, i97 %sub_ln39_11, i32 75, i32 96" [new_fixedpoint2205/fixedpt.h:39]   --->   Operation 170 'partselect' 'tmp_60' <Predicate = (tmp_59)> <Delay = 0.00>
ST_26 : Operation 171 [1/1] (0.00ns) (grouped into LUT with out node sub_ln39_12)   --->   "%select_ln39_11 = select i1 %tmp_59, i22 %tmp_60, i22 %tmp_61" [new_fixedpoint2205/fixedpt.h:39]   --->   Operation 171 'select' 'select_ln39_11' <Predicate = (tmp_59)> <Delay = 0.00> <CoreInst = "Sel">   --->   Core 73 'Sel' <Latency = 0> <II = 1> <Delay = 0.69> <FuncUnit> <Opcode : 'select'> <InPorts = 3> <OutPorts = 1>
ST_26 : Operation 172 [1/1] (2.25ns) (out node of the LUT)   --->   "%sub_ln39_12 = sub i22 0, i22 %select_ln39_11" [new_fixedpoint2205/fixedpt.h:39]   --->   Operation 172 'sub' 'sub_ln39_12' <Predicate = (tmp_59)> <Delay = 2.25> <CoreInst = "Adder">   --->   Core 1 'Adder' <Latency = 0> <II = 1> <Delay = 2.55> <FuncUnit> <Opcode : 'add' 'sub'> <InPorts = 2> <OutPorts = 1>
ST_26 : Operation 173 [1/1] (0.00ns) (grouped into LUT with out node sub_ln39_16)   --->   "%tmp_67 = partselect i22 @_ssdm_op_PartSelect.i22.i97.i32.i32, i97 %sub_ln39_15, i32 75, i32 96" [new_fixedpoint2205/fixedpt.h:39]   --->   Operation 173 'partselect' 'tmp_67' <Predicate = (tmp_66)> <Delay = 0.00>
ST_26 : Operation 174 [1/1] (0.00ns) (grouped into LUT with out node sub_ln39_16)   --->   "%select_ln39_15 = select i1 %tmp_66, i22 %tmp_67, i22 %tmp_68" [new_fixedpoint2205/fixedpt.h:39]   --->   Operation 174 'select' 'select_ln39_15' <Predicate = (tmp_66)> <Delay = 0.00> <CoreInst = "Sel">   --->   Core 73 'Sel' <Latency = 0> <II = 1> <Delay = 0.69> <FuncUnit> <Opcode : 'select'> <InPorts = 3> <OutPorts = 1>
ST_26 : Operation 175 [1/1] (2.25ns) (out node of the LUT)   --->   "%sub_ln39_16 = sub i22 0, i22 %select_ln39_15" [new_fixedpoint2205/fixedpt.h:39]   --->   Operation 175 'sub' 'sub_ln39_16' <Predicate = (tmp_66)> <Delay = 2.25> <CoreInst = "Adder">   --->   Core 1 'Adder' <Latency = 0> <II = 1> <Delay = 2.55> <FuncUnit> <Opcode : 'add' 'sub'> <InPorts = 2> <OutPorts = 1>

State 27 <SV = 26> <Delay = 4.88>
ST_27 : Operation 176 [1/1] (0.70ns)   --->   "%select_ln39_4 = select i1 %tmp, i22 %sub_ln39_4, i22 %tmp_47" [new_fixedpoint2205/fixedpt.h:39]   --->   Operation 176 'select' 'select_ln39_4' <Predicate = true> <Delay = 0.70> <CoreInst = "Sel">   --->   Core 73 'Sel' <Latency = 0> <II = 1> <Delay = 0.69> <FuncUnit> <Opcode : 'select'> <InPorts = 3> <OutPorts = 1>
ST_27 : Operation 177 [1/1] (0.00ns) (grouped into LUT with out node and_ln115)   --->   "%tmp_48 = bitselect i1 @_ssdm_op_BitSelect.i1.i22.i32, i22 %select_ln39_4, i32 21" [new_fixedpoint2205/Aux_Lib_hw.hpp:115]   --->   Operation 177 'bitselect' 'tmp_48' <Predicate = true> <Delay = 0.00>
ST_27 : Operation 178 [1/1] (0.00ns) (grouped into LUT with out node and_ln115)   --->   "%xor_ln115 = xor i1 %tmp_48, i1 1" [new_fixedpoint2205/Aux_Lib_hw.hpp:115]   --->   Operation 178 'xor' 'xor_ln115' <Predicate = true> <Delay = 0.00> <CoreInst = "LogicGate">   --->   Core 74 'LogicGate' <Latency = 0> <II = 1> <Delay = 0.99> <FuncUnit> <Opcode : 'and' 'or' 'xor'> <InPorts = 2> <OutPorts = 1>
ST_27 : Operation 179 [1/1] (2.44ns)   --->   "%icmp_ln115 = icmp_slt  i22 %select_ln39_4, i22 65537" [new_fixedpoint2205/Aux_Lib_hw.hpp:115]   --->   Operation 179 'icmp' 'icmp_ln115' <Predicate = true> <Delay = 2.44> <CoreInst = "Cmp">   --->   Core 9 'Cmp' <Latency = 0> <II = 1> <Delay = 2.44> <FuncUnit> <Opcode : 'icmp'> <InPorts = 2> <OutPorts = 1>
ST_27 : Operation 180 [1/1] (0.97ns) (out node of the LUT)   --->   "%and_ln115 = and i1 %icmp_ln115, i1 %xor_ln115" [new_fixedpoint2205/Aux_Lib_hw.hpp:115]   --->   Operation 180 'and' 'and_ln115' <Predicate = true> <Delay = 0.97> <CoreInst = "LogicGate">   --->   Core 74 'LogicGate' <Latency = 0> <II = 1> <Delay = 0.99> <FuncUnit> <Opcode : 'and' 'or' 'xor'> <InPorts = 2> <OutPorts = 1>
ST_27 : Operation 181 [1/1] (0.00ns)   --->   "%br_ln115 = br i1 %and_ln115, void, void" [new_fixedpoint2205/Aux_Lib_hw.hpp:115]   --->   Operation 181 'br' 'br_ln115' <Predicate = true> <Delay = 0.00>
ST_27 : Operation 182 [1/1] (2.44ns)   --->   "%icmp_ln129 = icmp_sgt  i22 %select_ln39_4, i22 65536" [new_fixedpoint2205/Aux_Lib_hw.hpp:129]   --->   Operation 182 'icmp' 'icmp_ln129' <Predicate = (!and_ln115)> <Delay = 2.44> <CoreInst = "Cmp">   --->   Core 9 'Cmp' <Latency = 0> <II = 1> <Delay = 2.44> <FuncUnit> <Opcode : 'icmp'> <InPorts = 2> <OutPorts = 1>
ST_27 : Operation 183 [1/1] (0.00ns)   --->   "%br_ln129 = br i1 %icmp_ln129, void, void" [new_fixedpoint2205/Aux_Lib_hw.hpp:129]   --->   Operation 183 'br' 'br_ln129' <Predicate = (!and_ln115)> <Delay = 0.00>
ST_27 : Operation 184 [1/1] (0.00ns)   --->   "%trunc_ln34_21 = trunc i29 %a_assign_s" [new_fixedpoint2205/fixedpt.h:34]   --->   Operation 184 'trunc' 'trunc_ln34_21' <Predicate = (and_ln115)> <Delay = 0.00>
ST_27 : Operation 185 [1/1] (0.00ns)   --->   "%p_shl8 = bitconcatenate i48 @_ssdm_op_BitConcatenate.i48.i27.i21, i27 %trunc_ln34_21, i21 0" [new_fixedpoint2205/fixedpt.h:34]   --->   Operation 185 'bitconcatenate' 'p_shl8' <Predicate = (and_ln115)> <Delay = 0.00>
ST_27 : Operation 186 [1/1] (0.00ns)   --->   "%p_shl9 = bitconcatenate i48 @_ssdm_op_BitConcatenate.i48.i29.i19, i29 %a_assign_s, i19 0" [new_fixedpoint2205/fixedpt.h:34]   --->   Operation 186 'bitconcatenate' 'p_shl9' <Predicate = (and_ln115)> <Delay = 0.00>
ST_27 : Operation 187 [1/1] (3.10ns)   --->   "%add_ln34_1 = add i48 %p_shl8, i48 %p_shl9" [new_fixedpoint2205/fixedpt.h:34]   --->   Operation 187 'add' 'add_ln34_1' <Predicate = (and_ln115)> <Delay = 3.10> <CoreInst = "Adder">   --->   Core 1 'Adder' <Latency = 0> <II = 1> <Delay = 2.55> <FuncUnit> <Opcode : 'add' 'sub'> <InPorts = 2> <OutPorts = 1>
ST_27 : Operation 188 [1/1] (0.00ns)   --->   "%trunc_ln34_6 = partselect i32 @_ssdm_op_PartSelect.i32.i48.i32.i32, i48 %add_ln34_1, i32 16, i32 47" [new_fixedpoint2205/fixedpt.h:34]   --->   Operation 188 'partselect' 'trunc_ln34_6' <Predicate = (and_ln115)> <Delay = 0.00>
ST_27 : Operation 189 [1/1] (0.00ns)   --->   "%tmp_49 = bitselect i1 @_ssdm_op_BitSelect.i1.i48.i32, i48 %add_ln34_1, i32 47" [new_fixedpoint2205/fixedpt.h:39]   --->   Operation 189 'bitselect' 'tmp_49' <Predicate = (and_ln115)> <Delay = 0.00>
ST_27 : Operation 190 [1/1] (0.70ns)   --->   "%select_ln39_8 = select i1 %tmp_52, i22 %sub_ln39_8, i22 %tmp_54" [new_fixedpoint2205/fixedpt.h:39]   --->   Operation 190 'select' 'select_ln39_8' <Predicate = true> <Delay = 0.70> <CoreInst = "Sel">   --->   Core 73 'Sel' <Latency = 0> <II = 1> <Delay = 0.69> <FuncUnit> <Opcode : 'select'> <InPorts = 3> <OutPorts = 1>
ST_27 : Operation 191 [1/1] (0.00ns) (grouped into LUT with out node and_ln115_1)   --->   "%tmp_55 = bitselect i1 @_ssdm_op_BitSelect.i1.i22.i32, i22 %select_ln39_8, i32 21" [new_fixedpoint2205/Aux_Lib_hw.hpp:115]   --->   Operation 191 'bitselect' 'tmp_55' <Predicate = true> <Delay = 0.00>
ST_27 : Operation 192 [1/1] (0.00ns) (grouped into LUT with out node and_ln115_1)   --->   "%xor_ln115_1 = xor i1 %tmp_55, i1 1" [new_fixedpoint2205/Aux_Lib_hw.hpp:115]   --->   Operation 192 'xor' 'xor_ln115_1' <Predicate = true> <Delay = 0.00> <CoreInst = "LogicGate">   --->   Core 74 'LogicGate' <Latency = 0> <II = 1> <Delay = 0.99> <FuncUnit> <Opcode : 'and' 'or' 'xor'> <InPorts = 2> <OutPorts = 1>
ST_27 : Operation 193 [1/1] (2.44ns)   --->   "%icmp_ln115_1 = icmp_slt  i22 %select_ln39_8, i22 65537" [new_fixedpoint2205/Aux_Lib_hw.hpp:115]   --->   Operation 193 'icmp' 'icmp_ln115_1' <Predicate = true> <Delay = 2.44> <CoreInst = "Cmp">   --->   Core 9 'Cmp' <Latency = 0> <II = 1> <Delay = 2.44> <FuncUnit> <Opcode : 'icmp'> <InPorts = 2> <OutPorts = 1>
ST_27 : Operation 194 [1/1] (0.97ns) (out node of the LUT)   --->   "%and_ln115_1 = and i1 %icmp_ln115_1, i1 %xor_ln115_1" [new_fixedpoint2205/Aux_Lib_hw.hpp:115]   --->   Operation 194 'and' 'and_ln115_1' <Predicate = true> <Delay = 0.97> <CoreInst = "LogicGate">   --->   Core 74 'LogicGate' <Latency = 0> <II = 1> <Delay = 0.99> <FuncUnit> <Opcode : 'and' 'or' 'xor'> <InPorts = 2> <OutPorts = 1>
ST_27 : Operation 195 [1/1] (0.00ns)   --->   "%br_ln115 = br i1 %and_ln115_1, void, void" [new_fixedpoint2205/Aux_Lib_hw.hpp:115]   --->   Operation 195 'br' 'br_ln115' <Predicate = true> <Delay = 0.00>
ST_27 : Operation 196 [1/1] (2.44ns)   --->   "%icmp_ln129_1 = icmp_sgt  i22 %select_ln39_8, i22 65536" [new_fixedpoint2205/Aux_Lib_hw.hpp:129]   --->   Operation 196 'icmp' 'icmp_ln129_1' <Predicate = (!and_ln115_1)> <Delay = 2.44> <CoreInst = "Cmp">   --->   Core 9 'Cmp' <Latency = 0> <II = 1> <Delay = 2.44> <FuncUnit> <Opcode : 'icmp'> <InPorts = 2> <OutPorts = 1>
ST_27 : Operation 197 [1/1] (0.00ns)   --->   "%br_ln129 = br i1 %icmp_ln129_1, void, void" [new_fixedpoint2205/Aux_Lib_hw.hpp:129]   --->   Operation 197 'br' 'br_ln129' <Predicate = (!and_ln115_1)> <Delay = 0.00>
ST_27 : Operation 198 [1/1] (0.00ns)   --->   "%trunc_ln34_23 = trunc i29 %a_assign_1" [new_fixedpoint2205/fixedpt.h:34]   --->   Operation 198 'trunc' 'trunc_ln34_23' <Predicate = (and_ln115_1)> <Delay = 0.00>
ST_27 : Operation 199 [1/1] (0.00ns)   --->   "%p_shl4 = bitconcatenate i48 @_ssdm_op_BitConcatenate.i48.i27.i21, i27 %trunc_ln34_23, i21 0" [new_fixedpoint2205/fixedpt.h:34]   --->   Operation 199 'bitconcatenate' 'p_shl4' <Predicate = (and_ln115_1)> <Delay = 0.00>
ST_27 : Operation 200 [1/1] (0.00ns) (grouped into TernaryAdder)   --->   "%sub_ln34_2 = sub i48 0, i48 %p_shl4" [new_fixedpoint2205/fixedpt.h:34]   --->   Operation 200 'sub' 'sub_ln34_2' <Predicate = (and_ln115_1)> <Delay = 0.00> <CoreInst = "TAddSub">   --->   Core 10 'TAddSub' <Latency = 0> <II = 1> <Delay = 2.44> <IPBlock> <Opcode : 'add' 'sub'> <InPorts = 3> <OutPorts = 1> <Sync> <CReg>
ST_27 : Operation 201 [1/1] (0.00ns)   --->   "%p_shl5 = bitconcatenate i48 @_ssdm_op_BitConcatenate.i48.i29.i19, i29 %a_assign_1, i19 0" [new_fixedpoint2205/fixedpt.h:34]   --->   Operation 201 'bitconcatenate' 'p_shl5' <Predicate = (and_ln115_1)> <Delay = 0.00>
ST_27 : Operation 202 [1/1] (4.88ns) (root node of TernaryAdder)   --->   "%sub_ln34_3 = sub i48 %sub_ln34_2, i48 %p_shl5" [new_fixedpoint2205/fixedpt.h:34]   --->   Operation 202 'sub' 'sub_ln34_3' <Predicate = (and_ln115_1)> <Delay = 4.88> <CoreInst = "TAddSub">   --->   Core 10 'TAddSub' <Latency = 0> <II = 1> <Delay = 2.44> <IPBlock> <Opcode : 'add' 'sub'> <InPorts = 3> <OutPorts = 1> <Sync> <CReg>
ST_27 : Operation 203 [1/1] (0.00ns)   --->   "%trunc_ln34_3 = partselect i32 @_ssdm_op_PartSelect.i32.i48.i32.i32, i48 %sub_ln34_3, i32 16, i32 47" [new_fixedpoint2205/fixedpt.h:34]   --->   Operation 203 'partselect' 'trunc_ln34_3' <Predicate = (and_ln115_1)> <Delay = 0.00>
ST_27 : Operation 204 [1/1] (0.70ns)   --->   "%select_ln39_12 = select i1 %tmp_59, i22 %sub_ln39_12, i22 %tmp_61" [new_fixedpoint2205/fixedpt.h:39]   --->   Operation 204 'select' 'select_ln39_12' <Predicate = true> <Delay = 0.70> <CoreInst = "Sel">   --->   Core 73 'Sel' <Latency = 0> <II = 1> <Delay = 0.69> <FuncUnit> <Opcode : 'select'> <InPorts = 3> <OutPorts = 1>
ST_27 : Operation 205 [1/1] (0.00ns) (grouped into LUT with out node and_ln115_2)   --->   "%tmp_62 = bitselect i1 @_ssdm_op_BitSelect.i1.i22.i32, i22 %select_ln39_12, i32 21" [new_fixedpoint2205/Aux_Lib_hw.hpp:115]   --->   Operation 205 'bitselect' 'tmp_62' <Predicate = true> <Delay = 0.00>
ST_27 : Operation 206 [1/1] (0.00ns) (grouped into LUT with out node and_ln115_2)   --->   "%xor_ln115_2 = xor i1 %tmp_62, i1 1" [new_fixedpoint2205/Aux_Lib_hw.hpp:115]   --->   Operation 206 'xor' 'xor_ln115_2' <Predicate = true> <Delay = 0.00> <CoreInst = "LogicGate">   --->   Core 74 'LogicGate' <Latency = 0> <II = 1> <Delay = 0.99> <FuncUnit> <Opcode : 'and' 'or' 'xor'> <InPorts = 2> <OutPorts = 1>
ST_27 : Operation 207 [1/1] (2.44ns)   --->   "%icmp_ln115_2 = icmp_slt  i22 %select_ln39_12, i22 65537" [new_fixedpoint2205/Aux_Lib_hw.hpp:115]   --->   Operation 207 'icmp' 'icmp_ln115_2' <Predicate = true> <Delay = 2.44> <CoreInst = "Cmp">   --->   Core 9 'Cmp' <Latency = 0> <II = 1> <Delay = 2.44> <FuncUnit> <Opcode : 'icmp'> <InPorts = 2> <OutPorts = 1>
ST_27 : Operation 208 [1/1] (0.97ns) (out node of the LUT)   --->   "%and_ln115_2 = and i1 %icmp_ln115_2, i1 %xor_ln115_2" [new_fixedpoint2205/Aux_Lib_hw.hpp:115]   --->   Operation 208 'and' 'and_ln115_2' <Predicate = true> <Delay = 0.97> <CoreInst = "LogicGate">   --->   Core 74 'LogicGate' <Latency = 0> <II = 1> <Delay = 0.99> <FuncUnit> <Opcode : 'and' 'or' 'xor'> <InPorts = 2> <OutPorts = 1>
ST_27 : Operation 209 [1/1] (0.00ns)   --->   "%br_ln115 = br i1 %and_ln115_2, void, void" [new_fixedpoint2205/Aux_Lib_hw.hpp:115]   --->   Operation 209 'br' 'br_ln115' <Predicate = true> <Delay = 0.00>
ST_27 : Operation 210 [1/1] (2.44ns)   --->   "%icmp_ln129_2 = icmp_sgt  i22 %select_ln39_12, i22 65536" [new_fixedpoint2205/Aux_Lib_hw.hpp:129]   --->   Operation 210 'icmp' 'icmp_ln129_2' <Predicate = (!and_ln115_2)> <Delay = 2.44> <CoreInst = "Cmp">   --->   Core 9 'Cmp' <Latency = 0> <II = 1> <Delay = 2.44> <FuncUnit> <Opcode : 'icmp'> <InPorts = 2> <OutPorts = 1>
ST_27 : Operation 211 [1/1] (0.00ns)   --->   "%br_ln129 = br i1 %icmp_ln129_2, void, void" [new_fixedpoint2205/Aux_Lib_hw.hpp:129]   --->   Operation 211 'br' 'br_ln129' <Predicate = (!and_ln115_2)> <Delay = 0.00>
ST_27 : Operation 212 [1/1] (0.00ns)   --->   "%trunc_ln34_25 = trunc i29 %a_assign_14_2" [new_fixedpoint2205/fixedpt.h:34]   --->   Operation 212 'trunc' 'trunc_ln34_25' <Predicate = (and_ln115_2)> <Delay = 0.00>
ST_27 : Operation 213 [1/1] (0.00ns)   --->   "%p_shl10 = bitconcatenate i48 @_ssdm_op_BitConcatenate.i48.i27.i21, i27 %trunc_ln34_25, i21 0" [new_fixedpoint2205/fixedpt.h:34]   --->   Operation 213 'bitconcatenate' 'p_shl10' <Predicate = (and_ln115_2)> <Delay = 0.00>
ST_27 : Operation 214 [1/1] (0.00ns) (grouped into TernaryAdder)   --->   "%sub_ln34_6 = sub i48 0, i48 %p_shl10" [new_fixedpoint2205/fixedpt.h:34]   --->   Operation 214 'sub' 'sub_ln34_6' <Predicate = (and_ln115_2)> <Delay = 0.00> <CoreInst = "TAddSub">   --->   Core 10 'TAddSub' <Latency = 0> <II = 1> <Delay = 2.44> <IPBlock> <Opcode : 'add' 'sub'> <InPorts = 3> <OutPorts = 1> <Sync> <CReg>
ST_27 : Operation 215 [1/1] (0.00ns)   --->   "%p_shl11 = bitconcatenate i48 @_ssdm_op_BitConcatenate.i48.i29.i19, i29 %a_assign_14_2, i19 0" [new_fixedpoint2205/fixedpt.h:34]   --->   Operation 215 'bitconcatenate' 'p_shl11' <Predicate = (and_ln115_2)> <Delay = 0.00>
ST_27 : Operation 216 [1/1] (4.88ns) (root node of TernaryAdder)   --->   "%sub_ln34_7 = sub i48 %sub_ln34_6, i48 %p_shl11" [new_fixedpoint2205/fixedpt.h:34]   --->   Operation 216 'sub' 'sub_ln34_7' <Predicate = (and_ln115_2)> <Delay = 4.88> <CoreInst = "TAddSub">   --->   Core 10 'TAddSub' <Latency = 0> <II = 1> <Delay = 2.44> <IPBlock> <Opcode : 'add' 'sub'> <InPorts = 3> <OutPorts = 1> <Sync> <CReg>
ST_27 : Operation 217 [1/1] (0.00ns)   --->   "%trunc_ln34_11 = partselect i32 @_ssdm_op_PartSelect.i32.i48.i32.i32, i48 %sub_ln34_7, i32 16, i32 47" [new_fixedpoint2205/fixedpt.h:34]   --->   Operation 217 'partselect' 'trunc_ln34_11' <Predicate = (and_ln115_2)> <Delay = 0.00>
ST_27 : Operation 218 [1/1] (0.00ns)   --->   "%tmp_63 = bitselect i1 @_ssdm_op_BitSelect.i1.i48.i32, i48 %sub_ln34_7, i32 47" [new_fixedpoint2205/fixedpt.h:39]   --->   Operation 218 'bitselect' 'tmp_63' <Predicate = (and_ln115_2)> <Delay = 0.00>
ST_27 : Operation 219 [1/1] (0.70ns)   --->   "%select_ln39_16 = select i1 %tmp_66, i22 %sub_ln39_16, i22 %tmp_68" [new_fixedpoint2205/fixedpt.h:39]   --->   Operation 219 'select' 'select_ln39_16' <Predicate = true> <Delay = 0.70> <CoreInst = "Sel">   --->   Core 73 'Sel' <Latency = 0> <II = 1> <Delay = 0.69> <FuncUnit> <Opcode : 'select'> <InPorts = 3> <OutPorts = 1>
ST_27 : Operation 220 [1/1] (0.00ns) (grouped into LUT with out node and_ln115_3)   --->   "%tmp_69 = bitselect i1 @_ssdm_op_BitSelect.i1.i22.i32, i22 %select_ln39_16, i32 21" [new_fixedpoint2205/Aux_Lib_hw.hpp:115]   --->   Operation 220 'bitselect' 'tmp_69' <Predicate = true> <Delay = 0.00>
ST_27 : Operation 221 [1/1] (0.00ns) (grouped into LUT with out node and_ln115_3)   --->   "%xor_ln115_3 = xor i1 %tmp_69, i1 1" [new_fixedpoint2205/Aux_Lib_hw.hpp:115]   --->   Operation 221 'xor' 'xor_ln115_3' <Predicate = true> <Delay = 0.00> <CoreInst = "LogicGate">   --->   Core 74 'LogicGate' <Latency = 0> <II = 1> <Delay = 0.99> <FuncUnit> <Opcode : 'and' 'or' 'xor'> <InPorts = 2> <OutPorts = 1>
ST_27 : Operation 222 [1/1] (2.44ns)   --->   "%icmp_ln115_3 = icmp_slt  i22 %select_ln39_16, i22 65537" [new_fixedpoint2205/Aux_Lib_hw.hpp:115]   --->   Operation 222 'icmp' 'icmp_ln115_3' <Predicate = true> <Delay = 2.44> <CoreInst = "Cmp">   --->   Core 9 'Cmp' <Latency = 0> <II = 1> <Delay = 2.44> <FuncUnit> <Opcode : 'icmp'> <InPorts = 2> <OutPorts = 1>
ST_27 : Operation 223 [1/1] (0.97ns) (out node of the LUT)   --->   "%and_ln115_3 = and i1 %icmp_ln115_3, i1 %xor_ln115_3" [new_fixedpoint2205/Aux_Lib_hw.hpp:115]   --->   Operation 223 'and' 'and_ln115_3' <Predicate = true> <Delay = 0.97> <CoreInst = "LogicGate">   --->   Core 74 'LogicGate' <Latency = 0> <II = 1> <Delay = 0.99> <FuncUnit> <Opcode : 'and' 'or' 'xor'> <InPorts = 2> <OutPorts = 1>
ST_27 : Operation 224 [1/1] (0.00ns)   --->   "%br_ln115 = br i1 %and_ln115_3, void, void" [new_fixedpoint2205/Aux_Lib_hw.hpp:115]   --->   Operation 224 'br' 'br_ln115' <Predicate = true> <Delay = 0.00>
ST_27 : Operation 225 [1/1] (2.44ns)   --->   "%icmp_ln129_3 = icmp_sgt  i22 %select_ln39_16, i22 65536" [new_fixedpoint2205/Aux_Lib_hw.hpp:129]   --->   Operation 225 'icmp' 'icmp_ln129_3' <Predicate = (!and_ln115_3)> <Delay = 2.44> <CoreInst = "Cmp">   --->   Core 9 'Cmp' <Latency = 0> <II = 1> <Delay = 2.44> <FuncUnit> <Opcode : 'icmp'> <InPorts = 2> <OutPorts = 1>
ST_27 : Operation 226 [1/1] (0.00ns)   --->   "%br_ln129 = br i1 %icmp_ln129_3, void, void" [new_fixedpoint2205/Aux_Lib_hw.hpp:129]   --->   Operation 226 'br' 'br_ln129' <Predicate = (!and_ln115_3)> <Delay = 0.00>
ST_27 : Operation 227 [1/1] (2.55ns)   --->   "%sub_ln118_1 = sub i32 0, i32 %trunc_ln" [new_fixedpoint2205/Aux_Lib_hw.hpp:118]   --->   Operation 227 'sub' 'sub_ln118_1' <Predicate = (and_ln115_3)> <Delay = 2.55> <CoreInst = "Adder">   --->   Core 1 'Adder' <Latency = 0> <II = 1> <Delay = 2.55> <FuncUnit> <Opcode : 'add' 'sub'> <InPorts = 2> <OutPorts = 1>
ST_27 : Operation 228 [1/1] (0.00ns)   --->   "%tmp_70 = bitselect i1 @_ssdm_op_BitSelect.i1.i32.i32, i32 %sub_ln118_1, i32 31" [new_fixedpoint2205/fixedpt.h:39]   --->   Operation 228 'bitselect' 'tmp_70' <Predicate = (and_ln115_3)> <Delay = 0.00>

State 28 <SV = 27> <Delay = 3.94>
ST_28 : Operation 229 [1/1] (0.00ns)   --->   "%shl_ln39_4 = bitconcatenate i48 @_ssdm_op_BitConcatenate.i48.i32.i16, i32 %trunc_ln34_6, i16 0" [new_fixedpoint2205/fixedpt.h:39]   --->   Operation 229 'bitconcatenate' 'shl_ln39_4' <Predicate = (and_ln115)> <Delay = 0.00>
ST_28 : Operation 230 [1/1] (0.00ns)   --->   "%sext_ln39_7 = sext i48 %shl_ln39_4" [new_fixedpoint2205/fixedpt.h:39]   --->   Operation 230 'sext' 'sext_ln39_7' <Predicate = (and_ln115)> <Delay = 0.00>
ST_28 : Operation 231 [3/3] (3.94ns)   --->   "%mul_ln39_2 = mul i97 %sext_ln39_7, i97 360287970189640" [new_fixedpoint2205/fixedpt.h:39]   --->   Operation 231 'mul' 'mul_ln39_2' <Predicate = (and_ln115)> <Delay = 3.94> <CoreInst = "Mul_DSP">   --->   Core 5 'Mul_DSP' <Latency = 2> <II = 1> <Delay = 3.94> <FuncUnit> <Opcode : 'mul'> <InPorts = 2> <OutPorts = 1>
ST_28 : Operation 232 [1/1] (2.55ns)   --->   "%sub_ln118 = sub i32 0, i32 %trunc_ln34_3" [new_fixedpoint2205/Aux_Lib_hw.hpp:118]   --->   Operation 232 'sub' 'sub_ln118' <Predicate = (and_ln115_1)> <Delay = 2.55> <CoreInst = "Adder">   --->   Core 1 'Adder' <Latency = 0> <II = 1> <Delay = 2.55> <FuncUnit> <Opcode : 'add' 'sub'> <InPorts = 2> <OutPorts = 1>
ST_28 : Operation 233 [1/1] (0.00ns)   --->   "%tmp_56 = bitselect i1 @_ssdm_op_BitSelect.i1.i32.i32, i32 %sub_ln118, i32 31" [new_fixedpoint2205/fixedpt.h:39]   --->   Operation 233 'bitselect' 'tmp_56' <Predicate = (and_ln115_1)> <Delay = 0.00>
ST_28 : Operation 234 [1/1] (0.00ns)   --->   "%shl_ln39_6 = bitconcatenate i48 @_ssdm_op_BitConcatenate.i48.i32.i16, i32 %trunc_ln34_11, i16 0" [new_fixedpoint2205/fixedpt.h:39]   --->   Operation 234 'bitconcatenate' 'shl_ln39_6' <Predicate = (and_ln115_2)> <Delay = 0.00>
ST_28 : Operation 235 [1/1] (0.00ns)   --->   "%sext_ln39_15 = sext i48 %shl_ln39_6" [new_fixedpoint2205/fixedpt.h:39]   --->   Operation 235 'sext' 'sext_ln39_15' <Predicate = (and_ln115_2)> <Delay = 0.00>
ST_28 : Operation 236 [3/3] (3.94ns)   --->   "%mul_ln39_6 = mul i97 %sext_ln39_15, i97 360287970189640" [new_fixedpoint2205/fixedpt.h:39]   --->   Operation 236 'mul' 'mul_ln39_6' <Predicate = (and_ln115_2)> <Delay = 3.94> <CoreInst = "Mul_DSP">   --->   Core 5 'Mul_DSP' <Latency = 2> <II = 1> <Delay = 3.94> <FuncUnit> <Opcode : 'mul'> <InPorts = 2> <OutPorts = 1>
ST_28 : Operation 237 [1/1] (0.00ns)   --->   "%shl_ln39_7 = bitconcatenate i48 @_ssdm_op_BitConcatenate.i48.i32.i16, i32 %sub_ln118_1, i16 0" [new_fixedpoint2205/fixedpt.h:39]   --->   Operation 237 'bitconcatenate' 'shl_ln39_7' <Predicate = (and_ln115_3)> <Delay = 0.00>
ST_28 : Operation 238 [1/1] (0.00ns)   --->   "%sext_ln39_19 = sext i48 %shl_ln39_7" [new_fixedpoint2205/fixedpt.h:39]   --->   Operation 238 'sext' 'sext_ln39_19' <Predicate = (and_ln115_3)> <Delay = 0.00>
ST_28 : Operation 239 [3/3] (3.94ns)   --->   "%mul_ln39_8 = mul i97 %sext_ln39_19, i97 360287970189640" [new_fixedpoint2205/fixedpt.h:39]   --->   Operation 239 'mul' 'mul_ln39_8' <Predicate = (and_ln115_3)> <Delay = 3.94> <CoreInst = "Mul_DSP">   --->   Core 5 'Mul_DSP' <Latency = 2> <II = 1> <Delay = 3.94> <FuncUnit> <Opcode : 'mul'> <InPorts = 2> <OutPorts = 1>

State 29 <SV = 28> <Delay = 3.94>
ST_29 : Operation 240 [2/3] (3.94ns)   --->   "%mul_ln39_2 = mul i97 %sext_ln39_7, i97 360287970189640" [new_fixedpoint2205/fixedpt.h:39]   --->   Operation 240 'mul' 'mul_ln39_2' <Predicate = (and_ln115)> <Delay = 3.94> <CoreInst = "Mul_DSP">   --->   Core 5 'Mul_DSP' <Latency = 2> <II = 1> <Delay = 3.94> <FuncUnit> <Opcode : 'mul'> <InPorts = 2> <OutPorts = 1>
ST_29 : Operation 241 [1/1] (0.00ns)   --->   "%shl_ln39_5 = bitconcatenate i48 @_ssdm_op_BitConcatenate.i48.i32.i16, i32 %sub_ln118, i16 0" [new_fixedpoint2205/fixedpt.h:39]   --->   Operation 241 'bitconcatenate' 'shl_ln39_5' <Predicate = (and_ln115_1)> <Delay = 0.00>
ST_29 : Operation 242 [1/1] (0.00ns)   --->   "%sext_ln39_11 = sext i48 %shl_ln39_5" [new_fixedpoint2205/fixedpt.h:39]   --->   Operation 242 'sext' 'sext_ln39_11' <Predicate = (and_ln115_1)> <Delay = 0.00>
ST_29 : Operation 243 [3/3] (3.94ns)   --->   "%mul_ln39_4 = mul i97 %sext_ln39_11, i97 360287970189640" [new_fixedpoint2205/fixedpt.h:39]   --->   Operation 243 'mul' 'mul_ln39_4' <Predicate = (and_ln115_1)> <Delay = 3.94> <CoreInst = "Mul_DSP">   --->   Core 5 'Mul_DSP' <Latency = 2> <II = 1> <Delay = 3.94> <FuncUnit> <Opcode : 'mul'> <InPorts = 2> <OutPorts = 1>
ST_29 : Operation 244 [2/3] (3.94ns)   --->   "%mul_ln39_6 = mul i97 %sext_ln39_15, i97 360287970189640" [new_fixedpoint2205/fixedpt.h:39]   --->   Operation 244 'mul' 'mul_ln39_6' <Predicate = (and_ln115_2)> <Delay = 3.94> <CoreInst = "Mul_DSP">   --->   Core 5 'Mul_DSP' <Latency = 2> <II = 1> <Delay = 3.94> <FuncUnit> <Opcode : 'mul'> <InPorts = 2> <OutPorts = 1>
ST_29 : Operation 245 [2/3] (3.94ns)   --->   "%mul_ln39_8 = mul i97 %sext_ln39_19, i97 360287970189640" [new_fixedpoint2205/fixedpt.h:39]   --->   Operation 245 'mul' 'mul_ln39_8' <Predicate = (and_ln115_3)> <Delay = 3.94> <CoreInst = "Mul_DSP">   --->   Core 5 'Mul_DSP' <Latency = 2> <II = 1> <Delay = 3.94> <FuncUnit> <Opcode : 'mul'> <InPorts = 2> <OutPorts = 1>

State 30 <SV = 29> <Delay = 3.94>
ST_30 : Operation 246 [1/3] (3.94ns)   --->   "%mul_ln39_2 = mul i97 %sext_ln39_7, i97 360287970189640" [new_fixedpoint2205/fixedpt.h:39]   --->   Operation 246 'mul' 'mul_ln39_2' <Predicate = (and_ln115)> <Delay = 3.94> <CoreInst = "Mul_DSP">   --->   Core 5 'Mul_DSP' <Latency = 2> <II = 1> <Delay = 3.94> <FuncUnit> <Opcode : 'mul'> <InPorts = 2> <OutPorts = 1>
ST_30 : Operation 247 [1/1] (0.00ns)   --->   "%tmp_51 = partselect i22 @_ssdm_op_PartSelect.i22.i97.i32.i32, i97 %mul_ln39_2, i32 75, i32 96" [new_fixedpoint2205/fixedpt.h:39]   --->   Operation 247 'partselect' 'tmp_51' <Predicate = (and_ln115)> <Delay = 0.00>
ST_30 : Operation 248 [2/3] (3.94ns)   --->   "%mul_ln39_4 = mul i97 %sext_ln39_11, i97 360287970189640" [new_fixedpoint2205/fixedpt.h:39]   --->   Operation 248 'mul' 'mul_ln39_4' <Predicate = (and_ln115_1)> <Delay = 3.94> <CoreInst = "Mul_DSP">   --->   Core 5 'Mul_DSP' <Latency = 2> <II = 1> <Delay = 3.94> <FuncUnit> <Opcode : 'mul'> <InPorts = 2> <OutPorts = 1>
ST_30 : Operation 249 [1/3] (3.94ns)   --->   "%mul_ln39_6 = mul i97 %sext_ln39_15, i97 360287970189640" [new_fixedpoint2205/fixedpt.h:39]   --->   Operation 249 'mul' 'mul_ln39_6' <Predicate = (and_ln115_2)> <Delay = 3.94> <CoreInst = "Mul_DSP">   --->   Core 5 'Mul_DSP' <Latency = 2> <II = 1> <Delay = 3.94> <FuncUnit> <Opcode : 'mul'> <InPorts = 2> <OutPorts = 1>
ST_30 : Operation 250 [1/1] (0.00ns)   --->   "%tmp_65 = partselect i22 @_ssdm_op_PartSelect.i22.i97.i32.i32, i97 %mul_ln39_6, i32 75, i32 96" [new_fixedpoint2205/fixedpt.h:39]   --->   Operation 250 'partselect' 'tmp_65' <Predicate = (and_ln115_2)> <Delay = 0.00>
ST_30 : Operation 251 [1/3] (3.94ns)   --->   "%mul_ln39_8 = mul i97 %sext_ln39_19, i97 360287970189640" [new_fixedpoint2205/fixedpt.h:39]   --->   Operation 251 'mul' 'mul_ln39_8' <Predicate = (and_ln115_3)> <Delay = 3.94> <CoreInst = "Mul_DSP">   --->   Core 5 'Mul_DSP' <Latency = 2> <II = 1> <Delay = 3.94> <FuncUnit> <Opcode : 'mul'> <InPorts = 2> <OutPorts = 1>
ST_30 : Operation 252 [1/1] (0.00ns)   --->   "%tmp_72 = partselect i22 @_ssdm_op_PartSelect.i22.i97.i32.i32, i97 %mul_ln39_8, i32 75, i32 96" [new_fixedpoint2205/fixedpt.h:39]   --->   Operation 252 'partselect' 'tmp_72' <Predicate = (and_ln115_3)> <Delay = 0.00>

State 31 <SV = 30> <Delay = 4.46>
ST_31 : Operation 253 [1/1] (4.46ns)   --->   "%sub_ln39_5 = sub i97 0, i97 %mul_ln39_2" [new_fixedpoint2205/fixedpt.h:39]   --->   Operation 253 'sub' 'sub_ln39_5' <Predicate = (and_ln115 & tmp_49)> <Delay = 4.46> <CoreInst = "Adder">   --->   Core 1 'Adder' <Latency = 0> <II = 1> <Delay = 2.55> <FuncUnit> <Opcode : 'add' 'sub'> <InPorts = 2> <OutPorts = 1>
ST_31 : Operation 254 [1/3] (3.94ns)   --->   "%mul_ln39_4 = mul i97 %sext_ln39_11, i97 360287970189640" [new_fixedpoint2205/fixedpt.h:39]   --->   Operation 254 'mul' 'mul_ln39_4' <Predicate = (and_ln115_1)> <Delay = 3.94> <CoreInst = "Mul_DSP">   --->   Core 5 'Mul_DSP' <Latency = 2> <II = 1> <Delay = 3.94> <FuncUnit> <Opcode : 'mul'> <InPorts = 2> <OutPorts = 1>
ST_31 : Operation 255 [1/1] (0.00ns)   --->   "%tmp_58 = partselect i22 @_ssdm_op_PartSelect.i22.i97.i32.i32, i97 %mul_ln39_4, i32 75, i32 96" [new_fixedpoint2205/fixedpt.h:39]   --->   Operation 255 'partselect' 'tmp_58' <Predicate = (and_ln115_1)> <Delay = 0.00>
ST_31 : Operation 256 [1/1] (4.46ns)   --->   "%sub_ln39_13 = sub i97 0, i97 %mul_ln39_6" [new_fixedpoint2205/fixedpt.h:39]   --->   Operation 256 'sub' 'sub_ln39_13' <Predicate = (and_ln115_2 & tmp_63)> <Delay = 4.46> <CoreInst = "Adder">   --->   Core 1 'Adder' <Latency = 0> <II = 1> <Delay = 2.55> <FuncUnit> <Opcode : 'add' 'sub'> <InPorts = 2> <OutPorts = 1>
ST_31 : Operation 257 [1/1] (4.46ns)   --->   "%sub_ln39_17 = sub i97 0, i97 %mul_ln39_8" [new_fixedpoint2205/fixedpt.h:39]   --->   Operation 257 'sub' 'sub_ln39_17' <Predicate = (and_ln115_3 & tmp_70)> <Delay = 4.46> <CoreInst = "Adder">   --->   Core 1 'Adder' <Latency = 0> <II = 1> <Delay = 2.55> <FuncUnit> <Opcode : 'add' 'sub'> <InPorts = 2> <OutPorts = 1>

State 32 <SV = 31> <Delay = 4.46>
ST_32 : Operation 258 [1/1] (0.00ns) (grouped into LUT with out node sub_ln39_6)   --->   "%tmp_50 = partselect i22 @_ssdm_op_PartSelect.i22.i97.i32.i32, i97 %sub_ln39_5, i32 75, i32 96" [new_fixedpoint2205/fixedpt.h:39]   --->   Operation 258 'partselect' 'tmp_50' <Predicate = (and_ln115 & tmp_49)> <Delay = 0.00>
ST_32 : Operation 259 [1/1] (0.00ns) (grouped into LUT with out node sub_ln39_6)   --->   "%sext_ln39_8 = sext i22 %tmp_50" [new_fixedpoint2205/fixedpt.h:39]   --->   Operation 259 'sext' 'sext_ln39_8' <Predicate = (and_ln115 & tmp_49)> <Delay = 0.00>
ST_32 : Operation 260 [1/1] (0.00ns)   --->   "%sext_ln39_9 = sext i22 %tmp_51" [new_fixedpoint2205/fixedpt.h:39]   --->   Operation 260 'sext' 'sext_ln39_9' <Predicate = (and_ln115)> <Delay = 0.00>
ST_32 : Operation 261 [1/1] (0.00ns) (grouped into LUT with out node sub_ln39_6)   --->   "%select_ln39_5 = select i1 %tmp_49, i48 %sext_ln39_8, i48 %sext_ln39_9" [new_fixedpoint2205/fixedpt.h:39]   --->   Operation 261 'select' 'select_ln39_5' <Predicate = (and_ln115 & tmp_49)> <Delay = 0.00> <CoreInst = "Sel">   --->   Core 73 'Sel' <Latency = 0> <II = 1> <Delay = 0.69> <FuncUnit> <Opcode : 'select'> <InPorts = 3> <OutPorts = 1>
ST_32 : Operation 262 [1/1] (2.25ns) (out node of the LUT)   --->   "%sub_ln39_6 = sub i48 0, i48 %select_ln39_5" [new_fixedpoint2205/fixedpt.h:39]   --->   Operation 262 'sub' 'sub_ln39_6' <Predicate = (and_ln115 & tmp_49)> <Delay = 2.25> <CoreInst = "Adder">   --->   Core 1 'Adder' <Latency = 0> <II = 1> <Delay = 2.55> <FuncUnit> <Opcode : 'add' 'sub'> <InPorts = 2> <OutPorts = 1>
ST_32 : Operation 263 [1/1] (0.69ns)   --->   "%select_ln39_6 = select i1 %tmp_49, i48 %sub_ln39_6, i48 %sext_ln39_9" [new_fixedpoint2205/fixedpt.h:39]   --->   Operation 263 'select' 'select_ln39_6' <Predicate = (and_ln115)> <Delay = 0.69> <CoreInst = "Sel">   --->   Core 73 'Sel' <Latency = 0> <II = 1> <Delay = 0.69> <FuncUnit> <Opcode : 'select'> <InPorts = 3> <OutPorts = 1>
ST_32 : Operation 264 [1/1] (4.46ns)   --->   "%sub_ln39_9 = sub i97 0, i97 %mul_ln39_4" [new_fixedpoint2205/fixedpt.h:39]   --->   Operation 264 'sub' 'sub_ln39_9' <Predicate = (and_ln115_1 & tmp_56)> <Delay = 4.46> <CoreInst = "Adder">   --->   Core 1 'Adder' <Latency = 0> <II = 1> <Delay = 2.55> <FuncUnit> <Opcode : 'add' 'sub'> <InPorts = 2> <OutPorts = 1>
ST_32 : Operation 265 [1/1] (0.00ns) (grouped into LUT with out node sub_ln39_14)   --->   "%tmp_64 = partselect i22 @_ssdm_op_PartSelect.i22.i97.i32.i32, i97 %sub_ln39_13, i32 75, i32 96" [new_fixedpoint2205/fixedpt.h:39]   --->   Operation 265 'partselect' 'tmp_64' <Predicate = (and_ln115_2 & tmp_63)> <Delay = 0.00>
ST_32 : Operation 266 [1/1] (0.00ns) (grouped into LUT with out node sub_ln39_14)   --->   "%sext_ln39_16 = sext i22 %tmp_64" [new_fixedpoint2205/fixedpt.h:39]   --->   Operation 266 'sext' 'sext_ln39_16' <Predicate = (and_ln115_2 & tmp_63)> <Delay = 0.00>
ST_32 : Operation 267 [1/1] (0.00ns)   --->   "%sext_ln39_17 = sext i22 %tmp_65" [new_fixedpoint2205/fixedpt.h:39]   --->   Operation 267 'sext' 'sext_ln39_17' <Predicate = (and_ln115_2)> <Delay = 0.00>
ST_32 : Operation 268 [1/1] (0.00ns) (grouped into LUT with out node sub_ln39_14)   --->   "%select_ln39_13 = select i1 %tmp_63, i48 %sext_ln39_16, i48 %sext_ln39_17" [new_fixedpoint2205/fixedpt.h:39]   --->   Operation 268 'select' 'select_ln39_13' <Predicate = (and_ln115_2 & tmp_63)> <Delay = 0.00> <CoreInst = "Sel">   --->   Core 73 'Sel' <Latency = 0> <II = 1> <Delay = 0.69> <FuncUnit> <Opcode : 'select'> <InPorts = 3> <OutPorts = 1>
ST_32 : Operation 269 [1/1] (2.25ns) (out node of the LUT)   --->   "%sub_ln39_14 = sub i48 0, i48 %select_ln39_13" [new_fixedpoint2205/fixedpt.h:39]   --->   Operation 269 'sub' 'sub_ln39_14' <Predicate = (and_ln115_2 & tmp_63)> <Delay = 2.25> <CoreInst = "Adder">   --->   Core 1 'Adder' <Latency = 0> <II = 1> <Delay = 2.55> <FuncUnit> <Opcode : 'add' 'sub'> <InPorts = 2> <OutPorts = 1>
ST_32 : Operation 270 [1/1] (0.69ns)   --->   "%select_ln39_14 = select i1 %tmp_63, i48 %sub_ln39_14, i48 %sext_ln39_17" [new_fixedpoint2205/fixedpt.h:39]   --->   Operation 270 'select' 'select_ln39_14' <Predicate = (and_ln115_2)> <Delay = 0.69> <CoreInst = "Sel">   --->   Core 73 'Sel' <Latency = 0> <II = 1> <Delay = 0.69> <FuncUnit> <Opcode : 'select'> <InPorts = 3> <OutPorts = 1>
ST_32 : Operation 271 [1/1] (0.00ns) (grouped into LUT with out node sub_ln39_18)   --->   "%tmp_71 = partselect i22 @_ssdm_op_PartSelect.i22.i97.i32.i32, i97 %sub_ln39_17, i32 75, i32 96" [new_fixedpoint2205/fixedpt.h:39]   --->   Operation 271 'partselect' 'tmp_71' <Predicate = (and_ln115_3 & tmp_70)> <Delay = 0.00>
ST_32 : Operation 272 [1/1] (0.00ns) (grouped into LUT with out node sub_ln39_18)   --->   "%sext_ln39_20 = sext i22 %tmp_71" [new_fixedpoint2205/fixedpt.h:39]   --->   Operation 272 'sext' 'sext_ln39_20' <Predicate = (and_ln115_3 & tmp_70)> <Delay = 0.00>
ST_32 : Operation 273 [1/1] (0.00ns)   --->   "%sext_ln39_21 = sext i22 %tmp_72" [new_fixedpoint2205/fixedpt.h:39]   --->   Operation 273 'sext' 'sext_ln39_21' <Predicate = (and_ln115_3)> <Delay = 0.00>
ST_32 : Operation 274 [1/1] (0.00ns) (grouped into LUT with out node sub_ln39_18)   --->   "%select_ln39_17 = select i1 %tmp_70, i48 %sext_ln39_20, i48 %sext_ln39_21" [new_fixedpoint2205/fixedpt.h:39]   --->   Operation 274 'select' 'select_ln39_17' <Predicate = (and_ln115_3 & tmp_70)> <Delay = 0.00> <CoreInst = "Sel">   --->   Core 73 'Sel' <Latency = 0> <II = 1> <Delay = 0.69> <FuncUnit> <Opcode : 'select'> <InPorts = 3> <OutPorts = 1>
ST_32 : Operation 275 [1/1] (2.25ns) (out node of the LUT)   --->   "%sub_ln39_18 = sub i48 0, i48 %select_ln39_17" [new_fixedpoint2205/fixedpt.h:39]   --->   Operation 275 'sub' 'sub_ln39_18' <Predicate = (and_ln115_3 & tmp_70)> <Delay = 2.25> <CoreInst = "Adder">   --->   Core 1 'Adder' <Latency = 0> <II = 1> <Delay = 2.55> <FuncUnit> <Opcode : 'add' 'sub'> <InPorts = 2> <OutPorts = 1>
ST_32 : Operation 276 [1/1] (0.69ns)   --->   "%select_ln39_18 = select i1 %tmp_70, i48 %sub_ln39_18, i48 %sext_ln39_21" [new_fixedpoint2205/fixedpt.h:39]   --->   Operation 276 'select' 'select_ln39_18' <Predicate = (and_ln115_3)> <Delay = 0.69> <CoreInst = "Sel">   --->   Core 73 'Sel' <Latency = 0> <II = 1> <Delay = 0.69> <FuncUnit> <Opcode : 'select'> <InPorts = 3> <OutPorts = 1>

State 33 <SV = 32> <Delay = 3.95>
ST_33 : Operation 277 [1/1] (2.55ns)   --->   "%sub_ln40_2 = sub i32 4293656576, i32 %p_read_4" [new_fixedpoint2205/Aux_Lib_hw.hpp:40]   --->   Operation 277 'sub' 'sub_ln40_2' <Predicate = (!and_ln115 & !icmp_ln129)> <Delay = 2.55> <CoreInst = "Adder">   --->   Core 1 'Adder' <Latency = 0> <II = 1> <Delay = 2.55> <FuncUnit> <Opcode : 'add' 'sub'> <InPorts = 2> <OutPorts = 1>
ST_33 : Operation 278 [1/1] (2.55ns)   --->   "%sub_ln40_3 = sub i32 1310720, i32 %p_read_3" [new_fixedpoint2205/Aux_Lib_hw.hpp:40]   --->   Operation 278 'sub' 'sub_ln40_3' <Predicate = (!and_ln115 & !icmp_ln129)> <Delay = 2.55> <CoreInst = "Adder">   --->   Core 1 'Adder' <Latency = 0> <II = 1> <Delay = 2.55> <FuncUnit> <Opcode : 'add' 'sub'> <InPorts = 2> <OutPorts = 1>
ST_33 : Operation 279 [1/1] (2.55ns)   --->   "%sub_ln40 = sub i32 1310720, i32 %p_read_4" [new_fixedpoint2205/Aux_Lib_hw.hpp:40]   --->   Operation 279 'sub' 'sub_ln40' <Predicate = (!and_ln115 & icmp_ln129)> <Delay = 2.55> <CoreInst = "Adder">   --->   Core 1 'Adder' <Latency = 0> <II = 1> <Delay = 2.55> <FuncUnit> <Opcode : 'add' 'sub'> <InPorts = 2> <OutPorts = 1>
ST_33 : Operation 280 [1/1] (2.55ns)   --->   "%sub_ln40_1 = sub i32 1310720, i32 %p_read_3" [new_fixedpoint2205/Aux_Lib_hw.hpp:40]   --->   Operation 280 'sub' 'sub_ln40_1' <Predicate = (!and_ln115 & icmp_ln129)> <Delay = 2.55> <CoreInst = "Adder">   --->   Core 1 'Adder' <Latency = 0> <II = 1> <Delay = 2.55> <FuncUnit> <Opcode : 'add' 'sub'> <InPorts = 2> <OutPorts = 1>
ST_33 : Operation 281 [1/1] (0.00ns)   --->   "%sext_ln39 = sext i32 %trunc_ln34_6" [new_fixedpoint2205/fixedpt.h:39]   --->   Operation 281 'sext' 'sext_ln39' <Predicate = (and_ln115)> <Delay = 0.00>
ST_33 : Operation 282 [5/5] (3.95ns)   --->   "%mul_ln34_7 = mul i48 %select_ln39_6, i48 %sext_ln39" [new_fixedpoint2205/fixedpt.h:34]   --->   Operation 282 'mul' 'mul_ln34_7' <Predicate = (and_ln115)> <Delay = 3.95> <CoreInst = "Multiplier">   --->   Core 3 'Multiplier' <Latency = 4> <II = 1> <Delay = 3.95> <FuncUnit> <Opcode : 'mul'> <InPorts = 2> <OutPorts = 1>
ST_33 : Operation 283 [1/1] (2.55ns)   --->   "%sub_ln40_4 = sub i32 1310720, i32 %p_read_4" [new_fixedpoint2205/Aux_Lib_hw.hpp:40]   --->   Operation 283 'sub' 'sub_ln40_4' <Predicate = (!and_ln115_1)> <Delay = 2.55> <CoreInst = "Adder">   --->   Core 1 'Adder' <Latency = 0> <II = 1> <Delay = 2.55> <FuncUnit> <Opcode : 'add' 'sub'> <InPorts = 2> <OutPorts = 1>
ST_33 : Operation 284 [1/1] (2.55ns)   --->   "%sub_ln40_6 = sub i32 1310720, i32 %p_read_3" [new_fixedpoint2205/Aux_Lib_hw.hpp:40]   --->   Operation 284 'sub' 'sub_ln40_6' <Predicate = (!and_ln115_1 & !icmp_ln129_1)> <Delay = 2.55> <CoreInst = "Adder">   --->   Core 1 'Adder' <Latency = 0> <II = 1> <Delay = 2.55> <FuncUnit> <Opcode : 'add' 'sub'> <InPorts = 2> <OutPorts = 1>
ST_33 : Operation 285 [1/1] (2.55ns)   --->   "%sub_ln40_5 = sub i32 4293656576, i32 %p_read_3" [new_fixedpoint2205/Aux_Lib_hw.hpp:40]   --->   Operation 285 'sub' 'sub_ln40_5' <Predicate = (!and_ln115_1 & icmp_ln129_1)> <Delay = 2.55> <CoreInst = "Adder">   --->   Core 1 'Adder' <Latency = 0> <II = 1> <Delay = 2.55> <FuncUnit> <Opcode : 'add' 'sub'> <InPorts = 2> <OutPorts = 1>
ST_33 : Operation 286 [1/1] (0.00ns) (grouped into LUT with out node sub_ln39_10)   --->   "%tmp_57 = partselect i22 @_ssdm_op_PartSelect.i22.i97.i32.i32, i97 %sub_ln39_9, i32 75, i32 96" [new_fixedpoint2205/fixedpt.h:39]   --->   Operation 286 'partselect' 'tmp_57' <Predicate = (and_ln115_1 & tmp_56)> <Delay = 0.00>
ST_33 : Operation 287 [1/1] (0.00ns) (grouped into LUT with out node sub_ln39_10)   --->   "%sext_ln39_12 = sext i22 %tmp_57" [new_fixedpoint2205/fixedpt.h:39]   --->   Operation 287 'sext' 'sext_ln39_12' <Predicate = (and_ln115_1 & tmp_56)> <Delay = 0.00>
ST_33 : Operation 288 [1/1] (0.00ns)   --->   "%sext_ln39_13 = sext i22 %tmp_58" [new_fixedpoint2205/fixedpt.h:39]   --->   Operation 288 'sext' 'sext_ln39_13' <Predicate = (and_ln115_1)> <Delay = 0.00>
ST_33 : Operation 289 [1/1] (0.00ns) (grouped into LUT with out node sub_ln39_10)   --->   "%select_ln39_9 = select i1 %tmp_56, i48 %sext_ln39_12, i48 %sext_ln39_13" [new_fixedpoint2205/fixedpt.h:39]   --->   Operation 289 'select' 'select_ln39_9' <Predicate = (and_ln115_1 & tmp_56)> <Delay = 0.00> <CoreInst = "Sel">   --->   Core 73 'Sel' <Latency = 0> <II = 1> <Delay = 0.69> <FuncUnit> <Opcode : 'select'> <InPorts = 3> <OutPorts = 1>
ST_33 : Operation 290 [1/1] (2.25ns) (out node of the LUT)   --->   "%sub_ln39_10 = sub i48 0, i48 %select_ln39_9" [new_fixedpoint2205/fixedpt.h:39]   --->   Operation 290 'sub' 'sub_ln39_10' <Predicate = (and_ln115_1 & tmp_56)> <Delay = 2.25> <CoreInst = "Adder">   --->   Core 1 'Adder' <Latency = 0> <II = 1> <Delay = 2.55> <FuncUnit> <Opcode : 'add' 'sub'> <InPorts = 2> <OutPorts = 1>
ST_33 : Operation 291 [1/1] (0.69ns)   --->   "%select_ln39_10 = select i1 %tmp_56, i48 %sub_ln39_10, i48 %sext_ln39_13" [new_fixedpoint2205/fixedpt.h:39]   --->   Operation 291 'select' 'select_ln39_10' <Predicate = (and_ln115_1)> <Delay = 0.69> <CoreInst = "Sel">   --->   Core 73 'Sel' <Latency = 0> <II = 1> <Delay = 0.69> <FuncUnit> <Opcode : 'select'> <InPorts = 3> <OutPorts = 1>
ST_33 : Operation 292 [1/1] (2.55ns)   --->   "%sub_ln40_9 = sub i32 1310720, i32 %p_read_4" [new_fixedpoint2205/Aux_Lib_hw.hpp:40]   --->   Operation 292 'sub' 'sub_ln40_9' <Predicate = (!and_ln115_2 & !icmp_ln129_2)> <Delay = 2.55> <CoreInst = "Adder">   --->   Core 1 'Adder' <Latency = 0> <II = 1> <Delay = 2.55> <FuncUnit> <Opcode : 'add' 'sub'> <InPorts = 2> <OutPorts = 1>
ST_33 : Operation 293 [1/1] (2.55ns)   --->   "%sub_ln40_10 = sub i32 4293656576, i32 %p_read_3" [new_fixedpoint2205/Aux_Lib_hw.hpp:40]   --->   Operation 293 'sub' 'sub_ln40_10' <Predicate = (!and_ln115_2 & !icmp_ln129_2)> <Delay = 2.55> <CoreInst = "Adder">   --->   Core 1 'Adder' <Latency = 0> <II = 1> <Delay = 2.55> <FuncUnit> <Opcode : 'add' 'sub'> <InPorts = 2> <OutPorts = 1>
ST_33 : Operation 294 [1/1] (2.55ns)   --->   "%sub_ln40_7 = sub i32 4293656576, i32 %p_read_4" [new_fixedpoint2205/Aux_Lib_hw.hpp:40]   --->   Operation 294 'sub' 'sub_ln40_7' <Predicate = (!and_ln115_2 & icmp_ln129_2)> <Delay = 2.55> <CoreInst = "Adder">   --->   Core 1 'Adder' <Latency = 0> <II = 1> <Delay = 2.55> <FuncUnit> <Opcode : 'add' 'sub'> <InPorts = 2> <OutPorts = 1>
ST_33 : Operation 295 [1/1] (2.55ns)   --->   "%sub_ln40_8 = sub i32 4293656576, i32 %p_read_3" [new_fixedpoint2205/Aux_Lib_hw.hpp:40]   --->   Operation 295 'sub' 'sub_ln40_8' <Predicate = (!and_ln115_2 & icmp_ln129_2)> <Delay = 2.55> <CoreInst = "Adder">   --->   Core 1 'Adder' <Latency = 0> <II = 1> <Delay = 2.55> <FuncUnit> <Opcode : 'add' 'sub'> <InPorts = 2> <OutPorts = 1>
ST_33 : Operation 296 [1/1] (0.00ns)   --->   "%sext_ln39_2 = sext i32 %trunc_ln34_11" [new_fixedpoint2205/fixedpt.h:39]   --->   Operation 296 'sext' 'sext_ln39_2' <Predicate = (and_ln115_2)> <Delay = 0.00>
ST_33 : Operation 297 [5/5] (3.95ns)   --->   "%mul_ln34_15 = mul i48 %select_ln39_14, i48 %sext_ln39_2" [new_fixedpoint2205/fixedpt.h:34]   --->   Operation 297 'mul' 'mul_ln34_15' <Predicate = (and_ln115_2)> <Delay = 3.95> <CoreInst = "Multiplier">   --->   Core 3 'Multiplier' <Latency = 4> <II = 1> <Delay = 3.95> <FuncUnit> <Opcode : 'mul'> <InPorts = 2> <OutPorts = 1>
ST_33 : Operation 298 [1/1] (2.55ns)   --->   "%sub_ln40_11 = sub i32 4293656576, i32 %p_read_4" [new_fixedpoint2205/Aux_Lib_hw.hpp:40]   --->   Operation 298 'sub' 'sub_ln40_11' <Predicate = (!and_ln115_3)> <Delay = 2.55> <CoreInst = "Adder">   --->   Core 1 'Adder' <Latency = 0> <II = 1> <Delay = 2.55> <FuncUnit> <Opcode : 'add' 'sub'> <InPorts = 2> <OutPorts = 1>
ST_33 : Operation 299 [1/1] (2.55ns)   --->   "%sub_ln40_13 = sub i32 4293656576, i32 %p_read_3" [new_fixedpoint2205/Aux_Lib_hw.hpp:40]   --->   Operation 299 'sub' 'sub_ln40_13' <Predicate = (!and_ln115_3 & !icmp_ln129_3)> <Delay = 2.55> <CoreInst = "Adder">   --->   Core 1 'Adder' <Latency = 0> <II = 1> <Delay = 2.55> <FuncUnit> <Opcode : 'add' 'sub'> <InPorts = 2> <OutPorts = 1>
ST_33 : Operation 300 [1/1] (2.55ns)   --->   "%sub_ln40_12 = sub i32 1310720, i32 %p_read_3" [new_fixedpoint2205/Aux_Lib_hw.hpp:40]   --->   Operation 300 'sub' 'sub_ln40_12' <Predicate = (!and_ln115_3 & icmp_ln129_3)> <Delay = 2.55> <CoreInst = "Adder">   --->   Core 1 'Adder' <Latency = 0> <II = 1> <Delay = 2.55> <FuncUnit> <Opcode : 'add' 'sub'> <InPorts = 2> <OutPorts = 1>
ST_33 : Operation 301 [1/1] (0.00ns)   --->   "%sext_ln39_3 = sext i32 %sub_ln118_1" [new_fixedpoint2205/fixedpt.h:39]   --->   Operation 301 'sext' 'sext_ln39_3' <Predicate = (and_ln115_3)> <Delay = 0.00>
ST_33 : Operation 302 [5/5] (3.95ns)   --->   "%mul_ln34_20 = mul i48 %select_ln39_18, i48 %sext_ln39_3" [new_fixedpoint2205/fixedpt.h:34]   --->   Operation 302 'mul' 'mul_ln34_20' <Predicate = (and_ln115_3)> <Delay = 3.95> <CoreInst = "Multiplier">   --->   Core 3 'Multiplier' <Latency = 4> <II = 1> <Delay = 3.95> <FuncUnit> <Opcode : 'mul'> <InPorts = 2> <OutPorts = 1>

State 34 <SV = 33> <Delay = 3.95>
ST_34 : Operation 303 [1/1] (0.00ns)   --->   "%sext_ln34_8 = sext i32 %sub_ln40_2" [new_fixedpoint2205/fixedpt.h:34]   --->   Operation 303 'sext' 'sext_ln34_8' <Predicate = (!and_ln115 & !icmp_ln129)> <Delay = 0.00>
ST_34 : Operation 304 [5/5] (3.95ns)   --->   "%mul_ln34_9 = mul i48 %sext_ln34_8, i48 %sext_ln34_8" [new_fixedpoint2205/fixedpt.h:34]   --->   Operation 304 'mul' 'mul_ln34_9' <Predicate = (!and_ln115 & !icmp_ln129)> <Delay = 3.95> <CoreInst = "Multiplier">   --->   Core 3 'Multiplier' <Latency = 4> <II = 1> <Delay = 3.95> <FuncUnit> <Opcode : 'mul'> <InPorts = 2> <OutPorts = 1>
ST_34 : Operation 305 [1/1] (0.00ns)   --->   "%sext_ln34_9 = sext i32 %sub_ln40_3" [new_fixedpoint2205/fixedpt.h:34]   --->   Operation 305 'sext' 'sext_ln34_9' <Predicate = (!and_ln115 & !icmp_ln129)> <Delay = 0.00>
ST_34 : Operation 306 [5/5] (3.95ns)   --->   "%mul_ln34_10 = mul i48 %sext_ln34_9, i48 %sext_ln34_9" [new_fixedpoint2205/fixedpt.h:34]   --->   Operation 306 'mul' 'mul_ln34_10' <Predicate = (!and_ln115 & !icmp_ln129)> <Delay = 3.95> <CoreInst = "Multiplier">   --->   Core 3 'Multiplier' <Latency = 4> <II = 1> <Delay = 3.95> <FuncUnit> <Opcode : 'mul'> <InPorts = 2> <OutPorts = 1>
ST_34 : Operation 307 [1/1] (0.00ns)   --->   "%sext_ln34 = sext i32 %sub_ln40" [new_fixedpoint2205/fixedpt.h:34]   --->   Operation 307 'sext' 'sext_ln34' <Predicate = (!and_ln115 & icmp_ln129)> <Delay = 0.00>
ST_34 : Operation 308 [5/5] (3.95ns)   --->   "%mul_ln34 = mul i48 %sext_ln34, i48 %sext_ln34" [new_fixedpoint2205/fixedpt.h:34]   --->   Operation 308 'mul' 'mul_ln34' <Predicate = (!and_ln115 & icmp_ln129)> <Delay = 3.95> <CoreInst = "Multiplier">   --->   Core 3 'Multiplier' <Latency = 4> <II = 1> <Delay = 3.95> <FuncUnit> <Opcode : 'mul'> <InPorts = 2> <OutPorts = 1>
ST_34 : Operation 309 [1/1] (0.00ns)   --->   "%sext_ln34_7 = sext i32 %sub_ln40_1" [new_fixedpoint2205/fixedpt.h:34]   --->   Operation 309 'sext' 'sext_ln34_7' <Predicate = (!and_ln115 & icmp_ln129)> <Delay = 0.00>
ST_34 : Operation 310 [5/5] (3.95ns)   --->   "%mul_ln34_8 = mul i48 %sext_ln34_7, i48 %sext_ln34_7" [new_fixedpoint2205/fixedpt.h:34]   --->   Operation 310 'mul' 'mul_ln34_8' <Predicate = (!and_ln115 & icmp_ln129)> <Delay = 3.95> <CoreInst = "Multiplier">   --->   Core 3 'Multiplier' <Latency = 4> <II = 1> <Delay = 3.95> <FuncUnit> <Opcode : 'mul'> <InPorts = 2> <OutPorts = 1>
ST_34 : Operation 311 [4/5] (3.95ns)   --->   "%mul_ln34_7 = mul i48 %select_ln39_6, i48 %sext_ln39" [new_fixedpoint2205/fixedpt.h:34]   --->   Operation 311 'mul' 'mul_ln34_7' <Predicate = (and_ln115)> <Delay = 3.95> <CoreInst = "Multiplier">   --->   Core 3 'Multiplier' <Latency = 4> <II = 1> <Delay = 3.95> <FuncUnit> <Opcode : 'mul'> <InPorts = 2> <OutPorts = 1>
ST_34 : Operation 312 [1/1] (0.00ns)   --->   "%sext_ln34_10 = sext i32 %sub_ln40_4" [new_fixedpoint2205/fixedpt.h:34]   --->   Operation 312 'sext' 'sext_ln34_10' <Predicate = (!and_ln115_1)> <Delay = 0.00>
ST_34 : Operation 313 [5/5] (3.95ns)   --->   "%mul_ln34_12 = mul i48 %sext_ln34_10, i48 %sext_ln34_10" [new_fixedpoint2205/fixedpt.h:34]   --->   Operation 313 'mul' 'mul_ln34_12' <Predicate = (!and_ln115_1)> <Delay = 3.95> <CoreInst = "Multiplier">   --->   Core 3 'Multiplier' <Latency = 4> <II = 1> <Delay = 3.95> <FuncUnit> <Opcode : 'mul'> <InPorts = 2> <OutPorts = 1>
ST_34 : Operation 314 [1/1] (0.00ns)   --->   "%sext_ln34_12 = sext i32 %sub_ln40_6" [new_fixedpoint2205/fixedpt.h:34]   --->   Operation 314 'sext' 'sext_ln34_12' <Predicate = (!and_ln115_1 & !icmp_ln129_1)> <Delay = 0.00>
ST_34 : Operation 315 [5/5] (3.95ns)   --->   "%mul_ln34_14 = mul i48 %sext_ln34_12, i48 %sext_ln34_12" [new_fixedpoint2205/fixedpt.h:34]   --->   Operation 315 'mul' 'mul_ln34_14' <Predicate = (!and_ln115_1 & !icmp_ln129_1)> <Delay = 3.95> <CoreInst = "Multiplier">   --->   Core 3 'Multiplier' <Latency = 4> <II = 1> <Delay = 3.95> <FuncUnit> <Opcode : 'mul'> <InPorts = 2> <OutPorts = 1>
ST_34 : Operation 316 [1/1] (0.00ns)   --->   "%sext_ln34_11 = sext i32 %sub_ln40_5" [new_fixedpoint2205/fixedpt.h:34]   --->   Operation 316 'sext' 'sext_ln34_11' <Predicate = (!and_ln115_1 & icmp_ln129_1)> <Delay = 0.00>
ST_34 : Operation 317 [5/5] (3.95ns)   --->   "%mul_ln34_13 = mul i48 %sext_ln34_11, i48 %sext_ln34_11" [new_fixedpoint2205/fixedpt.h:34]   --->   Operation 317 'mul' 'mul_ln34_13' <Predicate = (!and_ln115_1 & icmp_ln129_1)> <Delay = 3.95> <CoreInst = "Multiplier">   --->   Core 3 'Multiplier' <Latency = 4> <II = 1> <Delay = 3.95> <FuncUnit> <Opcode : 'mul'> <InPorts = 2> <OutPorts = 1>
ST_34 : Operation 318 [1/1] (0.00ns)   --->   "%sext_ln39_1 = sext i32 %sub_ln118" [new_fixedpoint2205/fixedpt.h:39]   --->   Operation 318 'sext' 'sext_ln39_1' <Predicate = (and_ln115_1)> <Delay = 0.00>
ST_34 : Operation 319 [5/5] (3.95ns)   --->   "%mul_ln34_11 = mul i48 %select_ln39_10, i48 %sext_ln39_1" [new_fixedpoint2205/fixedpt.h:34]   --->   Operation 319 'mul' 'mul_ln34_11' <Predicate = (and_ln115_1)> <Delay = 3.95> <CoreInst = "Multiplier">   --->   Core 3 'Multiplier' <Latency = 4> <II = 1> <Delay = 3.95> <FuncUnit> <Opcode : 'mul'> <InPorts = 2> <OutPorts = 1>
ST_34 : Operation 320 [1/1] (0.00ns)   --->   "%sext_ln34_15 = sext i32 %sub_ln40_9" [new_fixedpoint2205/fixedpt.h:34]   --->   Operation 320 'sext' 'sext_ln34_15' <Predicate = (!and_ln115_2 & !icmp_ln129_2)> <Delay = 0.00>
ST_34 : Operation 321 [5/5] (3.95ns)   --->   "%mul_ln34_18 = mul i48 %sext_ln34_15, i48 %sext_ln34_15" [new_fixedpoint2205/fixedpt.h:34]   --->   Operation 321 'mul' 'mul_ln34_18' <Predicate = (!and_ln115_2 & !icmp_ln129_2)> <Delay = 3.95> <CoreInst = "Multiplier">   --->   Core 3 'Multiplier' <Latency = 4> <II = 1> <Delay = 3.95> <FuncUnit> <Opcode : 'mul'> <InPorts = 2> <OutPorts = 1>
ST_34 : Operation 322 [1/1] (0.00ns)   --->   "%sext_ln34_16 = sext i32 %sub_ln40_10" [new_fixedpoint2205/fixedpt.h:34]   --->   Operation 322 'sext' 'sext_ln34_16' <Predicate = (!and_ln115_2 & !icmp_ln129_2)> <Delay = 0.00>
ST_34 : Operation 323 [5/5] (3.95ns)   --->   "%mul_ln34_19 = mul i48 %sext_ln34_16, i48 %sext_ln34_16" [new_fixedpoint2205/fixedpt.h:34]   --->   Operation 323 'mul' 'mul_ln34_19' <Predicate = (!and_ln115_2 & !icmp_ln129_2)> <Delay = 3.95> <CoreInst = "Multiplier">   --->   Core 3 'Multiplier' <Latency = 4> <II = 1> <Delay = 3.95> <FuncUnit> <Opcode : 'mul'> <InPorts = 2> <OutPorts = 1>
ST_34 : Operation 324 [1/1] (0.00ns)   --->   "%sext_ln34_13 = sext i32 %sub_ln40_7" [new_fixedpoint2205/fixedpt.h:34]   --->   Operation 324 'sext' 'sext_ln34_13' <Predicate = (!and_ln115_2 & icmp_ln129_2)> <Delay = 0.00>
ST_34 : Operation 325 [5/5] (3.95ns)   --->   "%mul_ln34_16 = mul i48 %sext_ln34_13, i48 %sext_ln34_13" [new_fixedpoint2205/fixedpt.h:34]   --->   Operation 325 'mul' 'mul_ln34_16' <Predicate = (!and_ln115_2 & icmp_ln129_2)> <Delay = 3.95> <CoreInst = "Multiplier">   --->   Core 3 'Multiplier' <Latency = 4> <II = 1> <Delay = 3.95> <FuncUnit> <Opcode : 'mul'> <InPorts = 2> <OutPorts = 1>
ST_34 : Operation 326 [1/1] (0.00ns)   --->   "%sext_ln34_14 = sext i32 %sub_ln40_8" [new_fixedpoint2205/fixedpt.h:34]   --->   Operation 326 'sext' 'sext_ln34_14' <Predicate = (!and_ln115_2 & icmp_ln129_2)> <Delay = 0.00>
ST_34 : Operation 327 [5/5] (3.95ns)   --->   "%mul_ln34_17 = mul i48 %sext_ln34_14, i48 %sext_ln34_14" [new_fixedpoint2205/fixedpt.h:34]   --->   Operation 327 'mul' 'mul_ln34_17' <Predicate = (!and_ln115_2 & icmp_ln129_2)> <Delay = 3.95> <CoreInst = "Multiplier">   --->   Core 3 'Multiplier' <Latency = 4> <II = 1> <Delay = 3.95> <FuncUnit> <Opcode : 'mul'> <InPorts = 2> <OutPorts = 1>
ST_34 : Operation 328 [4/5] (3.95ns)   --->   "%mul_ln34_15 = mul i48 %select_ln39_14, i48 %sext_ln39_2" [new_fixedpoint2205/fixedpt.h:34]   --->   Operation 328 'mul' 'mul_ln34_15' <Predicate = (and_ln115_2)> <Delay = 3.95> <CoreInst = "Multiplier">   --->   Core 3 'Multiplier' <Latency = 4> <II = 1> <Delay = 3.95> <FuncUnit> <Opcode : 'mul'> <InPorts = 2> <OutPorts = 1>
ST_34 : Operation 329 [1/1] (0.00ns)   --->   "%sext_ln34_17 = sext i32 %sub_ln40_11" [new_fixedpoint2205/fixedpt.h:34]   --->   Operation 329 'sext' 'sext_ln34_17' <Predicate = (!and_ln115_3)> <Delay = 0.00>
ST_34 : Operation 330 [5/5] (3.95ns)   --->   "%mul_ln34_21 = mul i48 %sext_ln34_17, i48 %sext_ln34_17" [new_fixedpoint2205/fixedpt.h:34]   --->   Operation 330 'mul' 'mul_ln34_21' <Predicate = (!and_ln115_3)> <Delay = 3.95> <CoreInst = "Multiplier">   --->   Core 3 'Multiplier' <Latency = 4> <II = 1> <Delay = 3.95> <FuncUnit> <Opcode : 'mul'> <InPorts = 2> <OutPorts = 1>
ST_34 : Operation 331 [1/1] (0.00ns)   --->   "%sext_ln34_19 = sext i32 %sub_ln40_13" [new_fixedpoint2205/fixedpt.h:34]   --->   Operation 331 'sext' 'sext_ln34_19' <Predicate = (!and_ln115_3 & !icmp_ln129_3)> <Delay = 0.00>
ST_34 : Operation 332 [5/5] (3.95ns)   --->   "%mul_ln34_23 = mul i48 %sext_ln34_19, i48 %sext_ln34_19" [new_fixedpoint2205/fixedpt.h:34]   --->   Operation 332 'mul' 'mul_ln34_23' <Predicate = (!and_ln115_3 & !icmp_ln129_3)> <Delay = 3.95> <CoreInst = "Multiplier">   --->   Core 3 'Multiplier' <Latency = 4> <II = 1> <Delay = 3.95> <FuncUnit> <Opcode : 'mul'> <InPorts = 2> <OutPorts = 1>
ST_34 : Operation 333 [1/1] (0.00ns)   --->   "%sext_ln34_18 = sext i32 %sub_ln40_12" [new_fixedpoint2205/fixedpt.h:34]   --->   Operation 333 'sext' 'sext_ln34_18' <Predicate = (!and_ln115_3 & icmp_ln129_3)> <Delay = 0.00>
ST_34 : Operation 334 [5/5] (3.95ns)   --->   "%mul_ln34_22 = mul i48 %sext_ln34_18, i48 %sext_ln34_18" [new_fixedpoint2205/fixedpt.h:34]   --->   Operation 334 'mul' 'mul_ln34_22' <Predicate = (!and_ln115_3 & icmp_ln129_3)> <Delay = 3.95> <CoreInst = "Multiplier">   --->   Core 3 'Multiplier' <Latency = 4> <II = 1> <Delay = 3.95> <FuncUnit> <Opcode : 'mul'> <InPorts = 2> <OutPorts = 1>
ST_34 : Operation 335 [4/5] (3.95ns)   --->   "%mul_ln34_20 = mul i48 %select_ln39_18, i48 %sext_ln39_3" [new_fixedpoint2205/fixedpt.h:34]   --->   Operation 335 'mul' 'mul_ln34_20' <Predicate = (and_ln115_3)> <Delay = 3.95> <CoreInst = "Multiplier">   --->   Core 3 'Multiplier' <Latency = 4> <II = 1> <Delay = 3.95> <FuncUnit> <Opcode : 'mul'> <InPorts = 2> <OutPorts = 1>

State 35 <SV = 34> <Delay = 3.95>
ST_35 : Operation 336 [4/5] (3.95ns)   --->   "%mul_ln34_9 = mul i48 %sext_ln34_8, i48 %sext_ln34_8" [new_fixedpoint2205/fixedpt.h:34]   --->   Operation 336 'mul' 'mul_ln34_9' <Predicate = (!and_ln115 & !icmp_ln129)> <Delay = 3.95> <CoreInst = "Multiplier">   --->   Core 3 'Multiplier' <Latency = 4> <II = 1> <Delay = 3.95> <FuncUnit> <Opcode : 'mul'> <InPorts = 2> <OutPorts = 1>
ST_35 : Operation 337 [4/5] (3.95ns)   --->   "%mul_ln34_10 = mul i48 %sext_ln34_9, i48 %sext_ln34_9" [new_fixedpoint2205/fixedpt.h:34]   --->   Operation 337 'mul' 'mul_ln34_10' <Predicate = (!and_ln115 & !icmp_ln129)> <Delay = 3.95> <CoreInst = "Multiplier">   --->   Core 3 'Multiplier' <Latency = 4> <II = 1> <Delay = 3.95> <FuncUnit> <Opcode : 'mul'> <InPorts = 2> <OutPorts = 1>
ST_35 : Operation 338 [4/5] (3.95ns)   --->   "%mul_ln34 = mul i48 %sext_ln34, i48 %sext_ln34" [new_fixedpoint2205/fixedpt.h:34]   --->   Operation 338 'mul' 'mul_ln34' <Predicate = (!and_ln115 & icmp_ln129)> <Delay = 3.95> <CoreInst = "Multiplier">   --->   Core 3 'Multiplier' <Latency = 4> <II = 1> <Delay = 3.95> <FuncUnit> <Opcode : 'mul'> <InPorts = 2> <OutPorts = 1>
ST_35 : Operation 339 [4/5] (3.95ns)   --->   "%mul_ln34_8 = mul i48 %sext_ln34_7, i48 %sext_ln34_7" [new_fixedpoint2205/fixedpt.h:34]   --->   Operation 339 'mul' 'mul_ln34_8' <Predicate = (!and_ln115 & icmp_ln129)> <Delay = 3.95> <CoreInst = "Multiplier">   --->   Core 3 'Multiplier' <Latency = 4> <II = 1> <Delay = 3.95> <FuncUnit> <Opcode : 'mul'> <InPorts = 2> <OutPorts = 1>
ST_35 : Operation 340 [3/5] (3.95ns)   --->   "%mul_ln34_7 = mul i48 %select_ln39_6, i48 %sext_ln39" [new_fixedpoint2205/fixedpt.h:34]   --->   Operation 340 'mul' 'mul_ln34_7' <Predicate = (and_ln115)> <Delay = 3.95> <CoreInst = "Multiplier">   --->   Core 3 'Multiplier' <Latency = 4> <II = 1> <Delay = 3.95> <FuncUnit> <Opcode : 'mul'> <InPorts = 2> <OutPorts = 1>
ST_35 : Operation 341 [4/5] (3.95ns)   --->   "%mul_ln34_12 = mul i48 %sext_ln34_10, i48 %sext_ln34_10" [new_fixedpoint2205/fixedpt.h:34]   --->   Operation 341 'mul' 'mul_ln34_12' <Predicate = (!and_ln115_1)> <Delay = 3.95> <CoreInst = "Multiplier">   --->   Core 3 'Multiplier' <Latency = 4> <II = 1> <Delay = 3.95> <FuncUnit> <Opcode : 'mul'> <InPorts = 2> <OutPorts = 1>
ST_35 : Operation 342 [4/5] (3.95ns)   --->   "%mul_ln34_14 = mul i48 %sext_ln34_12, i48 %sext_ln34_12" [new_fixedpoint2205/fixedpt.h:34]   --->   Operation 342 'mul' 'mul_ln34_14' <Predicate = (!and_ln115_1 & !icmp_ln129_1)> <Delay = 3.95> <CoreInst = "Multiplier">   --->   Core 3 'Multiplier' <Latency = 4> <II = 1> <Delay = 3.95> <FuncUnit> <Opcode : 'mul'> <InPorts = 2> <OutPorts = 1>
ST_35 : Operation 343 [4/5] (3.95ns)   --->   "%mul_ln34_13 = mul i48 %sext_ln34_11, i48 %sext_ln34_11" [new_fixedpoint2205/fixedpt.h:34]   --->   Operation 343 'mul' 'mul_ln34_13' <Predicate = (!and_ln115_1 & icmp_ln129_1)> <Delay = 3.95> <CoreInst = "Multiplier">   --->   Core 3 'Multiplier' <Latency = 4> <II = 1> <Delay = 3.95> <FuncUnit> <Opcode : 'mul'> <InPorts = 2> <OutPorts = 1>
ST_35 : Operation 344 [4/5] (3.95ns)   --->   "%mul_ln34_11 = mul i48 %select_ln39_10, i48 %sext_ln39_1" [new_fixedpoint2205/fixedpt.h:34]   --->   Operation 344 'mul' 'mul_ln34_11' <Predicate = (and_ln115_1)> <Delay = 3.95> <CoreInst = "Multiplier">   --->   Core 3 'Multiplier' <Latency = 4> <II = 1> <Delay = 3.95> <FuncUnit> <Opcode : 'mul'> <InPorts = 2> <OutPorts = 1>
ST_35 : Operation 345 [4/5] (3.95ns)   --->   "%mul_ln34_18 = mul i48 %sext_ln34_15, i48 %sext_ln34_15" [new_fixedpoint2205/fixedpt.h:34]   --->   Operation 345 'mul' 'mul_ln34_18' <Predicate = (!and_ln115_2 & !icmp_ln129_2)> <Delay = 3.95> <CoreInst = "Multiplier">   --->   Core 3 'Multiplier' <Latency = 4> <II = 1> <Delay = 3.95> <FuncUnit> <Opcode : 'mul'> <InPorts = 2> <OutPorts = 1>
ST_35 : Operation 346 [4/5] (3.95ns)   --->   "%mul_ln34_19 = mul i48 %sext_ln34_16, i48 %sext_ln34_16" [new_fixedpoint2205/fixedpt.h:34]   --->   Operation 346 'mul' 'mul_ln34_19' <Predicate = (!and_ln115_2 & !icmp_ln129_2)> <Delay = 3.95> <CoreInst = "Multiplier">   --->   Core 3 'Multiplier' <Latency = 4> <II = 1> <Delay = 3.95> <FuncUnit> <Opcode : 'mul'> <InPorts = 2> <OutPorts = 1>
ST_35 : Operation 347 [4/5] (3.95ns)   --->   "%mul_ln34_16 = mul i48 %sext_ln34_13, i48 %sext_ln34_13" [new_fixedpoint2205/fixedpt.h:34]   --->   Operation 347 'mul' 'mul_ln34_16' <Predicate = (!and_ln115_2 & icmp_ln129_2)> <Delay = 3.95> <CoreInst = "Multiplier">   --->   Core 3 'Multiplier' <Latency = 4> <II = 1> <Delay = 3.95> <FuncUnit> <Opcode : 'mul'> <InPorts = 2> <OutPorts = 1>
ST_35 : Operation 348 [4/5] (3.95ns)   --->   "%mul_ln34_17 = mul i48 %sext_ln34_14, i48 %sext_ln34_14" [new_fixedpoint2205/fixedpt.h:34]   --->   Operation 348 'mul' 'mul_ln34_17' <Predicate = (!and_ln115_2 & icmp_ln129_2)> <Delay = 3.95> <CoreInst = "Multiplier">   --->   Core 3 'Multiplier' <Latency = 4> <II = 1> <Delay = 3.95> <FuncUnit> <Opcode : 'mul'> <InPorts = 2> <OutPorts = 1>
ST_35 : Operation 349 [3/5] (3.95ns)   --->   "%mul_ln34_15 = mul i48 %select_ln39_14, i48 %sext_ln39_2" [new_fixedpoint2205/fixedpt.h:34]   --->   Operation 349 'mul' 'mul_ln34_15' <Predicate = (and_ln115_2)> <Delay = 3.95> <CoreInst = "Multiplier">   --->   Core 3 'Multiplier' <Latency = 4> <II = 1> <Delay = 3.95> <FuncUnit> <Opcode : 'mul'> <InPorts = 2> <OutPorts = 1>
ST_35 : Operation 350 [4/5] (3.95ns)   --->   "%mul_ln34_21 = mul i48 %sext_ln34_17, i48 %sext_ln34_17" [new_fixedpoint2205/fixedpt.h:34]   --->   Operation 350 'mul' 'mul_ln34_21' <Predicate = (!and_ln115_3)> <Delay = 3.95> <CoreInst = "Multiplier">   --->   Core 3 'Multiplier' <Latency = 4> <II = 1> <Delay = 3.95> <FuncUnit> <Opcode : 'mul'> <InPorts = 2> <OutPorts = 1>
ST_35 : Operation 351 [4/5] (3.95ns)   --->   "%mul_ln34_23 = mul i48 %sext_ln34_19, i48 %sext_ln34_19" [new_fixedpoint2205/fixedpt.h:34]   --->   Operation 351 'mul' 'mul_ln34_23' <Predicate = (!and_ln115_3 & !icmp_ln129_3)> <Delay = 3.95> <CoreInst = "Multiplier">   --->   Core 3 'Multiplier' <Latency = 4> <II = 1> <Delay = 3.95> <FuncUnit> <Opcode : 'mul'> <InPorts = 2> <OutPorts = 1>
ST_35 : Operation 352 [4/5] (3.95ns)   --->   "%mul_ln34_22 = mul i48 %sext_ln34_18, i48 %sext_ln34_18" [new_fixedpoint2205/fixedpt.h:34]   --->   Operation 352 'mul' 'mul_ln34_22' <Predicate = (!and_ln115_3 & icmp_ln129_3)> <Delay = 3.95> <CoreInst = "Multiplier">   --->   Core 3 'Multiplier' <Latency = 4> <II = 1> <Delay = 3.95> <FuncUnit> <Opcode : 'mul'> <InPorts = 2> <OutPorts = 1>
ST_35 : Operation 353 [3/5] (3.95ns)   --->   "%mul_ln34_20 = mul i48 %select_ln39_18, i48 %sext_ln39_3" [new_fixedpoint2205/fixedpt.h:34]   --->   Operation 353 'mul' 'mul_ln34_20' <Predicate = (and_ln115_3)> <Delay = 3.95> <CoreInst = "Multiplier">   --->   Core 3 'Multiplier' <Latency = 4> <II = 1> <Delay = 3.95> <FuncUnit> <Opcode : 'mul'> <InPorts = 2> <OutPorts = 1>

State 36 <SV = 35> <Delay = 3.95>
ST_36 : Operation 354 [3/5] (3.95ns)   --->   "%mul_ln34_9 = mul i48 %sext_ln34_8, i48 %sext_ln34_8" [new_fixedpoint2205/fixedpt.h:34]   --->   Operation 354 'mul' 'mul_ln34_9' <Predicate = (!and_ln115 & !icmp_ln129)> <Delay = 3.95> <CoreInst = "Multiplier">   --->   Core 3 'Multiplier' <Latency = 4> <II = 1> <Delay = 3.95> <FuncUnit> <Opcode : 'mul'> <InPorts = 2> <OutPorts = 1>
ST_36 : Operation 355 [3/5] (3.95ns)   --->   "%mul_ln34_10 = mul i48 %sext_ln34_9, i48 %sext_ln34_9" [new_fixedpoint2205/fixedpt.h:34]   --->   Operation 355 'mul' 'mul_ln34_10' <Predicate = (!and_ln115 & !icmp_ln129)> <Delay = 3.95> <CoreInst = "Multiplier">   --->   Core 3 'Multiplier' <Latency = 4> <II = 1> <Delay = 3.95> <FuncUnit> <Opcode : 'mul'> <InPorts = 2> <OutPorts = 1>
ST_36 : Operation 356 [3/5] (3.95ns)   --->   "%mul_ln34 = mul i48 %sext_ln34, i48 %sext_ln34" [new_fixedpoint2205/fixedpt.h:34]   --->   Operation 356 'mul' 'mul_ln34' <Predicate = (!and_ln115 & icmp_ln129)> <Delay = 3.95> <CoreInst = "Multiplier">   --->   Core 3 'Multiplier' <Latency = 4> <II = 1> <Delay = 3.95> <FuncUnit> <Opcode : 'mul'> <InPorts = 2> <OutPorts = 1>
ST_36 : Operation 357 [3/5] (3.95ns)   --->   "%mul_ln34_8 = mul i48 %sext_ln34_7, i48 %sext_ln34_7" [new_fixedpoint2205/fixedpt.h:34]   --->   Operation 357 'mul' 'mul_ln34_8' <Predicate = (!and_ln115 & icmp_ln129)> <Delay = 3.95> <CoreInst = "Multiplier">   --->   Core 3 'Multiplier' <Latency = 4> <II = 1> <Delay = 3.95> <FuncUnit> <Opcode : 'mul'> <InPorts = 2> <OutPorts = 1>
ST_36 : Operation 358 [2/5] (3.95ns)   --->   "%mul_ln34_7 = mul i48 %select_ln39_6, i48 %sext_ln39" [new_fixedpoint2205/fixedpt.h:34]   --->   Operation 358 'mul' 'mul_ln34_7' <Predicate = (and_ln115)> <Delay = 3.95> <CoreInst = "Multiplier">   --->   Core 3 'Multiplier' <Latency = 4> <II = 1> <Delay = 3.95> <FuncUnit> <Opcode : 'mul'> <InPorts = 2> <OutPorts = 1>
ST_36 : Operation 359 [3/5] (3.95ns)   --->   "%mul_ln34_12 = mul i48 %sext_ln34_10, i48 %sext_ln34_10" [new_fixedpoint2205/fixedpt.h:34]   --->   Operation 359 'mul' 'mul_ln34_12' <Predicate = (!and_ln115_1)> <Delay = 3.95> <CoreInst = "Multiplier">   --->   Core 3 'Multiplier' <Latency = 4> <II = 1> <Delay = 3.95> <FuncUnit> <Opcode : 'mul'> <InPorts = 2> <OutPorts = 1>
ST_36 : Operation 360 [3/5] (3.95ns)   --->   "%mul_ln34_14 = mul i48 %sext_ln34_12, i48 %sext_ln34_12" [new_fixedpoint2205/fixedpt.h:34]   --->   Operation 360 'mul' 'mul_ln34_14' <Predicate = (!and_ln115_1 & !icmp_ln129_1)> <Delay = 3.95> <CoreInst = "Multiplier">   --->   Core 3 'Multiplier' <Latency = 4> <II = 1> <Delay = 3.95> <FuncUnit> <Opcode : 'mul'> <InPorts = 2> <OutPorts = 1>
ST_36 : Operation 361 [3/5] (3.95ns)   --->   "%mul_ln34_13 = mul i48 %sext_ln34_11, i48 %sext_ln34_11" [new_fixedpoint2205/fixedpt.h:34]   --->   Operation 361 'mul' 'mul_ln34_13' <Predicate = (!and_ln115_1 & icmp_ln129_1)> <Delay = 3.95> <CoreInst = "Multiplier">   --->   Core 3 'Multiplier' <Latency = 4> <II = 1> <Delay = 3.95> <FuncUnit> <Opcode : 'mul'> <InPorts = 2> <OutPorts = 1>
ST_36 : Operation 362 [3/5] (3.95ns)   --->   "%mul_ln34_11 = mul i48 %select_ln39_10, i48 %sext_ln39_1" [new_fixedpoint2205/fixedpt.h:34]   --->   Operation 362 'mul' 'mul_ln34_11' <Predicate = (and_ln115_1)> <Delay = 3.95> <CoreInst = "Multiplier">   --->   Core 3 'Multiplier' <Latency = 4> <II = 1> <Delay = 3.95> <FuncUnit> <Opcode : 'mul'> <InPorts = 2> <OutPorts = 1>
ST_36 : Operation 363 [3/5] (3.95ns)   --->   "%mul_ln34_18 = mul i48 %sext_ln34_15, i48 %sext_ln34_15" [new_fixedpoint2205/fixedpt.h:34]   --->   Operation 363 'mul' 'mul_ln34_18' <Predicate = (!and_ln115_2 & !icmp_ln129_2)> <Delay = 3.95> <CoreInst = "Multiplier">   --->   Core 3 'Multiplier' <Latency = 4> <II = 1> <Delay = 3.95> <FuncUnit> <Opcode : 'mul'> <InPorts = 2> <OutPorts = 1>
ST_36 : Operation 364 [3/5] (3.95ns)   --->   "%mul_ln34_19 = mul i48 %sext_ln34_16, i48 %sext_ln34_16" [new_fixedpoint2205/fixedpt.h:34]   --->   Operation 364 'mul' 'mul_ln34_19' <Predicate = (!and_ln115_2 & !icmp_ln129_2)> <Delay = 3.95> <CoreInst = "Multiplier">   --->   Core 3 'Multiplier' <Latency = 4> <II = 1> <Delay = 3.95> <FuncUnit> <Opcode : 'mul'> <InPorts = 2> <OutPorts = 1>
ST_36 : Operation 365 [3/5] (3.95ns)   --->   "%mul_ln34_16 = mul i48 %sext_ln34_13, i48 %sext_ln34_13" [new_fixedpoint2205/fixedpt.h:34]   --->   Operation 365 'mul' 'mul_ln34_16' <Predicate = (!and_ln115_2 & icmp_ln129_2)> <Delay = 3.95> <CoreInst = "Multiplier">   --->   Core 3 'Multiplier' <Latency = 4> <II = 1> <Delay = 3.95> <FuncUnit> <Opcode : 'mul'> <InPorts = 2> <OutPorts = 1>
ST_36 : Operation 366 [3/5] (3.95ns)   --->   "%mul_ln34_17 = mul i48 %sext_ln34_14, i48 %sext_ln34_14" [new_fixedpoint2205/fixedpt.h:34]   --->   Operation 366 'mul' 'mul_ln34_17' <Predicate = (!and_ln115_2 & icmp_ln129_2)> <Delay = 3.95> <CoreInst = "Multiplier">   --->   Core 3 'Multiplier' <Latency = 4> <II = 1> <Delay = 3.95> <FuncUnit> <Opcode : 'mul'> <InPorts = 2> <OutPorts = 1>
ST_36 : Operation 367 [2/5] (3.95ns)   --->   "%mul_ln34_15 = mul i48 %select_ln39_14, i48 %sext_ln39_2" [new_fixedpoint2205/fixedpt.h:34]   --->   Operation 367 'mul' 'mul_ln34_15' <Predicate = (and_ln115_2)> <Delay = 3.95> <CoreInst = "Multiplier">   --->   Core 3 'Multiplier' <Latency = 4> <II = 1> <Delay = 3.95> <FuncUnit> <Opcode : 'mul'> <InPorts = 2> <OutPorts = 1>
ST_36 : Operation 368 [3/5] (3.95ns)   --->   "%mul_ln34_21 = mul i48 %sext_ln34_17, i48 %sext_ln34_17" [new_fixedpoint2205/fixedpt.h:34]   --->   Operation 368 'mul' 'mul_ln34_21' <Predicate = (!and_ln115_3)> <Delay = 3.95> <CoreInst = "Multiplier">   --->   Core 3 'Multiplier' <Latency = 4> <II = 1> <Delay = 3.95> <FuncUnit> <Opcode : 'mul'> <InPorts = 2> <OutPorts = 1>
ST_36 : Operation 369 [3/5] (3.95ns)   --->   "%mul_ln34_23 = mul i48 %sext_ln34_19, i48 %sext_ln34_19" [new_fixedpoint2205/fixedpt.h:34]   --->   Operation 369 'mul' 'mul_ln34_23' <Predicate = (!and_ln115_3 & !icmp_ln129_3)> <Delay = 3.95> <CoreInst = "Multiplier">   --->   Core 3 'Multiplier' <Latency = 4> <II = 1> <Delay = 3.95> <FuncUnit> <Opcode : 'mul'> <InPorts = 2> <OutPorts = 1>
ST_36 : Operation 370 [3/5] (3.95ns)   --->   "%mul_ln34_22 = mul i48 %sext_ln34_18, i48 %sext_ln34_18" [new_fixedpoint2205/fixedpt.h:34]   --->   Operation 370 'mul' 'mul_ln34_22' <Predicate = (!and_ln115_3 & icmp_ln129_3)> <Delay = 3.95> <CoreInst = "Multiplier">   --->   Core 3 'Multiplier' <Latency = 4> <II = 1> <Delay = 3.95> <FuncUnit> <Opcode : 'mul'> <InPorts = 2> <OutPorts = 1>
ST_36 : Operation 371 [2/5] (3.95ns)   --->   "%mul_ln34_20 = mul i48 %select_ln39_18, i48 %sext_ln39_3" [new_fixedpoint2205/fixedpt.h:34]   --->   Operation 371 'mul' 'mul_ln34_20' <Predicate = (and_ln115_3)> <Delay = 3.95> <CoreInst = "Multiplier">   --->   Core 3 'Multiplier' <Latency = 4> <II = 1> <Delay = 3.95> <FuncUnit> <Opcode : 'mul'> <InPorts = 2> <OutPorts = 1>

State 37 <SV = 36> <Delay = 3.95>
ST_37 : Operation 372 [2/5] (3.95ns)   --->   "%mul_ln34_9 = mul i48 %sext_ln34_8, i48 %sext_ln34_8" [new_fixedpoint2205/fixedpt.h:34]   --->   Operation 372 'mul' 'mul_ln34_9' <Predicate = (!and_ln115 & !icmp_ln129)> <Delay = 3.95> <CoreInst = "Multiplier">   --->   Core 3 'Multiplier' <Latency = 4> <II = 1> <Delay = 3.95> <FuncUnit> <Opcode : 'mul'> <InPorts = 2> <OutPorts = 1>
ST_37 : Operation 373 [2/5] (3.95ns)   --->   "%mul_ln34_10 = mul i48 %sext_ln34_9, i48 %sext_ln34_9" [new_fixedpoint2205/fixedpt.h:34]   --->   Operation 373 'mul' 'mul_ln34_10' <Predicate = (!and_ln115 & !icmp_ln129)> <Delay = 3.95> <CoreInst = "Multiplier">   --->   Core 3 'Multiplier' <Latency = 4> <II = 1> <Delay = 3.95> <FuncUnit> <Opcode : 'mul'> <InPorts = 2> <OutPorts = 1>
ST_37 : Operation 374 [2/5] (3.95ns)   --->   "%mul_ln34 = mul i48 %sext_ln34, i48 %sext_ln34" [new_fixedpoint2205/fixedpt.h:34]   --->   Operation 374 'mul' 'mul_ln34' <Predicate = (!and_ln115 & icmp_ln129)> <Delay = 3.95> <CoreInst = "Multiplier">   --->   Core 3 'Multiplier' <Latency = 4> <II = 1> <Delay = 3.95> <FuncUnit> <Opcode : 'mul'> <InPorts = 2> <OutPorts = 1>
ST_37 : Operation 375 [2/5] (3.95ns)   --->   "%mul_ln34_8 = mul i48 %sext_ln34_7, i48 %sext_ln34_7" [new_fixedpoint2205/fixedpt.h:34]   --->   Operation 375 'mul' 'mul_ln34_8' <Predicate = (!and_ln115 & icmp_ln129)> <Delay = 3.95> <CoreInst = "Multiplier">   --->   Core 3 'Multiplier' <Latency = 4> <II = 1> <Delay = 3.95> <FuncUnit> <Opcode : 'mul'> <InPorts = 2> <OutPorts = 1>
ST_37 : Operation 376 [1/5] (3.95ns)   --->   "%mul_ln34_7 = mul i48 %select_ln39_6, i48 %sext_ln39" [new_fixedpoint2205/fixedpt.h:34]   --->   Operation 376 'mul' 'mul_ln34_7' <Predicate = (and_ln115)> <Delay = 3.95> <CoreInst = "Multiplier">   --->   Core 3 'Multiplier' <Latency = 4> <II = 1> <Delay = 3.95> <FuncUnit> <Opcode : 'mul'> <InPorts = 2> <OutPorts = 1>
ST_37 : Operation 377 [1/1] (0.00ns)   --->   "%trunc_ln34_8 = partselect i32 @_ssdm_op_PartSelect.i32.i48.i32.i32, i48 %mul_ln34_7, i32 16, i32 47" [new_fixedpoint2205/fixedpt.h:34]   --->   Operation 377 'partselect' 'trunc_ln34_8' <Predicate = (and_ln115)> <Delay = 0.00>
ST_37 : Operation 378 [2/5] (3.95ns)   --->   "%mul_ln34_12 = mul i48 %sext_ln34_10, i48 %sext_ln34_10" [new_fixedpoint2205/fixedpt.h:34]   --->   Operation 378 'mul' 'mul_ln34_12' <Predicate = (!and_ln115_1)> <Delay = 3.95> <CoreInst = "Multiplier">   --->   Core 3 'Multiplier' <Latency = 4> <II = 1> <Delay = 3.95> <FuncUnit> <Opcode : 'mul'> <InPorts = 2> <OutPorts = 1>
ST_37 : Operation 379 [2/5] (3.95ns)   --->   "%mul_ln34_14 = mul i48 %sext_ln34_12, i48 %sext_ln34_12" [new_fixedpoint2205/fixedpt.h:34]   --->   Operation 379 'mul' 'mul_ln34_14' <Predicate = (!and_ln115_1 & !icmp_ln129_1)> <Delay = 3.95> <CoreInst = "Multiplier">   --->   Core 3 'Multiplier' <Latency = 4> <II = 1> <Delay = 3.95> <FuncUnit> <Opcode : 'mul'> <InPorts = 2> <OutPorts = 1>
ST_37 : Operation 380 [2/5] (3.95ns)   --->   "%mul_ln34_13 = mul i48 %sext_ln34_11, i48 %sext_ln34_11" [new_fixedpoint2205/fixedpt.h:34]   --->   Operation 380 'mul' 'mul_ln34_13' <Predicate = (!and_ln115_1 & icmp_ln129_1)> <Delay = 3.95> <CoreInst = "Multiplier">   --->   Core 3 'Multiplier' <Latency = 4> <II = 1> <Delay = 3.95> <FuncUnit> <Opcode : 'mul'> <InPorts = 2> <OutPorts = 1>
ST_37 : Operation 381 [2/5] (3.95ns)   --->   "%mul_ln34_11 = mul i48 %select_ln39_10, i48 %sext_ln39_1" [new_fixedpoint2205/fixedpt.h:34]   --->   Operation 381 'mul' 'mul_ln34_11' <Predicate = (and_ln115_1)> <Delay = 3.95> <CoreInst = "Multiplier">   --->   Core 3 'Multiplier' <Latency = 4> <II = 1> <Delay = 3.95> <FuncUnit> <Opcode : 'mul'> <InPorts = 2> <OutPorts = 1>
ST_37 : Operation 382 [2/5] (3.95ns)   --->   "%mul_ln34_18 = mul i48 %sext_ln34_15, i48 %sext_ln34_15" [new_fixedpoint2205/fixedpt.h:34]   --->   Operation 382 'mul' 'mul_ln34_18' <Predicate = (!and_ln115_2 & !icmp_ln129_2)> <Delay = 3.95> <CoreInst = "Multiplier">   --->   Core 3 'Multiplier' <Latency = 4> <II = 1> <Delay = 3.95> <FuncUnit> <Opcode : 'mul'> <InPorts = 2> <OutPorts = 1>
ST_37 : Operation 383 [2/5] (3.95ns)   --->   "%mul_ln34_19 = mul i48 %sext_ln34_16, i48 %sext_ln34_16" [new_fixedpoint2205/fixedpt.h:34]   --->   Operation 383 'mul' 'mul_ln34_19' <Predicate = (!and_ln115_2 & !icmp_ln129_2)> <Delay = 3.95> <CoreInst = "Multiplier">   --->   Core 3 'Multiplier' <Latency = 4> <II = 1> <Delay = 3.95> <FuncUnit> <Opcode : 'mul'> <InPorts = 2> <OutPorts = 1>
ST_37 : Operation 384 [2/5] (3.95ns)   --->   "%mul_ln34_16 = mul i48 %sext_ln34_13, i48 %sext_ln34_13" [new_fixedpoint2205/fixedpt.h:34]   --->   Operation 384 'mul' 'mul_ln34_16' <Predicate = (!and_ln115_2 & icmp_ln129_2)> <Delay = 3.95> <CoreInst = "Multiplier">   --->   Core 3 'Multiplier' <Latency = 4> <II = 1> <Delay = 3.95> <FuncUnit> <Opcode : 'mul'> <InPorts = 2> <OutPorts = 1>
ST_37 : Operation 385 [2/5] (3.95ns)   --->   "%mul_ln34_17 = mul i48 %sext_ln34_14, i48 %sext_ln34_14" [new_fixedpoint2205/fixedpt.h:34]   --->   Operation 385 'mul' 'mul_ln34_17' <Predicate = (!and_ln115_2 & icmp_ln129_2)> <Delay = 3.95> <CoreInst = "Multiplier">   --->   Core 3 'Multiplier' <Latency = 4> <II = 1> <Delay = 3.95> <FuncUnit> <Opcode : 'mul'> <InPorts = 2> <OutPorts = 1>
ST_37 : Operation 386 [1/5] (3.95ns)   --->   "%mul_ln34_15 = mul i48 %select_ln39_14, i48 %sext_ln39_2" [new_fixedpoint2205/fixedpt.h:34]   --->   Operation 386 'mul' 'mul_ln34_15' <Predicate = (and_ln115_2)> <Delay = 3.95> <CoreInst = "Multiplier">   --->   Core 3 'Multiplier' <Latency = 4> <II = 1> <Delay = 3.95> <FuncUnit> <Opcode : 'mul'> <InPorts = 2> <OutPorts = 1>
ST_37 : Operation 387 [1/1] (0.00ns)   --->   "%trunc_ln34_12 = partselect i32 @_ssdm_op_PartSelect.i32.i48.i32.i32, i48 %mul_ln34_15, i32 16, i32 47" [new_fixedpoint2205/fixedpt.h:34]   --->   Operation 387 'partselect' 'trunc_ln34_12' <Predicate = (and_ln115_2)> <Delay = 0.00>
ST_37 : Operation 388 [2/5] (3.95ns)   --->   "%mul_ln34_21 = mul i48 %sext_ln34_17, i48 %sext_ln34_17" [new_fixedpoint2205/fixedpt.h:34]   --->   Operation 388 'mul' 'mul_ln34_21' <Predicate = (!and_ln115_3)> <Delay = 3.95> <CoreInst = "Multiplier">   --->   Core 3 'Multiplier' <Latency = 4> <II = 1> <Delay = 3.95> <FuncUnit> <Opcode : 'mul'> <InPorts = 2> <OutPorts = 1>
ST_37 : Operation 389 [2/5] (3.95ns)   --->   "%mul_ln34_23 = mul i48 %sext_ln34_19, i48 %sext_ln34_19" [new_fixedpoint2205/fixedpt.h:34]   --->   Operation 389 'mul' 'mul_ln34_23' <Predicate = (!and_ln115_3 & !icmp_ln129_3)> <Delay = 3.95> <CoreInst = "Multiplier">   --->   Core 3 'Multiplier' <Latency = 4> <II = 1> <Delay = 3.95> <FuncUnit> <Opcode : 'mul'> <InPorts = 2> <OutPorts = 1>
ST_37 : Operation 390 [2/5] (3.95ns)   --->   "%mul_ln34_22 = mul i48 %sext_ln34_18, i48 %sext_ln34_18" [new_fixedpoint2205/fixedpt.h:34]   --->   Operation 390 'mul' 'mul_ln34_22' <Predicate = (!and_ln115_3 & icmp_ln129_3)> <Delay = 3.95> <CoreInst = "Multiplier">   --->   Core 3 'Multiplier' <Latency = 4> <II = 1> <Delay = 3.95> <FuncUnit> <Opcode : 'mul'> <InPorts = 2> <OutPorts = 1>
ST_37 : Operation 391 [1/5] (3.95ns)   --->   "%mul_ln34_20 = mul i48 %select_ln39_18, i48 %sext_ln39_3" [new_fixedpoint2205/fixedpt.h:34]   --->   Operation 391 'mul' 'mul_ln34_20' <Predicate = (and_ln115_3)> <Delay = 3.95> <CoreInst = "Multiplier">   --->   Core 3 'Multiplier' <Latency = 4> <II = 1> <Delay = 3.95> <FuncUnit> <Opcode : 'mul'> <InPorts = 2> <OutPorts = 1>
ST_37 : Operation 392 [1/1] (0.00ns)   --->   "%trunc_ln34_17 = partselect i32 @_ssdm_op_PartSelect.i32.i48.i32.i32, i48 %mul_ln34_20, i32 16, i32 47" [new_fixedpoint2205/fixedpt.h:34]   --->   Operation 392 'partselect' 'trunc_ln34_17' <Predicate = (and_ln115_3)> <Delay = 0.00>

State 38 <SV = 37> <Delay = 3.95>
ST_38 : Operation 393 [1/5] (3.95ns)   --->   "%mul_ln34_9 = mul i48 %sext_ln34_8, i48 %sext_ln34_8" [new_fixedpoint2205/fixedpt.h:34]   --->   Operation 393 'mul' 'mul_ln34_9' <Predicate = (!and_ln115 & !icmp_ln129)> <Delay = 3.95> <CoreInst = "Multiplier">   --->   Core 3 'Multiplier' <Latency = 4> <II = 1> <Delay = 3.95> <FuncUnit> <Opcode : 'mul'> <InPorts = 2> <OutPorts = 1>
ST_38 : Operation 394 [1/1] (0.00ns)   --->   "%trunc_ln34_1 = partselect i32 @_ssdm_op_PartSelect.i32.i48.i32.i32, i48 %mul_ln34_9, i32 16, i32 47" [new_fixedpoint2205/fixedpt.h:34]   --->   Operation 394 'partselect' 'trunc_ln34_1' <Predicate = (!and_ln115 & !icmp_ln129)> <Delay = 0.00>
ST_38 : Operation 395 [1/5] (3.95ns)   --->   "%mul_ln34_10 = mul i48 %sext_ln34_9, i48 %sext_ln34_9" [new_fixedpoint2205/fixedpt.h:34]   --->   Operation 395 'mul' 'mul_ln34_10' <Predicate = (!and_ln115 & !icmp_ln129)> <Delay = 3.95> <CoreInst = "Multiplier">   --->   Core 3 'Multiplier' <Latency = 4> <II = 1> <Delay = 3.95> <FuncUnit> <Opcode : 'mul'> <InPorts = 2> <OutPorts = 1>
ST_38 : Operation 396 [1/1] (0.00ns)   --->   "%trunc_ln34_2 = partselect i32 @_ssdm_op_PartSelect.i32.i48.i32.i32, i48 %mul_ln34_10, i32 16, i32 47" [new_fixedpoint2205/fixedpt.h:34]   --->   Operation 396 'partselect' 'trunc_ln34_2' <Predicate = (!and_ln115 & !icmp_ln129)> <Delay = 0.00>
ST_38 : Operation 397 [1/5] (3.95ns)   --->   "%mul_ln34 = mul i48 %sext_ln34, i48 %sext_ln34" [new_fixedpoint2205/fixedpt.h:34]   --->   Operation 397 'mul' 'mul_ln34' <Predicate = (!and_ln115 & icmp_ln129)> <Delay = 3.95> <CoreInst = "Multiplier">   --->   Core 3 'Multiplier' <Latency = 4> <II = 1> <Delay = 3.95> <FuncUnit> <Opcode : 'mul'> <InPorts = 2> <OutPorts = 1>
ST_38 : Operation 398 [1/1] (0.00ns)   --->   "%trunc_ln34_9 = partselect i32 @_ssdm_op_PartSelect.i32.i48.i32.i32, i48 %mul_ln34, i32 16, i32 47" [new_fixedpoint2205/fixedpt.h:34]   --->   Operation 398 'partselect' 'trunc_ln34_9' <Predicate = (!and_ln115 & icmp_ln129)> <Delay = 0.00>
ST_38 : Operation 399 [1/5] (3.95ns)   --->   "%mul_ln34_8 = mul i48 %sext_ln34_7, i48 %sext_ln34_7" [new_fixedpoint2205/fixedpt.h:34]   --->   Operation 399 'mul' 'mul_ln34_8' <Predicate = (!and_ln115 & icmp_ln129)> <Delay = 3.95> <CoreInst = "Multiplier">   --->   Core 3 'Multiplier' <Latency = 4> <II = 1> <Delay = 3.95> <FuncUnit> <Opcode : 'mul'> <InPorts = 2> <OutPorts = 1>
ST_38 : Operation 400 [1/1] (0.00ns)   --->   "%trunc_ln34_s = partselect i32 @_ssdm_op_PartSelect.i32.i48.i32.i32, i48 %mul_ln34_8, i32 16, i32 47" [new_fixedpoint2205/fixedpt.h:34]   --->   Operation 400 'partselect' 'trunc_ln34_s' <Predicate = (!and_ln115 & icmp_ln129)> <Delay = 0.00>
ST_38 : Operation 401 [1/1] (1.70ns)   --->   "%br_ln126 = br void %_ZN11Segment_3hw16squared_distanceERiS0_ii.exit.0" [new_fixedpoint2205/Aux_Lib_hw.hpp:126]   --->   Operation 401 'br' 'br_ln126' <Predicate = (and_ln115)> <Delay = 1.70>
ST_38 : Operation 402 [1/5] (3.95ns)   --->   "%mul_ln34_12 = mul i48 %sext_ln34_10, i48 %sext_ln34_10" [new_fixedpoint2205/fixedpt.h:34]   --->   Operation 402 'mul' 'mul_ln34_12' <Predicate = (!and_ln115_1)> <Delay = 3.95> <CoreInst = "Multiplier">   --->   Core 3 'Multiplier' <Latency = 4> <II = 1> <Delay = 3.95> <FuncUnit> <Opcode : 'mul'> <InPorts = 2> <OutPorts = 1>
ST_38 : Operation 403 [1/1] (0.00ns)   --->   "%trunc_ln34_5 = partselect i32 @_ssdm_op_PartSelect.i32.i48.i32.i32, i48 %mul_ln34_12, i32 16, i32 47" [new_fixedpoint2205/fixedpt.h:34]   --->   Operation 403 'partselect' 'trunc_ln34_5' <Predicate = (!and_ln115_1)> <Delay = 0.00>
ST_38 : Operation 404 [1/5] (3.95ns)   --->   "%mul_ln34_14 = mul i48 %sext_ln34_12, i48 %sext_ln34_12" [new_fixedpoint2205/fixedpt.h:34]   --->   Operation 404 'mul' 'mul_ln34_14' <Predicate = (!and_ln115_1 & !icmp_ln129_1)> <Delay = 3.95> <CoreInst = "Multiplier">   --->   Core 3 'Multiplier' <Latency = 4> <II = 1> <Delay = 3.95> <FuncUnit> <Opcode : 'mul'> <InPorts = 2> <OutPorts = 1>
ST_38 : Operation 405 [1/1] (0.00ns)   --->   "%trunc_ln34_10 = partselect i32 @_ssdm_op_PartSelect.i32.i48.i32.i32, i48 %mul_ln34_14, i32 16, i32 47" [new_fixedpoint2205/fixedpt.h:34]   --->   Operation 405 'partselect' 'trunc_ln34_10' <Predicate = (!and_ln115_1 & !icmp_ln129_1)> <Delay = 0.00>
ST_38 : Operation 406 [1/5] (3.95ns)   --->   "%mul_ln34_13 = mul i48 %sext_ln34_11, i48 %sext_ln34_11" [new_fixedpoint2205/fixedpt.h:34]   --->   Operation 406 'mul' 'mul_ln34_13' <Predicate = (!and_ln115_1 & icmp_ln129_1)> <Delay = 3.95> <CoreInst = "Multiplier">   --->   Core 3 'Multiplier' <Latency = 4> <II = 1> <Delay = 3.95> <FuncUnit> <Opcode : 'mul'> <InPorts = 2> <OutPorts = 1>
ST_38 : Operation 407 [1/1] (0.00ns)   --->   "%trunc_ln34_7 = partselect i32 @_ssdm_op_PartSelect.i32.i48.i32.i32, i48 %mul_ln34_13, i32 16, i32 47" [new_fixedpoint2205/fixedpt.h:34]   --->   Operation 407 'partselect' 'trunc_ln34_7' <Predicate = (!and_ln115_1 & icmp_ln129_1)> <Delay = 0.00>
ST_38 : Operation 408 [1/5] (3.95ns)   --->   "%mul_ln34_11 = mul i48 %select_ln39_10, i48 %sext_ln39_1" [new_fixedpoint2205/fixedpt.h:34]   --->   Operation 408 'mul' 'mul_ln34_11' <Predicate = (and_ln115_1)> <Delay = 3.95> <CoreInst = "Multiplier">   --->   Core 3 'Multiplier' <Latency = 4> <II = 1> <Delay = 3.95> <FuncUnit> <Opcode : 'mul'> <InPorts = 2> <OutPorts = 1>
ST_38 : Operation 409 [1/1] (0.00ns)   --->   "%trunc_ln34_4 = partselect i32 @_ssdm_op_PartSelect.i32.i48.i32.i32, i48 %mul_ln34_11, i32 16, i32 47" [new_fixedpoint2205/fixedpt.h:34]   --->   Operation 409 'partselect' 'trunc_ln34_4' <Predicate = (and_ln115_1)> <Delay = 0.00>
ST_38 : Operation 410 [1/5] (3.95ns)   --->   "%mul_ln34_18 = mul i48 %sext_ln34_15, i48 %sext_ln34_15" [new_fixedpoint2205/fixedpt.h:34]   --->   Operation 410 'mul' 'mul_ln34_18' <Predicate = (!and_ln115_2 & !icmp_ln129_2)> <Delay = 3.95> <CoreInst = "Multiplier">   --->   Core 3 'Multiplier' <Latency = 4> <II = 1> <Delay = 3.95> <FuncUnit> <Opcode : 'mul'> <InPorts = 2> <OutPorts = 1>
ST_38 : Operation 411 [1/1] (0.00ns)   --->   "%trunc_ln34_15 = partselect i32 @_ssdm_op_PartSelect.i32.i48.i32.i32, i48 %mul_ln34_18, i32 16, i32 47" [new_fixedpoint2205/fixedpt.h:34]   --->   Operation 411 'partselect' 'trunc_ln34_15' <Predicate = (!and_ln115_2 & !icmp_ln129_2)> <Delay = 0.00>
ST_38 : Operation 412 [1/5] (3.95ns)   --->   "%mul_ln34_19 = mul i48 %sext_ln34_16, i48 %sext_ln34_16" [new_fixedpoint2205/fixedpt.h:34]   --->   Operation 412 'mul' 'mul_ln34_19' <Predicate = (!and_ln115_2 & !icmp_ln129_2)> <Delay = 3.95> <CoreInst = "Multiplier">   --->   Core 3 'Multiplier' <Latency = 4> <II = 1> <Delay = 3.95> <FuncUnit> <Opcode : 'mul'> <InPorts = 2> <OutPorts = 1>
ST_38 : Operation 413 [1/1] (0.00ns)   --->   "%trunc_ln34_16 = partselect i32 @_ssdm_op_PartSelect.i32.i48.i32.i32, i48 %mul_ln34_19, i32 16, i32 47" [new_fixedpoint2205/fixedpt.h:34]   --->   Operation 413 'partselect' 'trunc_ln34_16' <Predicate = (!and_ln115_2 & !icmp_ln129_2)> <Delay = 0.00>
ST_38 : Operation 414 [1/5] (3.95ns)   --->   "%mul_ln34_16 = mul i48 %sext_ln34_13, i48 %sext_ln34_13" [new_fixedpoint2205/fixedpt.h:34]   --->   Operation 414 'mul' 'mul_ln34_16' <Predicate = (!and_ln115_2 & icmp_ln129_2)> <Delay = 3.95> <CoreInst = "Multiplier">   --->   Core 3 'Multiplier' <Latency = 4> <II = 1> <Delay = 3.95> <FuncUnit> <Opcode : 'mul'> <InPorts = 2> <OutPorts = 1>
ST_38 : Operation 415 [1/1] (0.00ns)   --->   "%trunc_ln34_13 = partselect i32 @_ssdm_op_PartSelect.i32.i48.i32.i32, i48 %mul_ln34_16, i32 16, i32 47" [new_fixedpoint2205/fixedpt.h:34]   --->   Operation 415 'partselect' 'trunc_ln34_13' <Predicate = (!and_ln115_2 & icmp_ln129_2)> <Delay = 0.00>
ST_38 : Operation 416 [1/5] (3.95ns)   --->   "%mul_ln34_17 = mul i48 %sext_ln34_14, i48 %sext_ln34_14" [new_fixedpoint2205/fixedpt.h:34]   --->   Operation 416 'mul' 'mul_ln34_17' <Predicate = (!and_ln115_2 & icmp_ln129_2)> <Delay = 3.95> <CoreInst = "Multiplier">   --->   Core 3 'Multiplier' <Latency = 4> <II = 1> <Delay = 3.95> <FuncUnit> <Opcode : 'mul'> <InPorts = 2> <OutPorts = 1>
ST_38 : Operation 417 [1/1] (0.00ns)   --->   "%trunc_ln34_14 = partselect i32 @_ssdm_op_PartSelect.i32.i48.i32.i32, i48 %mul_ln34_17, i32 16, i32 47" [new_fixedpoint2205/fixedpt.h:34]   --->   Operation 417 'partselect' 'trunc_ln34_14' <Predicate = (!and_ln115_2 & icmp_ln129_2)> <Delay = 0.00>
ST_38 : Operation 418 [1/1] (1.70ns)   --->   "%br_ln126 = br void %_ZN11Segment_3hw16squared_distanceERiS0_ii.exit.2" [new_fixedpoint2205/Aux_Lib_hw.hpp:126]   --->   Operation 418 'br' 'br_ln126' <Predicate = (and_ln115_2)> <Delay = 1.70>
ST_38 : Operation 419 [1/5] (3.95ns)   --->   "%mul_ln34_21 = mul i48 %sext_ln34_17, i48 %sext_ln34_17" [new_fixedpoint2205/fixedpt.h:34]   --->   Operation 419 'mul' 'mul_ln34_21' <Predicate = (!and_ln115_3)> <Delay = 3.95> <CoreInst = "Multiplier">   --->   Core 3 'Multiplier' <Latency = 4> <II = 1> <Delay = 3.95> <FuncUnit> <Opcode : 'mul'> <InPorts = 2> <OutPorts = 1>
ST_38 : Operation 420 [1/1] (0.00ns)   --->   "%trunc_ln34_18 = partselect i32 @_ssdm_op_PartSelect.i32.i48.i32.i32, i48 %mul_ln34_21, i32 16, i32 47" [new_fixedpoint2205/fixedpt.h:34]   --->   Operation 420 'partselect' 'trunc_ln34_18' <Predicate = (!and_ln115_3)> <Delay = 0.00>
ST_38 : Operation 421 [1/5] (3.95ns)   --->   "%mul_ln34_23 = mul i48 %sext_ln34_19, i48 %sext_ln34_19" [new_fixedpoint2205/fixedpt.h:34]   --->   Operation 421 'mul' 'mul_ln34_23' <Predicate = (!and_ln115_3 & !icmp_ln129_3)> <Delay = 3.95> <CoreInst = "Multiplier">   --->   Core 3 'Multiplier' <Latency = 4> <II = 1> <Delay = 3.95> <FuncUnit> <Opcode : 'mul'> <InPorts = 2> <OutPorts = 1>
ST_38 : Operation 422 [1/1] (0.00ns)   --->   "%trunc_ln34_20 = partselect i32 @_ssdm_op_PartSelect.i32.i48.i32.i32, i48 %mul_ln34_23, i32 16, i32 47" [new_fixedpoint2205/fixedpt.h:34]   --->   Operation 422 'partselect' 'trunc_ln34_20' <Predicate = (!and_ln115_3 & !icmp_ln129_3)> <Delay = 0.00>
ST_38 : Operation 423 [1/5] (3.95ns)   --->   "%mul_ln34_22 = mul i48 %sext_ln34_18, i48 %sext_ln34_18" [new_fixedpoint2205/fixedpt.h:34]   --->   Operation 423 'mul' 'mul_ln34_22' <Predicate = (!and_ln115_3 & icmp_ln129_3)> <Delay = 3.95> <CoreInst = "Multiplier">   --->   Core 3 'Multiplier' <Latency = 4> <II = 1> <Delay = 3.95> <FuncUnit> <Opcode : 'mul'> <InPorts = 2> <OutPorts = 1>
ST_38 : Operation 424 [1/1] (0.00ns)   --->   "%trunc_ln34_19 = partselect i32 @_ssdm_op_PartSelect.i32.i48.i32.i32, i48 %mul_ln34_22, i32 16, i32 47" [new_fixedpoint2205/fixedpt.h:34]   --->   Operation 424 'partselect' 'trunc_ln34_19' <Predicate = (!and_ln115_3 & icmp_ln129_3)> <Delay = 0.00>
ST_38 : Operation 425 [1/1] (1.70ns)   --->   "%br_ln126 = br void %_ZN11Segment_3hw16squared_distanceERiS0_ii.exit.3" [new_fixedpoint2205/Aux_Lib_hw.hpp:126]   --->   Operation 425 'br' 'br_ln126' <Predicate = (and_ln115_3)> <Delay = 1.70>

State 39 <SV = 38> <Delay = 2.55>
ST_39 : Operation 426 [1/1] (2.55ns)   --->   "%add_ln40_1 = add i32 %trunc_ln34_2, i32 %trunc_ln34_1" [new_fixedpoint2205/Aux_Lib_hw.hpp:40]   --->   Operation 426 'add' 'add_ln40_1' <Predicate = (!and_ln115 & !icmp_ln129)> <Delay = 2.55> <CoreInst = "Adder">   --->   Core 1 'Adder' <Latency = 0> <II = 1> <Delay = 2.55> <FuncUnit> <Opcode : 'add' 'sub'> <InPorts = 2> <OutPorts = 1>
ST_39 : Operation 427 [1/1] (1.70ns)   --->   "%br_ln132 = br void %_ZN11Segment_3hw16squared_distanceERiS0_ii.exit.0" [new_fixedpoint2205/Aux_Lib_hw.hpp:132]   --->   Operation 427 'br' 'br_ln132' <Predicate = (!and_ln115 & !icmp_ln129)> <Delay = 1.70>
ST_39 : Operation 428 [1/1] (2.55ns)   --->   "%add_ln40 = add i32 %trunc_ln34_s, i32 %trunc_ln34_9" [new_fixedpoint2205/Aux_Lib_hw.hpp:40]   --->   Operation 428 'add' 'add_ln40' <Predicate = (!and_ln115 & icmp_ln129)> <Delay = 2.55> <CoreInst = "Adder">   --->   Core 1 'Adder' <Latency = 0> <II = 1> <Delay = 2.55> <FuncUnit> <Opcode : 'add' 'sub'> <InPorts = 2> <OutPorts = 1>
ST_39 : Operation 429 [1/1] (1.70ns)   --->   "%br_ln130 = br void %_ZN11Segment_3hw16squared_distanceERiS0_ii.exit.0" [new_fixedpoint2205/Aux_Lib_hw.hpp:130]   --->   Operation 429 'br' 'br_ln130' <Predicate = (!and_ln115 & icmp_ln129)> <Delay = 1.70>
ST_39 : Operation 430 [1/1] (2.55ns)   --->   "%add_ln40_5 = add i32 %trunc_ln34_10, i32 %trunc_ln34_5" [new_fixedpoint2205/Aux_Lib_hw.hpp:40]   --->   Operation 430 'add' 'add_ln40_5' <Predicate = (!and_ln115_1 & !icmp_ln129_1)> <Delay = 2.55> <CoreInst = "Adder">   --->   Core 1 'Adder' <Latency = 0> <II = 1> <Delay = 2.55> <FuncUnit> <Opcode : 'add' 'sub'> <InPorts = 2> <OutPorts = 1>
ST_39 : Operation 431 [1/1] (1.70ns)   --->   "%br_ln132 = br void %_ZN11Segment_3hw16squared_distanceERiS0_ii.exit.1" [new_fixedpoint2205/Aux_Lib_hw.hpp:132]   --->   Operation 431 'br' 'br_ln132' <Predicate = (!and_ln115_1 & !icmp_ln129_1)> <Delay = 1.70>
ST_39 : Operation 432 [1/1] (2.55ns)   --->   "%add_ln40_4 = add i32 %trunc_ln34_7, i32 %trunc_ln34_5" [new_fixedpoint2205/Aux_Lib_hw.hpp:40]   --->   Operation 432 'add' 'add_ln40_4' <Predicate = (!and_ln115_1 & icmp_ln129_1)> <Delay = 2.55> <CoreInst = "Adder">   --->   Core 1 'Adder' <Latency = 0> <II = 1> <Delay = 2.55> <FuncUnit> <Opcode : 'add' 'sub'> <InPorts = 2> <OutPorts = 1>
ST_39 : Operation 433 [1/1] (1.70ns)   --->   "%br_ln130 = br void %_ZN11Segment_3hw16squared_distanceERiS0_ii.exit.1" [new_fixedpoint2205/Aux_Lib_hw.hpp:130]   --->   Operation 433 'br' 'br_ln130' <Predicate = (!and_ln115_1 & icmp_ln129_1)> <Delay = 1.70>
ST_39 : Operation 434 [1/1] (1.70ns)   --->   "%br_ln126 = br void %_ZN11Segment_3hw16squared_distanceERiS0_ii.exit.1" [new_fixedpoint2205/Aux_Lib_hw.hpp:126]   --->   Operation 434 'br' 'br_ln126' <Predicate = (and_ln115_1)> <Delay = 1.70>
ST_39 : Operation 435 [1/1] (2.55ns)   --->   "%add_ln40_6 = add i32 %trunc_ln34_16, i32 %trunc_ln34_15" [new_fixedpoint2205/Aux_Lib_hw.hpp:40]   --->   Operation 435 'add' 'add_ln40_6' <Predicate = (!and_ln115_2 & !icmp_ln129_2)> <Delay = 2.55> <CoreInst = "Adder">   --->   Core 1 'Adder' <Latency = 0> <II = 1> <Delay = 2.55> <FuncUnit> <Opcode : 'add' 'sub'> <InPorts = 2> <OutPorts = 1>
ST_39 : Operation 436 [1/1] (1.70ns)   --->   "%br_ln132 = br void %_ZN11Segment_3hw16squared_distanceERiS0_ii.exit.2" [new_fixedpoint2205/Aux_Lib_hw.hpp:132]   --->   Operation 436 'br' 'br_ln132' <Predicate = (!and_ln115_2 & !icmp_ln129_2)> <Delay = 1.70>
ST_39 : Operation 437 [1/1] (2.55ns)   --->   "%add_ln40_2 = add i32 %trunc_ln34_14, i32 %trunc_ln34_13" [new_fixedpoint2205/Aux_Lib_hw.hpp:40]   --->   Operation 437 'add' 'add_ln40_2' <Predicate = (!and_ln115_2 & icmp_ln129_2)> <Delay = 2.55> <CoreInst = "Adder">   --->   Core 1 'Adder' <Latency = 0> <II = 1> <Delay = 2.55> <FuncUnit> <Opcode : 'add' 'sub'> <InPorts = 2> <OutPorts = 1>
ST_39 : Operation 438 [1/1] (1.70ns)   --->   "%br_ln130 = br void %_ZN11Segment_3hw16squared_distanceERiS0_ii.exit.2" [new_fixedpoint2205/Aux_Lib_hw.hpp:130]   --->   Operation 438 'br' 'br_ln130' <Predicate = (!and_ln115_2 & icmp_ln129_2)> <Delay = 1.70>
ST_39 : Operation 439 [1/1] (2.55ns)   --->   "%add_ln40_7 = add i32 %trunc_ln34_20, i32 %trunc_ln34_18" [new_fixedpoint2205/Aux_Lib_hw.hpp:40]   --->   Operation 439 'add' 'add_ln40_7' <Predicate = (!and_ln115_3 & !icmp_ln129_3)> <Delay = 2.55> <CoreInst = "Adder">   --->   Core 1 'Adder' <Latency = 0> <II = 1> <Delay = 2.55> <FuncUnit> <Opcode : 'add' 'sub'> <InPorts = 2> <OutPorts = 1>
ST_39 : Operation 440 [1/1] (1.70ns)   --->   "%br_ln132 = br void %_ZN11Segment_3hw16squared_distanceERiS0_ii.exit.3" [new_fixedpoint2205/Aux_Lib_hw.hpp:132]   --->   Operation 440 'br' 'br_ln132' <Predicate = (!and_ln115_3 & !icmp_ln129_3)> <Delay = 1.70>
ST_39 : Operation 441 [1/1] (2.55ns)   --->   "%add_ln40_3 = add i32 %trunc_ln34_19, i32 %trunc_ln34_18" [new_fixedpoint2205/Aux_Lib_hw.hpp:40]   --->   Operation 441 'add' 'add_ln40_3' <Predicate = (!and_ln115_3 & icmp_ln129_3)> <Delay = 2.55> <CoreInst = "Adder">   --->   Core 1 'Adder' <Latency = 0> <II = 1> <Delay = 2.55> <FuncUnit> <Opcode : 'add' 'sub'> <InPorts = 2> <OutPorts = 1>
ST_39 : Operation 442 [1/1] (1.70ns)   --->   "%br_ln130 = br void %_ZN11Segment_3hw16squared_distanceERiS0_ii.exit.3" [new_fixedpoint2205/Aux_Lib_hw.hpp:130]   --->   Operation 442 'br' 'br_ln130' <Predicate = (!and_ln115_3 & icmp_ln129_3)> <Delay = 1.70>

State 40 <SV = 39> <Delay = 3.54>
ST_40 : Operation 443 [1/1] (0.00ns)   --->   "%cc_0 = phi i32 %trunc_ln34_8, void, i32 %add_ln40, void, i32 %add_ln40_1, void" [new_fixedpoint2205/fixedpt.h:34]   --->   Operation 443 'phi' 'cc_0' <Predicate = true> <Delay = 0.00>
ST_40 : Operation 444 [1/1] (2.55ns)   --->   "%sub_ln91 = sub i32 %cc_0, i32 %Squared_R_Robot_read" [new_fixedpoint2205/main.cpp:91]   --->   Operation 444 'sub' 'sub_ln91' <Predicate = true> <Delay = 2.55> <CoreInst = "Adder">   --->   Core 1 'Adder' <Latency = 0> <II = 1> <Delay = 2.55> <FuncUnit> <Opcode : 'add' 'sub'> <InPorts = 2> <OutPorts = 1>
ST_40 : Operation 445 [1/1] (0.00ns)   --->   "%cc_1 = phi i32 %trunc_ln34_4, void, i32 %add_ln40_4, void, i32 %add_ln40_5, void" [new_fixedpoint2205/fixedpt.h:34]   --->   Operation 445 'phi' 'cc_1' <Predicate = true> <Delay = 0.00>
ST_40 : Operation 446 [1/1] (2.55ns)   --->   "%sub_ln91_1 = sub i32 %cc_1, i32 %Squared_R_Robot_read" [new_fixedpoint2205/main.cpp:91]   --->   Operation 446 'sub' 'sub_ln91_1' <Predicate = true> <Delay = 2.55> <CoreInst = "Adder">   --->   Core 1 'Adder' <Latency = 0> <II = 1> <Delay = 2.55> <FuncUnit> <Opcode : 'add' 'sub'> <InPorts = 2> <OutPorts = 1>
ST_40 : Operation 447 [1/1] (0.00ns)   --->   "%cc_2 = phi i32 %trunc_ln34_12, void, i32 %add_ln40_2, void, i32 %add_ln40_6, void" [new_fixedpoint2205/fixedpt.h:34]   --->   Operation 447 'phi' 'cc_2' <Predicate = true> <Delay = 0.00>
ST_40 : Operation 448 [1/1] (2.55ns)   --->   "%sub_ln91_2 = sub i32 %cc_2, i32 %Squared_R_Robot_read" [new_fixedpoint2205/main.cpp:91]   --->   Operation 448 'sub' 'sub_ln91_2' <Predicate = true> <Delay = 2.55> <CoreInst = "Adder">   --->   Core 1 'Adder' <Latency = 0> <II = 1> <Delay = 2.55> <FuncUnit> <Opcode : 'add' 'sub'> <InPorts = 2> <OutPorts = 1>
ST_40 : Operation 449 [1/1] (0.00ns)   --->   "%cc_3 = phi i32 %trunc_ln34_17, void, i32 %add_ln40_3, void, i32 %add_ln40_7, void" [new_fixedpoint2205/fixedpt.h:34]   --->   Operation 449 'phi' 'cc_3' <Predicate = true> <Delay = 0.00>
ST_40 : Operation 450 [1/1] (2.55ns)   --->   "%sub_ln91_3 = sub i32 %cc_3, i32 %Squared_R_Robot_read" [new_fixedpoint2205/main.cpp:91]   --->   Operation 450 'sub' 'sub_ln91_3' <Predicate = true> <Delay = 2.55> <CoreInst = "Adder">   --->   Core 1 'Adder' <Latency = 0> <II = 1> <Delay = 2.55> <FuncUnit> <Opcode : 'add' 'sub'> <InPorts = 2> <OutPorts = 1>
ST_40 : Operation 451 [1/1] (0.00ns) (grouped into LUT with out node or_ln95_2)   --->   "%or_ln95 = or i32 %sub_ln91, i32 %sub_ln91_1" [new_fixedpoint2205/main.cpp:95]   --->   Operation 451 'or' 'or_ln95' <Predicate = true> <Delay = 0.00> <CoreInst = "LogicGate">   --->   Core 74 'LogicGate' <Latency = 0> <II = 1> <Delay = 0.99> <FuncUnit> <Opcode : 'and' 'or' 'xor'> <InPorts = 2> <OutPorts = 1>
ST_40 : Operation 452 [1/1] (0.00ns) (grouped into LUT with out node or_ln95_2)   --->   "%or_ln95_1 = or i32 %sub_ln91_2, i32 %sub_ln91_3" [new_fixedpoint2205/main.cpp:95]   --->   Operation 452 'or' 'or_ln95_1' <Predicate = true> <Delay = 0.00> <CoreInst = "LogicGate">   --->   Core 74 'LogicGate' <Latency = 0> <II = 1> <Delay = 0.99> <FuncUnit> <Opcode : 'and' 'or' 'xor'> <InPorts = 2> <OutPorts = 1>
ST_40 : Operation 453 [1/1] (0.99ns) (out node of the LUT)   --->   "%or_ln95_2 = or i32 %or_ln95_1, i32 %or_ln95" [new_fixedpoint2205/main.cpp:95]   --->   Operation 453 'or' 'or_ln95_2' <Predicate = true> <Delay = 0.99> <CoreInst = "LogicGate">   --->   Core 74 'LogicGate' <Latency = 0> <II = 1> <Delay = 0.99> <FuncUnit> <Opcode : 'and' 'or' 'xor'> <InPorts = 2> <OutPorts = 1>
ST_40 : Operation 454 [1/1] (0.00ns)   --->   "%tmp_73 = bitselect i1 @_ssdm_op_BitSelect.i1.i32.i32, i32 %or_ln95_2, i32 31" [new_fixedpoint2205/main.cpp:95]   --->   Operation 454 'bitselect' 'tmp_73' <Predicate = true> <Delay = 0.00>
ST_40 : Operation 455 [1/1] (0.00ns)   --->   "%ret_ln95 = ret i1 %tmp_73" [new_fixedpoint2205/main.cpp:95]   --->   Operation 455 'ret' 'ret_ln95' <Predicate = true> <Delay = 0.00>


============================================================
+ Verbose Summary: Timing violations
============================================================
Target clock period: 6.75ns, clock uncertainty: 1.82ns.

 <State 1>: 6.31ns
The critical path consists of the following:
	wire read operation ('x') on port 'p_read' [6]  (0 ns)
	'sitofp' operation ('conv_i') [7]  (6.31 ns)

 <State 2>: 6.31ns
The critical path consists of the following:
	'sitofp' operation ('conv_i') [7]  (6.31 ns)

 <State 3>: 6.31ns
The critical path consists of the following:
	'sitofp' operation ('conv_i') [7]  (6.31 ns)

 <State 4>: 6.31ns
The critical path consists of the following:
	'sitofp' operation ('conv_i') [7]  (6.31 ns)

 <State 5>: 6.31ns
The critical path consists of the following:
	'sitofp' operation ('conv_i') [7]  (6.31 ns)

 <State 6>: 6.31ns
The critical path consists of the following:
	'sitofp' operation ('conv_i') [7]  (6.31 ns)

 <State 7>: 6.31ns
The critical path consists of the following:
	'sitofp' operation ('conv_i') [7]  (6.31 ns)

 <State 8>: 4.35ns
The critical path consists of the following:
	'fadd' operation ('sub_i_1', new_fixedpoint2205/Aux_Lib_hw.hpp:106) [83]  (4.35 ns)

 <State 9>: 4.35ns
The critical path consists of the following:
	'fadd' operation ('sub_i_1', new_fixedpoint2205/Aux_Lib_hw.hpp:106) [83]  (4.35 ns)

 <State 10>: 4.35ns
The critical path consists of the following:
	'fadd' operation ('sub_i_1', new_fixedpoint2205/Aux_Lib_hw.hpp:106) [83]  (4.35 ns)

 <State 11>: 4.35ns
The critical path consists of the following:
	'fadd' operation ('sub_i_1', new_fixedpoint2205/Aux_Lib_hw.hpp:106) [83]  (4.35 ns)

 <State 12>: 4.35ns
The critical path consists of the following:
	'fadd' operation ('sub_i_1', new_fixedpoint2205/Aux_Lib_hw.hpp:106) [83]  (4.35 ns)

 <State 13>: 4.35ns
The critical path consists of the following:
	'fadd' operation ('sub_i_1', new_fixedpoint2205/Aux_Lib_hw.hpp:106) [83]  (4.35 ns)

 <State 14>: 4.35ns
The critical path consists of the following:
	'fadd' operation ('sub_i_1', new_fixedpoint2205/Aux_Lib_hw.hpp:106) [83]  (4.35 ns)

 <State 15>: 4.35ns
The critical path consists of the following:
	'fadd' operation ('sub_i_1', new_fixedpoint2205/Aux_Lib_hw.hpp:106) [83]  (4.35 ns)

 <State 16>: 4.35ns
The critical path consists of the following:
	'fadd' operation ('sub_i_1', new_fixedpoint2205/Aux_Lib_hw.hpp:106) [83]  (4.35 ns)

 <State 17>: 2.88ns
The critical path consists of the following:
	'call' operation ('a_assign_1', new_fixedpoint2205/Aux_Lib_hw.hpp:106) to '__hls_fptosi_float_i32' [84]  (2.88 ns)

 <State 18>: 4.42ns
The critical path consists of the following:
	'call' operation ('a_assign_1', new_fixedpoint2205/Aux_Lib_hw.hpp:106) to '__hls_fptosi_float_i32' [84]  (4.42 ns)

 <State 19>: 4.42ns
The critical path consists of the following:
	'call' operation ('a_assign_1', new_fixedpoint2205/Aux_Lib_hw.hpp:106) to '__hls_fptosi_float_i32' [84]  (4.42 ns)

 <State 20>: 3.27ns
The critical path consists of the following:
	'call' operation ('a_assign_1', new_fixedpoint2205/Aux_Lib_hw.hpp:106) to '__hls_fptosi_float_i32' [84]  (3.27 ns)

 <State 21>: 4.89ns
The critical path consists of the following:
	'sub' operation ('sub_ln34_4', new_fixedpoint2205/fixedpt.h:34) [156]  (0 ns)
	'sub' operation ('sub_ln34_5', new_fixedpoint2205/fixedpt.h:34) [158]  (4.89 ns)

 <State 22>: 3.95ns
The critical path consists of the following:
	'mul' operation ('mul_ln39_7', new_fixedpoint2205/fixedpt.h:39) [235]  (3.95 ns)

 <State 23>: 3.95ns
The critical path consists of the following:
	'mul' operation ('mul_ln39_7', new_fixedpoint2205/fixedpt.h:39) [235]  (3.95 ns)

 <State 24>: 3.95ns
The critical path consists of the following:
	'mul' operation ('mul_ln39_7', new_fixedpoint2205/fixedpt.h:39) [235]  (3.95 ns)

 <State 25>: 4.47ns
The critical path consists of the following:
	'sub' operation ('sub_ln39_15', new_fixedpoint2205/fixedpt.h:39) [236]  (4.47 ns)

 <State 26>: 2.26ns
The critical path consists of the following:
	'select' operation ('select_ln39_15', new_fixedpoint2205/fixedpt.h:39) [240]  (0 ns)
	'sub' operation ('sub_ln39_16', new_fixedpoint2205/fixedpt.h:39) [241]  (2.26 ns)

 <State 27>: 4.89ns
The critical path consists of the following:
	'sub' operation ('sub_ln34_2', new_fixedpoint2205/fixedpt.h:34) [130]  (0 ns)
	'sub' operation ('sub_ln34_3', new_fixedpoint2205/fixedpt.h:34) [132]  (4.89 ns)

 <State 28>: 3.95ns
The critical path consists of the following:
	'mul' operation ('mul_ln39_8', new_fixedpoint2205/fixedpt.h:39) [274]  (3.95 ns)

 <State 29>: 3.95ns
The critical path consists of the following:
	'mul' operation ('mul_ln39_8', new_fixedpoint2205/fixedpt.h:39) [274]  (3.95 ns)

 <State 30>: 3.95ns
The critical path consists of the following:
	'mul' operation ('mul_ln39_8', new_fixedpoint2205/fixedpt.h:39) [274]  (3.95 ns)

 <State 31>: 4.47ns
The critical path consists of the following:
	'sub' operation ('sub_ln39_17', new_fixedpoint2205/fixedpt.h:39) [275]  (4.47 ns)

 <State 32>: 4.47ns
The critical path consists of the following:
	'sub' operation ('sub_ln39_9', new_fixedpoint2205/fixedpt.h:39) [139]  (4.47 ns)

 <State 33>: 3.95ns
The critical path consists of the following:
	'mul' operation ('mul_ln34_20', new_fixedpoint2205/fixedpt.h:34) [284]  (3.95 ns)

 <State 34>: 3.95ns
The critical path consists of the following:
	'mul' operation ('mul_ln34_9', new_fixedpoint2205/fixedpt.h:34) [39]  (3.95 ns)

 <State 35>: 3.95ns
The critical path consists of the following:
	'mul' operation ('mul_ln34_9', new_fixedpoint2205/fixedpt.h:34) [39]  (3.95 ns)

 <State 36>: 3.95ns
The critical path consists of the following:
	'mul' operation ('mul_ln34_9', new_fixedpoint2205/fixedpt.h:34) [39]  (3.95 ns)

 <State 37>: 3.95ns
The critical path consists of the following:
	'mul' operation ('mul_ln34_9', new_fixedpoint2205/fixedpt.h:34) [39]  (3.95 ns)

 <State 38>: 3.95ns
The critical path consists of the following:
	'mul' operation ('mul_ln34_9', new_fixedpoint2205/fixedpt.h:34) [39]  (3.95 ns)

 <State 39>: 2.55ns
The critical path consists of the following:
	'add' operation ('add_ln40_5', new_fixedpoint2205/Aux_Lib_hw.hpp:40) [118]  (2.55 ns)

 <State 40>: 3.54ns
The critical path consists of the following:
	'phi' operation ('cc_0', new_fixedpoint2205/fixedpt.h:34) with incoming values : ('add_ln40_1', new_fixedpoint2205/Aux_Lib_hw.hpp:40) ('add_ln40', new_fixedpoint2205/Aux_Lib_hw.hpp:40) ('trunc_ln34_8', new_fixedpoint2205/fixedpt.h:34) [81]  (0 ns)
	'sub' operation ('sub_ln91', new_fixedpoint2205/main.cpp:91) [82]  (2.55 ns)
	'or' operation ('or_ln95', new_fixedpoint2205/main.cpp:95) [290]  (0 ns)
	'or' operation ('or_ln95_2', new_fixedpoint2205/main.cpp:95) [292]  (0.993 ns)


============================================================
+ Verbose Summary: Binding
============================================================
N/A
* FSMD analyzer results:
  - Output states:
 - Input state : 
  - Chain level:
	State 1
	State 2
	State 3
	State 4
	State 5
	State 6
	State 7
	State 8
	State 9
	State 10
	State 11
	State 12
	State 13
	State 14
	State 15
	State 16
	State 17
	State 18
	State 19
	State 20
	State 21
	State 22
	State 23
	State 24
	State 25
	State 26
	State 27
	State 28
	State 29
	State 30
	State 31
	State 32
	State 33
	State 34
	State 35
	State 36
	State 37
	State 38
	State 39
	State 40


============================================================
+ Verbose Summary: Datapath Resource usage 
============================================================
N/A
