

================================================================
== Vitis HLS Report for 'Nearhw'
================================================================
* Date:           Tue May 30 11:08:31 2023

* Version:        2021.2 (Build 3367213 on Tue Oct 19 02:47:39 MDT 2021)
* Project:        new_fixedpoint2205
* Solution:       solution1 (Vivado IP Flow Target)
* Product family: zynq
* Target device:  xc7z020-clg400-1


================================================================
== Performance Estimates
================================================================
+ Timing: 
    * Summary: 
    +--------+---------+----------+------------+
    |  Clock |  Target | Estimated| Uncertainty|
    +--------+---------+----------+------------+
    |ap_clk  |  6.75 ns|  6.312 ns|     1.82 ns|
    +--------+---------+----------+------------+

+ Latency: 
    * Summary: 
    +---------+---------+----------+----------+-----+-----+---------+
    |  Latency (cycles) |  Latency (absolute) |  Interval | Pipeline|
    |   min   |   max   |    min   |    max   | min | max |   Type  |
    +---------+---------+----------+----------+-----+-----+---------+
    |        ?|        ?|         ?|         ?|    ?|    ?|       no|
    +---------+---------+----------+----------+-----+-----+---------+

    + Detail: 
        * Instance: 
        N/A

        * Loop: 
        +--------------------+---------+---------+----------+-----------+-----------+------+----------+
        |                    |  Latency (cycles) | Iteration|  Initiation Interval  | Trip |          |
        |      Loop Name     |   min   |   max   |  Latency |  achieved |   target  | Count| Pipelined|
        +--------------------+---------+---------+----------+-----------+-----------+------+----------+
        |- VITIS_LOOP_141_1  |        ?|        ?|        30|          1|          1|     ?|       yes|
        +--------------------+---------+---------+----------+-----------+-----------+------+----------+



================================================================
== Utilization Estimates
================================================================
* Summary: 
+-----------------+---------+-----+--------+-------+-----+
|       Name      | BRAM_18K| DSP |   FF   |  LUT  | URAM|
+-----------------+---------+-----+--------+-------+-----+
|DSP              |        -|    -|       -|      -|    -|
|Expression       |        -|    -|       0|   1379|    -|
|FIFO             |        -|    -|       -|      -|    -|
|Instance         |        -|    -|       -|      -|    -|
|Memory           |        -|    -|       -|      -|    -|
|Multiplexer      |        -|    -|       -|    126|    -|
|Register         |        -|    -|     763|     32|    -|
+-----------------+---------+-----+--------+-------+-----+
|Total            |        0|    0|     763|   1537|    0|
+-----------------+---------+-----+--------+-------+-----+
|Available        |      280|  220|  106400|  53200|    0|
+-----------------+---------+-----+--------+-------+-----+
|Utilization (%)  |        0|    0|      ~0|      2|    0|
+-----------------+---------+-----+--------+-------+-----+

+ Detail: 
    * Instance: 
    N/A

    * DSP: 
    N/A

    * Memory: 
    N/A

    * FIFO: 
    N/A

    * Expression: 
    +-------------------------+----------+----+---+-----+------------+------------+
    |      Variable Name      | Operation| DSP| FF| LUT | Bitwidth P0| Bitwidth P1|
    +-------------------------+----------+----+---+-----+------------+------------+
    |D_fu_526_p2              |         +|   0|  0|   39|          32|          32|
    |add_ln141_fu_205_p2      |         +|   0|  0|   17|          14|           1|
    |add_ln152_fu_542_p2      |         +|   0|  0|   39|          32|           1|
    |add_ln344_2_fu_312_p2    |         +|   0|  0|   14|           9|           8|
    |add_ln344_fu_251_p2      |         +|   0|  0|   14|           9|           8|
    |result_V_17_fu_466_p2    |         -|   0|  0|   39|           1|          32|
    |result_V_20_fu_477_p2    |         -|   0|  0|   39|           1|          32|
    |sub_ln1364_2_fu_326_p2   |         -|   0|  0|   15|           7|           8|
    |sub_ln1364_fu_265_p2     |         -|   0|  0|   15|           7|           8|
    |icmp_ln141_fu_200_p2     |      icmp|   0|  0|   12|          14|          14|
    |icmp_ln149_fu_530_p2     |      icmp|   0|  0|   18|          32|          32|
    |r_V_10_fu_425_p2         |      lshr|   0|  0|  242|          79|          79|
    |r_V_fu_364_p2            |      lshr|   0|  0|  242|          79|          79|
    |result_V_21_fu_482_p3    |    select|   0|  0|   32|           1|          32|
    |result_V_fu_471_p3       |    select|   0|  0|   32|           1|          32|
    |ush_3_fu_336_p3          |    select|   0|  0|    9|           1|           9|
    |ush_fu_275_p3            |    select|   0|  0|    9|           1|           9|
    |val_3_fu_459_p3          |    select|   0|  0|   32|           1|          32|
    |val_fu_398_p3            |    select|   0|  0|   32|           1|          32|
    |r_V_11_fu_431_p2         |       shl|   0|  0|  242|          79|          79|
    |r_V_9_fu_370_p2          |       shl|   0|  0|  242|          79|          79|
    |ap_enable_pp0            |       xor|   0|  0|    2|           1|           2|
    |ap_enable_reg_pp0_iter1  |       xor|   0|  0|    2|           2|           1|
    +-------------------------+----------+----+---+-----+------------+------------+
    |Total                    |          |   0|  0| 1379|         483|         641|
    +-------------------------+----------+----+---+-----+------------+------------+

    * Multiplexer: 
    +--------------------------+----+-----------+-----+-----------+
    |           Name           | LUT| Input Size| Bits| Total Bits|
    +--------------------------+----+-----------+-----+-----------+
    |X_near_count_0_fu_86      |   9|          2|   32|         64|
    |ap_NS_fsm                 |  53|         10|    1|         10|
    |ap_enable_reg_pp0_iter1   |   9|          2|    1|          2|
    |ap_enable_reg_pp0_iter29  |   9|          2|    1|          2|
    |empty_fu_82               |   9|          2|   32|         64|
    |grp_fu_174_p0             |  14|          3|   32|         96|
    |grp_fu_178_p0             |  14|          3|   32|         96|
    |i_fu_78                   |   9|          2|   14|         28|
    +--------------------------+----+-----------+-----+-----------+
    |Total                     | 126|         26|  145|        362|
    +--------------------------+----+-----------+-----+-----------+

    * Register: 
    +-----------------------------------+----+----+-----+-----------+
    |                Name               | FF | LUT| Bits| Const Bits|
    +-----------------------------------+----+----+-----+-----------+
    |B_x_reg_630                        |  32|   0|   32|          0|
    |B_y_reg_635                        |  32|   0|   32|          0|
    |D_reg_744                          |  32|   0|   32|          0|
    |RRT_Star_Pos_1_load_reg_758        |  16|   0|   16|          0|
    |X_near_count_0_fu_86               |  32|   0|   32|          0|
    |ap_CS_fsm                          |   9|   0|    9|          0|
    |ap_enable_reg_pp0_iter0            |   1|   0|    1|          0|
    |ap_enable_reg_pp0_iter1            |   1|   0|    1|          0|
    |ap_enable_reg_pp0_iter10           |   1|   0|    1|          0|
    |ap_enable_reg_pp0_iter11           |   1|   0|    1|          0|
    |ap_enable_reg_pp0_iter12           |   1|   0|    1|          0|
    |ap_enable_reg_pp0_iter13           |   1|   0|    1|          0|
    |ap_enable_reg_pp0_iter14           |   1|   0|    1|          0|
    |ap_enable_reg_pp0_iter15           |   1|   0|    1|          0|
    |ap_enable_reg_pp0_iter16           |   1|   0|    1|          0|
    |ap_enable_reg_pp0_iter17           |   1|   0|    1|          0|
    |ap_enable_reg_pp0_iter18           |   1|   0|    1|          0|
    |ap_enable_reg_pp0_iter19           |   1|   0|    1|          0|
    |ap_enable_reg_pp0_iter2            |   1|   0|    1|          0|
    |ap_enable_reg_pp0_iter20           |   1|   0|    1|          0|
    |ap_enable_reg_pp0_iter21           |   1|   0|    1|          0|
    |ap_enable_reg_pp0_iter22           |   1|   0|    1|          0|
    |ap_enable_reg_pp0_iter23           |   1|   0|    1|          0|
    |ap_enable_reg_pp0_iter24           |   1|   0|    1|          0|
    |ap_enable_reg_pp0_iter25           |   1|   0|    1|          0|
    |ap_enable_reg_pp0_iter26           |   1|   0|    1|          0|
    |ap_enable_reg_pp0_iter27           |   1|   0|    1|          0|
    |ap_enable_reg_pp0_iter28           |   1|   0|    1|          0|
    |ap_enable_reg_pp0_iter29           |   1|   0|    1|          0|
    |ap_enable_reg_pp0_iter3            |   1|   0|    1|          0|
    |ap_enable_reg_pp0_iter4            |   1|   0|    1|          0|
    |ap_enable_reg_pp0_iter5            |   1|   0|    1|          0|
    |ap_enable_reg_pp0_iter6            |   1|   0|    1|          0|
    |ap_enable_reg_pp0_iter7            |   1|   0|    1|          0|
    |ap_enable_reg_pp0_iter8            |   1|   0|    1|          0|
    |ap_enable_reg_pp0_iter9            |   1|   0|    1|          0|
    |conv9_i_i_reg_607                  |  32|   0|   32|          0|
    |conv_i2_i_i_reg_645                |  32|   0|   32|          0|
    |conv_i_i_i_reg_640                 |  32|   0|   32|          0|
    |conv_i_i_reg_602                   |  32|   0|   32|          0|
    |dc_3_reg_655                       |  32|   0|   32|          0|
    |dc_reg_650                         |  32|   0|   32|          0|
    |empty_fu_82                        |  32|   0|   32|          0|
    |i_cast_reg_615                     |  14|   0|   64|         50|
    |i_fu_78                            |  14|   0|   14|          0|
    |icmp_ln149_reg_749                 |   1|   0|    1|          0|
    |icmp_ln149_reg_749_pp0_iter28_reg  |   1|   0|    1|          0|
    |isNeg_3_reg_690                    |   1|   0|    1|          0|
    |isNeg_reg_670                      |   1|   0|    1|          0|
    |p_Result_3_reg_680                 |   1|   0|    1|          0|
    |p_Result_3_reg_680_pp0_iter19_reg  |   1|   0|    1|          0|
    |p_Result_s_reg_660                 |   1|   0|    1|          0|
    |p_Result_s_reg_660_pp0_iter19_reg  |   1|   0|    1|          0|
    |result_V_21_reg_717                |  32|   0|   32|          0|
    |result_V_reg_712                   |  32|   0|   32|          0|
    |tmp_41_reg_665                     |  23|   0|   23|          0|
    |tmp_43_reg_685                     |  23|   0|   23|          0|
    |trunc_ln34_4_reg_739               |  32|   0|   32|          0|
    |trunc_ln_reg_734                   |  32|   0|   32|          0|
    |ush_3_reg_695                      |   9|   0|    9|          0|
    |ush_reg_675                        |   9|   0|    9|          0|
    |val_3_reg_706                      |  32|   0|   32|          0|
    |val_reg_700                        |  32|   0|   32|          0|
    |i_cast_reg_615                     |  64|  32|   64|         50|
    +-----------------------------------+----+----+-----+-----------+
    |Total                              | 763|  32|  813|        100|
    +-----------------------------------+----+----+-----+-----------+



================================================================
== Interface
================================================================
* Summary: 
+---------------------------+-----+-----+------------+------------------+--------------+
|         RTL Ports         | Dir | Bits|  Protocol  |   Source Object  |    C Type    |
+---------------------------+-----+-----+------------+------------------+--------------+
|ap_clk                     |   in|    1|  ap_ctrl_hs|            Nearhw|  return value|
|ap_rst                     |   in|    1|  ap_ctrl_hs|            Nearhw|  return value|
|ap_start                   |   in|    1|  ap_ctrl_hs|            Nearhw|  return value|
|ap_done                    |  out|    1|  ap_ctrl_hs|            Nearhw|  return value|
|ap_idle                    |  out|    1|  ap_ctrl_hs|            Nearhw|  return value|
|ap_ready                   |  out|    1|  ap_ctrl_hs|            Nearhw|  return value|
|ap_return                  |  out|   32|  ap_ctrl_hs|            Nearhw|  return value|
|grp_fu_537_p_din0          |  out|   32|  ap_ctrl_hs|            Nearhw|  return value|
|grp_fu_537_p_din1          |  out|   32|  ap_ctrl_hs|            Nearhw|  return value|
|grp_fu_537_p_opcode        |  out|    2|  ap_ctrl_hs|            Nearhw|  return value|
|grp_fu_537_p_dout0         |   in|   32|  ap_ctrl_hs|            Nearhw|  return value|
|grp_fu_537_p_ce            |  out|    1|  ap_ctrl_hs|            Nearhw|  return value|
|grp_fu_541_p_din0          |  out|   32|  ap_ctrl_hs|            Nearhw|  return value|
|grp_fu_541_p_din1          |  out|   32|  ap_ctrl_hs|            Nearhw|  return value|
|grp_fu_541_p_opcode        |  out|    2|  ap_ctrl_hs|            Nearhw|  return value|
|grp_fu_541_p_dout0         |   in|   32|  ap_ctrl_hs|            Nearhw|  return value|
|grp_fu_541_p_ce            |  out|    1|  ap_ctrl_hs|            Nearhw|  return value|
|grp_fu_550_p_din0          |  out|   32|  ap_ctrl_hs|            Nearhw|  return value|
|grp_fu_550_p_dout0         |   in|   32|  ap_ctrl_hs|            Nearhw|  return value|
|grp_fu_550_p_ce            |  out|    1|  ap_ctrl_hs|            Nearhw|  return value|
|grp_fu_553_p_din0          |  out|   32|  ap_ctrl_hs|            Nearhw|  return value|
|grp_fu_553_p_dout0         |   in|   32|  ap_ctrl_hs|            Nearhw|  return value|
|grp_fu_553_p_ce            |  out|    1|  ap_ctrl_hs|            Nearhw|  return value|
|grp_fu_1261_p_din0         |  out|   32|  ap_ctrl_hs|            Nearhw|  return value|
|grp_fu_1261_p_din1         |  out|   32|  ap_ctrl_hs|            Nearhw|  return value|
|grp_fu_1261_p_dout0        |   in|   48|  ap_ctrl_hs|            Nearhw|  return value|
|grp_fu_1261_p_ce           |  out|    1|  ap_ctrl_hs|            Nearhw|  return value|
|grp_fu_1271_p_din0         |  out|   32|  ap_ctrl_hs|            Nearhw|  return value|
|grp_fu_1271_p_din1         |  out|   32|  ap_ctrl_hs|            Nearhw|  return value|
|grp_fu_1271_p_dout0        |   in|   48|  ap_ctrl_hs|            Nearhw|  return value|
|grp_fu_1271_p_ce           |  out|    1|  ap_ctrl_hs|            Nearhw|  return value|
|X_near_address0            |  out|   10|   ap_memory|            X_near|         array|
|X_near_ce0                 |  out|    1|   ap_memory|            X_near|         array|
|X_near_we0                 |  out|    1|   ap_memory|            X_near|         array|
|X_near_d0                  |  out|   16|   ap_memory|            X_near|         array|
|RRT_Star_Pos_0_0_address0  |  out|   14|   ap_memory|  RRT_Star_Pos_0_0|         array|
|RRT_Star_Pos_0_0_ce0       |  out|    1|   ap_memory|  RRT_Star_Pos_0_0|         array|
|RRT_Star_Pos_0_0_q0        |   in|   32|   ap_memory|  RRT_Star_Pos_0_0|         array|
|RRT_Star_Pos_0_1_address0  |  out|   14|   ap_memory|  RRT_Star_Pos_0_1|         array|
|RRT_Star_Pos_0_1_ce0       |  out|    1|   ap_memory|  RRT_Star_Pos_0_1|         array|
|RRT_Star_Pos_0_1_q0        |   in|   32|   ap_memory|  RRT_Star_Pos_0_1|         array|
|RRT_Star_Pos_1_address0    |  out|   14|   ap_memory|    RRT_Star_Pos_1|         array|
|RRT_Star_Pos_1_ce0         |  out|    1|   ap_memory|    RRT_Star_Pos_1|         array|
|RRT_Star_Pos_1_q0          |   in|   16|   ap_memory|    RRT_Star_Pos_1|         array|
|p_read                     |   in|   32|     ap_none|            p_read|        scalar|
|p_read1                    |   in|   32|     ap_none|           p_read1|        scalar|
|Squared_r_n                |   in|   32|     ap_none|       Squared_r_n|        scalar|
|N                          |   in|   14|     ap_none|                 N|        scalar|
+---------------------------+-----+-----+------------+------------------+--------------+

============================================================
+ Verbose Summary: Synthesis Manager
============================================================
InlineROM: 1
ExposeGlobal: 0
============================================================
+ Verbose Summary: CDFG Model
============================================================
IsTopModel: 0
ResetActiveHigh: 1
IsCombinational: 2
IsDatapathOnly: 2
HasWiredReturn: 1
HasMFsm: 2
HasVarLatency: 1
IsPipeline: 0
IsRtlPipelined: 0
IsInstanceOverlapped: 0
IsDontTouch: 0
HasImplIP: 0
IsGatedGlobalClock: 0

+ Individual pipeline summary: 
  * Pipeline-0: initiation interval (II) = 1, depth = 30


============================================================
+ Verbose Summary: Schedule
============================================================
* Number of FSM states : 38
* Pipeline : 1
  Pipeline-0 : II = 1, D = 30, States = { 8 9 10 11 12 13 14 15 16 17 18 19 20 21 22 23 24 25 26 27 28 29 30 31 32 33 34 35 36 37 }
* Dataflow Pipeline: 0

* FSM state transitions: 
1 --> 2 
2 --> 3 
3 --> 4 
4 --> 5 
5 --> 6 
6 --> 7 
7 --> 8 
8 --> 38 9 
9 --> 10 
10 --> 11 
11 --> 12 
12 --> 13 
13 --> 14 
14 --> 15 
15 --> 16 
16 --> 17 
17 --> 18 
18 --> 19 
19 --> 20 
20 --> 21 
21 --> 22 
22 --> 23 
23 --> 24 
24 --> 25 
25 --> 26 
26 --> 27 
27 --> 28 
28 --> 29 
29 --> 30 
30 --> 31 
31 --> 32 
32 --> 33 
33 --> 34 
34 --> 35 
35 --> 36 
36 --> 37 
37 --> 8 
38 --> 

* FSM state operations: 

State 1 <SV = 0> <Delay = 6.31>
ST_1 : Operation 39 [1/1] (0.00ns)   --->   "%i = alloca i32 1"   --->   Operation 39 'alloca' 'i' <Predicate = true> <Delay = 0.00>
ST_1 : Operation 40 [1/1] (0.00ns)   --->   "%empty = alloca i32 1"   --->   Operation 40 'alloca' 'empty' <Predicate = true> <Delay = 0.00>
ST_1 : Operation 41 [1/1] (0.00ns)   --->   "%X_near_count_0 = alloca i32 1"   --->   Operation 41 'alloca' 'X_near_count_0' <Predicate = true> <Delay = 0.00>
ST_1 : Operation 42 [1/1] (0.00ns)   --->   "%p_read_1 = read i32 @_ssdm_op_Read.ap_auto.i32, i32 %p_read1"   --->   Operation 42 'read' 'p_read_1' <Predicate = true> <Delay = 0.00>
ST_1 : Operation 43 [1/1] (0.00ns)   --->   "%p_read_2 = read i32 @_ssdm_op_Read.ap_auto.i32, i32 %p_read"   --->   Operation 43 'read' 'p_read_2' <Predicate = true> <Delay = 0.00>
ST_1 : Operation 44 [7/7] (6.31ns)   --->   "%conv_i_i = sitofp i32 %p_read_2"   --->   Operation 44 'sitofp' 'conv_i_i' <Predicate = true> <Delay = 6.31> <CoreInst = "Int2Float">   --->   Core 62 'Int2Float' <Latency = 6> <II = 1> <Delay = 6.31> <FuncUnit> <Opcode : 'sitofp' 'uitofp'> <InPorts = 1> <OutPorts = 1>
ST_1 : Operation 45 [7/7] (6.31ns)   --->   "%conv9_i_i = sitofp i32 %p_read_1"   --->   Operation 45 'sitofp' 'conv9_i_i' <Predicate = true> <Delay = 6.31> <CoreInst = "Int2Float">   --->   Core 62 'Int2Float' <Latency = 6> <II = 1> <Delay = 6.31> <FuncUnit> <Opcode : 'sitofp' 'uitofp'> <InPorts = 1> <OutPorts = 1>
ST_1 : Operation 46 [1/1] (1.58ns)   --->   "%store_ln141 = store i32 0, i32 %X_near_count_0" [new_fixedpoint2205/main.cpp:141]   --->   Operation 46 'store' 'store_ln141' <Predicate = true> <Delay = 1.58>
ST_1 : Operation 47 [1/1] (1.58ns)   --->   "%store_ln141 = store i32 0, i32 %empty" [new_fixedpoint2205/main.cpp:141]   --->   Operation 47 'store' 'store_ln141' <Predicate = true> <Delay = 1.58>
ST_1 : Operation 48 [1/1] (1.58ns)   --->   "%store_ln141 = store i14 0, i14 %i" [new_fixedpoint2205/main.cpp:141]   --->   Operation 48 'store' 'store_ln141' <Predicate = true> <Delay = 1.58>

State 2 <SV = 1> <Delay = 6.31>
ST_2 : Operation 49 [6/7] (6.31ns)   --->   "%conv_i_i = sitofp i32 %p_read_2"   --->   Operation 49 'sitofp' 'conv_i_i' <Predicate = true> <Delay = 6.31> <CoreInst = "Int2Float">   --->   Core 62 'Int2Float' <Latency = 6> <II = 1> <Delay = 6.31> <FuncUnit> <Opcode : 'sitofp' 'uitofp'> <InPorts = 1> <OutPorts = 1>
ST_2 : Operation 50 [6/7] (6.31ns)   --->   "%conv9_i_i = sitofp i32 %p_read_1"   --->   Operation 50 'sitofp' 'conv9_i_i' <Predicate = true> <Delay = 6.31> <CoreInst = "Int2Float">   --->   Core 62 'Int2Float' <Latency = 6> <II = 1> <Delay = 6.31> <FuncUnit> <Opcode : 'sitofp' 'uitofp'> <InPorts = 1> <OutPorts = 1>

State 3 <SV = 2> <Delay = 6.31>
ST_3 : Operation 51 [5/7] (6.31ns)   --->   "%conv_i_i = sitofp i32 %p_read_2"   --->   Operation 51 'sitofp' 'conv_i_i' <Predicate = true> <Delay = 6.31> <CoreInst = "Int2Float">   --->   Core 62 'Int2Float' <Latency = 6> <II = 1> <Delay = 6.31> <FuncUnit> <Opcode : 'sitofp' 'uitofp'> <InPorts = 1> <OutPorts = 1>
ST_3 : Operation 52 [5/7] (6.31ns)   --->   "%conv9_i_i = sitofp i32 %p_read_1"   --->   Operation 52 'sitofp' 'conv9_i_i' <Predicate = true> <Delay = 6.31> <CoreInst = "Int2Float">   --->   Core 62 'Int2Float' <Latency = 6> <II = 1> <Delay = 6.31> <FuncUnit> <Opcode : 'sitofp' 'uitofp'> <InPorts = 1> <OutPorts = 1>

State 4 <SV = 3> <Delay = 6.31>
ST_4 : Operation 53 [4/7] (6.31ns)   --->   "%conv_i_i = sitofp i32 %p_read_2"   --->   Operation 53 'sitofp' 'conv_i_i' <Predicate = true> <Delay = 6.31> <CoreInst = "Int2Float">   --->   Core 62 'Int2Float' <Latency = 6> <II = 1> <Delay = 6.31> <FuncUnit> <Opcode : 'sitofp' 'uitofp'> <InPorts = 1> <OutPorts = 1>
ST_4 : Operation 54 [4/7] (6.31ns)   --->   "%conv9_i_i = sitofp i32 %p_read_1"   --->   Operation 54 'sitofp' 'conv9_i_i' <Predicate = true> <Delay = 6.31> <CoreInst = "Int2Float">   --->   Core 62 'Int2Float' <Latency = 6> <II = 1> <Delay = 6.31> <FuncUnit> <Opcode : 'sitofp' 'uitofp'> <InPorts = 1> <OutPorts = 1>

State 5 <SV = 4> <Delay = 6.31>
ST_5 : Operation 55 [3/7] (6.31ns)   --->   "%conv_i_i = sitofp i32 %p_read_2"   --->   Operation 55 'sitofp' 'conv_i_i' <Predicate = true> <Delay = 6.31> <CoreInst = "Int2Float">   --->   Core 62 'Int2Float' <Latency = 6> <II = 1> <Delay = 6.31> <FuncUnit> <Opcode : 'sitofp' 'uitofp'> <InPorts = 1> <OutPorts = 1>
ST_5 : Operation 56 [3/7] (6.31ns)   --->   "%conv9_i_i = sitofp i32 %p_read_1"   --->   Operation 56 'sitofp' 'conv9_i_i' <Predicate = true> <Delay = 6.31> <CoreInst = "Int2Float">   --->   Core 62 'Int2Float' <Latency = 6> <II = 1> <Delay = 6.31> <FuncUnit> <Opcode : 'sitofp' 'uitofp'> <InPorts = 1> <OutPorts = 1>

State 6 <SV = 5> <Delay = 6.31>
ST_6 : Operation 57 [2/7] (6.31ns)   --->   "%conv_i_i = sitofp i32 %p_read_2"   --->   Operation 57 'sitofp' 'conv_i_i' <Predicate = true> <Delay = 6.31> <CoreInst = "Int2Float">   --->   Core 62 'Int2Float' <Latency = 6> <II = 1> <Delay = 6.31> <FuncUnit> <Opcode : 'sitofp' 'uitofp'> <InPorts = 1> <OutPorts = 1>
ST_6 : Operation 58 [2/7] (6.31ns)   --->   "%conv9_i_i = sitofp i32 %p_read_1"   --->   Operation 58 'sitofp' 'conv9_i_i' <Predicate = true> <Delay = 6.31> <CoreInst = "Int2Float">   --->   Core 62 'Int2Float' <Latency = 6> <II = 1> <Delay = 6.31> <FuncUnit> <Opcode : 'sitofp' 'uitofp'> <InPorts = 1> <OutPorts = 1>

State 7 <SV = 6> <Delay = 6.31>
ST_7 : Operation 59 [1/1] (0.00ns)   --->   "%N_read = read i14 @_ssdm_op_Read.ap_auto.i14, i14 %N"   --->   Operation 59 'read' 'N_read' <Predicate = true> <Delay = 0.00>
ST_7 : Operation 60 [1/1] (0.00ns)   --->   "%Squared_r_n_read = read i32 @_ssdm_op_Read.ap_auto.i32, i32 %Squared_r_n"   --->   Operation 60 'read' 'Squared_r_n_read' <Predicate = true> <Delay = 0.00>
ST_7 : Operation 61 [1/7] (6.31ns)   --->   "%conv_i_i = sitofp i32 %p_read_2"   --->   Operation 61 'sitofp' 'conv_i_i' <Predicate = true> <Delay = 6.31> <CoreInst = "Int2Float">   --->   Core 62 'Int2Float' <Latency = 6> <II = 1> <Delay = 6.31> <FuncUnit> <Opcode : 'sitofp' 'uitofp'> <InPorts = 1> <OutPorts = 1>
ST_7 : Operation 62 [1/7] (6.31ns)   --->   "%conv9_i_i = sitofp i32 %p_read_1"   --->   Operation 62 'sitofp' 'conv9_i_i' <Predicate = true> <Delay = 6.31> <CoreInst = "Int2Float">   --->   Core 62 'Int2Float' <Latency = 6> <II = 1> <Delay = 6.31> <FuncUnit> <Opcode : 'sitofp' 'uitofp'> <InPorts = 1> <OutPorts = 1>
ST_7 : Operation 63 [1/1] (0.00ns)   --->   "%br_ln141 = br void" [new_fixedpoint2205/main.cpp:141]   --->   Operation 63 'br' 'br_ln141' <Predicate = true> <Delay = 0.00>

State 8 <SV = 7> <Delay = 3.79>
ST_8 : Operation 64 [1/1] (0.00ns)   --->   "%i_2 = load i14 %i" [new_fixedpoint2205/main.cpp:141]   --->   Operation 64 'load' 'i_2' <Predicate = true> <Delay = 0.00>
ST_8 : Operation 65 [1/1] (0.00ns)   --->   "%specpipeline_ln0 = specpipeline void @_ssdm_op_SpecPipeline, i32 4294967295, i32 0, i32 1, i32 0, void @p_str"   --->   Operation 65 'specpipeline' 'specpipeline_ln0' <Predicate = true> <Delay = 0.00>
ST_8 : Operation 66 [1/1] (2.20ns)   --->   "%icmp_ln141 = icmp_eq  i14 %i_2, i14 %N_read" [new_fixedpoint2205/main.cpp:141]   --->   Operation 66 'icmp' 'icmp_ln141' <Predicate = true> <Delay = 2.20> <CoreInst = "Cmp">   --->   Core 9 'Cmp' <Latency = 0> <II = 1> <Delay = 2.47> <FuncUnit> <Opcode : 'icmp'> <InPorts = 2> <OutPorts = 1>
ST_8 : Operation 67 [1/1] (1.81ns)   --->   "%add_ln141 = add i14 %i_2, i14 1" [new_fixedpoint2205/main.cpp:141]   --->   Operation 67 'add' 'add_ln141' <Predicate = true> <Delay = 1.81> <CoreInst = "Adder">   --->   Core 1 'Adder' <Latency = 0> <II = 1> <Delay = 1.91> <FuncUnit> <Opcode : 'add' 'sub'> <InPorts = 2> <OutPorts = 1>
ST_8 : Operation 68 [1/1] (0.00ns)   --->   "%br_ln141 = br i1 %icmp_ln141, void %.split, void %._crit_edge.loopexit" [new_fixedpoint2205/main.cpp:141]   --->   Operation 68 'br' 'br_ln141' <Predicate = true> <Delay = 0.00>
ST_8 : Operation 69 [1/1] (0.00ns)   --->   "%i_cast = zext i14 %i_2" [new_fixedpoint2205/main.cpp:141]   --->   Operation 69 'zext' 'i_cast' <Predicate = (!icmp_ln141)> <Delay = 0.00>
ST_8 : Operation 70 [1/1] (0.00ns)   --->   "%RRT_Star_Pos_0_0_addr = getelementptr i32 %RRT_Star_Pos_0_0, i64 0, i64 %i_cast" [new_fixedpoint2205/main.cpp:34]   --->   Operation 70 'getelementptr' 'RRT_Star_Pos_0_0_addr' <Predicate = (!icmp_ln141)> <Delay = 0.00>
ST_8 : Operation 71 [2/2] (3.25ns)   --->   "%B_x = load i14 %RRT_Star_Pos_0_0_addr" [new_fixedpoint2205/main.cpp:34]   --->   Operation 71 'load' 'B_x' <Predicate = (!icmp_ln141)> <Delay = 3.25> <CoreInst = "RAM">   --->   Core 82 'RAM' <Latency = 1> <II = 1> <Delay = 3.25> <Storage> <Opcode : 'load' 'store'> <Ports = 2> <Width = 32> <Depth = 10000> <RAM>
ST_8 : Operation 72 [1/1] (0.00ns)   --->   "%RRT_Star_Pos_0_1_addr = getelementptr i32 %RRT_Star_Pos_0_1, i64 0, i64 %i_cast" [new_fixedpoint2205/main.cpp:34]   --->   Operation 72 'getelementptr' 'RRT_Star_Pos_0_1_addr' <Predicate = (!icmp_ln141)> <Delay = 0.00>
ST_8 : Operation 73 [2/2] (3.25ns)   --->   "%B_y = load i14 %RRT_Star_Pos_0_1_addr" [new_fixedpoint2205/main.cpp:34]   --->   Operation 73 'load' 'B_y' <Predicate = (!icmp_ln141)> <Delay = 3.25> <CoreInst = "RAM">   --->   Core 82 'RAM' <Latency = 1> <II = 1> <Delay = 3.25> <Storage> <Opcode : 'load' 'store'> <Ports = 2> <Width = 32> <Depth = 10000> <RAM>
ST_8 : Operation 74 [1/1] (1.58ns)   --->   "%store_ln141 = store i14 %add_ln141, i14 %i" [new_fixedpoint2205/main.cpp:141]   --->   Operation 74 'store' 'store_ln141' <Predicate = (!icmp_ln141)> <Delay = 1.58>
ST_8 : Operation 75 [1/1] (0.00ns)   --->   "%br_ln0 = br void"   --->   Operation 75 'br' 'br_ln0' <Predicate = (!icmp_ln141)> <Delay = 0.00>

State 9 <SV = 8> <Delay = 3.25>
ST_9 : Operation 76 [1/2] (3.25ns)   --->   "%B_x = load i14 %RRT_Star_Pos_0_0_addr" [new_fixedpoint2205/main.cpp:34]   --->   Operation 76 'load' 'B_x' <Predicate = true> <Delay = 3.25> <CoreInst = "RAM">   --->   Core 82 'RAM' <Latency = 1> <II = 1> <Delay = 3.25> <Storage> <Opcode : 'load' 'store'> <Ports = 2> <Width = 32> <Depth = 10000> <RAM>
ST_9 : Operation 77 [1/2] (3.25ns)   --->   "%B_y = load i14 %RRT_Star_Pos_0_1_addr" [new_fixedpoint2205/main.cpp:34]   --->   Operation 77 'load' 'B_y' <Predicate = true> <Delay = 3.25> <CoreInst = "RAM">   --->   Core 82 'RAM' <Latency = 1> <II = 1> <Delay = 3.25> <Storage> <Opcode : 'load' 'store'> <Ports = 2> <Width = 32> <Depth = 10000> <RAM>

State 10 <SV = 9> <Delay = 6.31>
ST_10 : Operation 78 [7/7] (6.31ns)   --->   "%conv_i_i_i = sitofp i32 %B_x" [new_fixedpoint2205/Aux_Lib_hw.hpp:27]   --->   Operation 78 'sitofp' 'conv_i_i_i' <Predicate = true> <Delay = 6.31> <CoreInst = "Int2Float">   --->   Core 62 'Int2Float' <Latency = 6> <II = 1> <Delay = 6.31> <FuncUnit> <Opcode : 'sitofp' 'uitofp'> <InPorts = 1> <OutPorts = 1>
ST_10 : Operation 79 [7/7] (6.31ns)   --->   "%conv_i2_i_i = sitofp i32 %B_y" [new_fixedpoint2205/Aux_Lib_hw.hpp:31]   --->   Operation 79 'sitofp' 'conv_i2_i_i' <Predicate = true> <Delay = 6.31> <CoreInst = "Int2Float">   --->   Core 62 'Int2Float' <Latency = 6> <II = 1> <Delay = 6.31> <FuncUnit> <Opcode : 'sitofp' 'uitofp'> <InPorts = 1> <OutPorts = 1>

State 11 <SV = 10> <Delay = 6.31>
ST_11 : Operation 80 [6/7] (6.31ns)   --->   "%conv_i_i_i = sitofp i32 %B_x" [new_fixedpoint2205/Aux_Lib_hw.hpp:27]   --->   Operation 80 'sitofp' 'conv_i_i_i' <Predicate = true> <Delay = 6.31> <CoreInst = "Int2Float">   --->   Core 62 'Int2Float' <Latency = 6> <II = 1> <Delay = 6.31> <FuncUnit> <Opcode : 'sitofp' 'uitofp'> <InPorts = 1> <OutPorts = 1>
ST_11 : Operation 81 [6/7] (6.31ns)   --->   "%conv_i2_i_i = sitofp i32 %B_y" [new_fixedpoint2205/Aux_Lib_hw.hpp:31]   --->   Operation 81 'sitofp' 'conv_i2_i_i' <Predicate = true> <Delay = 6.31> <CoreInst = "Int2Float">   --->   Core 62 'Int2Float' <Latency = 6> <II = 1> <Delay = 6.31> <FuncUnit> <Opcode : 'sitofp' 'uitofp'> <InPorts = 1> <OutPorts = 1>

State 12 <SV = 11> <Delay = 6.31>
ST_12 : Operation 82 [5/7] (6.31ns)   --->   "%conv_i_i_i = sitofp i32 %B_x" [new_fixedpoint2205/Aux_Lib_hw.hpp:27]   --->   Operation 82 'sitofp' 'conv_i_i_i' <Predicate = true> <Delay = 6.31> <CoreInst = "Int2Float">   --->   Core 62 'Int2Float' <Latency = 6> <II = 1> <Delay = 6.31> <FuncUnit> <Opcode : 'sitofp' 'uitofp'> <InPorts = 1> <OutPorts = 1>
ST_12 : Operation 83 [5/7] (6.31ns)   --->   "%conv_i2_i_i = sitofp i32 %B_y" [new_fixedpoint2205/Aux_Lib_hw.hpp:31]   --->   Operation 83 'sitofp' 'conv_i2_i_i' <Predicate = true> <Delay = 6.31> <CoreInst = "Int2Float">   --->   Core 62 'Int2Float' <Latency = 6> <II = 1> <Delay = 6.31> <FuncUnit> <Opcode : 'sitofp' 'uitofp'> <InPorts = 1> <OutPorts = 1>

State 13 <SV = 12> <Delay = 6.31>
ST_13 : Operation 84 [4/7] (6.31ns)   --->   "%conv_i_i_i = sitofp i32 %B_x" [new_fixedpoint2205/Aux_Lib_hw.hpp:27]   --->   Operation 84 'sitofp' 'conv_i_i_i' <Predicate = true> <Delay = 6.31> <CoreInst = "Int2Float">   --->   Core 62 'Int2Float' <Latency = 6> <II = 1> <Delay = 6.31> <FuncUnit> <Opcode : 'sitofp' 'uitofp'> <InPorts = 1> <OutPorts = 1>
ST_13 : Operation 85 [4/7] (6.31ns)   --->   "%conv_i2_i_i = sitofp i32 %B_y" [new_fixedpoint2205/Aux_Lib_hw.hpp:31]   --->   Operation 85 'sitofp' 'conv_i2_i_i' <Predicate = true> <Delay = 6.31> <CoreInst = "Int2Float">   --->   Core 62 'Int2Float' <Latency = 6> <II = 1> <Delay = 6.31> <FuncUnit> <Opcode : 'sitofp' 'uitofp'> <InPorts = 1> <OutPorts = 1>

State 14 <SV = 13> <Delay = 6.31>
ST_14 : Operation 86 [3/7] (6.31ns)   --->   "%conv_i_i_i = sitofp i32 %B_x" [new_fixedpoint2205/Aux_Lib_hw.hpp:27]   --->   Operation 86 'sitofp' 'conv_i_i_i' <Predicate = true> <Delay = 6.31> <CoreInst = "Int2Float">   --->   Core 62 'Int2Float' <Latency = 6> <II = 1> <Delay = 6.31> <FuncUnit> <Opcode : 'sitofp' 'uitofp'> <InPorts = 1> <OutPorts = 1>
ST_14 : Operation 87 [3/7] (6.31ns)   --->   "%conv_i2_i_i = sitofp i32 %B_y" [new_fixedpoint2205/Aux_Lib_hw.hpp:31]   --->   Operation 87 'sitofp' 'conv_i2_i_i' <Predicate = true> <Delay = 6.31> <CoreInst = "Int2Float">   --->   Core 62 'Int2Float' <Latency = 6> <II = 1> <Delay = 6.31> <FuncUnit> <Opcode : 'sitofp' 'uitofp'> <InPorts = 1> <OutPorts = 1>

State 15 <SV = 14> <Delay = 6.31>
ST_15 : Operation 88 [2/7] (6.31ns)   --->   "%conv_i_i_i = sitofp i32 %B_x" [new_fixedpoint2205/Aux_Lib_hw.hpp:27]   --->   Operation 88 'sitofp' 'conv_i_i_i' <Predicate = true> <Delay = 6.31> <CoreInst = "Int2Float">   --->   Core 62 'Int2Float' <Latency = 6> <II = 1> <Delay = 6.31> <FuncUnit> <Opcode : 'sitofp' 'uitofp'> <InPorts = 1> <OutPorts = 1>
ST_15 : Operation 89 [2/7] (6.31ns)   --->   "%conv_i2_i_i = sitofp i32 %B_y" [new_fixedpoint2205/Aux_Lib_hw.hpp:31]   --->   Operation 89 'sitofp' 'conv_i2_i_i' <Predicate = true> <Delay = 6.31> <CoreInst = "Int2Float">   --->   Core 62 'Int2Float' <Latency = 6> <II = 1> <Delay = 6.31> <FuncUnit> <Opcode : 'sitofp' 'uitofp'> <InPorts = 1> <OutPorts = 1>

State 16 <SV = 15> <Delay = 6.31>
ST_16 : Operation 90 [1/7] (6.31ns)   --->   "%conv_i_i_i = sitofp i32 %B_x" [new_fixedpoint2205/Aux_Lib_hw.hpp:27]   --->   Operation 90 'sitofp' 'conv_i_i_i' <Predicate = true> <Delay = 6.31> <CoreInst = "Int2Float">   --->   Core 62 'Int2Float' <Latency = 6> <II = 1> <Delay = 6.31> <FuncUnit> <Opcode : 'sitofp' 'uitofp'> <InPorts = 1> <OutPorts = 1>
ST_16 : Operation 91 [1/7] (6.31ns)   --->   "%conv_i2_i_i = sitofp i32 %B_y" [new_fixedpoint2205/Aux_Lib_hw.hpp:31]   --->   Operation 91 'sitofp' 'conv_i2_i_i' <Predicate = true> <Delay = 6.31> <CoreInst = "Int2Float">   --->   Core 62 'Int2Float' <Latency = 6> <II = 1> <Delay = 6.31> <FuncUnit> <Opcode : 'sitofp' 'uitofp'> <InPorts = 1> <OutPorts = 1>

State 17 <SV = 16> <Delay = 4.34>
ST_17 : Operation 92 [9/9] (4.34ns)   --->   "%dc = fsub i32 %conv_i_i, i32 %conv_i_i_i" [new_fixedpoint2205/Aux_Lib_hw.hpp:35]   --->   Operation 92 'fsub' 'dc' <Predicate = true> <Delay = 4.34> <CoreInst = "FAddSub_fulldsp">   --->   Core 18 'FAddSub_fulldsp' <Latency = 8> <II = 1> <Delay = 4.34> <FuncUnit> <Opcode : 'fadd' 'fsub'> <InPorts = 2> <OutPorts = 1>
ST_17 : Operation 93 [9/9] (4.34ns)   --->   "%dc_3 = fsub i32 %conv9_i_i, i32 %conv_i2_i_i" [new_fixedpoint2205/Aux_Lib_hw.hpp:35]   --->   Operation 93 'fsub' 'dc_3' <Predicate = true> <Delay = 4.34> <CoreInst = "FAddSub_fulldsp">   --->   Core 18 'FAddSub_fulldsp' <Latency = 8> <II = 1> <Delay = 4.34> <FuncUnit> <Opcode : 'fadd' 'fsub'> <InPorts = 2> <OutPorts = 1>

State 18 <SV = 17> <Delay = 4.34>
ST_18 : Operation 94 [8/9] (4.34ns)   --->   "%dc = fsub i32 %conv_i_i, i32 %conv_i_i_i" [new_fixedpoint2205/Aux_Lib_hw.hpp:35]   --->   Operation 94 'fsub' 'dc' <Predicate = true> <Delay = 4.34> <CoreInst = "FAddSub_fulldsp">   --->   Core 18 'FAddSub_fulldsp' <Latency = 8> <II = 1> <Delay = 4.34> <FuncUnit> <Opcode : 'fadd' 'fsub'> <InPorts = 2> <OutPorts = 1>
ST_18 : Operation 95 [8/9] (4.34ns)   --->   "%dc_3 = fsub i32 %conv9_i_i, i32 %conv_i2_i_i" [new_fixedpoint2205/Aux_Lib_hw.hpp:35]   --->   Operation 95 'fsub' 'dc_3' <Predicate = true> <Delay = 4.34> <CoreInst = "FAddSub_fulldsp">   --->   Core 18 'FAddSub_fulldsp' <Latency = 8> <II = 1> <Delay = 4.34> <FuncUnit> <Opcode : 'fadd' 'fsub'> <InPorts = 2> <OutPorts = 1>

State 19 <SV = 18> <Delay = 4.34>
ST_19 : Operation 96 [7/9] (4.34ns)   --->   "%dc = fsub i32 %conv_i_i, i32 %conv_i_i_i" [new_fixedpoint2205/Aux_Lib_hw.hpp:35]   --->   Operation 96 'fsub' 'dc' <Predicate = true> <Delay = 4.34> <CoreInst = "FAddSub_fulldsp">   --->   Core 18 'FAddSub_fulldsp' <Latency = 8> <II = 1> <Delay = 4.34> <FuncUnit> <Opcode : 'fadd' 'fsub'> <InPorts = 2> <OutPorts = 1>
ST_19 : Operation 97 [7/9] (4.34ns)   --->   "%dc_3 = fsub i32 %conv9_i_i, i32 %conv_i2_i_i" [new_fixedpoint2205/Aux_Lib_hw.hpp:35]   --->   Operation 97 'fsub' 'dc_3' <Predicate = true> <Delay = 4.34> <CoreInst = "FAddSub_fulldsp">   --->   Core 18 'FAddSub_fulldsp' <Latency = 8> <II = 1> <Delay = 4.34> <FuncUnit> <Opcode : 'fadd' 'fsub'> <InPorts = 2> <OutPorts = 1>

State 20 <SV = 19> <Delay = 4.34>
ST_20 : Operation 98 [6/9] (4.34ns)   --->   "%dc = fsub i32 %conv_i_i, i32 %conv_i_i_i" [new_fixedpoint2205/Aux_Lib_hw.hpp:35]   --->   Operation 98 'fsub' 'dc' <Predicate = true> <Delay = 4.34> <CoreInst = "FAddSub_fulldsp">   --->   Core 18 'FAddSub_fulldsp' <Latency = 8> <II = 1> <Delay = 4.34> <FuncUnit> <Opcode : 'fadd' 'fsub'> <InPorts = 2> <OutPorts = 1>
ST_20 : Operation 99 [6/9] (4.34ns)   --->   "%dc_3 = fsub i32 %conv9_i_i, i32 %conv_i2_i_i" [new_fixedpoint2205/Aux_Lib_hw.hpp:35]   --->   Operation 99 'fsub' 'dc_3' <Predicate = true> <Delay = 4.34> <CoreInst = "FAddSub_fulldsp">   --->   Core 18 'FAddSub_fulldsp' <Latency = 8> <II = 1> <Delay = 4.34> <FuncUnit> <Opcode : 'fadd' 'fsub'> <InPorts = 2> <OutPorts = 1>

State 21 <SV = 20> <Delay = 4.34>
ST_21 : Operation 100 [5/9] (4.34ns)   --->   "%dc = fsub i32 %conv_i_i, i32 %conv_i_i_i" [new_fixedpoint2205/Aux_Lib_hw.hpp:35]   --->   Operation 100 'fsub' 'dc' <Predicate = true> <Delay = 4.34> <CoreInst = "FAddSub_fulldsp">   --->   Core 18 'FAddSub_fulldsp' <Latency = 8> <II = 1> <Delay = 4.34> <FuncUnit> <Opcode : 'fadd' 'fsub'> <InPorts = 2> <OutPorts = 1>
ST_21 : Operation 101 [5/9] (4.34ns)   --->   "%dc_3 = fsub i32 %conv9_i_i, i32 %conv_i2_i_i" [new_fixedpoint2205/Aux_Lib_hw.hpp:35]   --->   Operation 101 'fsub' 'dc_3' <Predicate = true> <Delay = 4.34> <CoreInst = "FAddSub_fulldsp">   --->   Core 18 'FAddSub_fulldsp' <Latency = 8> <II = 1> <Delay = 4.34> <FuncUnit> <Opcode : 'fadd' 'fsub'> <InPorts = 2> <OutPorts = 1>

State 22 <SV = 21> <Delay = 4.34>
ST_22 : Operation 102 [4/9] (4.34ns)   --->   "%dc = fsub i32 %conv_i_i, i32 %conv_i_i_i" [new_fixedpoint2205/Aux_Lib_hw.hpp:35]   --->   Operation 102 'fsub' 'dc' <Predicate = true> <Delay = 4.34> <CoreInst = "FAddSub_fulldsp">   --->   Core 18 'FAddSub_fulldsp' <Latency = 8> <II = 1> <Delay = 4.34> <FuncUnit> <Opcode : 'fadd' 'fsub'> <InPorts = 2> <OutPorts = 1>
ST_22 : Operation 103 [4/9] (4.34ns)   --->   "%dc_3 = fsub i32 %conv9_i_i, i32 %conv_i2_i_i" [new_fixedpoint2205/Aux_Lib_hw.hpp:35]   --->   Operation 103 'fsub' 'dc_3' <Predicate = true> <Delay = 4.34> <CoreInst = "FAddSub_fulldsp">   --->   Core 18 'FAddSub_fulldsp' <Latency = 8> <II = 1> <Delay = 4.34> <FuncUnit> <Opcode : 'fadd' 'fsub'> <InPorts = 2> <OutPorts = 1>

State 23 <SV = 22> <Delay = 4.34>
ST_23 : Operation 104 [3/9] (4.34ns)   --->   "%dc = fsub i32 %conv_i_i, i32 %conv_i_i_i" [new_fixedpoint2205/Aux_Lib_hw.hpp:35]   --->   Operation 104 'fsub' 'dc' <Predicate = true> <Delay = 4.34> <CoreInst = "FAddSub_fulldsp">   --->   Core 18 'FAddSub_fulldsp' <Latency = 8> <II = 1> <Delay = 4.34> <FuncUnit> <Opcode : 'fadd' 'fsub'> <InPorts = 2> <OutPorts = 1>
ST_23 : Operation 105 [3/9] (4.34ns)   --->   "%dc_3 = fsub i32 %conv9_i_i, i32 %conv_i2_i_i" [new_fixedpoint2205/Aux_Lib_hw.hpp:35]   --->   Operation 105 'fsub' 'dc_3' <Predicate = true> <Delay = 4.34> <CoreInst = "FAddSub_fulldsp">   --->   Core 18 'FAddSub_fulldsp' <Latency = 8> <II = 1> <Delay = 4.34> <FuncUnit> <Opcode : 'fadd' 'fsub'> <InPorts = 2> <OutPorts = 1>

State 24 <SV = 23> <Delay = 4.34>
ST_24 : Operation 106 [2/9] (4.34ns)   --->   "%dc = fsub i32 %conv_i_i, i32 %conv_i_i_i" [new_fixedpoint2205/Aux_Lib_hw.hpp:35]   --->   Operation 106 'fsub' 'dc' <Predicate = true> <Delay = 4.34> <CoreInst = "FAddSub_fulldsp">   --->   Core 18 'FAddSub_fulldsp' <Latency = 8> <II = 1> <Delay = 4.34> <FuncUnit> <Opcode : 'fadd' 'fsub'> <InPorts = 2> <OutPorts = 1>
ST_24 : Operation 107 [2/9] (4.34ns)   --->   "%dc_3 = fsub i32 %conv9_i_i, i32 %conv_i2_i_i" [new_fixedpoint2205/Aux_Lib_hw.hpp:35]   --->   Operation 107 'fsub' 'dc_3' <Predicate = true> <Delay = 4.34> <CoreInst = "FAddSub_fulldsp">   --->   Core 18 'FAddSub_fulldsp' <Latency = 8> <II = 1> <Delay = 4.34> <FuncUnit> <Opcode : 'fadd' 'fsub'> <InPorts = 2> <OutPorts = 1>

State 25 <SV = 24> <Delay = 4.34>
ST_25 : Operation 108 [1/9] (4.34ns)   --->   "%dc = fsub i32 %conv_i_i, i32 %conv_i_i_i" [new_fixedpoint2205/Aux_Lib_hw.hpp:35]   --->   Operation 108 'fsub' 'dc' <Predicate = true> <Delay = 4.34> <CoreInst = "FAddSub_fulldsp">   --->   Core 18 'FAddSub_fulldsp' <Latency = 8> <II = 1> <Delay = 4.34> <FuncUnit> <Opcode : 'fadd' 'fsub'> <InPorts = 2> <OutPorts = 1>
ST_25 : Operation 109 [1/9] (4.34ns)   --->   "%dc_3 = fsub i32 %conv9_i_i, i32 %conv_i2_i_i" [new_fixedpoint2205/Aux_Lib_hw.hpp:35]   --->   Operation 109 'fsub' 'dc_3' <Predicate = true> <Delay = 4.34> <CoreInst = "FAddSub_fulldsp">   --->   Core 18 'FAddSub_fulldsp' <Latency = 8> <II = 1> <Delay = 4.34> <FuncUnit> <Opcode : 'fadd' 'fsub'> <InPorts = 2> <OutPorts = 1>

State 26 <SV = 25> <Delay = 2.88>
ST_26 : Operation 110 [1/1] (0.00ns)   --->   "%data_V = bitcast i32 %dc" [/wrk/ci/prod/2021.2/rdi_builds/continuous/2021_10_19_3367213/src/shared/hls/clib/src/hls/utils/x_hls_utils.h:315]   --->   Operation 110 'bitcast' 'data_V' <Predicate = true> <Delay = 0.00>
ST_26 : Operation 111 [1/1] (0.00ns)   --->   "%p_Result_s = bitselect i1 @_ssdm_op_BitSelect.i1.i32.i32, i32 %data_V, i32 31"   --->   Operation 111 'bitselect' 'p_Result_s' <Predicate = true> <Delay = 0.00>
ST_26 : Operation 112 [1/1] (0.00ns)   --->   "%tmp_40 = partselect i8 @_ssdm_op_PartSelect.i8.i32.i32.i32, i32 %data_V, i32 23, i32 30"   --->   Operation 112 'partselect' 'tmp_40' <Predicate = true> <Delay = 0.00>
ST_26 : Operation 113 [1/1] (0.00ns)   --->   "%tmp_41 = trunc i32 %data_V"   --->   Operation 113 'trunc' 'tmp_41' <Predicate = true> <Delay = 0.00>
ST_26 : Operation 114 [1/1] (0.00ns)   --->   "%zext_ln344 = zext i8 %tmp_40" [/wrk/ci/prod/2021.2/rdi_builds/continuous/2021_10_19_3367213/src/shared/hls/clib/src/hls/utils/x_hls_utils.h:344]   --->   Operation 114 'zext' 'zext_ln344' <Predicate = true> <Delay = 0.00>
ST_26 : Operation 115 [1/1] (1.91ns)   --->   "%add_ln344 = add i9 %zext_ln344, i9 385" [/wrk/ci/prod/2021.2/rdi_builds/continuous/2021_10_19_3367213/src/shared/hls/clib/src/hls/utils/x_hls_utils.h:344]   --->   Operation 115 'add' 'add_ln344' <Predicate = true> <Delay = 1.91> <CoreInst = "Adder">   --->   Core 1 'Adder' <Latency = 0> <II = 1> <Delay = 1.91> <FuncUnit> <Opcode : 'add' 'sub'> <InPorts = 2> <OutPorts = 1>
ST_26 : Operation 116 [1/1] (0.00ns)   --->   "%isNeg = bitselect i1 @_ssdm_op_BitSelect.i1.i9.i32, i9 %add_ln344, i32 8"   --->   Operation 116 'bitselect' 'isNeg' <Predicate = true> <Delay = 0.00>
ST_26 : Operation 117 [1/1] (1.91ns)   --->   "%sub_ln1364 = sub i8 127, i8 %tmp_40"   --->   Operation 117 'sub' 'sub_ln1364' <Predicate = true> <Delay = 1.91> <CoreInst = "Adder">   --->   Core 1 'Adder' <Latency = 0> <II = 1> <Delay = 1.91> <FuncUnit> <Opcode : 'add' 'sub'> <InPorts = 2> <OutPorts = 1>
ST_26 : Operation 118 [1/1] (0.00ns)   --->   "%sext_ln1364 = sext i8 %sub_ln1364"   --->   Operation 118 'sext' 'sext_ln1364' <Predicate = true> <Delay = 0.00>
ST_26 : Operation 119 [1/1] (0.96ns)   --->   "%ush = select i1 %isNeg, i9 %sext_ln1364, i9 %add_ln344"   --->   Operation 119 'select' 'ush' <Predicate = true> <Delay = 0.96> <CoreInst = "Sel">   --->   Core 73 'Sel' <Latency = 0> <II = 1> <Delay = 0.69> <FuncUnit> <Opcode : 'select'> <InPorts = 3> <OutPorts = 1>
ST_26 : Operation 120 [1/1] (0.00ns)   --->   "%data_V_3 = bitcast i32 %dc_3" [/wrk/ci/prod/2021.2/rdi_builds/continuous/2021_10_19_3367213/src/shared/hls/clib/src/hls/utils/x_hls_utils.h:315]   --->   Operation 120 'bitcast' 'data_V_3' <Predicate = true> <Delay = 0.00>
ST_26 : Operation 121 [1/1] (0.00ns)   --->   "%p_Result_3 = bitselect i1 @_ssdm_op_BitSelect.i1.i32.i32, i32 %data_V_3, i32 31"   --->   Operation 121 'bitselect' 'p_Result_3' <Predicate = true> <Delay = 0.00>
ST_26 : Operation 122 [1/1] (0.00ns)   --->   "%tmp_42 = partselect i8 @_ssdm_op_PartSelect.i8.i32.i32.i32, i32 %data_V_3, i32 23, i32 30"   --->   Operation 122 'partselect' 'tmp_42' <Predicate = true> <Delay = 0.00>
ST_26 : Operation 123 [1/1] (0.00ns)   --->   "%tmp_43 = trunc i32 %data_V_3"   --->   Operation 123 'trunc' 'tmp_43' <Predicate = true> <Delay = 0.00>
ST_26 : Operation 124 [1/1] (0.00ns)   --->   "%zext_ln344_2 = zext i8 %tmp_42" [/wrk/ci/prod/2021.2/rdi_builds/continuous/2021_10_19_3367213/src/shared/hls/clib/src/hls/utils/x_hls_utils.h:344]   --->   Operation 124 'zext' 'zext_ln344_2' <Predicate = true> <Delay = 0.00>
ST_26 : Operation 125 [1/1] (1.91ns)   --->   "%add_ln344_2 = add i9 %zext_ln344_2, i9 385" [/wrk/ci/prod/2021.2/rdi_builds/continuous/2021_10_19_3367213/src/shared/hls/clib/src/hls/utils/x_hls_utils.h:344]   --->   Operation 125 'add' 'add_ln344_2' <Predicate = true> <Delay = 1.91> <CoreInst = "Adder">   --->   Core 1 'Adder' <Latency = 0> <II = 1> <Delay = 1.91> <FuncUnit> <Opcode : 'add' 'sub'> <InPorts = 2> <OutPorts = 1>
ST_26 : Operation 126 [1/1] (0.00ns)   --->   "%isNeg_3 = bitselect i1 @_ssdm_op_BitSelect.i1.i9.i32, i9 %add_ln344_2, i32 8"   --->   Operation 126 'bitselect' 'isNeg_3' <Predicate = true> <Delay = 0.00>
ST_26 : Operation 127 [1/1] (1.91ns)   --->   "%sub_ln1364_2 = sub i8 127, i8 %tmp_42"   --->   Operation 127 'sub' 'sub_ln1364_2' <Predicate = true> <Delay = 1.91> <CoreInst = "Adder">   --->   Core 1 'Adder' <Latency = 0> <II = 1> <Delay = 1.91> <FuncUnit> <Opcode : 'add' 'sub'> <InPorts = 2> <OutPorts = 1>
ST_26 : Operation 128 [1/1] (0.00ns)   --->   "%sext_ln1364_2 = sext i8 %sub_ln1364_2"   --->   Operation 128 'sext' 'sext_ln1364_2' <Predicate = true> <Delay = 0.00>
ST_26 : Operation 129 [1/1] (0.96ns)   --->   "%ush_3 = select i1 %isNeg_3, i9 %sext_ln1364_2, i9 %add_ln344_2"   --->   Operation 129 'select' 'ush_3' <Predicate = true> <Delay = 0.96> <CoreInst = "Sel">   --->   Core 73 'Sel' <Latency = 0> <II = 1> <Delay = 0.69> <FuncUnit> <Opcode : 'select'> <InPorts = 3> <OutPorts = 1>

State 27 <SV = 26> <Delay = 4.42>
ST_27 : Operation 130 [1/1] (0.00ns)   --->   "%mantissa = bitconcatenate i25 @_ssdm_op_BitConcatenate.i25.i1.i23.i1, i1 1, i23 %tmp_41, i1 0"   --->   Operation 130 'bitconcatenate' 'mantissa' <Predicate = true> <Delay = 0.00>
ST_27 : Operation 131 [1/1] (0.00ns)   --->   "%zext_ln15 = zext i25 %mantissa" [/wrk/ci/prod/2021.2/rdi_builds/continuous/2021_10_19_3367213/src/shared/hls/clib/hlsmath/include/FloatingPoint/hls_case_IEEE754.h:15]   --->   Operation 131 'zext' 'zext_ln15' <Predicate = true> <Delay = 0.00>
ST_27 : Operation 132 [1/1] (0.00ns)   --->   "%sext_ln1340 = sext i9 %ush"   --->   Operation 132 'sext' 'sext_ln1340' <Predicate = true> <Delay = 0.00>
ST_27 : Operation 133 [1/1] (0.00ns)   --->   "%zext_ln1340 = zext i32 %sext_ln1340"   --->   Operation 133 'zext' 'zext_ln1340' <Predicate = true> <Delay = 0.00>
ST_27 : Operation 134 [1/1] (0.00ns) (grouped into LUT with out node val)   --->   "%r_V = lshr i79 %zext_ln15, i79 %zext_ln1340"   --->   Operation 134 'lshr' 'r_V' <Predicate = (isNeg)> <Delay = 0.00> <CoreInst = "Shifter">   --->   Core 75 'Shifter' <Latency = 0> <II = 1> <Delay = 4.65> <FuncUnit> <Opcode : 'shl' 'lshr' 'ashr'> <InPorts = 2> <OutPorts = 1>
ST_27 : Operation 135 [1/1] (0.00ns) (grouped into LUT with out node val)   --->   "%r_V_9 = shl i79 %zext_ln15, i79 %zext_ln1340"   --->   Operation 135 'shl' 'r_V_9' <Predicate = (!isNeg)> <Delay = 0.00> <CoreInst = "Shifter">   --->   Core 75 'Shifter' <Latency = 0> <II = 1> <Delay = 4.65> <FuncUnit> <Opcode : 'shl' 'lshr' 'ashr'> <InPorts = 2> <OutPorts = 1>
ST_27 : Operation 136 [1/1] (0.00ns) (grouped into LUT with out node val)   --->   "%tmp = bitselect i1 @_ssdm_op_BitSelect.i1.i79.i32, i79 %r_V, i32 24"   --->   Operation 136 'bitselect' 'tmp' <Predicate = (isNeg)> <Delay = 0.00>
ST_27 : Operation 137 [1/1] (0.00ns) (grouped into LUT with out node val)   --->   "%zext_ln671 = zext i1 %tmp"   --->   Operation 137 'zext' 'zext_ln671' <Predicate = (isNeg)> <Delay = 0.00>
ST_27 : Operation 138 [1/1] (0.00ns) (grouped into LUT with out node val)   --->   "%tmp_s = partselect i32 @_ssdm_op_PartSelect.i32.i79.i32.i32, i79 %r_V_9, i32 24, i32 55"   --->   Operation 138 'partselect' 'tmp_s' <Predicate = (!isNeg)> <Delay = 0.00>
ST_27 : Operation 139 [1/1] (4.42ns) (out node of the LUT)   --->   "%val = select i1 %isNeg, i32 %zext_ln671, i32 %tmp_s"   --->   Operation 139 'select' 'val' <Predicate = true> <Delay = 4.42> <CoreInst = "Sel">   --->   Core 73 'Sel' <Latency = 0> <II = 1> <Delay = 0.69> <FuncUnit> <Opcode : 'select'> <InPorts = 3> <OutPorts = 1>
ST_27 : Operation 140 [1/1] (0.00ns)   --->   "%mantissa_2 = bitconcatenate i25 @_ssdm_op_BitConcatenate.i25.i1.i23.i1, i1 1, i23 %tmp_43, i1 0"   --->   Operation 140 'bitconcatenate' 'mantissa_2' <Predicate = true> <Delay = 0.00>
ST_27 : Operation 141 [1/1] (0.00ns)   --->   "%zext_ln15_2 = zext i25 %mantissa_2" [/wrk/ci/prod/2021.2/rdi_builds/continuous/2021_10_19_3367213/src/shared/hls/clib/hlsmath/include/FloatingPoint/hls_case_IEEE754.h:15]   --->   Operation 141 'zext' 'zext_ln15_2' <Predicate = true> <Delay = 0.00>
ST_27 : Operation 142 [1/1] (0.00ns)   --->   "%sext_ln1340_3 = sext i9 %ush_3"   --->   Operation 142 'sext' 'sext_ln1340_3' <Predicate = true> <Delay = 0.00>
ST_27 : Operation 143 [1/1] (0.00ns)   --->   "%zext_ln1340_3 = zext i32 %sext_ln1340_3"   --->   Operation 143 'zext' 'zext_ln1340_3' <Predicate = true> <Delay = 0.00>
ST_27 : Operation 144 [1/1] (0.00ns) (grouped into LUT with out node val_3)   --->   "%r_V_10 = lshr i79 %zext_ln15_2, i79 %zext_ln1340_3"   --->   Operation 144 'lshr' 'r_V_10' <Predicate = (isNeg_3)> <Delay = 0.00> <CoreInst = "Shifter">   --->   Core 75 'Shifter' <Latency = 0> <II = 1> <Delay = 4.65> <FuncUnit> <Opcode : 'shl' 'lshr' 'ashr'> <InPorts = 2> <OutPorts = 1>
ST_27 : Operation 145 [1/1] (0.00ns) (grouped into LUT with out node val_3)   --->   "%r_V_11 = shl i79 %zext_ln15_2, i79 %zext_ln1340_3"   --->   Operation 145 'shl' 'r_V_11' <Predicate = (!isNeg_3)> <Delay = 0.00> <CoreInst = "Shifter">   --->   Core 75 'Shifter' <Latency = 0> <II = 1> <Delay = 4.65> <FuncUnit> <Opcode : 'shl' 'lshr' 'ashr'> <InPorts = 2> <OutPorts = 1>
ST_27 : Operation 146 [1/1] (0.00ns) (grouped into LUT with out node val_3)   --->   "%tmp_39 = bitselect i1 @_ssdm_op_BitSelect.i1.i79.i32, i79 %r_V_10, i32 24"   --->   Operation 146 'bitselect' 'tmp_39' <Predicate = (isNeg_3)> <Delay = 0.00>
ST_27 : Operation 147 [1/1] (0.00ns) (grouped into LUT with out node val_3)   --->   "%zext_ln671_2 = zext i1 %tmp_39"   --->   Operation 147 'zext' 'zext_ln671_2' <Predicate = (isNeg_3)> <Delay = 0.00>
ST_27 : Operation 148 [1/1] (0.00ns) (grouped into LUT with out node val_3)   --->   "%tmp_6 = partselect i32 @_ssdm_op_PartSelect.i32.i79.i32.i32, i79 %r_V_11, i32 24, i32 55"   --->   Operation 148 'partselect' 'tmp_6' <Predicate = (!isNeg_3)> <Delay = 0.00>
ST_27 : Operation 149 [1/1] (4.42ns) (out node of the LUT)   --->   "%val_3 = select i1 %isNeg_3, i32 %zext_ln671_2, i32 %tmp_6"   --->   Operation 149 'select' 'val_3' <Predicate = true> <Delay = 4.42> <CoreInst = "Sel">   --->   Core 73 'Sel' <Latency = 0> <II = 1> <Delay = 0.69> <FuncUnit> <Opcode : 'select'> <InPorts = 3> <OutPorts = 1>

State 28 <SV = 27> <Delay = 3.25>
ST_28 : Operation 150 [1/1] (2.55ns)   --->   "%result_V_17 = sub i32 0, i32 %val"   --->   Operation 150 'sub' 'result_V_17' <Predicate = (p_Result_s)> <Delay = 2.55> <CoreInst = "Adder">   --->   Core 1 'Adder' <Latency = 0> <II = 1> <Delay = 1.91> <FuncUnit> <Opcode : 'add' 'sub'> <InPorts = 2> <OutPorts = 1>
ST_28 : Operation 151 [1/1] (0.69ns)   --->   "%result_V = select i1 %p_Result_s, i32 %result_V_17, i32 %val" [/wrk/ci/prod/2021.2/rdi_builds/continuous/2021_10_19_3367213/src/shared/hls/clib/hlsmath/include/FloatingPoint/hls_case_IEEE754.h:59]   --->   Operation 151 'select' 'result_V' <Predicate = true> <Delay = 0.69> <CoreInst = "Sel">   --->   Core 73 'Sel' <Latency = 0> <II = 1> <Delay = 0.69> <FuncUnit> <Opcode : 'select'> <InPorts = 3> <OutPorts = 1>
ST_28 : Operation 152 [1/1] (2.55ns)   --->   "%result_V_20 = sub i32 0, i32 %val_3"   --->   Operation 152 'sub' 'result_V_20' <Predicate = (p_Result_3)> <Delay = 2.55> <CoreInst = "Adder">   --->   Core 1 'Adder' <Latency = 0> <II = 1> <Delay = 1.91> <FuncUnit> <Opcode : 'add' 'sub'> <InPorts = 2> <OutPorts = 1>
ST_28 : Operation 153 [1/1] (0.69ns)   --->   "%result_V_21 = select i1 %p_Result_3, i32 %result_V_20, i32 %val_3" [/wrk/ci/prod/2021.2/rdi_builds/continuous/2021_10_19_3367213/src/shared/hls/clib/hlsmath/include/FloatingPoint/hls_case_IEEE754.h:59]   --->   Operation 153 'select' 'result_V_21' <Predicate = true> <Delay = 0.69> <CoreInst = "Sel">   --->   Core 73 'Sel' <Latency = 0> <II = 1> <Delay = 0.69> <FuncUnit> <Opcode : 'select'> <InPorts = 3> <OutPorts = 1>

State 29 <SV = 28> <Delay = 3.95>
ST_29 : Operation 154 [1/1] (0.00ns)   --->   "%sext_ln34 = sext i32 %result_V" [new_fixedpoint2205/fixedpt.h:34]   --->   Operation 154 'sext' 'sext_ln34' <Predicate = true> <Delay = 0.00>
ST_29 : Operation 155 [5/5] (3.95ns)   --->   "%mul_ln34 = mul i48 %sext_ln34, i48 %sext_ln34" [new_fixedpoint2205/fixedpt.h:34]   --->   Operation 155 'mul' 'mul_ln34' <Predicate = true> <Delay = 3.95> <CoreInst = "Multiplier">   --->   Core 3 'Multiplier' <Latency = 4> <II = 1> <Delay = 3.95> <FuncUnit> <Opcode : 'mul'> <InPorts = 2> <OutPorts = 1>
ST_29 : Operation 156 [1/1] (0.00ns)   --->   "%sext_ln34_6 = sext i32 %result_V_21" [new_fixedpoint2205/fixedpt.h:34]   --->   Operation 156 'sext' 'sext_ln34_6' <Predicate = true> <Delay = 0.00>
ST_29 : Operation 157 [5/5] (3.95ns)   --->   "%mul_ln34_5 = mul i48 %sext_ln34_6, i48 %sext_ln34_6" [new_fixedpoint2205/fixedpt.h:34]   --->   Operation 157 'mul' 'mul_ln34_5' <Predicate = true> <Delay = 3.95> <CoreInst = "Multiplier">   --->   Core 3 'Multiplier' <Latency = 4> <II = 1> <Delay = 3.95> <FuncUnit> <Opcode : 'mul'> <InPorts = 2> <OutPorts = 1>

State 30 <SV = 29> <Delay = 3.95>
ST_30 : Operation 158 [4/5] (3.95ns)   --->   "%mul_ln34 = mul i48 %sext_ln34, i48 %sext_ln34" [new_fixedpoint2205/fixedpt.h:34]   --->   Operation 158 'mul' 'mul_ln34' <Predicate = true> <Delay = 3.95> <CoreInst = "Multiplier">   --->   Core 3 'Multiplier' <Latency = 4> <II = 1> <Delay = 3.95> <FuncUnit> <Opcode : 'mul'> <InPorts = 2> <OutPorts = 1>
ST_30 : Operation 159 [4/5] (3.95ns)   --->   "%mul_ln34_5 = mul i48 %sext_ln34_6, i48 %sext_ln34_6" [new_fixedpoint2205/fixedpt.h:34]   --->   Operation 159 'mul' 'mul_ln34_5' <Predicate = true> <Delay = 3.95> <CoreInst = "Multiplier">   --->   Core 3 'Multiplier' <Latency = 4> <II = 1> <Delay = 3.95> <FuncUnit> <Opcode : 'mul'> <InPorts = 2> <OutPorts = 1>

State 31 <SV = 30> <Delay = 3.95>
ST_31 : Operation 160 [3/5] (3.95ns)   --->   "%mul_ln34 = mul i48 %sext_ln34, i48 %sext_ln34" [new_fixedpoint2205/fixedpt.h:34]   --->   Operation 160 'mul' 'mul_ln34' <Predicate = true> <Delay = 3.95> <CoreInst = "Multiplier">   --->   Core 3 'Multiplier' <Latency = 4> <II = 1> <Delay = 3.95> <FuncUnit> <Opcode : 'mul'> <InPorts = 2> <OutPorts = 1>
ST_31 : Operation 161 [3/5] (3.95ns)   --->   "%mul_ln34_5 = mul i48 %sext_ln34_6, i48 %sext_ln34_6" [new_fixedpoint2205/fixedpt.h:34]   --->   Operation 161 'mul' 'mul_ln34_5' <Predicate = true> <Delay = 3.95> <CoreInst = "Multiplier">   --->   Core 3 'Multiplier' <Latency = 4> <II = 1> <Delay = 3.95> <FuncUnit> <Opcode : 'mul'> <InPorts = 2> <OutPorts = 1>

State 32 <SV = 31> <Delay = 3.95>
ST_32 : Operation 162 [2/5] (3.95ns)   --->   "%mul_ln34 = mul i48 %sext_ln34, i48 %sext_ln34" [new_fixedpoint2205/fixedpt.h:34]   --->   Operation 162 'mul' 'mul_ln34' <Predicate = true> <Delay = 3.95> <CoreInst = "Multiplier">   --->   Core 3 'Multiplier' <Latency = 4> <II = 1> <Delay = 3.95> <FuncUnit> <Opcode : 'mul'> <InPorts = 2> <OutPorts = 1>
ST_32 : Operation 163 [2/5] (3.95ns)   --->   "%mul_ln34_5 = mul i48 %sext_ln34_6, i48 %sext_ln34_6" [new_fixedpoint2205/fixedpt.h:34]   --->   Operation 163 'mul' 'mul_ln34_5' <Predicate = true> <Delay = 3.95> <CoreInst = "Multiplier">   --->   Core 3 'Multiplier' <Latency = 4> <II = 1> <Delay = 3.95> <FuncUnit> <Opcode : 'mul'> <InPorts = 2> <OutPorts = 1>

State 33 <SV = 32> <Delay = 3.95>
ST_33 : Operation 164 [1/5] (3.95ns)   --->   "%mul_ln34 = mul i48 %sext_ln34, i48 %sext_ln34" [new_fixedpoint2205/fixedpt.h:34]   --->   Operation 164 'mul' 'mul_ln34' <Predicate = true> <Delay = 3.95> <CoreInst = "Multiplier">   --->   Core 3 'Multiplier' <Latency = 4> <II = 1> <Delay = 3.95> <FuncUnit> <Opcode : 'mul'> <InPorts = 2> <OutPorts = 1>
ST_33 : Operation 165 [1/1] (0.00ns)   --->   "%trunc_ln = partselect i32 @_ssdm_op_PartSelect.i32.i48.i32.i32, i48 %mul_ln34, i32 16, i32 47" [new_fixedpoint2205/fixedpt.h:34]   --->   Operation 165 'partselect' 'trunc_ln' <Predicate = true> <Delay = 0.00>
ST_33 : Operation 166 [1/5] (3.95ns)   --->   "%mul_ln34_5 = mul i48 %sext_ln34_6, i48 %sext_ln34_6" [new_fixedpoint2205/fixedpt.h:34]   --->   Operation 166 'mul' 'mul_ln34_5' <Predicate = true> <Delay = 3.95> <CoreInst = "Multiplier">   --->   Core 3 'Multiplier' <Latency = 4> <II = 1> <Delay = 3.95> <FuncUnit> <Opcode : 'mul'> <InPorts = 2> <OutPorts = 1>
ST_33 : Operation 167 [1/1] (0.00ns)   --->   "%trunc_ln34_4 = partselect i32 @_ssdm_op_PartSelect.i32.i48.i32.i32, i48 %mul_ln34_5, i32 16, i32 47" [new_fixedpoint2205/fixedpt.h:34]   --->   Operation 167 'partselect' 'trunc_ln34_4' <Predicate = true> <Delay = 0.00>

State 34 <SV = 33> <Delay = 2.55>
ST_34 : Operation 168 [1/1] (2.55ns)   --->   "%D = add i32 %trunc_ln34_4, i32 %trunc_ln" [new_fixedpoint2205/Aux_Lib_hw.hpp:35]   --->   Operation 168 'add' 'D' <Predicate = true> <Delay = 2.55> <CoreInst = "Adder">   --->   Core 1 'Adder' <Latency = 0> <II = 1> <Delay = 1.91> <FuncUnit> <Opcode : 'add' 'sub'> <InPorts = 2> <OutPorts = 1>

State 35 <SV = 34> <Delay = 3.25>
ST_35 : Operation 169 [1/1] (0.00ns)   --->   "%specloopname_ln13 = specloopname void @_ssdm_op_SpecLoopName, void @empty_16" [/wrk/ci/prod/2021.2/rdi_builds/continuous/2021_10_19_3367213/src/shared/hls/clib/hlsmath/include/FloatingPoint/hls_case_IEEE754.h:13]   --->   Operation 169 'specloopname' 'specloopname_ln13' <Predicate = true> <Delay = 0.00>
ST_35 : Operation 170 [1/1] (2.47ns)   --->   "%icmp_ln149 = icmp_slt  i32 %D, i32 %Squared_r_n_read" [new_fixedpoint2205/main.cpp:149]   --->   Operation 170 'icmp' 'icmp_ln149' <Predicate = true> <Delay = 2.47> <CoreInst = "Cmp">   --->   Core 9 'Cmp' <Latency = 0> <II = 1> <Delay = 2.47> <FuncUnit> <Opcode : 'icmp'> <InPorts = 2> <OutPorts = 1>
ST_35 : Operation 171 [1/1] (0.00ns)   --->   "%br_ln149 = br i1 %icmp_ln149, void %.split._crit_edge, void" [new_fixedpoint2205/main.cpp:149]   --->   Operation 171 'br' 'br_ln149' <Predicate = true> <Delay = 0.00>
ST_35 : Operation 172 [1/1] (0.00ns)   --->   "%RRT_Star_Pos_1_addr = getelementptr i16 %RRT_Star_Pos_1, i64 0, i64 %i_cast" [new_fixedpoint2205/main.cpp:151]   --->   Operation 172 'getelementptr' 'RRT_Star_Pos_1_addr' <Predicate = (icmp_ln149)> <Delay = 0.00>
ST_35 : Operation 173 [2/2] (3.25ns)   --->   "%RRT_Star_Pos_1_load = load i14 %RRT_Star_Pos_1_addr" [new_fixedpoint2205/main.cpp:151]   --->   Operation 173 'load' 'RRT_Star_Pos_1_load' <Predicate = (icmp_ln149)> <Delay = 3.25> <CoreInst = "RAM">   --->   Core 82 'RAM' <Latency = 1> <II = 1> <Delay = 3.25> <Storage> <Opcode : 'load' 'store'> <Ports = 2> <Width = 16> <Depth = 10000> <RAM>

State 36 <SV = 35> <Delay = 3.25>
ST_36 : Operation 174 [1/2] (3.25ns)   --->   "%RRT_Star_Pos_1_load = load i14 %RRT_Star_Pos_1_addr" [new_fixedpoint2205/main.cpp:151]   --->   Operation 174 'load' 'RRT_Star_Pos_1_load' <Predicate = (icmp_ln149)> <Delay = 3.25> <CoreInst = "RAM">   --->   Core 82 'RAM' <Latency = 1> <II = 1> <Delay = 3.25> <Storage> <Opcode : 'load' 'store'> <Ports = 2> <Width = 16> <Depth = 10000> <RAM>

State 37 <SV = 36> <Delay = 4.14>
ST_37 : Operation 175 [1/1] (0.00ns)   --->   "%p_load = load i32 %empty" [new_fixedpoint2205/main.cpp:152]   --->   Operation 175 'load' 'p_load' <Predicate = (icmp_ln149)> <Delay = 0.00>
ST_37 : Operation 176 [1/1] (0.00ns)   --->   "%zext_ln151 = zext i32 %p_load" [new_fixedpoint2205/main.cpp:151]   --->   Operation 176 'zext' 'zext_ln151' <Predicate = (icmp_ln149)> <Delay = 0.00>
ST_37 : Operation 177 [1/1] (0.00ns)   --->   "%X_near_addr = getelementptr i16 %X_near, i64 0, i64 %zext_ln151" [new_fixedpoint2205/main.cpp:151]   --->   Operation 177 'getelementptr' 'X_near_addr' <Predicate = (icmp_ln149)> <Delay = 0.00>
ST_37 : Operation 178 [1/1] (3.25ns)   --->   "%store_ln151 = store i16 %RRT_Star_Pos_1_load, i10 %X_near_addr" [new_fixedpoint2205/main.cpp:151]   --->   Operation 178 'store' 'store_ln151' <Predicate = (icmp_ln149)> <Delay = 3.25> <CoreInst = "RAM">   --->   Core 82 'RAM' <Latency = 1> <II = 1> <Delay = 3.25> <Storage> <Opcode : 'load' 'store'> <Ports = 2> <Width = 16> <Depth = 1000> <RAM>
ST_37 : Operation 179 [1/1] (2.55ns)   --->   "%add_ln152 = add i32 %p_load, i32 1" [new_fixedpoint2205/main.cpp:152]   --->   Operation 179 'add' 'add_ln152' <Predicate = (icmp_ln149)> <Delay = 2.55> <CoreInst = "Adder">   --->   Core 1 'Adder' <Latency = 0> <II = 1> <Delay = 1.91> <FuncUnit> <Opcode : 'add' 'sub'> <InPorts = 2> <OutPorts = 1>
ST_37 : Operation 180 [1/1] (1.58ns)   --->   "%store_ln153 = store i32 %add_ln152, i32 %X_near_count_0" [new_fixedpoint2205/main.cpp:153]   --->   Operation 180 'store' 'store_ln153' <Predicate = (icmp_ln149)> <Delay = 1.58>
ST_37 : Operation 181 [1/1] (1.58ns)   --->   "%store_ln153 = store i32 %add_ln152, i32 %empty" [new_fixedpoint2205/main.cpp:153]   --->   Operation 181 'store' 'store_ln153' <Predicate = (icmp_ln149)> <Delay = 1.58>
ST_37 : Operation 182 [1/1] (0.00ns)   --->   "%br_ln153 = br void %.split._crit_edge" [new_fixedpoint2205/main.cpp:153]   --->   Operation 182 'br' 'br_ln153' <Predicate = (icmp_ln149)> <Delay = 0.00>

State 38 <SV = 8> <Delay = 0.00>
ST_38 : Operation 183 [1/1] (0.00ns)   --->   "%X_near_count_0_load = load i32 %X_near_count_0" [new_fixedpoint2205/main.cpp:155]   --->   Operation 183 'load' 'X_near_count_0_load' <Predicate = true> <Delay = 0.00>
ST_38 : Operation 184 [1/1] (0.00ns)   --->   "%ret_ln155 = ret i32 %X_near_count_0_load" [new_fixedpoint2205/main.cpp:155]   --->   Operation 184 'ret' 'ret_ln155' <Predicate = true> <Delay = 0.00>


============================================================
+ Verbose Summary: Binding
============================================================
STG Binding: 
---------------- STG Properties BEGIN ----------------
- Is combinational: 0
- Is one-state seq: 0
- Is datapath-only: 0
- Is pipelined: 0
- Is top level: 0
Port [ Return ] is wired: 1; IO mode=ap_ctrl_hs:ce=0
Port [ X_near]:  wired=1; compound=1; hidden=0; nouse=0; global=0; static=0; extern=0; dir=1; type=1; pingpong=0; private_global=0; MemPort=[03]; IO mode=ap_memory:ce=0
Port [ RRT_Star_Pos_0_0]:  wired=1; compound=1; hidden=0; nouse=0; global=0; static=0; extern=0; dir=0; type=1; pingpong=0; private_global=0; MemPort=[13]; IO mode=ap_memory:ce=0
Port [ RRT_Star_Pos_0_1]:  wired=1; compound=1; hidden=0; nouse=0; global=0; static=0; extern=0; dir=0; type=1; pingpong=0; private_global=0; MemPort=[13]; IO mode=ap_memory:ce=0
Port [ RRT_Star_Pos_1]:  wired=1; compound=1; hidden=0; nouse=0; global=0; static=0; extern=0; dir=0; type=1; pingpong=0; private_global=0; MemPort=[13]; IO mode=ap_memory:ce=0
Port [ p_read]:  wired=1; compound=0; hidden=0; nouse=0; global=0; static=0; extern=0; dir=0; type=0; pingpong=0; private_global=0; IO mode=ap_none:ce=0
Port [ p_read1]:  wired=1; compound=0; hidden=0; nouse=0; global=0; static=0; extern=0; dir=0; type=0; pingpong=0; private_global=0; IO mode=ap_none:ce=0
Port [ Squared_r_n]:  wired=1; compound=0; hidden=0; nouse=0; global=0; static=0; extern=0; dir=0; type=0; pingpong=0; private_global=0; IO mode=ap_none:ce=0
Port [ N]:  wired=1; compound=0; hidden=0; nouse=0; global=0; static=0; extern=0; dir=0; type=0; pingpong=0; private_global=0; IO mode=ap_none:ce=0
---------------- STG Properties END ------------------

---------------- Datapath Model BEGIN ----------------

<LifeTime>
<method=bitvector/>
i                     (alloca        ) [ 011111111111111111111111111111111111110]
empty                 (alloca        ) [ 011111111111111111111111111111111111110]
X_near_count_0        (alloca        ) [ 011111111111111111111111111111111111111]
p_read_1              (read          ) [ 001111110000000000000000000000000000000]
p_read_2              (read          ) [ 001111110000000000000000000000000000000]
store_ln141           (store         ) [ 000000000000000000000000000000000000000]
store_ln141           (store         ) [ 000000000000000000000000000000000000000]
store_ln141           (store         ) [ 000000000000000000000000000000000000000]
N_read                (read          ) [ 000000001111111111111111111111111111110]
Squared_r_n_read      (read          ) [ 000000001111111111111111111111111111110]
conv_i_i              (sitofp        ) [ 000000001111111111111111111111111111110]
conv9_i_i             (sitofp        ) [ 000000001111111111111111111111111111110]
br_ln141              (br            ) [ 000000000000000000000000000000000000000]
i_2                   (load          ) [ 000000000000000000000000000000000000000]
specpipeline_ln0      (specpipeline  ) [ 000000000000000000000000000000000000000]
icmp_ln141            (icmp          ) [ 000000001111111111111111111111111111110]
add_ln141             (add           ) [ 000000000000000000000000000000000000000]
br_ln141              (br            ) [ 000000000000000000000000000000000000000]
i_cast                (zext          ) [ 000000001111111111111111111111111111000]
RRT_Star_Pos_0_0_addr (getelementptr ) [ 000000001100000000000000000000000000000]
RRT_Star_Pos_0_1_addr (getelementptr ) [ 000000001100000000000000000000000000000]
store_ln141           (store         ) [ 000000000000000000000000000000000000000]
br_ln0                (br            ) [ 000000000000000000000000000000000000000]
B_x                   (load          ) [ 000000001011111110000000000000000000000]
B_y                   (load          ) [ 000000001011111110000000000000000000000]
conv_i_i_i            (sitofp        ) [ 000000001000000001111111110000000000000]
conv_i2_i_i           (sitofp        ) [ 000000001000000001111111110000000000000]
dc                    (fsub          ) [ 000000001000000000000000001000000000000]
dc_3                  (fsub          ) [ 000000001000000000000000001000000000000]
data_V                (bitcast       ) [ 000000000000000000000000000000000000000]
p_Result_s            (bitselect     ) [ 000000001000000000000000000110000000000]
tmp_40                (partselect    ) [ 000000000000000000000000000000000000000]
tmp_41                (trunc         ) [ 000000001000000000000000000100000000000]
zext_ln344            (zext          ) [ 000000000000000000000000000000000000000]
add_ln344             (add           ) [ 000000000000000000000000000000000000000]
isNeg                 (bitselect     ) [ 000000001000000000000000000100000000000]
sub_ln1364            (sub           ) [ 000000000000000000000000000000000000000]
sext_ln1364           (sext          ) [ 000000000000000000000000000000000000000]
ush                   (select        ) [ 000000001000000000000000000100000000000]
data_V_3              (bitcast       ) [ 000000000000000000000000000000000000000]
p_Result_3            (bitselect     ) [ 000000001000000000000000000110000000000]
tmp_42                (partselect    ) [ 000000000000000000000000000000000000000]
tmp_43                (trunc         ) [ 000000001000000000000000000100000000000]
zext_ln344_2          (zext          ) [ 000000000000000000000000000000000000000]
add_ln344_2           (add           ) [ 000000000000000000000000000000000000000]
isNeg_3               (bitselect     ) [ 000000001000000000000000000100000000000]
sub_ln1364_2          (sub           ) [ 000000000000000000000000000000000000000]
sext_ln1364_2         (sext          ) [ 000000000000000000000000000000000000000]
ush_3                 (select        ) [ 000000001000000000000000000100000000000]
mantissa              (bitconcatenate) [ 000000000000000000000000000000000000000]
zext_ln15             (zext          ) [ 000000000000000000000000000000000000000]
sext_ln1340           (sext          ) [ 000000000000000000000000000000000000000]
zext_ln1340           (zext          ) [ 000000000000000000000000000000000000000]
r_V                   (lshr          ) [ 000000000000000000000000000000000000000]
r_V_9                 (shl           ) [ 000000000000000000000000000000000000000]
tmp                   (bitselect     ) [ 000000000000000000000000000000000000000]
zext_ln671            (zext          ) [ 000000000000000000000000000000000000000]
tmp_s                 (partselect    ) [ 000000000000000000000000000000000000000]
val                   (select        ) [ 000000001000000000000000000010000000000]
mantissa_2            (bitconcatenate) [ 000000000000000000000000000000000000000]
zext_ln15_2           (zext          ) [ 000000000000000000000000000000000000000]
sext_ln1340_3         (sext          ) [ 000000000000000000000000000000000000000]
zext_ln1340_3         (zext          ) [ 000000000000000000000000000000000000000]
r_V_10                (lshr          ) [ 000000000000000000000000000000000000000]
r_V_11                (shl           ) [ 000000000000000000000000000000000000000]
tmp_39                (bitselect     ) [ 000000000000000000000000000000000000000]
zext_ln671_2          (zext          ) [ 000000000000000000000000000000000000000]
tmp_6                 (partselect    ) [ 000000000000000000000000000000000000000]
val_3                 (select        ) [ 000000001000000000000000000010000000000]
result_V_17           (sub           ) [ 000000000000000000000000000000000000000]
result_V              (select        ) [ 000000001000000000000000000001000000000]
result_V_20           (sub           ) [ 000000000000000000000000000000000000000]
result_V_21           (select        ) [ 000000001000000000000000000001000000000]
sext_ln34             (sext          ) [ 000000001000000000000000000000111100000]
sext_ln34_6           (sext          ) [ 000000001000000000000000000000111100000]
mul_ln34              (mul           ) [ 000000000000000000000000000000000000000]
trunc_ln              (partselect    ) [ 000000001000000000000000000000000010000]
mul_ln34_5            (mul           ) [ 000000000000000000000000000000000000000]
trunc_ln34_4          (partselect    ) [ 000000001000000000000000000000000010000]
D                     (add           ) [ 000000001000000000000000000000000001000]
specloopname_ln13     (specloopname  ) [ 000000000000000000000000000000000000000]
icmp_ln149            (icmp          ) [ 000000001111111111111111111111111111110]
br_ln149              (br            ) [ 000000000000000000000000000000000000000]
RRT_Star_Pos_1_addr   (getelementptr ) [ 000000001000000000000000000000000000100]
RRT_Star_Pos_1_load   (load          ) [ 000000001000000000000000000000000000010]
p_load                (load          ) [ 000000000000000000000000000000000000000]
zext_ln151            (zext          ) [ 000000000000000000000000000000000000000]
X_near_addr           (getelementptr ) [ 000000000000000000000000000000000000000]
store_ln151           (store         ) [ 000000000000000000000000000000000000000]
add_ln152             (add           ) [ 000000000000000000000000000000000000000]
store_ln153           (store         ) [ 000000000000000000000000000000000000000]
store_ln153           (store         ) [ 000000000000000000000000000000000000000]
br_ln153              (br            ) [ 000000000000000000000000000000000000000]
X_near_count_0_load   (load          ) [ 000000000000000000000000000000000000000]
ret_ln155             (ret           ) [ 000000000000000000000000000000000000000]
</LifeTime>

<model>

<comp_list>
<comp id="0" class="1000" name="X_near">
<pin_list>
<pin id="1" dir="1" index="0" bw="1" slack="0"/>
</pin_list>
<bind>
<StgValue><ssdm name="X_near"/><MemPortTyVec>0 3 </MemPortTyVec>
</StgValue>
</bind>
</comp>

<comp id="2" class="1000" name="RRT_Star_Pos_0_0">
<pin_list>
<pin id="3" dir="1" index="0" bw="1" slack="0"/>
</pin_list>
<bind>
<StgValue><ssdm name="RRT_Star_Pos_0_0"/><MemPortTyVec>1 3 </MemPortTyVec>
</StgValue>
</bind>
</comp>

<comp id="4" class="1000" name="RRT_Star_Pos_0_1">
<pin_list>
<pin id="5" dir="1" index="0" bw="1" slack="0"/>
</pin_list>
<bind>
<StgValue><ssdm name="RRT_Star_Pos_0_1"/><MemPortTyVec>1 3 </MemPortTyVec>
</StgValue>
</bind>
</comp>

<comp id="6" class="1000" name="RRT_Star_Pos_1">
<pin_list>
<pin id="7" dir="1" index="0" bw="1" slack="0"/>
</pin_list>
<bind>
<StgValue><ssdm name="RRT_Star_Pos_1"/><MemPortTyVec>1 3 </MemPortTyVec>
</StgValue>
</bind>
</comp>

<comp id="8" class="1000" name="p_read">
<pin_list>
<pin id="9" dir="1" index="0" bw="1" slack="0"/>
</pin_list>
<bind>
<StgValue><ssdm name="p_read"/></StgValue>
</bind>
</comp>

<comp id="10" class="1000" name="p_read1">
<pin_list>
<pin id="11" dir="1" index="0" bw="1" slack="0"/>
</pin_list>
<bind>
<StgValue><ssdm name="p_read1"/></StgValue>
</bind>
</comp>

<comp id="12" class="1000" name="Squared_r_n">
<pin_list>
<pin id="13" dir="1" index="0" bw="1" slack="0"/>
</pin_list>
<bind>
<StgValue><ssdm name="Squared_r_n"/></StgValue>
</bind>
</comp>

<comp id="14" class="1000" name="N">
<pin_list>
<pin id="15" dir="1" index="0" bw="1" slack="0"/>
</pin_list>
<bind>
<StgValue><ssdm name="N"/></StgValue>
</bind>
</comp>

<comp id="16" class="1001" name="const_16">
<pin_list>
<pin id="17" dir="1" index="0" bw="1" slack="0"/>
</pin_list>
<bind>
<StgValue><ssdm name=""/></StgValue>
</bind>
</comp>

<comp id="18" class="1001" name="const_18">
<pin_list>
<pin id="19" dir="1" index="0" bw="1" slack="0"/>
</pin_list>
<bind>
<StgValue><ssdm name="_ssdm_op_Read.ap_auto.i32"/></StgValue>
</bind>
</comp>

<comp id="20" class="1001" name="const_20">
<pin_list>
<pin id="21" dir="1" index="0" bw="1" slack="0"/>
</pin_list>
<bind>
<StgValue><ssdm name=""/></StgValue>
</bind>
</comp>

<comp id="22" class="1001" name="const_22">
<pin_list>
<pin id="23" dir="1" index="0" bw="1" slack="0"/>
</pin_list>
<bind>
<StgValue><ssdm name=""/></StgValue>
</bind>
</comp>

<comp id="24" class="1001" name="const_24">
<pin_list>
<pin id="25" dir="1" index="0" bw="1" slack="0"/>
</pin_list>
<bind>
<StgValue><ssdm name="_ssdm_op_Read.ap_auto.i14"/></StgValue>
</bind>
</comp>

<comp id="26" class="1001" name="const_26">
<pin_list>
<pin id="27" dir="1" index="0" bw="1" slack="2147483647"/>
</pin_list>
<bind>
<StgValue><ssdm name="_ssdm_op_SpecPipeline"/></StgValue>
</bind>
</comp>

<comp id="28" class="1001" name="const_28">
<pin_list>
<pin id="29" dir="1" index="0" bw="1" slack="2147483647"/>
</pin_list>
<bind>
<StgValue><ssdm name=""/></StgValue>
</bind>
</comp>

<comp id="30" class="1001" name="const_30">
<pin_list>
<pin id="31" dir="1" index="0" bw="1" slack="2147483647"/>
</pin_list>
<bind>
<StgValue><ssdm name="p_str"/></StgValue>
</bind>
</comp>

<comp id="32" class="1001" name="const_32">
<pin_list>
<pin id="33" dir="1" index="0" bw="1" slack="0"/>
</pin_list>
<bind>
<StgValue><ssdm name=""/></StgValue>
</bind>
</comp>

<comp id="34" class="1001" name="const_34">
<pin_list>
<pin id="35" dir="1" index="0" bw="1" slack="0"/>
</pin_list>
<bind>
<StgValue><ssdm name=""/></StgValue>
</bind>
</comp>

<comp id="36" class="1001" name="const_36">
<pin_list>
<pin id="37" dir="1" index="0" bw="1" slack="0"/>
</pin_list>
<bind>
<StgValue><ssdm name="_ssdm_op_BitSelect.i1.i32.i32"/></StgValue>
</bind>
</comp>

<comp id="38" class="1001" name="const_38">
<pin_list>
<pin id="39" dir="1" index="0" bw="1" slack="0"/>
</pin_list>
<bind>
<StgValue><ssdm name=""/></StgValue>
</bind>
</comp>

<comp id="40" class="1001" name="const_40">
<pin_list>
<pin id="41" dir="1" index="0" bw="1" slack="0"/>
</pin_list>
<bind>
<StgValue><ssdm name="_ssdm_op_PartSelect.i8.i32.i32.i32"/></StgValue>
</bind>
</comp>

<comp id="42" class="1001" name="const_42">
<pin_list>
<pin id="43" dir="1" index="0" bw="1" slack="0"/>
</pin_list>
<bind>
<StgValue><ssdm name=""/></StgValue>
</bind>
</comp>

<comp id="44" class="1001" name="const_44">
<pin_list>
<pin id="45" dir="1" index="0" bw="1" slack="0"/>
</pin_list>
<bind>
<StgValue><ssdm name=""/></StgValue>
</bind>
</comp>

<comp id="46" class="1001" name="const_46">
<pin_list>
<pin id="47" dir="1" index="0" bw="1" slack="0"/>
</pin_list>
<bind>
<StgValue><ssdm name=""/></StgValue>
</bind>
</comp>

<comp id="48" class="1001" name="const_48">
<pin_list>
<pin id="49" dir="1" index="0" bw="1" slack="0"/>
</pin_list>
<bind>
<StgValue><ssdm name="_ssdm_op_BitSelect.i1.i9.i32"/></StgValue>
</bind>
</comp>

<comp id="50" class="1001" name="const_50">
<pin_list>
<pin id="51" dir="1" index="0" bw="1" slack="0"/>
</pin_list>
<bind>
<StgValue><ssdm name=""/></StgValue>
</bind>
</comp>

<comp id="52" class="1001" name="const_52">
<pin_list>
<pin id="53" dir="1" index="0" bw="1" slack="0"/>
</pin_list>
<bind>
<StgValue><ssdm name=""/></StgValue>
</bind>
</comp>

<comp id="54" class="1001" name="const_54">
<pin_list>
<pin id="55" dir="1" index="0" bw="1" slack="0"/>
</pin_list>
<bind>
<StgValue><ssdm name="_ssdm_op_BitConcatenate.i25.i1.i23.i1"/></StgValue>
</bind>
</comp>

<comp id="56" class="1001" name="const_56">
<pin_list>
<pin id="57" dir="1" index="0" bw="1" slack="0"/>
</pin_list>
<bind>
<StgValue><ssdm name=""/></StgValue>
</bind>
</comp>

<comp id="58" class="1001" name="const_58">
<pin_list>
<pin id="59" dir="1" index="0" bw="1" slack="0"/>
</pin_list>
<bind>
<StgValue><ssdm name=""/></StgValue>
</bind>
</comp>

<comp id="60" class="1001" name="const_60">
<pin_list>
<pin id="61" dir="1" index="0" bw="1" slack="0"/>
</pin_list>
<bind>
<StgValue><ssdm name="_ssdm_op_BitSelect.i1.i79.i32"/></StgValue>
</bind>
</comp>

<comp id="62" class="1001" name="const_62">
<pin_list>
<pin id="63" dir="1" index="0" bw="1" slack="0"/>
</pin_list>
<bind>
<StgValue><ssdm name=""/></StgValue>
</bind>
</comp>

<comp id="64" class="1001" name="const_64">
<pin_list>
<pin id="65" dir="1" index="0" bw="1" slack="0"/>
</pin_list>
<bind>
<StgValue><ssdm name="_ssdm_op_PartSelect.i32.i79.i32.i32"/></StgValue>
</bind>
</comp>

<comp id="66" class="1001" name="const_66">
<pin_list>
<pin id="67" dir="1" index="0" bw="1" slack="0"/>
</pin_list>
<bind>
<StgValue><ssdm name=""/></StgValue>
</bind>
</comp>

<comp id="68" class="1001" name="const_68">
<pin_list>
<pin id="69" dir="1" index="0" bw="1" slack="0"/>
</pin_list>
<bind>
<StgValue><ssdm name="_ssdm_op_PartSelect.i32.i48.i32.i32"/></StgValue>
</bind>
</comp>

<comp id="70" class="1001" name="const_70">
<pin_list>
<pin id="71" dir="1" index="0" bw="1" slack="0"/>
</pin_list>
<bind>
<StgValue><ssdm name=""/></StgValue>
</bind>
</comp>

<comp id="72" class="1001" name="const_72">
<pin_list>
<pin id="73" dir="1" index="0" bw="1" slack="0"/>
</pin_list>
<bind>
<StgValue><ssdm name=""/></StgValue>
</bind>
</comp>

<comp id="74" class="1001" name="const_74">
<pin_list>
<pin id="75" dir="1" index="0" bw="1" slack="2147483647"/>
</pin_list>
<bind>
<StgValue><ssdm name="_ssdm_op_SpecLoopName"/></StgValue>
</bind>
</comp>

<comp id="76" class="1001" name="const_76">
<pin_list>
<pin id="77" dir="1" index="0" bw="1" slack="2147483647"/>
</pin_list>
<bind>
<StgValue><ssdm name="empty_16"/></StgValue>
</bind>
</comp>

<comp id="78" class="1004" name="i_fu_78">
<pin_list>
<pin id="79" dir="0" index="0" bw="1" slack="0"/>
<pin id="80" dir="1" index="1" bw="14" slack="0"/>
</pin_list>
<bind>
<opcode="alloca(26) " fcode="alloca"/>
<opset="i/1 "/>
</bind>
</comp>

<comp id="82" class="1004" name="empty_fu_82">
<pin_list>
<pin id="83" dir="0" index="0" bw="1" slack="0"/>
<pin id="84" dir="1" index="1" bw="32" slack="0"/>
</pin_list>
<bind>
<opcode="alloca(26) " fcode="alloca"/>
<opset="empty/1 "/>
</bind>
</comp>

<comp id="86" class="1004" name="X_near_count_0_fu_86">
<pin_list>
<pin id="87" dir="0" index="0" bw="1" slack="0"/>
<pin id="88" dir="1" index="1" bw="32" slack="0"/>
</pin_list>
<bind>
<opcode="alloca(26) " fcode="alloca"/>
<opset="X_near_count_0/1 "/>
</bind>
</comp>

<comp id="90" class="1004" name="p_read_1_read_fu_90">
<pin_list>
<pin id="91" dir="0" index="0" bw="32" slack="0"/>
<pin id="92" dir="0" index="1" bw="32" slack="0"/>
<pin id="93" dir="1" index="2" bw="32" slack="0"/>
</pin_list>
<bind>
<opcode="read(1150) " fcode="read"/>
<opset="p_read_1/1 "/>
</bind>
</comp>

<comp id="96" class="1004" name="p_read_2_read_fu_96">
<pin_list>
<pin id="97" dir="0" index="0" bw="32" slack="0"/>
<pin id="98" dir="0" index="1" bw="32" slack="0"/>
<pin id="99" dir="1" index="2" bw="32" slack="0"/>
</pin_list>
<bind>
<opcode="read(1150) " fcode="read"/>
<opset="p_read_2/1 "/>
</bind>
</comp>

<comp id="102" class="1004" name="N_read_read_fu_102">
<pin_list>
<pin id="103" dir="0" index="0" bw="14" slack="0"/>
<pin id="104" dir="0" index="1" bw="14" slack="0"/>
<pin id="105" dir="1" index="2" bw="14" slack="1"/>
</pin_list>
<bind>
<opcode="read(1150) " fcode="read"/>
<opset="N_read/7 "/>
</bind>
</comp>

<comp id="108" class="1004" name="Squared_r_n_read_read_fu_108">
<pin_list>
<pin id="109" dir="0" index="0" bw="32" slack="0"/>
<pin id="110" dir="0" index="1" bw="32" slack="0"/>
<pin id="111" dir="1" index="2" bw="32" slack="28"/>
</pin_list>
<bind>
<opcode="read(1150) " fcode="read"/>
<opset="Squared_r_n_read/7 "/>
</bind>
</comp>

<comp id="114" class="1004" name="RRT_Star_Pos_0_0_addr_gep_fu_114">
<pin_list>
<pin id="115" dir="0" index="0" bw="32" slack="0"/>
<pin id="116" dir="0" index="1" bw="1" slack="0"/>
<pin id="117" dir="0" index="2" bw="14" slack="0"/>
<pin id="118" dir="1" index="3" bw="14" slack="0"/>
</pin_list>
<bind>
<opcode="getelementptr(29) " fcode="getelementptr"/>
<opset="RRT_Star_Pos_0_0_addr/8 "/>
</bind>
</comp>

<comp id="121" class="1004" name="grp_access_fu_121">
<pin_list>
<pin id="122" dir="0" index="0" bw="14" slack="0"/>
<pin id="123" dir="0" index="1" bw="32" slack="2147483647"/>
<pin id="124" dir="0" index="2" bw="0" slack="2147483647"/>
<pin id="125" dir="1" index="3" bw="32" slack="1"/>
</pin_list>
<bind>
<opcode="load(27) " fcode="load"/>
<opset="B_x/8 "/>
</bind>
</comp>

<comp id="127" class="1004" name="RRT_Star_Pos_0_1_addr_gep_fu_127">
<pin_list>
<pin id="128" dir="0" index="0" bw="32" slack="0"/>
<pin id="129" dir="0" index="1" bw="1" slack="0"/>
<pin id="130" dir="0" index="2" bw="14" slack="0"/>
<pin id="131" dir="1" index="3" bw="14" slack="0"/>
</pin_list>
<bind>
<opcode="getelementptr(29) " fcode="getelementptr"/>
<opset="RRT_Star_Pos_0_1_addr/8 "/>
</bind>
</comp>

<comp id="134" class="1004" name="grp_access_fu_134">
<pin_list>
<pin id="135" dir="0" index="0" bw="14" slack="0"/>
<pin id="136" dir="0" index="1" bw="32" slack="2147483647"/>
<pin id="137" dir="0" index="2" bw="0" slack="2147483647"/>
<pin id="138" dir="1" index="3" bw="32" slack="1"/>
</pin_list>
<bind>
<opcode="load(27) " fcode="load"/>
<opset="B_y/8 "/>
</bind>
</comp>

<comp id="140" class="1004" name="RRT_Star_Pos_1_addr_gep_fu_140">
<pin_list>
<pin id="141" dir="0" index="0" bw="16" slack="0"/>
<pin id="142" dir="0" index="1" bw="1" slack="0"/>
<pin id="143" dir="0" index="2" bw="14" slack="27"/>
<pin id="144" dir="1" index="3" bw="14" slack="0"/>
</pin_list>
<bind>
<opcode="getelementptr(29) " fcode="getelementptr"/>
<opset="RRT_Star_Pos_1_addr/35 "/>
</bind>
</comp>

<comp id="147" class="1004" name="grp_access_fu_147">
<pin_list>
<pin id="148" dir="0" index="0" bw="14" slack="0"/>
<pin id="149" dir="0" index="1" bw="16" slack="2147483647"/>
<pin id="150" dir="0" index="2" bw="0" slack="2147483647"/>
<pin id="151" dir="1" index="3" bw="16" slack="1"/>
</pin_list>
<bind>
<opcode="load(27) " fcode="load"/>
<opset="RRT_Star_Pos_1_load/35 "/>
</bind>
</comp>

<comp id="153" class="1004" name="X_near_addr_gep_fu_153">
<pin_list>
<pin id="154" dir="0" index="0" bw="16" slack="0"/>
<pin id="155" dir="0" index="1" bw="1" slack="0"/>
<pin id="156" dir="0" index="2" bw="32" slack="0"/>
<pin id="157" dir="1" index="3" bw="10" slack="0"/>
</pin_list>
<bind>
<opcode="getelementptr(29) " fcode="getelementptr"/>
<opset="X_near_addr/37 "/>
</bind>
</comp>

<comp id="160" class="1004" name="store_ln151_access_fu_160">
<pin_list>
<pin id="161" dir="0" index="0" bw="10" slack="0"/>
<pin id="162" dir="0" index="1" bw="16" slack="1"/>
<pin id="163" dir="0" index="2" bw="0" slack="2147483647"/>
<pin id="164" dir="1" index="3" bw="16" slack="2147483647"/>
</pin_list>
<bind>
<opcode="store(28) " fcode="store"/>
<opset="store_ln151/37 "/>
</bind>
</comp>

<comp id="166" class="1004" name="grp_fu_166">
<pin_list>
<pin id="167" dir="0" index="0" bw="32" slack="10"/>
<pin id="168" dir="0" index="1" bw="32" slack="1"/>
<pin id="169" dir="1" index="2" bw="32" slack="1"/>
</pin_list>
<bind>
<opcode="fsub(11) " fcode="fadd"/>
<opset="dc/17 "/>
</bind>
</comp>

<comp id="170" class="1004" name="grp_fu_170">
<pin_list>
<pin id="171" dir="0" index="0" bw="32" slack="10"/>
<pin id="172" dir="0" index="1" bw="32" slack="1"/>
<pin id="173" dir="1" index="2" bw="32" slack="1"/>
</pin_list>
<bind>
<opcode="fsub(11) " fcode="fadd"/>
<opset="dc_3/17 "/>
</bind>
</comp>

<comp id="174" class="1004" name="grp_fu_174">
<pin_list>
<pin id="175" dir="0" index="0" bw="32" slack="0"/>
<pin id="176" dir="1" index="1" bw="32" slack="1"/>
</pin_list>
<bind>
<opcode="sitofp(39) " fcode="sitofp"/>
<opset="conv_i_i/1 conv_i_i_i/10 "/>
</bind>
</comp>

<comp id="178" class="1004" name="grp_fu_178">
<pin_list>
<pin id="179" dir="0" index="0" bw="32" slack="0"/>
<pin id="180" dir="1" index="1" bw="32" slack="1"/>
</pin_list>
<bind>
<opcode="sitofp(39) " fcode="sitofp"/>
<opset="conv9_i_i/1 conv_i2_i_i/10 "/>
</bind>
</comp>

<comp id="182" class="1004" name="store_ln141_store_fu_182">
<pin_list>
<pin id="183" dir="0" index="0" bw="1" slack="0"/>
<pin id="184" dir="0" index="1" bw="32" slack="0"/>
<pin id="185" dir="1" index="2" bw="0" slack="2147483647"/>
</pin_list>
<bind>
<opcode="store(28) " fcode="store"/>
<opset="store_ln141/1 "/>
</bind>
</comp>

<comp id="187" class="1004" name="store_ln141_store_fu_187">
<pin_list>
<pin id="188" dir="0" index="0" bw="1" slack="0"/>
<pin id="189" dir="0" index="1" bw="32" slack="0"/>
<pin id="190" dir="1" index="2" bw="0" slack="2147483647"/>
</pin_list>
<bind>
<opcode="store(28) " fcode="store"/>
<opset="store_ln141/1 "/>
</bind>
</comp>

<comp id="192" class="1004" name="store_ln141_store_fu_192">
<pin_list>
<pin id="193" dir="0" index="0" bw="1" slack="0"/>
<pin id="194" dir="0" index="1" bw="14" slack="0"/>
<pin id="195" dir="1" index="2" bw="0" slack="2147483647"/>
</pin_list>
<bind>
<opcode="store(28) " fcode="store"/>
<opset="store_ln141/1 "/>
</bind>
</comp>

<comp id="197" class="1004" name="i_2_load_fu_197">
<pin_list>
<pin id="198" dir="0" index="0" bw="14" slack="7"/>
<pin id="199" dir="1" index="1" bw="14" slack="0"/>
</pin_list>
<bind>
<opcode="load(27) " fcode="load"/>
<opset="i_2/8 "/>
</bind>
</comp>

<comp id="200" class="1004" name="icmp_ln141_fu_200">
<pin_list>
<pin id="201" dir="0" index="0" bw="14" slack="0"/>
<pin id="202" dir="0" index="1" bw="14" slack="1"/>
<pin id="203" dir="1" index="2" bw="1" slack="2147483647"/>
</pin_list>
<bind>
<opcode="icmp(45) " fcode="icmp"/>
<opset="icmp_ln141/8 "/>
</bind>
</comp>

<comp id="205" class="1004" name="add_ln141_fu_205">
<pin_list>
<pin id="206" dir="0" index="0" bw="14" slack="0"/>
<pin id="207" dir="0" index="1" bw="1" slack="0"/>
<pin id="208" dir="1" index="2" bw="14" slack="0"/>
</pin_list>
<bind>
<opcode="add(8) " fcode="add"/>
<opset="add_ln141/8 "/>
</bind>
</comp>

<comp id="211" class="1004" name="i_cast_fu_211">
<pin_list>
<pin id="212" dir="0" index="0" bw="14" slack="0"/>
<pin id="213" dir="1" index="1" bw="64" slack="0"/>
</pin_list>
<bind>
<opcode="zext(34) " fcode="zext"/>
<opset="i_cast/8 "/>
</bind>
</comp>

<comp id="217" class="1004" name="store_ln141_store_fu_217">
<pin_list>
<pin id="218" dir="0" index="0" bw="14" slack="0"/>
<pin id="219" dir="0" index="1" bw="14" slack="7"/>
<pin id="220" dir="1" index="2" bw="0" slack="2147483647"/>
</pin_list>
<bind>
<opcode="store(28) " fcode="store"/>
<opset="store_ln141/8 "/>
</bind>
</comp>

<comp id="222" class="1004" name="data_V_fu_222">
<pin_list>
<pin id="223" dir="0" index="0" bw="32" slack="1"/>
<pin id="224" dir="1" index="1" bw="32" slack="0"/>
</pin_list>
<bind>
<opcode="bitcast(44) " fcode="bitcast"/>
<opset="data_V/26 "/>
</bind>
</comp>

<comp id="225" class="1004" name="p_Result_s_fu_225">
<pin_list>
<pin id="226" dir="0" index="0" bw="1" slack="0"/>
<pin id="227" dir="0" index="1" bw="32" slack="0"/>
<pin id="228" dir="0" index="2" bw="6" slack="0"/>
<pin id="229" dir="1" index="3" bw="1" slack="2"/>
</pin_list>
<bind>
<opcode="bitselect(1000) " fcode="bitselect"/>
<opset="p_Result_s/26 "/>
</bind>
</comp>

<comp id="233" class="1004" name="tmp_40_fu_233">
<pin_list>
<pin id="234" dir="0" index="0" bw="8" slack="0"/>
<pin id="235" dir="0" index="1" bw="32" slack="0"/>
<pin id="236" dir="0" index="2" bw="6" slack="0"/>
<pin id="237" dir="0" index="3" bw="6" slack="0"/>
<pin id="238" dir="1" index="4" bw="8" slack="0"/>
</pin_list>
<bind>
<opcode="partselect(1002) " fcode="partselect"/>
<opset="tmp_40/26 "/>
</bind>
</comp>

<comp id="243" class="1004" name="tmp_41_fu_243">
<pin_list>
<pin id="244" dir="0" index="0" bw="32" slack="0"/>
<pin id="245" dir="1" index="1" bw="23" slack="1"/>
</pin_list>
<bind>
<opcode="trunc(33) " fcode="trunc"/>
<opset="tmp_41/26 "/>
</bind>
</comp>

<comp id="247" class="1004" name="zext_ln344_fu_247">
<pin_list>
<pin id="248" dir="0" index="0" bw="8" slack="0"/>
<pin id="249" dir="1" index="1" bw="9" slack="0"/>
</pin_list>
<bind>
<opcode="zext(34) " fcode="zext"/>
<opset="zext_ln344/26 "/>
</bind>
</comp>

<comp id="251" class="1004" name="add_ln344_fu_251">
<pin_list>
<pin id="252" dir="0" index="0" bw="8" slack="0"/>
<pin id="253" dir="0" index="1" bw="8" slack="0"/>
<pin id="254" dir="1" index="2" bw="9" slack="0"/>
</pin_list>
<bind>
<opcode="add(8) " fcode="add"/>
<opset="add_ln344/26 "/>
</bind>
</comp>

<comp id="257" class="1004" name="isNeg_fu_257">
<pin_list>
<pin id="258" dir="0" index="0" bw="1" slack="0"/>
<pin id="259" dir="0" index="1" bw="9" slack="0"/>
<pin id="260" dir="0" index="2" bw="5" slack="0"/>
<pin id="261" dir="1" index="3" bw="1" slack="0"/>
</pin_list>
<bind>
<opcode="bitselect(1000) " fcode="bitselect"/>
<opset="isNeg/26 "/>
</bind>
</comp>

<comp id="265" class="1004" name="sub_ln1364_fu_265">
<pin_list>
<pin id="266" dir="0" index="0" bw="8" slack="0"/>
<pin id="267" dir="0" index="1" bw="8" slack="0"/>
<pin id="268" dir="1" index="2" bw="8" slack="0"/>
</pin_list>
<bind>
<opcode="sub(10) " fcode="sub"/>
<opset="sub_ln1364/26 "/>
</bind>
</comp>

<comp id="271" class="1004" name="sext_ln1364_fu_271">
<pin_list>
<pin id="272" dir="0" index="0" bw="8" slack="0"/>
<pin id="273" dir="1" index="1" bw="9" slack="0"/>
</pin_list>
<bind>
<opcode="sext(35) " fcode="sext"/>
<opset="sext_ln1364/26 "/>
</bind>
</comp>

<comp id="275" class="1004" name="ush_fu_275">
<pin_list>
<pin id="276" dir="0" index="0" bw="1" slack="0"/>
<pin id="277" dir="0" index="1" bw="9" slack="0"/>
<pin id="278" dir="0" index="2" bw="9" slack="0"/>
<pin id="279" dir="1" index="3" bw="9" slack="1"/>
</pin_list>
<bind>
<opcode="select(49) " fcode="select"/>
<opset="ush/26 "/>
</bind>
</comp>

<comp id="283" class="1004" name="data_V_3_fu_283">
<pin_list>
<pin id="284" dir="0" index="0" bw="32" slack="1"/>
<pin id="285" dir="1" index="1" bw="32" slack="0"/>
</pin_list>
<bind>
<opcode="bitcast(44) " fcode="bitcast"/>
<opset="data_V_3/26 "/>
</bind>
</comp>

<comp id="286" class="1004" name="p_Result_3_fu_286">
<pin_list>
<pin id="287" dir="0" index="0" bw="1" slack="0"/>
<pin id="288" dir="0" index="1" bw="32" slack="0"/>
<pin id="289" dir="0" index="2" bw="6" slack="0"/>
<pin id="290" dir="1" index="3" bw="1" slack="2"/>
</pin_list>
<bind>
<opcode="bitselect(1000) " fcode="bitselect"/>
<opset="p_Result_3/26 "/>
</bind>
</comp>

<comp id="294" class="1004" name="tmp_42_fu_294">
<pin_list>
<pin id="295" dir="0" index="0" bw="8" slack="0"/>
<pin id="296" dir="0" index="1" bw="32" slack="0"/>
<pin id="297" dir="0" index="2" bw="6" slack="0"/>
<pin id="298" dir="0" index="3" bw="6" slack="0"/>
<pin id="299" dir="1" index="4" bw="8" slack="0"/>
</pin_list>
<bind>
<opcode="partselect(1002) " fcode="partselect"/>
<opset="tmp_42/26 "/>
</bind>
</comp>

<comp id="304" class="1004" name="tmp_43_fu_304">
<pin_list>
<pin id="305" dir="0" index="0" bw="32" slack="0"/>
<pin id="306" dir="1" index="1" bw="23" slack="1"/>
</pin_list>
<bind>
<opcode="trunc(33) " fcode="trunc"/>
<opset="tmp_43/26 "/>
</bind>
</comp>

<comp id="308" class="1004" name="zext_ln344_2_fu_308">
<pin_list>
<pin id="309" dir="0" index="0" bw="8" slack="0"/>
<pin id="310" dir="1" index="1" bw="9" slack="0"/>
</pin_list>
<bind>
<opcode="zext(34) " fcode="zext"/>
<opset="zext_ln344_2/26 "/>
</bind>
</comp>

<comp id="312" class="1004" name="add_ln344_2_fu_312">
<pin_list>
<pin id="313" dir="0" index="0" bw="8" slack="0"/>
<pin id="314" dir="0" index="1" bw="8" slack="0"/>
<pin id="315" dir="1" index="2" bw="9" slack="0"/>
</pin_list>
<bind>
<opcode="add(8) " fcode="add"/>
<opset="add_ln344_2/26 "/>
</bind>
</comp>

<comp id="318" class="1004" name="isNeg_3_fu_318">
<pin_list>
<pin id="319" dir="0" index="0" bw="1" slack="0"/>
<pin id="320" dir="0" index="1" bw="9" slack="0"/>
<pin id="321" dir="0" index="2" bw="5" slack="0"/>
<pin id="322" dir="1" index="3" bw="1" slack="0"/>
</pin_list>
<bind>
<opcode="bitselect(1000) " fcode="bitselect"/>
<opset="isNeg_3/26 "/>
</bind>
</comp>

<comp id="326" class="1004" name="sub_ln1364_2_fu_326">
<pin_list>
<pin id="327" dir="0" index="0" bw="8" slack="0"/>
<pin id="328" dir="0" index="1" bw="8" slack="0"/>
<pin id="329" dir="1" index="2" bw="8" slack="0"/>
</pin_list>
<bind>
<opcode="sub(10) " fcode="sub"/>
<opset="sub_ln1364_2/26 "/>
</bind>
</comp>

<comp id="332" class="1004" name="sext_ln1364_2_fu_332">
<pin_list>
<pin id="333" dir="0" index="0" bw="8" slack="0"/>
<pin id="334" dir="1" index="1" bw="9" slack="0"/>
</pin_list>
<bind>
<opcode="sext(35) " fcode="sext"/>
<opset="sext_ln1364_2/26 "/>
</bind>
</comp>

<comp id="336" class="1004" name="ush_3_fu_336">
<pin_list>
<pin id="337" dir="0" index="0" bw="1" slack="0"/>
<pin id="338" dir="0" index="1" bw="9" slack="0"/>
<pin id="339" dir="0" index="2" bw="9" slack="0"/>
<pin id="340" dir="1" index="3" bw="9" slack="1"/>
</pin_list>
<bind>
<opcode="select(49) " fcode="select"/>
<opset="ush_3/26 "/>
</bind>
</comp>

<comp id="344" class="1004" name="mantissa_fu_344">
<pin_list>
<pin id="345" dir="0" index="0" bw="25" slack="0"/>
<pin id="346" dir="0" index="1" bw="1" slack="0"/>
<pin id="347" dir="0" index="2" bw="23" slack="1"/>
<pin id="348" dir="0" index="3" bw="1" slack="0"/>
<pin id="349" dir="1" index="4" bw="25" slack="0"/>
</pin_list>
<bind>
<opcode="bitconcatenate(1004) " fcode="bitconcatenate"/>
<opset="mantissa/27 "/>
</bind>
</comp>

<comp id="353" class="1004" name="zext_ln15_fu_353">
<pin_list>
<pin id="354" dir="0" index="0" bw="25" slack="0"/>
<pin id="355" dir="1" index="1" bw="79" slack="0"/>
</pin_list>
<bind>
<opcode="zext(34) " fcode="zext"/>
<opset="zext_ln15/27 "/>
</bind>
</comp>

<comp id="357" class="1004" name="sext_ln1340_fu_357">
<pin_list>
<pin id="358" dir="0" index="0" bw="9" slack="1"/>
<pin id="359" dir="1" index="1" bw="32" slack="0"/>
</pin_list>
<bind>
<opcode="sext(35) " fcode="sext"/>
<opset="sext_ln1340/27 "/>
</bind>
</comp>

<comp id="360" class="1004" name="zext_ln1340_fu_360">
<pin_list>
<pin id="361" dir="0" index="0" bw="9" slack="0"/>
<pin id="362" dir="1" index="1" bw="79" slack="0"/>
</pin_list>
<bind>
<opcode="zext(34) " fcode="zext"/>
<opset="zext_ln1340/27 "/>
</bind>
</comp>

<comp id="364" class="1004" name="r_V_fu_364">
<pin_list>
<pin id="365" dir="0" index="0" bw="25" slack="0"/>
<pin id="366" dir="0" index="1" bw="32" slack="0"/>
<pin id="367" dir="1" index="2" bw="79" slack="0"/>
</pin_list>
<bind>
<opcode="lshr(21) " fcode="lshr"/>
<opset="r_V/27 "/>
</bind>
</comp>

<comp id="370" class="1004" name="r_V_9_fu_370">
<pin_list>
<pin id="371" dir="0" index="0" bw="25" slack="0"/>
<pin id="372" dir="0" index="1" bw="32" slack="0"/>
<pin id="373" dir="1" index="2" bw="79" slack="0"/>
</pin_list>
<bind>
<opcode="shl(20) " fcode="shl"/>
<opset="r_V_9/27 "/>
</bind>
</comp>

<comp id="376" class="1004" name="tmp_fu_376">
<pin_list>
<pin id="377" dir="0" index="0" bw="1" slack="0"/>
<pin id="378" dir="0" index="1" bw="79" slack="0"/>
<pin id="379" dir="0" index="2" bw="6" slack="0"/>
<pin id="380" dir="1" index="3" bw="1" slack="0"/>
</pin_list>
<bind>
<opcode="bitselect(1000) " fcode="bitselect"/>
<opset="tmp/27 "/>
</bind>
</comp>

<comp id="384" class="1004" name="zext_ln671_fu_384">
<pin_list>
<pin id="385" dir="0" index="0" bw="1" slack="0"/>
<pin id="386" dir="1" index="1" bw="32" slack="0"/>
</pin_list>
<bind>
<opcode="zext(34) " fcode="zext"/>
<opset="zext_ln671/27 "/>
</bind>
</comp>

<comp id="388" class="1004" name="tmp_s_fu_388">
<pin_list>
<pin id="389" dir="0" index="0" bw="32" slack="0"/>
<pin id="390" dir="0" index="1" bw="79" slack="0"/>
<pin id="391" dir="0" index="2" bw="6" slack="0"/>
<pin id="392" dir="0" index="3" bw="7" slack="0"/>
<pin id="393" dir="1" index="4" bw="32" slack="0"/>
</pin_list>
<bind>
<opcode="partselect(1002) " fcode="partselect"/>
<opset="tmp_s/27 "/>
</bind>
</comp>

<comp id="398" class="1004" name="val_fu_398">
<pin_list>
<pin id="399" dir="0" index="0" bw="1" slack="1"/>
<pin id="400" dir="0" index="1" bw="32" slack="0"/>
<pin id="401" dir="0" index="2" bw="32" slack="0"/>
<pin id="402" dir="1" index="3" bw="32" slack="1"/>
</pin_list>
<bind>
<opcode="select(49) " fcode="select"/>
<opset="val/27 "/>
</bind>
</comp>

<comp id="405" class="1004" name="mantissa_2_fu_405">
<pin_list>
<pin id="406" dir="0" index="0" bw="25" slack="0"/>
<pin id="407" dir="0" index="1" bw="1" slack="0"/>
<pin id="408" dir="0" index="2" bw="23" slack="1"/>
<pin id="409" dir="0" index="3" bw="1" slack="0"/>
<pin id="410" dir="1" index="4" bw="25" slack="0"/>
</pin_list>
<bind>
<opcode="bitconcatenate(1004) " fcode="bitconcatenate"/>
<opset="mantissa_2/27 "/>
</bind>
</comp>

<comp id="414" class="1004" name="zext_ln15_2_fu_414">
<pin_list>
<pin id="415" dir="0" index="0" bw="25" slack="0"/>
<pin id="416" dir="1" index="1" bw="79" slack="0"/>
</pin_list>
<bind>
<opcode="zext(34) " fcode="zext"/>
<opset="zext_ln15_2/27 "/>
</bind>
</comp>

<comp id="418" class="1004" name="sext_ln1340_3_fu_418">
<pin_list>
<pin id="419" dir="0" index="0" bw="9" slack="1"/>
<pin id="420" dir="1" index="1" bw="32" slack="0"/>
</pin_list>
<bind>
<opcode="sext(35) " fcode="sext"/>
<opset="sext_ln1340_3/27 "/>
</bind>
</comp>

<comp id="421" class="1004" name="zext_ln1340_3_fu_421">
<pin_list>
<pin id="422" dir="0" index="0" bw="9" slack="0"/>
<pin id="423" dir="1" index="1" bw="79" slack="0"/>
</pin_list>
<bind>
<opcode="zext(34) " fcode="zext"/>
<opset="zext_ln1340_3/27 "/>
</bind>
</comp>

<comp id="425" class="1004" name="r_V_10_fu_425">
<pin_list>
<pin id="426" dir="0" index="0" bw="25" slack="0"/>
<pin id="427" dir="0" index="1" bw="32" slack="0"/>
<pin id="428" dir="1" index="2" bw="79" slack="0"/>
</pin_list>
<bind>
<opcode="lshr(21) " fcode="lshr"/>
<opset="r_V_10/27 "/>
</bind>
</comp>

<comp id="431" class="1004" name="r_V_11_fu_431">
<pin_list>
<pin id="432" dir="0" index="0" bw="25" slack="0"/>
<pin id="433" dir="0" index="1" bw="32" slack="0"/>
<pin id="434" dir="1" index="2" bw="79" slack="0"/>
</pin_list>
<bind>
<opcode="shl(20) " fcode="shl"/>
<opset="r_V_11/27 "/>
</bind>
</comp>

<comp id="437" class="1004" name="tmp_39_fu_437">
<pin_list>
<pin id="438" dir="0" index="0" bw="1" slack="0"/>
<pin id="439" dir="0" index="1" bw="79" slack="0"/>
<pin id="440" dir="0" index="2" bw="6" slack="0"/>
<pin id="441" dir="1" index="3" bw="1" slack="0"/>
</pin_list>
<bind>
<opcode="bitselect(1000) " fcode="bitselect"/>
<opset="tmp_39/27 "/>
</bind>
</comp>

<comp id="445" class="1004" name="zext_ln671_2_fu_445">
<pin_list>
<pin id="446" dir="0" index="0" bw="1" slack="0"/>
<pin id="447" dir="1" index="1" bw="32" slack="0"/>
</pin_list>
<bind>
<opcode="zext(34) " fcode="zext"/>
<opset="zext_ln671_2/27 "/>
</bind>
</comp>

<comp id="449" class="1004" name="tmp_6_fu_449">
<pin_list>
<pin id="450" dir="0" index="0" bw="32" slack="0"/>
<pin id="451" dir="0" index="1" bw="79" slack="0"/>
<pin id="452" dir="0" index="2" bw="6" slack="0"/>
<pin id="453" dir="0" index="3" bw="7" slack="0"/>
<pin id="454" dir="1" index="4" bw="32" slack="0"/>
</pin_list>
<bind>
<opcode="partselect(1002) " fcode="partselect"/>
<opset="tmp_6/27 "/>
</bind>
</comp>

<comp id="459" class="1004" name="val_3_fu_459">
<pin_list>
<pin id="460" dir="0" index="0" bw="1" slack="1"/>
<pin id="461" dir="0" index="1" bw="32" slack="0"/>
<pin id="462" dir="0" index="2" bw="32" slack="0"/>
<pin id="463" dir="1" index="3" bw="32" slack="1"/>
</pin_list>
<bind>
<opcode="select(49) " fcode="select"/>
<opset="val_3/27 "/>
</bind>
</comp>

<comp id="466" class="1004" name="result_V_17_fu_466">
<pin_list>
<pin id="467" dir="0" index="0" bw="1" slack="0"/>
<pin id="468" dir="0" index="1" bw="32" slack="1"/>
<pin id="469" dir="1" index="2" bw="32" slack="0"/>
</pin_list>
<bind>
<opcode="sub(10) " fcode="sub"/>
<opset="result_V_17/28 "/>
</bind>
</comp>

<comp id="471" class="1004" name="result_V_fu_471">
<pin_list>
<pin id="472" dir="0" index="0" bw="1" slack="2"/>
<pin id="473" dir="0" index="1" bw="32" slack="0"/>
<pin id="474" dir="0" index="2" bw="32" slack="1"/>
<pin id="475" dir="1" index="3" bw="32" slack="1"/>
</pin_list>
<bind>
<opcode="select(49) " fcode="select"/>
<opset="result_V/28 "/>
</bind>
</comp>

<comp id="477" class="1004" name="result_V_20_fu_477">
<pin_list>
<pin id="478" dir="0" index="0" bw="1" slack="0"/>
<pin id="479" dir="0" index="1" bw="32" slack="1"/>
<pin id="480" dir="1" index="2" bw="32" slack="0"/>
</pin_list>
<bind>
<opcode="sub(10) " fcode="sub"/>
<opset="result_V_20/28 "/>
</bind>
</comp>

<comp id="482" class="1004" name="result_V_21_fu_482">
<pin_list>
<pin id="483" dir="0" index="0" bw="1" slack="2"/>
<pin id="484" dir="0" index="1" bw="32" slack="0"/>
<pin id="485" dir="0" index="2" bw="32" slack="1"/>
<pin id="486" dir="1" index="3" bw="32" slack="1"/>
</pin_list>
<bind>
<opcode="select(49) " fcode="select"/>
<opset="result_V_21/28 "/>
</bind>
</comp>

<comp id="488" class="1004" name="sext_ln34_fu_488">
<pin_list>
<pin id="489" dir="0" index="0" bw="32" slack="1"/>
<pin id="490" dir="1" index="1" bw="48" slack="0"/>
</pin_list>
<bind>
<opcode="sext(35) " fcode="sext"/>
<opset="sext_ln34/29 "/>
</bind>
</comp>

<comp id="491" class="1004" name="grp_fu_491">
<pin_list>
<pin id="492" dir="0" index="0" bw="32" slack="0"/>
<pin id="493" dir="0" index="1" bw="32" slack="0"/>
<pin id="494" dir="1" index="2" bw="48" slack="0"/>
</pin_list>
<bind>
<opcode="mul(12) " fcode="mul"/>
<opset="mul_ln34/29 "/>
</bind>
</comp>

<comp id="497" class="1004" name="sext_ln34_6_fu_497">
<pin_list>
<pin id="498" dir="0" index="0" bw="32" slack="1"/>
<pin id="499" dir="1" index="1" bw="48" slack="0"/>
</pin_list>
<bind>
<opcode="sext(35) " fcode="sext"/>
<opset="sext_ln34_6/29 "/>
</bind>
</comp>

<comp id="500" class="1004" name="grp_fu_500">
<pin_list>
<pin id="501" dir="0" index="0" bw="32" slack="0"/>
<pin id="502" dir="0" index="1" bw="32" slack="0"/>
<pin id="503" dir="1" index="2" bw="48" slack="0"/>
</pin_list>
<bind>
<opcode="mul(12) " fcode="mul"/>
<opset="mul_ln34_5/29 "/>
</bind>
</comp>

<comp id="506" class="1004" name="trunc_ln_fu_506">
<pin_list>
<pin id="507" dir="0" index="0" bw="32" slack="0"/>
<pin id="508" dir="0" index="1" bw="48" slack="0"/>
<pin id="509" dir="0" index="2" bw="6" slack="0"/>
<pin id="510" dir="0" index="3" bw="7" slack="0"/>
<pin id="511" dir="1" index="4" bw="32" slack="1"/>
</pin_list>
<bind>
<opcode="partselect(1002) " fcode="partselect"/>
<opset="trunc_ln/33 "/>
</bind>
</comp>

<comp id="516" class="1004" name="trunc_ln34_4_fu_516">
<pin_list>
<pin id="517" dir="0" index="0" bw="32" slack="0"/>
<pin id="518" dir="0" index="1" bw="48" slack="0"/>
<pin id="519" dir="0" index="2" bw="6" slack="0"/>
<pin id="520" dir="0" index="3" bw="7" slack="0"/>
<pin id="521" dir="1" index="4" bw="32" slack="1"/>
</pin_list>
<bind>
<opcode="partselect(1002) " fcode="partselect"/>
<opset="trunc_ln34_4/33 "/>
</bind>
</comp>

<comp id="526" class="1004" name="D_fu_526">
<pin_list>
<pin id="527" dir="0" index="0" bw="32" slack="1"/>
<pin id="528" dir="0" index="1" bw="32" slack="1"/>
<pin id="529" dir="1" index="2" bw="32" slack="1"/>
</pin_list>
<bind>
<opcode="add(8) " fcode="add"/>
<opset="D/34 "/>
</bind>
</comp>

<comp id="530" class="1004" name="icmp_ln149_fu_530">
<pin_list>
<pin id="531" dir="0" index="0" bw="32" slack="1"/>
<pin id="532" dir="0" index="1" bw="32" slack="28"/>
<pin id="533" dir="1" index="2" bw="1" slack="1"/>
</pin_list>
<bind>
<opcode="icmp(45) " fcode="icmp"/>
<opset="icmp_ln149/35 "/>
</bind>
</comp>

<comp id="534" class="1004" name="p_load_load_fu_534">
<pin_list>
<pin id="535" dir="0" index="0" bw="32" slack="36"/>
<pin id="536" dir="1" index="1" bw="32" slack="0"/>
</pin_list>
<bind>
<opcode="load(27) " fcode="load"/>
<opset="p_load/37 "/>
</bind>
</comp>

<comp id="537" class="1004" name="zext_ln151_fu_537">
<pin_list>
<pin id="538" dir="0" index="0" bw="32" slack="0"/>
<pin id="539" dir="1" index="1" bw="64" slack="0"/>
</pin_list>
<bind>
<opcode="zext(34) " fcode="zext"/>
<opset="zext_ln151/37 "/>
</bind>
</comp>

<comp id="542" class="1004" name="add_ln152_fu_542">
<pin_list>
<pin id="543" dir="0" index="0" bw="32" slack="0"/>
<pin id="544" dir="0" index="1" bw="1" slack="0"/>
<pin id="545" dir="1" index="2" bw="32" slack="0"/>
</pin_list>
<bind>
<opcode="add(8) " fcode="add"/>
<opset="add_ln152/37 "/>
</bind>
</comp>

<comp id="548" class="1004" name="store_ln153_store_fu_548">
<pin_list>
<pin id="549" dir="0" index="0" bw="32" slack="0"/>
<pin id="550" dir="0" index="1" bw="32" slack="36"/>
<pin id="551" dir="1" index="2" bw="0" slack="2147483647"/>
</pin_list>
<bind>
<opcode="store(28) " fcode="store"/>
<opset="store_ln153/37 "/>
</bind>
</comp>

<comp id="553" class="1004" name="store_ln153_store_fu_553">
<pin_list>
<pin id="554" dir="0" index="0" bw="32" slack="0"/>
<pin id="555" dir="0" index="1" bw="32" slack="36"/>
<pin id="556" dir="1" index="2" bw="0" slack="2147483647"/>
</pin_list>
<bind>
<opcode="store(28) " fcode="store"/>
<opset="store_ln153/37 "/>
</bind>
</comp>

<comp id="558" class="1004" name="X_near_count_0_load_load_fu_558">
<pin_list>
<pin id="559" dir="0" index="0" bw="32" slack="8"/>
<pin id="560" dir="1" index="1" bw="32" slack="2147483647"/>
</pin_list>
<bind>
<opcode="load(27) " fcode="load"/>
<opset="X_near_count_0_load/38 "/>
</bind>
</comp>

<comp id="561" class="1005" name="i_reg_561">
<pin_list>
<pin id="562" dir="0" index="0" bw="14" slack="0"/>
<pin id="563" dir="1" index="1" bw="14" slack="0"/>
</pin_list>
<bind>
<opset="i "/>
</bind>
</comp>

<comp id="568" class="1005" name="empty_reg_568">
<pin_list>
<pin id="569" dir="0" index="0" bw="32" slack="0"/>
<pin id="570" dir="1" index="1" bw="32" slack="0"/>
</pin_list>
<bind>
<opset="empty "/>
</bind>
</comp>

<comp id="575" class="1005" name="X_near_count_0_reg_575">
<pin_list>
<pin id="576" dir="0" index="0" bw="32" slack="0"/>
<pin id="577" dir="1" index="1" bw="32" slack="0"/>
</pin_list>
<bind>
<opset="X_near_count_0 "/>
</bind>
</comp>

<comp id="582" class="1005" name="p_read_1_reg_582">
<pin_list>
<pin id="583" dir="0" index="0" bw="32" slack="1"/>
<pin id="584" dir="1" index="1" bw="32" slack="1"/>
</pin_list>
<bind>
<opset="p_read_1 "/>
</bind>
</comp>

<comp id="587" class="1005" name="p_read_2_reg_587">
<pin_list>
<pin id="588" dir="0" index="0" bw="32" slack="1"/>
<pin id="589" dir="1" index="1" bw="32" slack="1"/>
</pin_list>
<bind>
<opset="p_read_2 "/>
</bind>
</comp>

<comp id="592" class="1005" name="N_read_reg_592">
<pin_list>
<pin id="593" dir="0" index="0" bw="14" slack="1"/>
<pin id="594" dir="1" index="1" bw="14" slack="1"/>
</pin_list>
<bind>
<opset="N_read "/>
</bind>
</comp>

<comp id="597" class="1005" name="Squared_r_n_read_reg_597">
<pin_list>
<pin id="598" dir="0" index="0" bw="32" slack="28"/>
<pin id="599" dir="1" index="1" bw="32" slack="28"/>
</pin_list>
<bind>
<opset="Squared_r_n_read "/>
</bind>
</comp>

<comp id="602" class="1005" name="conv_i_i_reg_602">
<pin_list>
<pin id="603" dir="0" index="0" bw="32" slack="10"/>
<pin id="604" dir="1" index="1" bw="32" slack="10"/>
</pin_list>
<bind>
<opset="conv_i_i "/>
</bind>
</comp>

<comp id="607" class="1005" name="conv9_i_i_reg_607">
<pin_list>
<pin id="608" dir="0" index="0" bw="32" slack="10"/>
<pin id="609" dir="1" index="1" bw="32" slack="10"/>
</pin_list>
<bind>
<opset="conv9_i_i "/>
</bind>
</comp>

<comp id="615" class="1005" name="i_cast_reg_615">
<pin_list>
<pin id="616" dir="0" index="0" bw="64" slack="27"/>
<pin id="617" dir="1" index="1" bw="64" slack="27"/>
</pin_list>
<bind>
<opset="i_cast "/>
</bind>
</comp>

<comp id="620" class="1005" name="RRT_Star_Pos_0_0_addr_reg_620">
<pin_list>
<pin id="621" dir="0" index="0" bw="14" slack="1"/>
<pin id="622" dir="1" index="1" bw="14" slack="1"/>
</pin_list>
<bind>
<opset="RRT_Star_Pos_0_0_addr "/>
</bind>
</comp>

<comp id="625" class="1005" name="RRT_Star_Pos_0_1_addr_reg_625">
<pin_list>
<pin id="626" dir="0" index="0" bw="14" slack="1"/>
<pin id="627" dir="1" index="1" bw="14" slack="1"/>
</pin_list>
<bind>
<opset="RRT_Star_Pos_0_1_addr "/>
</bind>
</comp>

<comp id="630" class="1005" name="B_x_reg_630">
<pin_list>
<pin id="631" dir="0" index="0" bw="32" slack="1"/>
<pin id="632" dir="1" index="1" bw="32" slack="1"/>
</pin_list>
<bind>
<opset="B_x "/>
</bind>
</comp>

<comp id="635" class="1005" name="B_y_reg_635">
<pin_list>
<pin id="636" dir="0" index="0" bw="32" slack="1"/>
<pin id="637" dir="1" index="1" bw="32" slack="1"/>
</pin_list>
<bind>
<opset="B_y "/>
</bind>
</comp>

<comp id="640" class="1005" name="conv_i_i_i_reg_640">
<pin_list>
<pin id="641" dir="0" index="0" bw="32" slack="1"/>
<pin id="642" dir="1" index="1" bw="32" slack="1"/>
</pin_list>
<bind>
<opset="conv_i_i_i "/>
</bind>
</comp>

<comp id="645" class="1005" name="conv_i2_i_i_reg_645">
<pin_list>
<pin id="646" dir="0" index="0" bw="32" slack="1"/>
<pin id="647" dir="1" index="1" bw="32" slack="1"/>
</pin_list>
<bind>
<opset="conv_i2_i_i "/>
</bind>
</comp>

<comp id="650" class="1005" name="dc_reg_650">
<pin_list>
<pin id="651" dir="0" index="0" bw="32" slack="1"/>
<pin id="652" dir="1" index="1" bw="32" slack="1"/>
</pin_list>
<bind>
<opset="dc "/>
</bind>
</comp>

<comp id="655" class="1005" name="dc_3_reg_655">
<pin_list>
<pin id="656" dir="0" index="0" bw="32" slack="1"/>
<pin id="657" dir="1" index="1" bw="32" slack="1"/>
</pin_list>
<bind>
<opset="dc_3 "/>
</bind>
</comp>

<comp id="660" class="1005" name="p_Result_s_reg_660">
<pin_list>
<pin id="661" dir="0" index="0" bw="1" slack="2"/>
<pin id="662" dir="1" index="1" bw="1" slack="2"/>
</pin_list>
<bind>
<opset="p_Result_s "/>
</bind>
</comp>

<comp id="665" class="1005" name="tmp_41_reg_665">
<pin_list>
<pin id="666" dir="0" index="0" bw="23" slack="1"/>
<pin id="667" dir="1" index="1" bw="23" slack="1"/>
</pin_list>
<bind>
<opset="tmp_41 "/>
</bind>
</comp>

<comp id="670" class="1005" name="isNeg_reg_670">
<pin_list>
<pin id="671" dir="0" index="0" bw="1" slack="1"/>
<pin id="672" dir="1" index="1" bw="1" slack="1"/>
</pin_list>
<bind>
<opset="isNeg "/>
</bind>
</comp>

<comp id="675" class="1005" name="ush_reg_675">
<pin_list>
<pin id="676" dir="0" index="0" bw="9" slack="1"/>
<pin id="677" dir="1" index="1" bw="9" slack="1"/>
</pin_list>
<bind>
<opset="ush "/>
</bind>
</comp>

<comp id="680" class="1005" name="p_Result_3_reg_680">
<pin_list>
<pin id="681" dir="0" index="0" bw="1" slack="2"/>
<pin id="682" dir="1" index="1" bw="1" slack="2"/>
</pin_list>
<bind>
<opset="p_Result_3 "/>
</bind>
</comp>

<comp id="685" class="1005" name="tmp_43_reg_685">
<pin_list>
<pin id="686" dir="0" index="0" bw="23" slack="1"/>
<pin id="687" dir="1" index="1" bw="23" slack="1"/>
</pin_list>
<bind>
<opset="tmp_43 "/>
</bind>
</comp>

<comp id="690" class="1005" name="isNeg_3_reg_690">
<pin_list>
<pin id="691" dir="0" index="0" bw="1" slack="1"/>
<pin id="692" dir="1" index="1" bw="1" slack="1"/>
</pin_list>
<bind>
<opset="isNeg_3 "/>
</bind>
</comp>

<comp id="695" class="1005" name="ush_3_reg_695">
<pin_list>
<pin id="696" dir="0" index="0" bw="9" slack="1"/>
<pin id="697" dir="1" index="1" bw="9" slack="1"/>
</pin_list>
<bind>
<opset="ush_3 "/>
</bind>
</comp>

<comp id="700" class="1005" name="val_reg_700">
<pin_list>
<pin id="701" dir="0" index="0" bw="32" slack="1"/>
<pin id="702" dir="1" index="1" bw="32" slack="1"/>
</pin_list>
<bind>
<opset="val "/>
</bind>
</comp>

<comp id="706" class="1005" name="val_3_reg_706">
<pin_list>
<pin id="707" dir="0" index="0" bw="32" slack="1"/>
<pin id="708" dir="1" index="1" bw="32" slack="1"/>
</pin_list>
<bind>
<opset="val_3 "/>
</bind>
</comp>

<comp id="712" class="1005" name="result_V_reg_712">
<pin_list>
<pin id="713" dir="0" index="0" bw="32" slack="1"/>
<pin id="714" dir="1" index="1" bw="32" slack="1"/>
</pin_list>
<bind>
<opset="result_V "/>
</bind>
</comp>

<comp id="717" class="1005" name="result_V_21_reg_717">
<pin_list>
<pin id="718" dir="0" index="0" bw="32" slack="1"/>
<pin id="719" dir="1" index="1" bw="32" slack="1"/>
</pin_list>
<bind>
<opset="result_V_21 "/>
</bind>
</comp>

<comp id="722" class="1005" name="sext_ln34_reg_722">
<pin_list>
<pin id="723" dir="0" index="0" bw="48" slack="1"/>
<pin id="724" dir="1" index="1" bw="48" slack="1"/>
</pin_list>
<bind>
<opset="sext_ln34 "/>
</bind>
</comp>

<comp id="728" class="1005" name="sext_ln34_6_reg_728">
<pin_list>
<pin id="729" dir="0" index="0" bw="48" slack="1"/>
<pin id="730" dir="1" index="1" bw="48" slack="1"/>
</pin_list>
<bind>
<opset="sext_ln34_6 "/>
</bind>
</comp>

<comp id="734" class="1005" name="trunc_ln_reg_734">
<pin_list>
<pin id="735" dir="0" index="0" bw="32" slack="1"/>
<pin id="736" dir="1" index="1" bw="32" slack="1"/>
</pin_list>
<bind>
<opset="trunc_ln "/>
</bind>
</comp>

<comp id="739" class="1005" name="trunc_ln34_4_reg_739">
<pin_list>
<pin id="740" dir="0" index="0" bw="32" slack="1"/>
<pin id="741" dir="1" index="1" bw="32" slack="1"/>
</pin_list>
<bind>
<opset="trunc_ln34_4 "/>
</bind>
</comp>

<comp id="744" class="1005" name="D_reg_744">
<pin_list>
<pin id="745" dir="0" index="0" bw="32" slack="1"/>
<pin id="746" dir="1" index="1" bw="32" slack="1"/>
</pin_list>
<bind>
<opset="D "/>
</bind>
</comp>

<comp id="749" class="1005" name="icmp_ln149_reg_749">
<pin_list>
<pin id="750" dir="0" index="0" bw="1" slack="1"/>
<pin id="751" dir="1" index="1" bw="1" slack="2147483647"/>
</pin_list>
<bind>
<opset="icmp_ln149 "/>
</bind>
</comp>

<comp id="753" class="1005" name="RRT_Star_Pos_1_addr_reg_753">
<pin_list>
<pin id="754" dir="0" index="0" bw="14" slack="1"/>
<pin id="755" dir="1" index="1" bw="14" slack="1"/>
</pin_list>
<bind>
<opset="RRT_Star_Pos_1_addr "/>
</bind>
</comp>

<comp id="758" class="1005" name="RRT_Star_Pos_1_load_reg_758">
<pin_list>
<pin id="759" dir="0" index="0" bw="16" slack="1"/>
<pin id="760" dir="1" index="1" bw="16" slack="1"/>
</pin_list>
<bind>
<opset="RRT_Star_Pos_1_load "/>
</bind>
</comp>

</comp_list>

<net_list>
<net id="81"><net_src comp="16" pin="0"/><net_sink comp="78" pin=0"/></net>

<net id="85"><net_src comp="16" pin="0"/><net_sink comp="82" pin=0"/></net>

<net id="89"><net_src comp="16" pin="0"/><net_sink comp="86" pin=0"/></net>

<net id="94"><net_src comp="18" pin="0"/><net_sink comp="90" pin=0"/></net>

<net id="95"><net_src comp="10" pin="0"/><net_sink comp="90" pin=1"/></net>

<net id="100"><net_src comp="18" pin="0"/><net_sink comp="96" pin=0"/></net>

<net id="101"><net_src comp="8" pin="0"/><net_sink comp="96" pin=1"/></net>

<net id="106"><net_src comp="24" pin="0"/><net_sink comp="102" pin=0"/></net>

<net id="107"><net_src comp="14" pin="0"/><net_sink comp="102" pin=1"/></net>

<net id="112"><net_src comp="18" pin="0"/><net_sink comp="108" pin=0"/></net>

<net id="113"><net_src comp="12" pin="0"/><net_sink comp="108" pin=1"/></net>

<net id="119"><net_src comp="2" pin="0"/><net_sink comp="114" pin=0"/></net>

<net id="120"><net_src comp="34" pin="0"/><net_sink comp="114" pin=1"/></net>

<net id="126"><net_src comp="114" pin="3"/><net_sink comp="121" pin=0"/></net>

<net id="132"><net_src comp="4" pin="0"/><net_sink comp="127" pin=0"/></net>

<net id="133"><net_src comp="34" pin="0"/><net_sink comp="127" pin=1"/></net>

<net id="139"><net_src comp="127" pin="3"/><net_sink comp="134" pin=0"/></net>

<net id="145"><net_src comp="6" pin="0"/><net_sink comp="140" pin=0"/></net>

<net id="146"><net_src comp="34" pin="0"/><net_sink comp="140" pin=1"/></net>

<net id="152"><net_src comp="140" pin="3"/><net_sink comp="147" pin=0"/></net>

<net id="158"><net_src comp="0" pin="0"/><net_sink comp="153" pin=0"/></net>

<net id="159"><net_src comp="34" pin="0"/><net_sink comp="153" pin=1"/></net>

<net id="165"><net_src comp="153" pin="3"/><net_sink comp="160" pin=0"/></net>

<net id="177"><net_src comp="96" pin="2"/><net_sink comp="174" pin=0"/></net>

<net id="181"><net_src comp="90" pin="2"/><net_sink comp="178" pin=0"/></net>

<net id="186"><net_src comp="20" pin="0"/><net_sink comp="182" pin=0"/></net>

<net id="191"><net_src comp="20" pin="0"/><net_sink comp="187" pin=0"/></net>

<net id="196"><net_src comp="22" pin="0"/><net_sink comp="192" pin=0"/></net>

<net id="204"><net_src comp="197" pin="1"/><net_sink comp="200" pin=0"/></net>

<net id="209"><net_src comp="197" pin="1"/><net_sink comp="205" pin=0"/></net>

<net id="210"><net_src comp="32" pin="0"/><net_sink comp="205" pin=1"/></net>

<net id="214"><net_src comp="197" pin="1"/><net_sink comp="211" pin=0"/></net>

<net id="215"><net_src comp="211" pin="1"/><net_sink comp="114" pin=2"/></net>

<net id="216"><net_src comp="211" pin="1"/><net_sink comp="127" pin=2"/></net>

<net id="221"><net_src comp="205" pin="2"/><net_sink comp="217" pin=0"/></net>

<net id="230"><net_src comp="36" pin="0"/><net_sink comp="225" pin=0"/></net>

<net id="231"><net_src comp="222" pin="1"/><net_sink comp="225" pin=1"/></net>

<net id="232"><net_src comp="38" pin="0"/><net_sink comp="225" pin=2"/></net>

<net id="239"><net_src comp="40" pin="0"/><net_sink comp="233" pin=0"/></net>

<net id="240"><net_src comp="222" pin="1"/><net_sink comp="233" pin=1"/></net>

<net id="241"><net_src comp="42" pin="0"/><net_sink comp="233" pin=2"/></net>

<net id="242"><net_src comp="44" pin="0"/><net_sink comp="233" pin=3"/></net>

<net id="246"><net_src comp="222" pin="1"/><net_sink comp="243" pin=0"/></net>

<net id="250"><net_src comp="233" pin="4"/><net_sink comp="247" pin=0"/></net>

<net id="255"><net_src comp="247" pin="1"/><net_sink comp="251" pin=0"/></net>

<net id="256"><net_src comp="46" pin="0"/><net_sink comp="251" pin=1"/></net>

<net id="262"><net_src comp="48" pin="0"/><net_sink comp="257" pin=0"/></net>

<net id="263"><net_src comp="251" pin="2"/><net_sink comp="257" pin=1"/></net>

<net id="264"><net_src comp="50" pin="0"/><net_sink comp="257" pin=2"/></net>

<net id="269"><net_src comp="52" pin="0"/><net_sink comp="265" pin=0"/></net>

<net id="270"><net_src comp="233" pin="4"/><net_sink comp="265" pin=1"/></net>

<net id="274"><net_src comp="265" pin="2"/><net_sink comp="271" pin=0"/></net>

<net id="280"><net_src comp="257" pin="3"/><net_sink comp="275" pin=0"/></net>

<net id="281"><net_src comp="271" pin="1"/><net_sink comp="275" pin=1"/></net>

<net id="282"><net_src comp="251" pin="2"/><net_sink comp="275" pin=2"/></net>

<net id="291"><net_src comp="36" pin="0"/><net_sink comp="286" pin=0"/></net>

<net id="292"><net_src comp="283" pin="1"/><net_sink comp="286" pin=1"/></net>

<net id="293"><net_src comp="38" pin="0"/><net_sink comp="286" pin=2"/></net>

<net id="300"><net_src comp="40" pin="0"/><net_sink comp="294" pin=0"/></net>

<net id="301"><net_src comp="283" pin="1"/><net_sink comp="294" pin=1"/></net>

<net id="302"><net_src comp="42" pin="0"/><net_sink comp="294" pin=2"/></net>

<net id="303"><net_src comp="44" pin="0"/><net_sink comp="294" pin=3"/></net>

<net id="307"><net_src comp="283" pin="1"/><net_sink comp="304" pin=0"/></net>

<net id="311"><net_src comp="294" pin="4"/><net_sink comp="308" pin=0"/></net>

<net id="316"><net_src comp="308" pin="1"/><net_sink comp="312" pin=0"/></net>

<net id="317"><net_src comp="46" pin="0"/><net_sink comp="312" pin=1"/></net>

<net id="323"><net_src comp="48" pin="0"/><net_sink comp="318" pin=0"/></net>

<net id="324"><net_src comp="312" pin="2"/><net_sink comp="318" pin=1"/></net>

<net id="325"><net_src comp="50" pin="0"/><net_sink comp="318" pin=2"/></net>

<net id="330"><net_src comp="52" pin="0"/><net_sink comp="326" pin=0"/></net>

<net id="331"><net_src comp="294" pin="4"/><net_sink comp="326" pin=1"/></net>

<net id="335"><net_src comp="326" pin="2"/><net_sink comp="332" pin=0"/></net>

<net id="341"><net_src comp="318" pin="3"/><net_sink comp="336" pin=0"/></net>

<net id="342"><net_src comp="332" pin="1"/><net_sink comp="336" pin=1"/></net>

<net id="343"><net_src comp="312" pin="2"/><net_sink comp="336" pin=2"/></net>

<net id="350"><net_src comp="54" pin="0"/><net_sink comp="344" pin=0"/></net>

<net id="351"><net_src comp="56" pin="0"/><net_sink comp="344" pin=1"/></net>

<net id="352"><net_src comp="58" pin="0"/><net_sink comp="344" pin=3"/></net>

<net id="356"><net_src comp="344" pin="4"/><net_sink comp="353" pin=0"/></net>

<net id="363"><net_src comp="357" pin="1"/><net_sink comp="360" pin=0"/></net>

<net id="368"><net_src comp="353" pin="1"/><net_sink comp="364" pin=0"/></net>

<net id="369"><net_src comp="360" pin="1"/><net_sink comp="364" pin=1"/></net>

<net id="374"><net_src comp="353" pin="1"/><net_sink comp="370" pin=0"/></net>

<net id="375"><net_src comp="360" pin="1"/><net_sink comp="370" pin=1"/></net>

<net id="381"><net_src comp="60" pin="0"/><net_sink comp="376" pin=0"/></net>

<net id="382"><net_src comp="364" pin="2"/><net_sink comp="376" pin=1"/></net>

<net id="383"><net_src comp="62" pin="0"/><net_sink comp="376" pin=2"/></net>

<net id="387"><net_src comp="376" pin="3"/><net_sink comp="384" pin=0"/></net>

<net id="394"><net_src comp="64" pin="0"/><net_sink comp="388" pin=0"/></net>

<net id="395"><net_src comp="370" pin="2"/><net_sink comp="388" pin=1"/></net>

<net id="396"><net_src comp="62" pin="0"/><net_sink comp="388" pin=2"/></net>

<net id="397"><net_src comp="66" pin="0"/><net_sink comp="388" pin=3"/></net>

<net id="403"><net_src comp="384" pin="1"/><net_sink comp="398" pin=1"/></net>

<net id="404"><net_src comp="388" pin="4"/><net_sink comp="398" pin=2"/></net>

<net id="411"><net_src comp="54" pin="0"/><net_sink comp="405" pin=0"/></net>

<net id="412"><net_src comp="56" pin="0"/><net_sink comp="405" pin=1"/></net>

<net id="413"><net_src comp="58" pin="0"/><net_sink comp="405" pin=3"/></net>

<net id="417"><net_src comp="405" pin="4"/><net_sink comp="414" pin=0"/></net>

<net id="424"><net_src comp="418" pin="1"/><net_sink comp="421" pin=0"/></net>

<net id="429"><net_src comp="414" pin="1"/><net_sink comp="425" pin=0"/></net>

<net id="430"><net_src comp="421" pin="1"/><net_sink comp="425" pin=1"/></net>

<net id="435"><net_src comp="414" pin="1"/><net_sink comp="431" pin=0"/></net>

<net id="436"><net_src comp="421" pin="1"/><net_sink comp="431" pin=1"/></net>

<net id="442"><net_src comp="60" pin="0"/><net_sink comp="437" pin=0"/></net>

<net id="443"><net_src comp="425" pin="2"/><net_sink comp="437" pin=1"/></net>

<net id="444"><net_src comp="62" pin="0"/><net_sink comp="437" pin=2"/></net>

<net id="448"><net_src comp="437" pin="3"/><net_sink comp="445" pin=0"/></net>

<net id="455"><net_src comp="64" pin="0"/><net_sink comp="449" pin=0"/></net>

<net id="456"><net_src comp="431" pin="2"/><net_sink comp="449" pin=1"/></net>

<net id="457"><net_src comp="62" pin="0"/><net_sink comp="449" pin=2"/></net>

<net id="458"><net_src comp="66" pin="0"/><net_sink comp="449" pin=3"/></net>

<net id="464"><net_src comp="445" pin="1"/><net_sink comp="459" pin=1"/></net>

<net id="465"><net_src comp="449" pin="4"/><net_sink comp="459" pin=2"/></net>

<net id="470"><net_src comp="20" pin="0"/><net_sink comp="466" pin=0"/></net>

<net id="476"><net_src comp="466" pin="2"/><net_sink comp="471" pin=1"/></net>

<net id="481"><net_src comp="20" pin="0"/><net_sink comp="477" pin=0"/></net>

<net id="487"><net_src comp="477" pin="2"/><net_sink comp="482" pin=1"/></net>

<net id="495"><net_src comp="488" pin="1"/><net_sink comp="491" pin=0"/></net>

<net id="496"><net_src comp="488" pin="1"/><net_sink comp="491" pin=1"/></net>

<net id="504"><net_src comp="497" pin="1"/><net_sink comp="500" pin=0"/></net>

<net id="505"><net_src comp="497" pin="1"/><net_sink comp="500" pin=1"/></net>

<net id="512"><net_src comp="68" pin="0"/><net_sink comp="506" pin=0"/></net>

<net id="513"><net_src comp="491" pin="2"/><net_sink comp="506" pin=1"/></net>

<net id="514"><net_src comp="70" pin="0"/><net_sink comp="506" pin=2"/></net>

<net id="515"><net_src comp="72" pin="0"/><net_sink comp="506" pin=3"/></net>

<net id="522"><net_src comp="68" pin="0"/><net_sink comp="516" pin=0"/></net>

<net id="523"><net_src comp="500" pin="2"/><net_sink comp="516" pin=1"/></net>

<net id="524"><net_src comp="70" pin="0"/><net_sink comp="516" pin=2"/></net>

<net id="525"><net_src comp="72" pin="0"/><net_sink comp="516" pin=3"/></net>

<net id="540"><net_src comp="534" pin="1"/><net_sink comp="537" pin=0"/></net>

<net id="541"><net_src comp="537" pin="1"/><net_sink comp="153" pin=2"/></net>

<net id="546"><net_src comp="534" pin="1"/><net_sink comp="542" pin=0"/></net>

<net id="547"><net_src comp="16" pin="0"/><net_sink comp="542" pin=1"/></net>

<net id="552"><net_src comp="542" pin="2"/><net_sink comp="548" pin=0"/></net>

<net id="557"><net_src comp="542" pin="2"/><net_sink comp="553" pin=0"/></net>

<net id="564"><net_src comp="78" pin="1"/><net_sink comp="561" pin=0"/></net>

<net id="565"><net_src comp="561" pin="1"/><net_sink comp="192" pin=1"/></net>

<net id="566"><net_src comp="561" pin="1"/><net_sink comp="197" pin=0"/></net>

<net id="567"><net_src comp="561" pin="1"/><net_sink comp="217" pin=1"/></net>

<net id="571"><net_src comp="82" pin="1"/><net_sink comp="568" pin=0"/></net>

<net id="572"><net_src comp="568" pin="1"/><net_sink comp="187" pin=1"/></net>

<net id="573"><net_src comp="568" pin="1"/><net_sink comp="534" pin=0"/></net>

<net id="574"><net_src comp="568" pin="1"/><net_sink comp="553" pin=1"/></net>

<net id="578"><net_src comp="86" pin="1"/><net_sink comp="575" pin=0"/></net>

<net id="579"><net_src comp="575" pin="1"/><net_sink comp="182" pin=1"/></net>

<net id="580"><net_src comp="575" pin="1"/><net_sink comp="548" pin=1"/></net>

<net id="581"><net_src comp="575" pin="1"/><net_sink comp="558" pin=0"/></net>

<net id="585"><net_src comp="90" pin="2"/><net_sink comp="582" pin=0"/></net>

<net id="586"><net_src comp="582" pin="1"/><net_sink comp="178" pin=0"/></net>

<net id="590"><net_src comp="96" pin="2"/><net_sink comp="587" pin=0"/></net>

<net id="591"><net_src comp="587" pin="1"/><net_sink comp="174" pin=0"/></net>

<net id="595"><net_src comp="102" pin="2"/><net_sink comp="592" pin=0"/></net>

<net id="596"><net_src comp="592" pin="1"/><net_sink comp="200" pin=1"/></net>

<net id="600"><net_src comp="108" pin="2"/><net_sink comp="597" pin=0"/></net>

<net id="601"><net_src comp="597" pin="1"/><net_sink comp="530" pin=1"/></net>

<net id="605"><net_src comp="174" pin="1"/><net_sink comp="602" pin=0"/></net>

<net id="606"><net_src comp="602" pin="1"/><net_sink comp="166" pin=0"/></net>

<net id="610"><net_src comp="178" pin="1"/><net_sink comp="607" pin=0"/></net>

<net id="611"><net_src comp="607" pin="1"/><net_sink comp="170" pin=0"/></net>

<net id="618"><net_src comp="211" pin="1"/><net_sink comp="615" pin=0"/></net>

<net id="619"><net_src comp="615" pin="1"/><net_sink comp="140" pin=2"/></net>

<net id="623"><net_src comp="114" pin="3"/><net_sink comp="620" pin=0"/></net>

<net id="624"><net_src comp="620" pin="1"/><net_sink comp="121" pin=0"/></net>

<net id="628"><net_src comp="127" pin="3"/><net_sink comp="625" pin=0"/></net>

<net id="629"><net_src comp="625" pin="1"/><net_sink comp="134" pin=0"/></net>

<net id="633"><net_src comp="121" pin="3"/><net_sink comp="630" pin=0"/></net>

<net id="634"><net_src comp="630" pin="1"/><net_sink comp="174" pin=0"/></net>

<net id="638"><net_src comp="134" pin="3"/><net_sink comp="635" pin=0"/></net>

<net id="639"><net_src comp="635" pin="1"/><net_sink comp="178" pin=0"/></net>

<net id="643"><net_src comp="174" pin="1"/><net_sink comp="640" pin=0"/></net>

<net id="644"><net_src comp="640" pin="1"/><net_sink comp="166" pin=1"/></net>

<net id="648"><net_src comp="178" pin="1"/><net_sink comp="645" pin=0"/></net>

<net id="649"><net_src comp="645" pin="1"/><net_sink comp="170" pin=1"/></net>

<net id="653"><net_src comp="166" pin="2"/><net_sink comp="650" pin=0"/></net>

<net id="654"><net_src comp="650" pin="1"/><net_sink comp="222" pin=0"/></net>

<net id="658"><net_src comp="170" pin="2"/><net_sink comp="655" pin=0"/></net>

<net id="659"><net_src comp="655" pin="1"/><net_sink comp="283" pin=0"/></net>

<net id="663"><net_src comp="225" pin="3"/><net_sink comp="660" pin=0"/></net>

<net id="664"><net_src comp="660" pin="1"/><net_sink comp="471" pin=0"/></net>

<net id="668"><net_src comp="243" pin="1"/><net_sink comp="665" pin=0"/></net>

<net id="669"><net_src comp="665" pin="1"/><net_sink comp="344" pin=2"/></net>

<net id="673"><net_src comp="257" pin="3"/><net_sink comp="670" pin=0"/></net>

<net id="674"><net_src comp="670" pin="1"/><net_sink comp="398" pin=0"/></net>

<net id="678"><net_src comp="275" pin="3"/><net_sink comp="675" pin=0"/></net>

<net id="679"><net_src comp="675" pin="1"/><net_sink comp="357" pin=0"/></net>

<net id="683"><net_src comp="286" pin="3"/><net_sink comp="680" pin=0"/></net>

<net id="684"><net_src comp="680" pin="1"/><net_sink comp="482" pin=0"/></net>

<net id="688"><net_src comp="304" pin="1"/><net_sink comp="685" pin=0"/></net>

<net id="689"><net_src comp="685" pin="1"/><net_sink comp="405" pin=2"/></net>

<net id="693"><net_src comp="318" pin="3"/><net_sink comp="690" pin=0"/></net>

<net id="694"><net_src comp="690" pin="1"/><net_sink comp="459" pin=0"/></net>

<net id="698"><net_src comp="336" pin="3"/><net_sink comp="695" pin=0"/></net>

<net id="699"><net_src comp="695" pin="1"/><net_sink comp="418" pin=0"/></net>

<net id="703"><net_src comp="398" pin="3"/><net_sink comp="700" pin=0"/></net>

<net id="704"><net_src comp="700" pin="1"/><net_sink comp="466" pin=1"/></net>

<net id="705"><net_src comp="700" pin="1"/><net_sink comp="471" pin=2"/></net>

<net id="709"><net_src comp="459" pin="3"/><net_sink comp="706" pin=0"/></net>

<net id="710"><net_src comp="706" pin="1"/><net_sink comp="477" pin=1"/></net>

<net id="711"><net_src comp="706" pin="1"/><net_sink comp="482" pin=2"/></net>

<net id="715"><net_src comp="471" pin="3"/><net_sink comp="712" pin=0"/></net>

<net id="716"><net_src comp="712" pin="1"/><net_sink comp="488" pin=0"/></net>

<net id="720"><net_src comp="482" pin="3"/><net_sink comp="717" pin=0"/></net>

<net id="721"><net_src comp="717" pin="1"/><net_sink comp="497" pin=0"/></net>

<net id="725"><net_src comp="488" pin="1"/><net_sink comp="722" pin=0"/></net>

<net id="726"><net_src comp="722" pin="1"/><net_sink comp="491" pin=0"/></net>

<net id="727"><net_src comp="722" pin="1"/><net_sink comp="491" pin=1"/></net>

<net id="731"><net_src comp="497" pin="1"/><net_sink comp="728" pin=0"/></net>

<net id="732"><net_src comp="728" pin="1"/><net_sink comp="500" pin=0"/></net>

<net id="733"><net_src comp="728" pin="1"/><net_sink comp="500" pin=1"/></net>

<net id="737"><net_src comp="506" pin="4"/><net_sink comp="734" pin=0"/></net>

<net id="738"><net_src comp="734" pin="1"/><net_sink comp="526" pin=1"/></net>

<net id="742"><net_src comp="516" pin="4"/><net_sink comp="739" pin=0"/></net>

<net id="743"><net_src comp="739" pin="1"/><net_sink comp="526" pin=0"/></net>

<net id="747"><net_src comp="526" pin="2"/><net_sink comp="744" pin=0"/></net>

<net id="748"><net_src comp="744" pin="1"/><net_sink comp="530" pin=0"/></net>

<net id="752"><net_src comp="530" pin="2"/><net_sink comp="749" pin=0"/></net>

<net id="756"><net_src comp="140" pin="3"/><net_sink comp="753" pin=0"/></net>

<net id="757"><net_src comp="753" pin="1"/><net_sink comp="147" pin=0"/></net>

<net id="761"><net_src comp="147" pin="3"/><net_sink comp="758" pin=0"/></net>

<net id="762"><net_src comp="758" pin="1"/><net_sink comp="160" pin=1"/></net>

</net_list>

</model> 
---------------- Datapath Model END ------------------

* FSMD analyzer results:
  - Output states:
	Port: X_near | {37 }
 - Input state : 
	Port: Nearhw : RRT_Star_Pos_0_0 | {8 9 }
	Port: Nearhw : RRT_Star_Pos_0_1 | {8 9 }
	Port: Nearhw : RRT_Star_Pos_1 | {35 36 }
	Port: Nearhw : p_read | {1 }
	Port: Nearhw : p_read1 | {1 }
	Port: Nearhw : Squared_r_n | {7 }
	Port: Nearhw : N | {7 }
  - Chain level:
	State 1
		store_ln141 : 1
		store_ln141 : 1
		store_ln141 : 1
	State 2
	State 3
	State 4
	State 5
	State 6
	State 7
	State 8
		icmp_ln141 : 1
		add_ln141 : 1
		br_ln141 : 2
		i_cast : 1
		RRT_Star_Pos_0_0_addr : 2
		B_x : 3
		RRT_Star_Pos_0_1_addr : 2
		B_y : 3
		store_ln141 : 2
	State 9
	State 10
	State 11
	State 12
	State 13
	State 14
	State 15
	State 16
	State 17
	State 18
	State 19
	State 20
	State 21
	State 22
	State 23
	State 24
	State 25
	State 26
		p_Result_s : 1
		tmp_40 : 1
		tmp_41 : 1
		zext_ln344 : 2
		add_ln344 : 3
		isNeg : 4
		sub_ln1364 : 2
		sext_ln1364 : 3
		ush : 5
		p_Result_3 : 1
		tmp_42 : 1
		tmp_43 : 1
		zext_ln344_2 : 2
		add_ln344_2 : 3
		isNeg_3 : 4
		sub_ln1364_2 : 2
		sext_ln1364_2 : 3
		ush_3 : 5
	State 27
		zext_ln15 : 1
		zext_ln1340 : 1
		r_V : 2
		r_V_9 : 2
		tmp : 3
		zext_ln671 : 4
		tmp_s : 3
		val : 5
		zext_ln15_2 : 1
		zext_ln1340_3 : 1
		r_V_10 : 2
		r_V_11 : 2
		tmp_39 : 3
		zext_ln671_2 : 4
		tmp_6 : 3
		val_3 : 5
	State 28
		result_V : 1
		result_V_21 : 1
	State 29
		mul_ln34 : 1
		mul_ln34_5 : 1
	State 30
	State 31
	State 32
	State 33
		trunc_ln : 1
		trunc_ln34_4 : 1
	State 34
	State 35
		br_ln149 : 1
		RRT_Star_Pos_1_load : 1
	State 36
	State 37
		zext_ln151 : 1
		X_near_addr : 2
		store_ln151 : 3
		add_ln152 : 1
		store_ln153 : 2
		store_ln153 : 2
	State 38
		ret_ln155 : 1


============================================================
+ Verbose Summary: Datapath Resource usage 
============================================================

* Functional unit list:
|----------|------------------------------|---------|---------|---------|
| Operation|        Functional Unit       |   DSP   |    FF   |   LUT   |
|----------|------------------------------|---------|---------|---------|
|   fadd   |          grp_fu_166          |    2    |   324   |   424   |
|          |          grp_fu_170          |    2    |   324   |   424   |
|----------|------------------------------|---------|---------|---------|
|    mul   |          grp_fu_491          |    3    |   215   |    1    |
|          |          grp_fu_500          |    3    |   215   |    1    |
|----------|------------------------------|---------|---------|---------|
|   lshr   |          r_V_fu_364          |    0    |    0    |   100   |
|          |         r_V_10_fu_425        |    0    |    0    |   100   |
|----------|------------------------------|---------|---------|---------|
|    shl   |         r_V_9_fu_370         |    0    |    0    |   100   |
|          |         r_V_11_fu_431        |    0    |    0    |   100   |
|----------|------------------------------|---------|---------|---------|
|          |          ush_fu_275          |    0    |    0    |    9    |
|          |         ush_3_fu_336         |    0    |    0    |    9    |
|  select  |          val_fu_398          |    0    |    0    |    32   |
|          |         val_3_fu_459         |    0    |    0    |    32   |
|          |        result_V_fu_471       |    0    |    0    |    32   |
|          |      result_V_21_fu_482      |    0    |    0    |    32   |
|----------|------------------------------|---------|---------|---------|
|          |       add_ln141_fu_205       |    0    |    0    |    17   |
|          |       add_ln344_fu_251       |    0    |    0    |    15   |
|    add   |      add_ln344_2_fu_312      |    0    |    0    |    15   |
|          |           D_fu_526           |    0    |    0    |    39   |
|          |       add_ln152_fu_542       |    0    |    0    |    39   |
|----------|------------------------------|---------|---------|---------|
|          |       sub_ln1364_fu_265      |    0    |    0    |    15   |
|    sub   |      sub_ln1364_2_fu_326     |    0    |    0    |    15   |
|          |      result_V_17_fu_466      |    0    |    0    |    39   |
|          |      result_V_20_fu_477      |    0    |    0    |    39   |
|----------|------------------------------|---------|---------|---------|
|   icmp   |       icmp_ln141_fu_200      |    0    |    0    |    12   |
|          |       icmp_ln149_fu_530      |    0    |    0    |    18   |
|----------|------------------------------|---------|---------|---------|
|          |      p_read_1_read_fu_90     |    0    |    0    |    0    |
|   read   |      p_read_2_read_fu_96     |    0    |    0    |    0    |
|          |      N_read_read_fu_102      |    0    |    0    |    0    |
|          | Squared_r_n_read_read_fu_108 |    0    |    0    |    0    |
|----------|------------------------------|---------|---------|---------|
|  sitofp  |          grp_fu_174          |    0    |    0    |    0    |
|          |          grp_fu_178          |    0    |    0    |    0    |
|----------|------------------------------|---------|---------|---------|
|          |         i_cast_fu_211        |    0    |    0    |    0    |
|          |       zext_ln344_fu_247      |    0    |    0    |    0    |
|          |      zext_ln344_2_fu_308     |    0    |    0    |    0    |
|          |       zext_ln15_fu_353       |    0    |    0    |    0    |
|   zext   |      zext_ln1340_fu_360      |    0    |    0    |    0    |
|          |       zext_ln671_fu_384      |    0    |    0    |    0    |
|          |      zext_ln15_2_fu_414      |    0    |    0    |    0    |
|          |     zext_ln1340_3_fu_421     |    0    |    0    |    0    |
|          |      zext_ln671_2_fu_445     |    0    |    0    |    0    |
|          |       zext_ln151_fu_537      |    0    |    0    |    0    |
|----------|------------------------------|---------|---------|---------|
|          |       p_Result_s_fu_225      |    0    |    0    |    0    |
|          |         isNeg_fu_257         |    0    |    0    |    0    |
| bitselect|       p_Result_3_fu_286      |    0    |    0    |    0    |
|          |        isNeg_3_fu_318        |    0    |    0    |    0    |
|          |          tmp_fu_376          |    0    |    0    |    0    |
|          |         tmp_39_fu_437        |    0    |    0    |    0    |
|----------|------------------------------|---------|---------|---------|
|          |         tmp_40_fu_233        |    0    |    0    |    0    |
|          |         tmp_42_fu_294        |    0    |    0    |    0    |
|partselect|         tmp_s_fu_388         |    0    |    0    |    0    |
|          |         tmp_6_fu_449         |    0    |    0    |    0    |
|          |        trunc_ln_fu_506       |    0    |    0    |    0    |
|          |      trunc_ln34_4_fu_516     |    0    |    0    |    0    |
|----------|------------------------------|---------|---------|---------|
|   trunc  |         tmp_41_fu_243        |    0    |    0    |    0    |
|          |         tmp_43_fu_304        |    0    |    0    |    0    |
|----------|------------------------------|---------|---------|---------|
|          |      sext_ln1364_fu_271      |    0    |    0    |    0    |
|          |     sext_ln1364_2_fu_332     |    0    |    0    |    0    |
|   sext   |      sext_ln1340_fu_357      |    0    |    0    |    0    |
|          |     sext_ln1340_3_fu_418     |    0    |    0    |    0    |
|          |       sext_ln34_fu_488       |    0    |    0    |    0    |
|          |      sext_ln34_6_fu_497      |    0    |    0    |    0    |
|----------|------------------------------|---------|---------|---------|
|bitconcatenate|        mantissa_fu_344       |    0    |    0    |    0    |
|          |       mantissa_2_fu_405      |    0    |    0    |    0    |
|----------|------------------------------|---------|---------|---------|
|   Total  |                              |    10   |   1078  |   1659  |
|----------|------------------------------|---------|---------|---------|

Memories:
N/A

* Register list:
+-----------------------------+--------+
|                             |   FF   |
+-----------------------------+--------+
|         B_x_reg_630         |   32   |
|         B_y_reg_635         |   32   |
|          D_reg_744          |   32   |
|        N_read_reg_592       |   14   |
|RRT_Star_Pos_0_0_addr_reg_620|   14   |
|RRT_Star_Pos_0_1_addr_reg_625|   14   |
| RRT_Star_Pos_1_addr_reg_753 |   14   |
| RRT_Star_Pos_1_load_reg_758 |   16   |
|   Squared_r_n_read_reg_597  |   32   |
|    X_near_count_0_reg_575   |   32   |
|      conv9_i_i_reg_607      |   32   |
|     conv_i2_i_i_reg_645     |   32   |
|      conv_i_i_i_reg_640     |   32   |
|       conv_i_i_reg_602      |   32   |
|         dc_3_reg_655        |   32   |
|          dc_reg_650         |   32   |
|        empty_reg_568        |   32   |
|        i_cast_reg_615       |   64   |
|          i_reg_561          |   14   |
|      icmp_ln149_reg_749     |    1   |
|       isNeg_3_reg_690       |    1   |
|        isNeg_reg_670        |    1   |
|      p_Result_3_reg_680     |    1   |
|      p_Result_s_reg_660     |    1   |
|       p_read_1_reg_582      |   32   |
|       p_read_2_reg_587      |   32   |
|     result_V_21_reg_717     |   32   |
|       result_V_reg_712      |   32   |
|     sext_ln34_6_reg_728     |   48   |
|      sext_ln34_reg_722      |   48   |
|        tmp_41_reg_665       |   23   |
|        tmp_43_reg_685       |   23   |
|     trunc_ln34_4_reg_739    |   32   |
|       trunc_ln_reg_734      |   32   |
|        ush_3_reg_695        |    9   |
|         ush_reg_675         |    9   |
|        val_3_reg_706        |   32   |
|         val_reg_700         |   32   |
+-----------------------------+--------+
|            Total            |   955  |
+-----------------------------+--------+

* Multiplexer (MUX) list: 
|-------------------|------|------|------|--------||---------||---------|
|        Comp       |  Pin | Size |  BW  | S x BW ||  Delay  ||   LUT   |
|-------------------|------|------|------|--------||---------||---------|
| grp_access_fu_121 |  p0  |   2  |  14  |   28   ||    9    |
| grp_access_fu_134 |  p0  |   2  |  14  |   28   ||    9    |
| grp_access_fu_147 |  p0  |   2  |  14  |   28   ||    9    |
|     grp_fu_174    |  p0  |   3  |  32  |   96   ||    14   |
|     grp_fu_178    |  p0  |   3  |  32  |   96   ||    14   |
|     grp_fu_491    |  p0  |   2  |  32  |   64   ||    9    |
|     grp_fu_491    |  p1  |   2  |  32  |   64   ||    9    |
|     grp_fu_500    |  p0  |   2  |  32  |   64   ||    9    |
|     grp_fu_500    |  p1  |   2  |  32  |   64   ||    9    |
|-------------------|------|------|------|--------||---------||---------|
|       Total       |      |      |      |   532  || 14.5306 ||    91   |
|-------------------|------|------|------|--------||---------||---------|



* Summary:
+-----------+--------+--------+--------+--------+
|           |   DSP  |  Delay |   FF   |   LUT  |
+-----------+--------+--------+--------+--------+
|  Function |   10   |    -   |  1078  |  1659  |
|   Memory  |    -   |    -   |    -   |    -   |
|Multiplexer|    -   |   14   |    -   |   91   |
|  Register |    -   |    -   |   955  |    -   |
+-----------+--------+--------+--------+--------+
|   Total   |   10   |   14   |  2033  |  1750  |
+-----------+--------+--------+--------+--------+
