

================================================================
== Vitis HLS Report for 'rrt'
================================================================
* Date:           Tue May 30 11:08:27 2023

* Version:        2021.2 (Build 3367213 on Tue Oct 19 02:47:39 MDT 2021)
* Project:        new_fixedpoint2205
* Solution:       solution1 (Vivado IP Flow Target)
* Product family: zynq
* Target device:  xc7z020-clg400-1


================================================================
== Performance Estimates
================================================================
+ Timing: 
    * Summary: 
    +--------+---------+----------+------------+
    |  Clock |  Target | Estimated| Uncertainty|
    +--------+---------+----------+------------+
    |ap_clk  |  6.75 ns|  6.312 ns|     1.82 ns|
    +--------+---------+----------+------------+

+ Latency: 
    * Summary: 
    +---------+---------+----------+----------+-----+-----+---------+
    |  Latency (cycles) |  Latency (absolute) |  Interval | Pipeline|
    |   min   |   max   |    min   |    max   | min | max |   Type  |
    +---------+---------+----------+----------+-----+-----+---------+
    |        ?|        ?|         ?|         ?|    ?|    ?|       no|
    +---------+---------+----------+----------+-----+-----+---------+

    + Detail: 
        * Instance: 
        N/A

        * Loop: 
        N/A

============================================================
+ Verbose Summary: Synthesis Manager
============================================================
InlineROM: 1
ExposeGlobal: 0
============================================================
+ Verbose Summary: CDFG Model
============================================================
IsTopModel: 1
ResetActiveHigh: 1
IsCombinational: 0
IsDatapathOnly: 0
HasWiredReturn: 1
HasMFsm: 0
HasVarLatency: 1
IsPipeline: 0
IsRtlPipelined: 0
IsInstanceOverlapped: 0
IsDontTouch: 0
HasImplIP: 0
IsGatedGlobalClock: 0


============================================================
+ Verbose Summary: Schedule
============================================================
* Number of FSM states : 153
* Pipeline : 0
* Dataflow Pipeline: 0

* FSM state transitions: 
1 --> 2 
2 --> 3 
3 --> 4 
4 --> 5 
5 --> 6 
6 --> 7 
7 --> 8 
8 --> 9 
9 --> 10 
10 --> 11 
11 --> 12 
12 --> 13 
13 --> 14 
14 --> 15 
15 --> 16 
16 --> 17 
17 --> 18 
18 --> 19 
19 --> 20 
20 --> 21 
21 --> 22 
22 --> 23 
23 --> 24 
24 --> 25 
25 --> 26 
26 --> 27 
27 --> 28 
28 --> 29 
29 --> 30 
30 --> 31 
31 --> 32 
32 --> 33 
33 --> 34 
34 --> 35 
35 --> 36 
36 --> 37 
37 --> 38 
38 --> 39 
39 --> 40 
40 --> 41 
41 --> 42 
42 --> 43 
43 --> 44 
44 --> 45 
45 --> 46 
46 --> 47 
47 --> 48 
48 --> 49 
49 --> 50 
50 --> 51 
51 --> 52 
52 --> 53 
53 --> 54 
54 --> 55 
55 --> 56 
56 --> 57 
57 --> 58 
58 --> 59 
59 --> 60 
60 --> 61 
61 --> 62 
62 --> 63 
63 --> 64 
64 --> 65 
65 --> 66 
66 --> 67 
67 --> 68 
68 --> 69 
69 --> 70 
70 --> 71 
71 --> 72 
72 --> 73 
73 --> 74 
74 --> 75 
75 --> 76 
76 --> 77 
77 --> 78 
78 --> 79 
79 --> 80 
80 --> 81 
81 --> 82 
82 --> 83 
83 --> 84 
84 --> 85 
85 --> 86 
86 --> 87 
87 --> 88 
88 --> 89 
89 --> 90 
90 --> 91 
91 --> 92 
92 --> 93 
93 --> 94 
94 --> 95 
95 --> 96 
96 --> 97 
97 --> 98 
98 --> 99 
99 --> 100 
100 --> 101 
101 --> 102 
102 --> 103 
103 --> 104 
104 --> 105 
105 --> 106 
106 --> 107 
107 --> 108 
108 --> 109 
109 --> 110 
110 --> 111 
111 --> 112 
112 --> 113 
113 --> 114 
114 --> 115 
115 --> 116 
116 --> 117 
117 --> 118 
118 --> 119 
119 --> 120 
120 --> 121 
121 --> 122 
122 --> 123 
123 --> 124 
124 --> 125 
125 --> 126 
126 --> 127 
127 --> 128 
128 --> 129 130 
129 --> 153 
130 --> 131 
131 --> 132 
132 --> 133 
133 --> 134 
134 --> 135 
135 --> 136 
136 --> 137 
137 --> 138 
138 --> 139 
139 --> 140 
140 --> 141 
141 --> 142 
142 --> 143 
143 --> 144 
144 --> 145 
145 --> 146 
146 --> 147 
147 --> 148 
148 --> 149 
149 --> 150 
150 --> 151 
151 --> 152 
152 --> 153 
153 --> 

* FSM state operations: 

State 1 <SV = 0> <Delay = 1.00>
ST_1 : Operation 154 [1/1] (1.00ns)   --->   "%Squared_R_Robot_read = read i32 @_ssdm_op_Read.s_axilite.float, i32 %Squared_R_Robot"   --->   Operation 154 'read' 'Squared_R_Robot_read' <Predicate = true> <Delay = 1.00> <CoreInst = "s_axilite">   --->   Core 114 's_axilite' <Latency = 0> <II = 1> <Delay = 1.00> <Adapter> <Opcode : 'read' 'write'>
ST_1 : Operation 155 [1/1] (1.00ns)   --->   "%Squared_r_n_read = read i32 @_ssdm_op_Read.s_axilite.float, i32 %Squared_r_n"   --->   Operation 155 'read' 'Squared_r_n_read' <Predicate = true> <Delay = 1.00> <CoreInst = "s_axilite">   --->   Core 114 's_axilite' <Latency = 0> <II = 1> <Delay = 1.00> <Adapter> <Opcode : 'read' 'write'>
ST_1 : Operation 156 [1/1] (1.00ns)   --->   "%N_read = read i32 @_ssdm_op_Read.s_axilite.i32, i32 %N"   --->   Operation 156 'read' 'N_read' <Predicate = true> <Delay = 1.00> <CoreInst = "s_axilite">   --->   Core 114 's_axilite' <Latency = 0> <II = 1> <Delay = 1.00> <Adapter> <Opcode : 'read' 'write'>
ST_1 : Operation 157 [1/1] (1.00ns)   --->   "%xrandy_read = read i32 @_ssdm_op_Read.s_axilite.float, i32 %xrandy"   --->   Operation 157 'read' 'xrandy_read' <Predicate = true> <Delay = 1.00> <CoreInst = "s_axilite">   --->   Core 114 's_axilite' <Latency = 0> <II = 1> <Delay = 1.00> <Adapter> <Opcode : 'read' 'write'>
ST_1 : Operation 158 [1/1] (1.00ns)   --->   "%xrandx_read = read i32 @_ssdm_op_Read.s_axilite.float, i32 %xrandx"   --->   Operation 158 'read' 'xrandx_read' <Predicate = true> <Delay = 1.00> <CoreInst = "s_axilite">   --->   Core 114 's_axilite' <Latency = 0> <II = 1> <Delay = 1.00> <Adapter> <Opcode : 'read' 'write'>
ST_1 : Operation 159 [1/1] (0.00ns)   --->   "%q_loc = alloca i64 1"   --->   Operation 159 'alloca' 'q_loc' <Predicate = true> <Delay = 0.00>
ST_1 : Operation 160 [1/1] (0.00ns)   --->   "%q_1_loc = alloca i64 1"   --->   Operation 160 'alloca' 'q_1_loc' <Predicate = true> <Delay = 0.00>
ST_1 : Operation 161 [1/1] (0.00ns)   --->   "%tmp_dest_V_loc = alloca i64 1"   --->   Operation 161 'alloca' 'tmp_dest_V_loc' <Predicate = true> <Delay = 0.00>
ST_1 : Operation 162 [1/1] (0.00ns)   --->   "%tmp_id_V_loc = alloca i64 1"   --->   Operation 162 'alloca' 'tmp_id_V_loc' <Predicate = true> <Delay = 0.00>
ST_1 : Operation 163 [1/1] (0.00ns)   --->   "%tmp_user_V_loc = alloca i64 1"   --->   Operation 163 'alloca' 'tmp_user_V_loc' <Predicate = true> <Delay = 0.00>
ST_1 : Operation 164 [1/1] (0.00ns)   --->   "%output_stream_strb_V_loc = alloca i64 1"   --->   Operation 164 'alloca' 'output_stream_strb_V_loc' <Predicate = true> <Delay = 0.00>
ST_1 : Operation 165 [1/1] (0.00ns)   --->   "%output_stream_keep_V_loc = alloca i64 1"   --->   Operation 165 'alloca' 'output_stream_keep_V_loc' <Predicate = true> <Delay = 0.00>
ST_1 : Operation 166 [1/1] (0.00ns)   --->   "%Pos_Nearest_Node_loc = alloca i64 1"   --->   Operation 166 'alloca' 'Pos_Nearest_Node_loc' <Predicate = true> <Delay = 0.00>
ST_1 : Operation 167 [1/1] (0.00ns)   --->   "%empty = trunc i32 %N_read"   --->   Operation 167 'trunc' 'empty' <Predicate = true> <Delay = 0.00>
ST_1 : Operation 168 [1/1] (0.00ns)   --->   "%Bool = alloca i64 1" [new_fixedpoint2205/main.cpp:102->new_fixedpoint2205/main.cpp:380]   --->   Operation 168 'alloca' 'Bool' <Predicate = true> <Delay = 0.00> <CoreInst = "RAM">   --->   Core 82 'RAM' <Latency = 1> <II = 1> <Delay = 2.32> <Storage> <Opcode : 'load' 'store'> <Ports = 2> <Width = 1> <Depth = 6> <RAM>
ST_1 : Operation 169 [1/1] (0.00ns)   --->   "%x_near = alloca i64 1"   --->   Operation 169 'alloca' 'x_near' <Predicate = true> <Delay = 0.00>
ST_1 : Operation 170 [1/1] (0.00ns)   --->   "%RRT_Star_Position_x = alloca i64 1" [new_fixedpoint2205/main.cpp:335]   --->   Operation 170 'alloca' 'RRT_Star_Position_x' <Predicate = true> <Delay = 0.00> <CoreInst = "RAM">   --->   Core 82 'RAM' <Latency = 1> <II = 1> <Delay = 3.25> <Storage> <Opcode : 'load' 'store'> <Ports = 2> <Width = 32> <Depth = 10000> <RAM>
ST_1 : Operation 171 [1/1] (0.00ns)   --->   "%RRT_Star_Position_y = alloca i64 1" [new_fixedpoint2205/main.cpp:335]   --->   Operation 171 'alloca' 'RRT_Star_Position_y' <Predicate = true> <Delay = 0.00> <CoreInst = "RAM">   --->   Core 82 'RAM' <Latency = 1> <II = 1> <Delay = 3.25> <Storage> <Opcode : 'load' 'store'> <Ports = 2> <Width = 32> <Depth = 10000> <RAM>
ST_1 : Operation 172 [1/1] (0.00ns)   --->   "%RRT_Star_Location_List = alloca i64 1" [new_fixedpoint2205/main.cpp:335]   --->   Operation 172 'alloca' 'RRT_Star_Location_List' <Predicate = true> <Delay = 0.00>
ST_1 : Operation 173 [2/2] (0.00ns)   --->   "%call_ln0 = call void @rrt_Pipeline_1, i32 %RRT_Star_Position_x, i32 %RRT_Star_Position_y, i16 %RRT_Star_Location_List"   --->   Operation 173 'call' 'call_ln0' <Predicate = true> <Delay = 0.00> <CoreType = "Generic">   --->   Core 0 '' <Latency = 0> <II = 1> <Delay = 1.00> <Generic> <Opcode : >

State 2 <SV = 1> <Delay = 4.92>
ST_2 : Operation 174 [23/23] (4.92ns)   --->   "%x_rand_Position_x = call i32 @FloatToFixed<16ul>, i32 %xrandx_read" [new_fixedpoint2205/main.cpp:321]   --->   Operation 174 'call' 'x_rand_Position_x' <Predicate = true> <Delay = 4.92> <CoreType = "Generic">   --->   Core 0 '' <Latency = 0> <II = 1> <Delay = 1.00> <Generic> <Opcode : >
ST_2 : Operation 175 [23/23] (4.92ns)   --->   "%x_rand_Position_y = call i32 @FloatToFixed<16ul>, i32 %xrandy_read" [new_fixedpoint2205/main.cpp:322]   --->   Operation 175 'call' 'x_rand_Position_y' <Predicate = true> <Delay = 4.92> <CoreType = "Generic">   --->   Core 0 '' <Latency = 0> <II = 1> <Delay = 1.00> <Generic> <Opcode : >
ST_2 : Operation 176 [1/2] (0.00ns)   --->   "%call_ln0 = call void @rrt_Pipeline_1, i32 %RRT_Star_Position_x, i32 %RRT_Star_Position_y, i16 %RRT_Star_Location_List"   --->   Operation 176 'call' 'call_ln0' <Predicate = true> <Delay = 0.00> <CoreType = "Generic">   --->   Core 0 '' <Latency = 0> <II = 1> <Delay = 1.00> <Generic> <Opcode : >
ST_2 : Operation 177 [2/2] (4.43ns)   --->   "%conv = fpext i32 %Squared_R_Robot_read" [new_fixedpoint2205/main.cpp:325]   --->   Operation 177 'fpext' 'conv' <Predicate = true> <Delay = 4.43> <CoreInst = "Float2Double">   --->   Core 64 'Float2Double' <Latency = 1> <II = 1> <Delay = 4.43> <FuncUnit> <Opcode : 'fpext'> <InPorts = 1> <OutPorts = 1>
ST_2 : Operation 178 [23/23] (4.92ns)   --->   "%sqrn = call i32 @FloatToFixed<16ul>, i32 %Squared_r_n_read" [new_fixedpoint2205/main.cpp:324]   --->   Operation 178 'call' 'sqrn' <Predicate = true> <Delay = 4.92> <CoreType = "Generic">   --->   Core 0 '' <Latency = 0> <II = 1> <Delay = 1.00> <Generic> <Opcode : >

State 3 <SV = 2> <Delay = 4.92>
ST_3 : Operation 179 [22/23] (4.92ns)   --->   "%x_rand_Position_x = call i32 @FloatToFixed<16ul>, i32 %xrandx_read" [new_fixedpoint2205/main.cpp:321]   --->   Operation 179 'call' 'x_rand_Position_x' <Predicate = true> <Delay = 4.92> <CoreType = "Generic">   --->   Core 0 '' <Latency = 0> <II = 1> <Delay = 1.00> <Generic> <Opcode : >
ST_3 : Operation 180 [22/23] (4.92ns)   --->   "%x_rand_Position_y = call i32 @FloatToFixed<16ul>, i32 %xrandy_read" [new_fixedpoint2205/main.cpp:322]   --->   Operation 180 'call' 'x_rand_Position_y' <Predicate = true> <Delay = 4.92> <CoreType = "Generic">   --->   Core 0 '' <Latency = 0> <II = 1> <Delay = 1.00> <Generic> <Opcode : >
ST_3 : Operation 181 [1/2] (4.43ns)   --->   "%conv = fpext i32 %Squared_R_Robot_read" [new_fixedpoint2205/main.cpp:325]   --->   Operation 181 'fpext' 'conv' <Predicate = true> <Delay = 4.43> <CoreInst = "Float2Double">   --->   Core 64 'Float2Double' <Latency = 1> <II = 1> <Delay = 4.43> <FuncUnit> <Opcode : 'fpext'> <InPorts = 1> <OutPorts = 1>
ST_3 : Operation 182 [22/23] (4.92ns)   --->   "%sqrn = call i32 @FloatToFixed<16ul>, i32 %Squared_r_n_read" [new_fixedpoint2205/main.cpp:324]   --->   Operation 182 'call' 'sqrn' <Predicate = true> <Delay = 4.92> <CoreType = "Generic">   --->   Core 0 '' <Latency = 0> <II = 1> <Delay = 1.00> <Generic> <Opcode : >
ST_3 : Operation 183 [1/1] (0.00ns)   --->   "%empty_41 = wait i32 @_ssdm_op_Wait"   --->   Operation 183 'wait' 'empty_41' <Predicate = true> <Delay = 0.00>

State 4 <SV = 3> <Delay = 4.92>
ST_4 : Operation 184 [21/23] (4.92ns)   --->   "%x_rand_Position_x = call i32 @FloatToFixed<16ul>, i32 %xrandx_read" [new_fixedpoint2205/main.cpp:321]   --->   Operation 184 'call' 'x_rand_Position_x' <Predicate = true> <Delay = 4.92> <CoreType = "Generic">   --->   Core 0 '' <Latency = 0> <II = 1> <Delay = 1.00> <Generic> <Opcode : >
ST_4 : Operation 185 [21/23] (4.92ns)   --->   "%x_rand_Position_y = call i32 @FloatToFixed<16ul>, i32 %xrandy_read" [new_fixedpoint2205/main.cpp:322]   --->   Operation 185 'call' 'x_rand_Position_y' <Predicate = true> <Delay = 4.92> <CoreType = "Generic">   --->   Core 0 '' <Latency = 0> <II = 1> <Delay = 1.00> <Generic> <Opcode : >
ST_4 : Operation 186 [12/12] (4.82ns)   --->   "%sub = dadd i64 %conv, i64 -0.005" [new_fixedpoint2205/main.cpp:325]   --->   Operation 186 'dadd' 'sub' <Predicate = true> <Delay = 4.82> <CoreInst = "DAddSub_fulldsp">   --->   Core 37 'DAddSub_fulldsp' <Latency = 11> <II = 1> <Delay = 4.82> <FuncUnit> <Opcode : 'dadd' 'dsub'> <InPorts = 2> <OutPorts = 1>
ST_4 : Operation 187 [21/23] (4.92ns)   --->   "%sqrn = call i32 @FloatToFixed<16ul>, i32 %Squared_r_n_read" [new_fixedpoint2205/main.cpp:324]   --->   Operation 187 'call' 'sqrn' <Predicate = true> <Delay = 4.92> <CoreType = "Generic">   --->   Core 0 '' <Latency = 0> <II = 1> <Delay = 1.00> <Generic> <Opcode : >

State 5 <SV = 4> <Delay = 4.92>
ST_5 : Operation 188 [20/23] (4.92ns)   --->   "%x_rand_Position_x = call i32 @FloatToFixed<16ul>, i32 %xrandx_read" [new_fixedpoint2205/main.cpp:321]   --->   Operation 188 'call' 'x_rand_Position_x' <Predicate = true> <Delay = 4.92> <CoreType = "Generic">   --->   Core 0 '' <Latency = 0> <II = 1> <Delay = 1.00> <Generic> <Opcode : >
ST_5 : Operation 189 [20/23] (4.92ns)   --->   "%x_rand_Position_y = call i32 @FloatToFixed<16ul>, i32 %xrandy_read" [new_fixedpoint2205/main.cpp:322]   --->   Operation 189 'call' 'x_rand_Position_y' <Predicate = true> <Delay = 4.92> <CoreType = "Generic">   --->   Core 0 '' <Latency = 0> <II = 1> <Delay = 1.00> <Generic> <Opcode : >
ST_5 : Operation 190 [11/12] (4.82ns)   --->   "%sub = dadd i64 %conv, i64 -0.005" [new_fixedpoint2205/main.cpp:325]   --->   Operation 190 'dadd' 'sub' <Predicate = true> <Delay = 4.82> <CoreInst = "DAddSub_fulldsp">   --->   Core 37 'DAddSub_fulldsp' <Latency = 11> <II = 1> <Delay = 4.82> <FuncUnit> <Opcode : 'dadd' 'dsub'> <InPorts = 2> <OutPorts = 1>
ST_5 : Operation 191 [20/23] (4.92ns)   --->   "%sqrn = call i32 @FloatToFixed<16ul>, i32 %Squared_r_n_read" [new_fixedpoint2205/main.cpp:324]   --->   Operation 191 'call' 'sqrn' <Predicate = true> <Delay = 4.92> <CoreType = "Generic">   --->   Core 0 '' <Latency = 0> <II = 1> <Delay = 1.00> <Generic> <Opcode : >

State 6 <SV = 5> <Delay = 4.92>
ST_6 : Operation 192 [19/23] (4.92ns)   --->   "%x_rand_Position_x = call i32 @FloatToFixed<16ul>, i32 %xrandx_read" [new_fixedpoint2205/main.cpp:321]   --->   Operation 192 'call' 'x_rand_Position_x' <Predicate = true> <Delay = 4.92> <CoreType = "Generic">   --->   Core 0 '' <Latency = 0> <II = 1> <Delay = 1.00> <Generic> <Opcode : >
ST_6 : Operation 193 [19/23] (4.92ns)   --->   "%x_rand_Position_y = call i32 @FloatToFixed<16ul>, i32 %xrandy_read" [new_fixedpoint2205/main.cpp:322]   --->   Operation 193 'call' 'x_rand_Position_y' <Predicate = true> <Delay = 4.92> <CoreType = "Generic">   --->   Core 0 '' <Latency = 0> <II = 1> <Delay = 1.00> <Generic> <Opcode : >
ST_6 : Operation 194 [10/12] (4.82ns)   --->   "%sub = dadd i64 %conv, i64 -0.005" [new_fixedpoint2205/main.cpp:325]   --->   Operation 194 'dadd' 'sub' <Predicate = true> <Delay = 4.82> <CoreInst = "DAddSub_fulldsp">   --->   Core 37 'DAddSub_fulldsp' <Latency = 11> <II = 1> <Delay = 4.82> <FuncUnit> <Opcode : 'dadd' 'dsub'> <InPorts = 2> <OutPorts = 1>
ST_6 : Operation 195 [19/23] (4.92ns)   --->   "%sqrn = call i32 @FloatToFixed<16ul>, i32 %Squared_r_n_read" [new_fixedpoint2205/main.cpp:324]   --->   Operation 195 'call' 'sqrn' <Predicate = true> <Delay = 4.92> <CoreType = "Generic">   --->   Core 0 '' <Latency = 0> <II = 1> <Delay = 1.00> <Generic> <Opcode : >

State 7 <SV = 6> <Delay = 4.92>
ST_7 : Operation 196 [18/23] (4.92ns)   --->   "%x_rand_Position_x = call i32 @FloatToFixed<16ul>, i32 %xrandx_read" [new_fixedpoint2205/main.cpp:321]   --->   Operation 196 'call' 'x_rand_Position_x' <Predicate = true> <Delay = 4.92> <CoreType = "Generic">   --->   Core 0 '' <Latency = 0> <II = 1> <Delay = 1.00> <Generic> <Opcode : >
ST_7 : Operation 197 [18/23] (4.92ns)   --->   "%x_rand_Position_y = call i32 @FloatToFixed<16ul>, i32 %xrandy_read" [new_fixedpoint2205/main.cpp:322]   --->   Operation 197 'call' 'x_rand_Position_y' <Predicate = true> <Delay = 4.92> <CoreType = "Generic">   --->   Core 0 '' <Latency = 0> <II = 1> <Delay = 1.00> <Generic> <Opcode : >
ST_7 : Operation 198 [9/12] (4.82ns)   --->   "%sub = dadd i64 %conv, i64 -0.005" [new_fixedpoint2205/main.cpp:325]   --->   Operation 198 'dadd' 'sub' <Predicate = true> <Delay = 4.82> <CoreInst = "DAddSub_fulldsp">   --->   Core 37 'DAddSub_fulldsp' <Latency = 11> <II = 1> <Delay = 4.82> <FuncUnit> <Opcode : 'dadd' 'dsub'> <InPorts = 2> <OutPorts = 1>
ST_7 : Operation 199 [18/23] (4.92ns)   --->   "%sqrn = call i32 @FloatToFixed<16ul>, i32 %Squared_r_n_read" [new_fixedpoint2205/main.cpp:324]   --->   Operation 199 'call' 'sqrn' <Predicate = true> <Delay = 4.92> <CoreType = "Generic">   --->   Core 0 '' <Latency = 0> <II = 1> <Delay = 1.00> <Generic> <Opcode : >

State 8 <SV = 7> <Delay = 4.92>
ST_8 : Operation 200 [17/23] (4.92ns)   --->   "%x_rand_Position_x = call i32 @FloatToFixed<16ul>, i32 %xrandx_read" [new_fixedpoint2205/main.cpp:321]   --->   Operation 200 'call' 'x_rand_Position_x' <Predicate = true> <Delay = 4.92> <CoreType = "Generic">   --->   Core 0 '' <Latency = 0> <II = 1> <Delay = 1.00> <Generic> <Opcode : >
ST_8 : Operation 201 [17/23] (4.92ns)   --->   "%x_rand_Position_y = call i32 @FloatToFixed<16ul>, i32 %xrandy_read" [new_fixedpoint2205/main.cpp:322]   --->   Operation 201 'call' 'x_rand_Position_y' <Predicate = true> <Delay = 4.92> <CoreType = "Generic">   --->   Core 0 '' <Latency = 0> <II = 1> <Delay = 1.00> <Generic> <Opcode : >
ST_8 : Operation 202 [8/12] (4.82ns)   --->   "%sub = dadd i64 %conv, i64 -0.005" [new_fixedpoint2205/main.cpp:325]   --->   Operation 202 'dadd' 'sub' <Predicate = true> <Delay = 4.82> <CoreInst = "DAddSub_fulldsp">   --->   Core 37 'DAddSub_fulldsp' <Latency = 11> <II = 1> <Delay = 4.82> <FuncUnit> <Opcode : 'dadd' 'dsub'> <InPorts = 2> <OutPorts = 1>
ST_8 : Operation 203 [17/23] (4.92ns)   --->   "%sqrn = call i32 @FloatToFixed<16ul>, i32 %Squared_r_n_read" [new_fixedpoint2205/main.cpp:324]   --->   Operation 203 'call' 'sqrn' <Predicate = true> <Delay = 4.92> <CoreType = "Generic">   --->   Core 0 '' <Latency = 0> <II = 1> <Delay = 1.00> <Generic> <Opcode : >

State 9 <SV = 8> <Delay = 4.92>
ST_9 : Operation 204 [16/23] (4.92ns)   --->   "%x_rand_Position_x = call i32 @FloatToFixed<16ul>, i32 %xrandx_read" [new_fixedpoint2205/main.cpp:321]   --->   Operation 204 'call' 'x_rand_Position_x' <Predicate = true> <Delay = 4.92> <CoreType = "Generic">   --->   Core 0 '' <Latency = 0> <II = 1> <Delay = 1.00> <Generic> <Opcode : >
ST_9 : Operation 205 [16/23] (4.92ns)   --->   "%x_rand_Position_y = call i32 @FloatToFixed<16ul>, i32 %xrandy_read" [new_fixedpoint2205/main.cpp:322]   --->   Operation 205 'call' 'x_rand_Position_y' <Predicate = true> <Delay = 4.92> <CoreType = "Generic">   --->   Core 0 '' <Latency = 0> <II = 1> <Delay = 1.00> <Generic> <Opcode : >
ST_9 : Operation 206 [7/12] (4.82ns)   --->   "%sub = dadd i64 %conv, i64 -0.005" [new_fixedpoint2205/main.cpp:325]   --->   Operation 206 'dadd' 'sub' <Predicate = true> <Delay = 4.82> <CoreInst = "DAddSub_fulldsp">   --->   Core 37 'DAddSub_fulldsp' <Latency = 11> <II = 1> <Delay = 4.82> <FuncUnit> <Opcode : 'dadd' 'dsub'> <InPorts = 2> <OutPorts = 1>
ST_9 : Operation 207 [16/23] (4.92ns)   --->   "%sqrn = call i32 @FloatToFixed<16ul>, i32 %Squared_r_n_read" [new_fixedpoint2205/main.cpp:324]   --->   Operation 207 'call' 'sqrn' <Predicate = true> <Delay = 4.92> <CoreType = "Generic">   --->   Core 0 '' <Latency = 0> <II = 1> <Delay = 1.00> <Generic> <Opcode : >

State 10 <SV = 9> <Delay = 4.92>
ST_10 : Operation 208 [15/23] (4.92ns)   --->   "%x_rand_Position_x = call i32 @FloatToFixed<16ul>, i32 %xrandx_read" [new_fixedpoint2205/main.cpp:321]   --->   Operation 208 'call' 'x_rand_Position_x' <Predicate = true> <Delay = 4.92> <CoreType = "Generic">   --->   Core 0 '' <Latency = 0> <II = 1> <Delay = 1.00> <Generic> <Opcode : >
ST_10 : Operation 209 [15/23] (4.92ns)   --->   "%x_rand_Position_y = call i32 @FloatToFixed<16ul>, i32 %xrandy_read" [new_fixedpoint2205/main.cpp:322]   --->   Operation 209 'call' 'x_rand_Position_y' <Predicate = true> <Delay = 4.92> <CoreType = "Generic">   --->   Core 0 '' <Latency = 0> <II = 1> <Delay = 1.00> <Generic> <Opcode : >
ST_10 : Operation 210 [6/12] (4.82ns)   --->   "%sub = dadd i64 %conv, i64 -0.005" [new_fixedpoint2205/main.cpp:325]   --->   Operation 210 'dadd' 'sub' <Predicate = true> <Delay = 4.82> <CoreInst = "DAddSub_fulldsp">   --->   Core 37 'DAddSub_fulldsp' <Latency = 11> <II = 1> <Delay = 4.82> <FuncUnit> <Opcode : 'dadd' 'dsub'> <InPorts = 2> <OutPorts = 1>
ST_10 : Operation 211 [15/23] (4.92ns)   --->   "%sqrn = call i32 @FloatToFixed<16ul>, i32 %Squared_r_n_read" [new_fixedpoint2205/main.cpp:324]   --->   Operation 211 'call' 'sqrn' <Predicate = true> <Delay = 4.92> <CoreType = "Generic">   --->   Core 0 '' <Latency = 0> <II = 1> <Delay = 1.00> <Generic> <Opcode : >

State 11 <SV = 10> <Delay = 4.92>
ST_11 : Operation 212 [14/23] (4.92ns)   --->   "%x_rand_Position_x = call i32 @FloatToFixed<16ul>, i32 %xrandx_read" [new_fixedpoint2205/main.cpp:321]   --->   Operation 212 'call' 'x_rand_Position_x' <Predicate = true> <Delay = 4.92> <CoreType = "Generic">   --->   Core 0 '' <Latency = 0> <II = 1> <Delay = 1.00> <Generic> <Opcode : >
ST_11 : Operation 213 [14/23] (4.92ns)   --->   "%x_rand_Position_y = call i32 @FloatToFixed<16ul>, i32 %xrandy_read" [new_fixedpoint2205/main.cpp:322]   --->   Operation 213 'call' 'x_rand_Position_y' <Predicate = true> <Delay = 4.92> <CoreType = "Generic">   --->   Core 0 '' <Latency = 0> <II = 1> <Delay = 1.00> <Generic> <Opcode : >
ST_11 : Operation 214 [5/12] (4.82ns)   --->   "%sub = dadd i64 %conv, i64 -0.005" [new_fixedpoint2205/main.cpp:325]   --->   Operation 214 'dadd' 'sub' <Predicate = true> <Delay = 4.82> <CoreInst = "DAddSub_fulldsp">   --->   Core 37 'DAddSub_fulldsp' <Latency = 11> <II = 1> <Delay = 4.82> <FuncUnit> <Opcode : 'dadd' 'dsub'> <InPorts = 2> <OutPorts = 1>
ST_11 : Operation 215 [14/23] (4.92ns)   --->   "%sqrn = call i32 @FloatToFixed<16ul>, i32 %Squared_r_n_read" [new_fixedpoint2205/main.cpp:324]   --->   Operation 215 'call' 'sqrn' <Predicate = true> <Delay = 4.92> <CoreType = "Generic">   --->   Core 0 '' <Latency = 0> <II = 1> <Delay = 1.00> <Generic> <Opcode : >

State 12 <SV = 11> <Delay = 4.92>
ST_12 : Operation 216 [13/23] (4.92ns)   --->   "%x_rand_Position_x = call i32 @FloatToFixed<16ul>, i32 %xrandx_read" [new_fixedpoint2205/main.cpp:321]   --->   Operation 216 'call' 'x_rand_Position_x' <Predicate = true> <Delay = 4.92> <CoreType = "Generic">   --->   Core 0 '' <Latency = 0> <II = 1> <Delay = 1.00> <Generic> <Opcode : >
ST_12 : Operation 217 [13/23] (4.92ns)   --->   "%x_rand_Position_y = call i32 @FloatToFixed<16ul>, i32 %xrandy_read" [new_fixedpoint2205/main.cpp:322]   --->   Operation 217 'call' 'x_rand_Position_y' <Predicate = true> <Delay = 4.92> <CoreType = "Generic">   --->   Core 0 '' <Latency = 0> <II = 1> <Delay = 1.00> <Generic> <Opcode : >
ST_12 : Operation 218 [4/12] (4.82ns)   --->   "%sub = dadd i64 %conv, i64 -0.005" [new_fixedpoint2205/main.cpp:325]   --->   Operation 218 'dadd' 'sub' <Predicate = true> <Delay = 4.82> <CoreInst = "DAddSub_fulldsp">   --->   Core 37 'DAddSub_fulldsp' <Latency = 11> <II = 1> <Delay = 4.82> <FuncUnit> <Opcode : 'dadd' 'dsub'> <InPorts = 2> <OutPorts = 1>
ST_12 : Operation 219 [13/23] (4.92ns)   --->   "%sqrn = call i32 @FloatToFixed<16ul>, i32 %Squared_r_n_read" [new_fixedpoint2205/main.cpp:324]   --->   Operation 219 'call' 'sqrn' <Predicate = true> <Delay = 4.92> <CoreType = "Generic">   --->   Core 0 '' <Latency = 0> <II = 1> <Delay = 1.00> <Generic> <Opcode : >

State 13 <SV = 12> <Delay = 4.92>
ST_13 : Operation 220 [12/23] (4.92ns)   --->   "%x_rand_Position_x = call i32 @FloatToFixed<16ul>, i32 %xrandx_read" [new_fixedpoint2205/main.cpp:321]   --->   Operation 220 'call' 'x_rand_Position_x' <Predicate = true> <Delay = 4.92> <CoreType = "Generic">   --->   Core 0 '' <Latency = 0> <II = 1> <Delay = 1.00> <Generic> <Opcode : >
ST_13 : Operation 221 [12/23] (4.92ns)   --->   "%x_rand_Position_y = call i32 @FloatToFixed<16ul>, i32 %xrandy_read" [new_fixedpoint2205/main.cpp:322]   --->   Operation 221 'call' 'x_rand_Position_y' <Predicate = true> <Delay = 4.92> <CoreType = "Generic">   --->   Core 0 '' <Latency = 0> <II = 1> <Delay = 1.00> <Generic> <Opcode : >
ST_13 : Operation 222 [3/12] (4.82ns)   --->   "%sub = dadd i64 %conv, i64 -0.005" [new_fixedpoint2205/main.cpp:325]   --->   Operation 222 'dadd' 'sub' <Predicate = true> <Delay = 4.82> <CoreInst = "DAddSub_fulldsp">   --->   Core 37 'DAddSub_fulldsp' <Latency = 11> <II = 1> <Delay = 4.82> <FuncUnit> <Opcode : 'dadd' 'dsub'> <InPorts = 2> <OutPorts = 1>
ST_13 : Operation 223 [12/23] (4.92ns)   --->   "%sqrn = call i32 @FloatToFixed<16ul>, i32 %Squared_r_n_read" [new_fixedpoint2205/main.cpp:324]   --->   Operation 223 'call' 'sqrn' <Predicate = true> <Delay = 4.92> <CoreType = "Generic">   --->   Core 0 '' <Latency = 0> <II = 1> <Delay = 1.00> <Generic> <Opcode : >

State 14 <SV = 13> <Delay = 4.92>
ST_14 : Operation 224 [11/23] (4.92ns)   --->   "%x_rand_Position_x = call i32 @FloatToFixed<16ul>, i32 %xrandx_read" [new_fixedpoint2205/main.cpp:321]   --->   Operation 224 'call' 'x_rand_Position_x' <Predicate = true> <Delay = 4.92> <CoreType = "Generic">   --->   Core 0 '' <Latency = 0> <II = 1> <Delay = 1.00> <Generic> <Opcode : >
ST_14 : Operation 225 [11/23] (4.92ns)   --->   "%x_rand_Position_y = call i32 @FloatToFixed<16ul>, i32 %xrandy_read" [new_fixedpoint2205/main.cpp:322]   --->   Operation 225 'call' 'x_rand_Position_y' <Predicate = true> <Delay = 4.92> <CoreType = "Generic">   --->   Core 0 '' <Latency = 0> <II = 1> <Delay = 1.00> <Generic> <Opcode : >
ST_14 : Operation 226 [2/12] (4.82ns)   --->   "%sub = dadd i64 %conv, i64 -0.005" [new_fixedpoint2205/main.cpp:325]   --->   Operation 226 'dadd' 'sub' <Predicate = true> <Delay = 4.82> <CoreInst = "DAddSub_fulldsp">   --->   Core 37 'DAddSub_fulldsp' <Latency = 11> <II = 1> <Delay = 4.82> <FuncUnit> <Opcode : 'dadd' 'dsub'> <InPorts = 2> <OutPorts = 1>
ST_14 : Operation 227 [11/23] (4.92ns)   --->   "%sqrn = call i32 @FloatToFixed<16ul>, i32 %Squared_r_n_read" [new_fixedpoint2205/main.cpp:324]   --->   Operation 227 'call' 'sqrn' <Predicate = true> <Delay = 4.92> <CoreType = "Generic">   --->   Core 0 '' <Latency = 0> <II = 1> <Delay = 1.00> <Generic> <Opcode : >

State 15 <SV = 14> <Delay = 4.92>
ST_15 : Operation 228 [10/23] (4.92ns)   --->   "%x_rand_Position_x = call i32 @FloatToFixed<16ul>, i32 %xrandx_read" [new_fixedpoint2205/main.cpp:321]   --->   Operation 228 'call' 'x_rand_Position_x' <Predicate = true> <Delay = 4.92> <CoreType = "Generic">   --->   Core 0 '' <Latency = 0> <II = 1> <Delay = 1.00> <Generic> <Opcode : >
ST_15 : Operation 229 [10/23] (4.92ns)   --->   "%x_rand_Position_y = call i32 @FloatToFixed<16ul>, i32 %xrandy_read" [new_fixedpoint2205/main.cpp:322]   --->   Operation 229 'call' 'x_rand_Position_y' <Predicate = true> <Delay = 4.92> <CoreType = "Generic">   --->   Core 0 '' <Latency = 0> <II = 1> <Delay = 1.00> <Generic> <Opcode : >
ST_15 : Operation 230 [1/12] (4.82ns)   --->   "%sub = dadd i64 %conv, i64 -0.005" [new_fixedpoint2205/main.cpp:325]   --->   Operation 230 'dadd' 'sub' <Predicate = true> <Delay = 4.82> <CoreInst = "DAddSub_fulldsp">   --->   Core 37 'DAddSub_fulldsp' <Latency = 11> <II = 1> <Delay = 4.82> <FuncUnit> <Opcode : 'dadd' 'dsub'> <InPorts = 2> <OutPorts = 1>
ST_15 : Operation 231 [10/23] (4.92ns)   --->   "%sqrn = call i32 @FloatToFixed<16ul>, i32 %Squared_r_n_read" [new_fixedpoint2205/main.cpp:324]   --->   Operation 231 'call' 'sqrn' <Predicate = true> <Delay = 4.92> <CoreType = "Generic">   --->   Core 0 '' <Latency = 0> <II = 1> <Delay = 1.00> <Generic> <Opcode : >

State 16 <SV = 15> <Delay = 4.92>
ST_16 : Operation 232 [9/23] (4.92ns)   --->   "%x_rand_Position_x = call i32 @FloatToFixed<16ul>, i32 %xrandx_read" [new_fixedpoint2205/main.cpp:321]   --->   Operation 232 'call' 'x_rand_Position_x' <Predicate = true> <Delay = 4.92> <CoreType = "Generic">   --->   Core 0 '' <Latency = 0> <II = 1> <Delay = 1.00> <Generic> <Opcode : >
ST_16 : Operation 233 [9/23] (4.92ns)   --->   "%x_rand_Position_y = call i32 @FloatToFixed<16ul>, i32 %xrandy_read" [new_fixedpoint2205/main.cpp:322]   --->   Operation 233 'call' 'x_rand_Position_y' <Predicate = true> <Delay = 4.92> <CoreType = "Generic">   --->   Core 0 '' <Latency = 0> <II = 1> <Delay = 1.00> <Generic> <Opcode : >
ST_16 : Operation 234 [3/3] (4.33ns)   --->   "%conv1 = fptrunc i64 %sub" [new_fixedpoint2205/main.cpp:325]   --->   Operation 234 'fptrunc' 'conv1' <Predicate = true> <Delay = 4.33> <CoreInst = "Double2Float">   --->   Core 67 'Double2Float' <Latency = 2> <II = 1> <Delay = 4.33> <FuncUnit> <Opcode : 'fptrunc'> <InPorts = 1> <OutPorts = 1>
ST_16 : Operation 235 [9/23] (4.92ns)   --->   "%sqrn = call i32 @FloatToFixed<16ul>, i32 %Squared_r_n_read" [new_fixedpoint2205/main.cpp:324]   --->   Operation 235 'call' 'sqrn' <Predicate = true> <Delay = 4.92> <CoreType = "Generic">   --->   Core 0 '' <Latency = 0> <II = 1> <Delay = 1.00> <Generic> <Opcode : >

State 17 <SV = 16> <Delay = 4.92>
ST_17 : Operation 236 [8/23] (4.92ns)   --->   "%x_rand_Position_x = call i32 @FloatToFixed<16ul>, i32 %xrandx_read" [new_fixedpoint2205/main.cpp:321]   --->   Operation 236 'call' 'x_rand_Position_x' <Predicate = true> <Delay = 4.92> <CoreType = "Generic">   --->   Core 0 '' <Latency = 0> <II = 1> <Delay = 1.00> <Generic> <Opcode : >
ST_17 : Operation 237 [8/23] (4.92ns)   --->   "%x_rand_Position_y = call i32 @FloatToFixed<16ul>, i32 %xrandy_read" [new_fixedpoint2205/main.cpp:322]   --->   Operation 237 'call' 'x_rand_Position_y' <Predicate = true> <Delay = 4.92> <CoreType = "Generic">   --->   Core 0 '' <Latency = 0> <II = 1> <Delay = 1.00> <Generic> <Opcode : >
ST_17 : Operation 238 [2/3] (4.33ns)   --->   "%conv1 = fptrunc i64 %sub" [new_fixedpoint2205/main.cpp:325]   --->   Operation 238 'fptrunc' 'conv1' <Predicate = true> <Delay = 4.33> <CoreInst = "Double2Float">   --->   Core 67 'Double2Float' <Latency = 2> <II = 1> <Delay = 4.33> <FuncUnit> <Opcode : 'fptrunc'> <InPorts = 1> <OutPorts = 1>
ST_17 : Operation 239 [8/23] (4.92ns)   --->   "%sqrn = call i32 @FloatToFixed<16ul>, i32 %Squared_r_n_read" [new_fixedpoint2205/main.cpp:324]   --->   Operation 239 'call' 'sqrn' <Predicate = true> <Delay = 4.92> <CoreType = "Generic">   --->   Core 0 '' <Latency = 0> <II = 1> <Delay = 1.00> <Generic> <Opcode : >

State 18 <SV = 17> <Delay = 4.92>
ST_18 : Operation 240 [7/23] (4.92ns)   --->   "%x_rand_Position_x = call i32 @FloatToFixed<16ul>, i32 %xrandx_read" [new_fixedpoint2205/main.cpp:321]   --->   Operation 240 'call' 'x_rand_Position_x' <Predicate = true> <Delay = 4.92> <CoreType = "Generic">   --->   Core 0 '' <Latency = 0> <II = 1> <Delay = 1.00> <Generic> <Opcode : >
ST_18 : Operation 241 [7/23] (4.92ns)   --->   "%x_rand_Position_y = call i32 @FloatToFixed<16ul>, i32 %xrandy_read" [new_fixedpoint2205/main.cpp:322]   --->   Operation 241 'call' 'x_rand_Position_y' <Predicate = true> <Delay = 4.92> <CoreType = "Generic">   --->   Core 0 '' <Latency = 0> <II = 1> <Delay = 1.00> <Generic> <Opcode : >
ST_18 : Operation 242 [1/3] (4.33ns)   --->   "%conv1 = fptrunc i64 %sub" [new_fixedpoint2205/main.cpp:325]   --->   Operation 242 'fptrunc' 'conv1' <Predicate = true> <Delay = 4.33> <CoreInst = "Double2Float">   --->   Core 67 'Double2Float' <Latency = 2> <II = 1> <Delay = 4.33> <FuncUnit> <Opcode : 'fptrunc'> <InPorts = 1> <OutPorts = 1>
ST_18 : Operation 243 [7/23] (4.92ns)   --->   "%sqrn = call i32 @FloatToFixed<16ul>, i32 %Squared_r_n_read" [new_fixedpoint2205/main.cpp:324]   --->   Operation 243 'call' 'sqrn' <Predicate = true> <Delay = 4.92> <CoreType = "Generic">   --->   Core 0 '' <Latency = 0> <II = 1> <Delay = 1.00> <Generic> <Opcode : >

State 19 <SV = 18> <Delay = 4.92>
ST_19 : Operation 244 [6/23] (4.92ns)   --->   "%x_rand_Position_x = call i32 @FloatToFixed<16ul>, i32 %xrandx_read" [new_fixedpoint2205/main.cpp:321]   --->   Operation 244 'call' 'x_rand_Position_x' <Predicate = true> <Delay = 4.92> <CoreType = "Generic">   --->   Core 0 '' <Latency = 0> <II = 1> <Delay = 1.00> <Generic> <Opcode : >
ST_19 : Operation 245 [6/23] (4.92ns)   --->   "%x_rand_Position_y = call i32 @FloatToFixed<16ul>, i32 %xrandy_read" [new_fixedpoint2205/main.cpp:322]   --->   Operation 245 'call' 'x_rand_Position_y' <Predicate = true> <Delay = 4.92> <CoreType = "Generic">   --->   Core 0 '' <Latency = 0> <II = 1> <Delay = 1.00> <Generic> <Opcode : >
ST_19 : Operation 246 [6/23] (4.92ns)   --->   "%sqrn = call i32 @FloatToFixed<16ul>, i32 %Squared_r_n_read" [new_fixedpoint2205/main.cpp:324]   --->   Operation 246 'call' 'sqrn' <Predicate = true> <Delay = 4.92> <CoreType = "Generic">   --->   Core 0 '' <Latency = 0> <II = 1> <Delay = 1.00> <Generic> <Opcode : >
ST_19 : Operation 247 [23/23] (4.92ns)   --->   "%sqrb = call i32 @FloatToFixed<16ul>, i32 %conv1" [new_fixedpoint2205/main.cpp:325]   --->   Operation 247 'call' 'sqrb' <Predicate = true> <Delay = 4.92> <CoreType = "Generic">   --->   Core 0 '' <Latency = 0> <II = 1> <Delay = 1.00> <Generic> <Opcode : >

State 20 <SV = 19> <Delay = 4.92>
ST_20 : Operation 248 [5/23] (4.92ns)   --->   "%x_rand_Position_x = call i32 @FloatToFixed<16ul>, i32 %xrandx_read" [new_fixedpoint2205/main.cpp:321]   --->   Operation 248 'call' 'x_rand_Position_x' <Predicate = true> <Delay = 4.92> <CoreType = "Generic">   --->   Core 0 '' <Latency = 0> <II = 1> <Delay = 1.00> <Generic> <Opcode : >
ST_20 : Operation 249 [5/23] (4.92ns)   --->   "%x_rand_Position_y = call i32 @FloatToFixed<16ul>, i32 %xrandy_read" [new_fixedpoint2205/main.cpp:322]   --->   Operation 249 'call' 'x_rand_Position_y' <Predicate = true> <Delay = 4.92> <CoreType = "Generic">   --->   Core 0 '' <Latency = 0> <II = 1> <Delay = 1.00> <Generic> <Opcode : >
ST_20 : Operation 250 [5/23] (4.92ns)   --->   "%sqrn = call i32 @FloatToFixed<16ul>, i32 %Squared_r_n_read" [new_fixedpoint2205/main.cpp:324]   --->   Operation 250 'call' 'sqrn' <Predicate = true> <Delay = 4.92> <CoreType = "Generic">   --->   Core 0 '' <Latency = 0> <II = 1> <Delay = 1.00> <Generic> <Opcode : >
ST_20 : Operation 251 [22/23] (4.92ns)   --->   "%sqrb = call i32 @FloatToFixed<16ul>, i32 %conv1" [new_fixedpoint2205/main.cpp:325]   --->   Operation 251 'call' 'sqrb' <Predicate = true> <Delay = 4.92> <CoreType = "Generic">   --->   Core 0 '' <Latency = 0> <II = 1> <Delay = 1.00> <Generic> <Opcode : >

State 21 <SV = 20> <Delay = 4.92>
ST_21 : Operation 252 [4/23] (4.92ns)   --->   "%x_rand_Position_x = call i32 @FloatToFixed<16ul>, i32 %xrandx_read" [new_fixedpoint2205/main.cpp:321]   --->   Operation 252 'call' 'x_rand_Position_x' <Predicate = true> <Delay = 4.92> <CoreType = "Generic">   --->   Core 0 '' <Latency = 0> <II = 1> <Delay = 1.00> <Generic> <Opcode : >
ST_21 : Operation 253 [4/23] (4.92ns)   --->   "%x_rand_Position_y = call i32 @FloatToFixed<16ul>, i32 %xrandy_read" [new_fixedpoint2205/main.cpp:322]   --->   Operation 253 'call' 'x_rand_Position_y' <Predicate = true> <Delay = 4.92> <CoreType = "Generic">   --->   Core 0 '' <Latency = 0> <II = 1> <Delay = 1.00> <Generic> <Opcode : >
ST_21 : Operation 254 [4/23] (4.92ns)   --->   "%sqrn = call i32 @FloatToFixed<16ul>, i32 %Squared_r_n_read" [new_fixedpoint2205/main.cpp:324]   --->   Operation 254 'call' 'sqrn' <Predicate = true> <Delay = 4.92> <CoreType = "Generic">   --->   Core 0 '' <Latency = 0> <II = 1> <Delay = 1.00> <Generic> <Opcode : >
ST_21 : Operation 255 [21/23] (4.92ns)   --->   "%sqrb = call i32 @FloatToFixed<16ul>, i32 %conv1" [new_fixedpoint2205/main.cpp:325]   --->   Operation 255 'call' 'sqrb' <Predicate = true> <Delay = 4.92> <CoreType = "Generic">   --->   Core 0 '' <Latency = 0> <II = 1> <Delay = 1.00> <Generic> <Opcode : >

State 22 <SV = 21> <Delay = 4.92>
ST_22 : Operation 256 [3/23] (4.92ns)   --->   "%x_rand_Position_x = call i32 @FloatToFixed<16ul>, i32 %xrandx_read" [new_fixedpoint2205/main.cpp:321]   --->   Operation 256 'call' 'x_rand_Position_x' <Predicate = true> <Delay = 4.92> <CoreType = "Generic">   --->   Core 0 '' <Latency = 0> <II = 1> <Delay = 1.00> <Generic> <Opcode : >
ST_22 : Operation 257 [3/23] (4.92ns)   --->   "%x_rand_Position_y = call i32 @FloatToFixed<16ul>, i32 %xrandy_read" [new_fixedpoint2205/main.cpp:322]   --->   Operation 257 'call' 'x_rand_Position_y' <Predicate = true> <Delay = 4.92> <CoreType = "Generic">   --->   Core 0 '' <Latency = 0> <II = 1> <Delay = 1.00> <Generic> <Opcode : >
ST_22 : Operation 258 [3/23] (4.92ns)   --->   "%sqrn = call i32 @FloatToFixed<16ul>, i32 %Squared_r_n_read" [new_fixedpoint2205/main.cpp:324]   --->   Operation 258 'call' 'sqrn' <Predicate = true> <Delay = 4.92> <CoreType = "Generic">   --->   Core 0 '' <Latency = 0> <II = 1> <Delay = 1.00> <Generic> <Opcode : >
ST_22 : Operation 259 [20/23] (4.92ns)   --->   "%sqrb = call i32 @FloatToFixed<16ul>, i32 %conv1" [new_fixedpoint2205/main.cpp:325]   --->   Operation 259 'call' 'sqrb' <Predicate = true> <Delay = 4.92> <CoreType = "Generic">   --->   Core 0 '' <Latency = 0> <II = 1> <Delay = 1.00> <Generic> <Opcode : >

State 23 <SV = 22> <Delay = 4.92>
ST_23 : Operation 260 [2/23] (4.92ns)   --->   "%x_rand_Position_x = call i32 @FloatToFixed<16ul>, i32 %xrandx_read" [new_fixedpoint2205/main.cpp:321]   --->   Operation 260 'call' 'x_rand_Position_x' <Predicate = true> <Delay = 4.92> <CoreType = "Generic">   --->   Core 0 '' <Latency = 0> <II = 1> <Delay = 1.00> <Generic> <Opcode : >
ST_23 : Operation 261 [2/23] (4.92ns)   --->   "%x_rand_Position_y = call i32 @FloatToFixed<16ul>, i32 %xrandy_read" [new_fixedpoint2205/main.cpp:322]   --->   Operation 261 'call' 'x_rand_Position_y' <Predicate = true> <Delay = 4.92> <CoreType = "Generic">   --->   Core 0 '' <Latency = 0> <II = 1> <Delay = 1.00> <Generic> <Opcode : >
ST_23 : Operation 262 [2/23] (4.92ns)   --->   "%sqrn = call i32 @FloatToFixed<16ul>, i32 %Squared_r_n_read" [new_fixedpoint2205/main.cpp:324]   --->   Operation 262 'call' 'sqrn' <Predicate = true> <Delay = 4.92> <CoreType = "Generic">   --->   Core 0 '' <Latency = 0> <II = 1> <Delay = 1.00> <Generic> <Opcode : >
ST_23 : Operation 263 [19/23] (4.92ns)   --->   "%sqrb = call i32 @FloatToFixed<16ul>, i32 %conv1" [new_fixedpoint2205/main.cpp:325]   --->   Operation 263 'call' 'sqrb' <Predicate = true> <Delay = 4.92> <CoreType = "Generic">   --->   Core 0 '' <Latency = 0> <II = 1> <Delay = 1.00> <Generic> <Opcode : >

State 24 <SV = 23> <Delay = 4.92>
ST_24 : Operation 264 [1/23] (3.25ns)   --->   "%x_rand_Position_x = call i32 @FloatToFixed<16ul>, i32 %xrandx_read" [new_fixedpoint2205/main.cpp:321]   --->   Operation 264 'call' 'x_rand_Position_x' <Predicate = true> <Delay = 3.25> <CoreType = "Generic">   --->   Core 0 '' <Latency = 0> <II = 1> <Delay = 1.00> <Generic> <Opcode : >
ST_24 : Operation 265 [1/23] (3.25ns)   --->   "%x_rand_Position_y = call i32 @FloatToFixed<16ul>, i32 %xrandy_read" [new_fixedpoint2205/main.cpp:322]   --->   Operation 265 'call' 'x_rand_Position_y' <Predicate = true> <Delay = 3.25> <CoreType = "Generic">   --->   Core 0 '' <Latency = 0> <II = 1> <Delay = 1.00> <Generic> <Opcode : >
ST_24 : Operation 266 [1/23] (3.25ns)   --->   "%sqrn = call i32 @FloatToFixed<16ul>, i32 %Squared_r_n_read" [new_fixedpoint2205/main.cpp:324]   --->   Operation 266 'call' 'sqrn' <Predicate = true> <Delay = 3.25> <CoreType = "Generic">   --->   Core 0 '' <Latency = 0> <II = 1> <Delay = 1.00> <Generic> <Opcode : >
ST_24 : Operation 267 [18/23] (4.92ns)   --->   "%sqrb = call i32 @FloatToFixed<16ul>, i32 %conv1" [new_fixedpoint2205/main.cpp:325]   --->   Operation 267 'call' 'sqrb' <Predicate = true> <Delay = 4.92> <CoreType = "Generic">   --->   Core 0 '' <Latency = 0> <II = 1> <Delay = 1.00> <Generic> <Opcode : >

State 25 <SV = 24> <Delay = 4.92>
ST_25 : Operation 268 [17/23] (4.92ns)   --->   "%sqrb = call i32 @FloatToFixed<16ul>, i32 %conv1" [new_fixedpoint2205/main.cpp:325]   --->   Operation 268 'call' 'sqrb' <Predicate = true> <Delay = 4.92> <CoreType = "Generic">   --->   Core 0 '' <Latency = 0> <II = 1> <Delay = 1.00> <Generic> <Opcode : >

State 26 <SV = 25> <Delay = 4.92>
ST_26 : Operation 269 [16/23] (4.92ns)   --->   "%sqrb = call i32 @FloatToFixed<16ul>, i32 %conv1" [new_fixedpoint2205/main.cpp:325]   --->   Operation 269 'call' 'sqrb' <Predicate = true> <Delay = 4.92> <CoreType = "Generic">   --->   Core 0 '' <Latency = 0> <II = 1> <Delay = 1.00> <Generic> <Opcode : >

State 27 <SV = 26> <Delay = 4.92>
ST_27 : Operation 270 [15/23] (4.92ns)   --->   "%sqrb = call i32 @FloatToFixed<16ul>, i32 %conv1" [new_fixedpoint2205/main.cpp:325]   --->   Operation 270 'call' 'sqrb' <Predicate = true> <Delay = 4.92> <CoreType = "Generic">   --->   Core 0 '' <Latency = 0> <II = 1> <Delay = 1.00> <Generic> <Opcode : >

State 28 <SV = 27> <Delay = 4.92>
ST_28 : Operation 271 [14/23] (4.92ns)   --->   "%sqrb = call i32 @FloatToFixed<16ul>, i32 %conv1" [new_fixedpoint2205/main.cpp:325]   --->   Operation 271 'call' 'sqrb' <Predicate = true> <Delay = 4.92> <CoreType = "Generic">   --->   Core 0 '' <Latency = 0> <II = 1> <Delay = 1.00> <Generic> <Opcode : >

State 29 <SV = 28> <Delay = 4.92>
ST_29 : Operation 272 [13/23] (4.92ns)   --->   "%sqrb = call i32 @FloatToFixed<16ul>, i32 %conv1" [new_fixedpoint2205/main.cpp:325]   --->   Operation 272 'call' 'sqrb' <Predicate = true> <Delay = 4.92> <CoreType = "Generic">   --->   Core 0 '' <Latency = 0> <II = 1> <Delay = 1.00> <Generic> <Opcode : >

State 30 <SV = 29> <Delay = 4.92>
ST_30 : Operation 273 [12/23] (4.92ns)   --->   "%sqrb = call i32 @FloatToFixed<16ul>, i32 %conv1" [new_fixedpoint2205/main.cpp:325]   --->   Operation 273 'call' 'sqrb' <Predicate = true> <Delay = 4.92> <CoreType = "Generic">   --->   Core 0 '' <Latency = 0> <II = 1> <Delay = 1.00> <Generic> <Opcode : >

State 31 <SV = 30> <Delay = 4.92>
ST_31 : Operation 274 [11/23] (4.92ns)   --->   "%sqrb = call i32 @FloatToFixed<16ul>, i32 %conv1" [new_fixedpoint2205/main.cpp:325]   --->   Operation 274 'call' 'sqrb' <Predicate = true> <Delay = 4.92> <CoreType = "Generic">   --->   Core 0 '' <Latency = 0> <II = 1> <Delay = 1.00> <Generic> <Opcode : >

State 32 <SV = 31> <Delay = 4.92>
ST_32 : Operation 275 [10/23] (4.92ns)   --->   "%sqrb = call i32 @FloatToFixed<16ul>, i32 %conv1" [new_fixedpoint2205/main.cpp:325]   --->   Operation 275 'call' 'sqrb' <Predicate = true> <Delay = 4.92> <CoreType = "Generic">   --->   Core 0 '' <Latency = 0> <II = 1> <Delay = 1.00> <Generic> <Opcode : >

State 33 <SV = 32> <Delay = 4.92>
ST_33 : Operation 276 [9/23] (4.92ns)   --->   "%sqrb = call i32 @FloatToFixed<16ul>, i32 %conv1" [new_fixedpoint2205/main.cpp:325]   --->   Operation 276 'call' 'sqrb' <Predicate = true> <Delay = 4.92> <CoreType = "Generic">   --->   Core 0 '' <Latency = 0> <II = 1> <Delay = 1.00> <Generic> <Opcode : >

State 34 <SV = 33> <Delay = 4.92>
ST_34 : Operation 277 [8/23] (4.92ns)   --->   "%sqrb = call i32 @FloatToFixed<16ul>, i32 %conv1" [new_fixedpoint2205/main.cpp:325]   --->   Operation 277 'call' 'sqrb' <Predicate = true> <Delay = 4.92> <CoreType = "Generic">   --->   Core 0 '' <Latency = 0> <II = 1> <Delay = 1.00> <Generic> <Opcode : >

State 35 <SV = 34> <Delay = 6.31>
ST_35 : Operation 278 [7/23] (4.92ns)   --->   "%sqrb = call i32 @FloatToFixed<16ul>, i32 %conv1" [new_fixedpoint2205/main.cpp:325]   --->   Operation 278 'call' 'sqrb' <Predicate = true> <Delay = 4.92> <CoreType = "Generic">   --->   Core 0 '' <Latency = 0> <II = 1> <Delay = 1.00> <Generic> <Opcode : >
ST_35 : Operation 279 [7/7] (6.31ns)   --->   "%conv_i_i = sitofp i32 %x_rand_Position_x" [new_fixedpoint2205/main.cpp:321]   --->   Operation 279 'sitofp' 'conv_i_i' <Predicate = true> <Delay = 6.31> <CoreInst = "Int2Float">   --->   Core 62 'Int2Float' <Latency = 6> <II = 1> <Delay = 6.31> <FuncUnit> <Opcode : 'sitofp' 'uitofp'> <InPorts = 1> <OutPorts = 1>
ST_35 : Operation 280 [7/7] (6.31ns)   --->   "%conv9_i_i = sitofp i32 %x_rand_Position_y" [new_fixedpoint2205/main.cpp:322]   --->   Operation 280 'sitofp' 'conv9_i_i' <Predicate = true> <Delay = 6.31> <CoreInst = "Int2Float">   --->   Core 62 'Int2Float' <Latency = 6> <II = 1> <Delay = 6.31> <FuncUnit> <Opcode : 'sitofp' 'uitofp'> <InPorts = 1> <OutPorts = 1>

State 36 <SV = 35> <Delay = 6.31>
ST_36 : Operation 281 [6/23] (4.92ns)   --->   "%sqrb = call i32 @FloatToFixed<16ul>, i32 %conv1" [new_fixedpoint2205/main.cpp:325]   --->   Operation 281 'call' 'sqrb' <Predicate = true> <Delay = 4.92> <CoreType = "Generic">   --->   Core 0 '' <Latency = 0> <II = 1> <Delay = 1.00> <Generic> <Opcode : >
ST_36 : Operation 282 [6/7] (6.31ns)   --->   "%conv_i_i = sitofp i32 %x_rand_Position_x" [new_fixedpoint2205/main.cpp:321]   --->   Operation 282 'sitofp' 'conv_i_i' <Predicate = true> <Delay = 6.31> <CoreInst = "Int2Float">   --->   Core 62 'Int2Float' <Latency = 6> <II = 1> <Delay = 6.31> <FuncUnit> <Opcode : 'sitofp' 'uitofp'> <InPorts = 1> <OutPorts = 1>
ST_36 : Operation 283 [6/7] (6.31ns)   --->   "%conv9_i_i = sitofp i32 %x_rand_Position_y" [new_fixedpoint2205/main.cpp:322]   --->   Operation 283 'sitofp' 'conv9_i_i' <Predicate = true> <Delay = 6.31> <CoreInst = "Int2Float">   --->   Core 62 'Int2Float' <Latency = 6> <II = 1> <Delay = 6.31> <FuncUnit> <Opcode : 'sitofp' 'uitofp'> <InPorts = 1> <OutPorts = 1>

State 37 <SV = 36> <Delay = 6.31>
ST_37 : Operation 284 [5/23] (4.92ns)   --->   "%sqrb = call i32 @FloatToFixed<16ul>, i32 %conv1" [new_fixedpoint2205/main.cpp:325]   --->   Operation 284 'call' 'sqrb' <Predicate = true> <Delay = 4.92> <CoreType = "Generic">   --->   Core 0 '' <Latency = 0> <II = 1> <Delay = 1.00> <Generic> <Opcode : >
ST_37 : Operation 285 [5/7] (6.31ns)   --->   "%conv_i_i = sitofp i32 %x_rand_Position_x" [new_fixedpoint2205/main.cpp:321]   --->   Operation 285 'sitofp' 'conv_i_i' <Predicate = true> <Delay = 6.31> <CoreInst = "Int2Float">   --->   Core 62 'Int2Float' <Latency = 6> <II = 1> <Delay = 6.31> <FuncUnit> <Opcode : 'sitofp' 'uitofp'> <InPorts = 1> <OutPorts = 1>
ST_37 : Operation 286 [5/7] (6.31ns)   --->   "%conv9_i_i = sitofp i32 %x_rand_Position_y" [new_fixedpoint2205/main.cpp:322]   --->   Operation 286 'sitofp' 'conv9_i_i' <Predicate = true> <Delay = 6.31> <CoreInst = "Int2Float">   --->   Core 62 'Int2Float' <Latency = 6> <II = 1> <Delay = 6.31> <FuncUnit> <Opcode : 'sitofp' 'uitofp'> <InPorts = 1> <OutPorts = 1>

State 38 <SV = 37> <Delay = 6.31>
ST_38 : Operation 287 [4/23] (4.92ns)   --->   "%sqrb = call i32 @FloatToFixed<16ul>, i32 %conv1" [new_fixedpoint2205/main.cpp:325]   --->   Operation 287 'call' 'sqrb' <Predicate = true> <Delay = 4.92> <CoreType = "Generic">   --->   Core 0 '' <Latency = 0> <II = 1> <Delay = 1.00> <Generic> <Opcode : >
ST_38 : Operation 288 [4/7] (6.31ns)   --->   "%conv_i_i = sitofp i32 %x_rand_Position_x" [new_fixedpoint2205/main.cpp:321]   --->   Operation 288 'sitofp' 'conv_i_i' <Predicate = true> <Delay = 6.31> <CoreInst = "Int2Float">   --->   Core 62 'Int2Float' <Latency = 6> <II = 1> <Delay = 6.31> <FuncUnit> <Opcode : 'sitofp' 'uitofp'> <InPorts = 1> <OutPorts = 1>
ST_38 : Operation 289 [4/7] (6.31ns)   --->   "%conv9_i_i = sitofp i32 %x_rand_Position_y" [new_fixedpoint2205/main.cpp:322]   --->   Operation 289 'sitofp' 'conv9_i_i' <Predicate = true> <Delay = 6.31> <CoreInst = "Int2Float">   --->   Core 62 'Int2Float' <Latency = 6> <II = 1> <Delay = 6.31> <FuncUnit> <Opcode : 'sitofp' 'uitofp'> <InPorts = 1> <OutPorts = 1>

State 39 <SV = 38> <Delay = 6.31>
ST_39 : Operation 290 [3/23] (4.92ns)   --->   "%sqrb = call i32 @FloatToFixed<16ul>, i32 %conv1" [new_fixedpoint2205/main.cpp:325]   --->   Operation 290 'call' 'sqrb' <Predicate = true> <Delay = 4.92> <CoreType = "Generic">   --->   Core 0 '' <Latency = 0> <II = 1> <Delay = 1.00> <Generic> <Opcode : >
ST_39 : Operation 291 [3/7] (6.31ns)   --->   "%conv_i_i = sitofp i32 %x_rand_Position_x" [new_fixedpoint2205/main.cpp:321]   --->   Operation 291 'sitofp' 'conv_i_i' <Predicate = true> <Delay = 6.31> <CoreInst = "Int2Float">   --->   Core 62 'Int2Float' <Latency = 6> <II = 1> <Delay = 6.31> <FuncUnit> <Opcode : 'sitofp' 'uitofp'> <InPorts = 1> <OutPorts = 1>
ST_39 : Operation 292 [3/7] (6.31ns)   --->   "%conv9_i_i = sitofp i32 %x_rand_Position_y" [new_fixedpoint2205/main.cpp:322]   --->   Operation 292 'sitofp' 'conv9_i_i' <Predicate = true> <Delay = 6.31> <CoreInst = "Int2Float">   --->   Core 62 'Int2Float' <Latency = 6> <II = 1> <Delay = 6.31> <FuncUnit> <Opcode : 'sitofp' 'uitofp'> <InPorts = 1> <OutPorts = 1>

State 40 <SV = 39> <Delay = 6.31>
ST_40 : Operation 293 [2/23] (4.92ns)   --->   "%sqrb = call i32 @FloatToFixed<16ul>, i32 %conv1" [new_fixedpoint2205/main.cpp:325]   --->   Operation 293 'call' 'sqrb' <Predicate = true> <Delay = 4.92> <CoreType = "Generic">   --->   Core 0 '' <Latency = 0> <II = 1> <Delay = 1.00> <Generic> <Opcode : >
ST_40 : Operation 294 [2/7] (6.31ns)   --->   "%conv_i_i = sitofp i32 %x_rand_Position_x" [new_fixedpoint2205/main.cpp:321]   --->   Operation 294 'sitofp' 'conv_i_i' <Predicate = true> <Delay = 6.31> <CoreInst = "Int2Float">   --->   Core 62 'Int2Float' <Latency = 6> <II = 1> <Delay = 6.31> <FuncUnit> <Opcode : 'sitofp' 'uitofp'> <InPorts = 1> <OutPorts = 1>
ST_40 : Operation 295 [2/7] (6.31ns)   --->   "%conv9_i_i = sitofp i32 %x_rand_Position_y" [new_fixedpoint2205/main.cpp:322]   --->   Operation 295 'sitofp' 'conv9_i_i' <Predicate = true> <Delay = 6.31> <CoreInst = "Int2Float">   --->   Core 62 'Int2Float' <Latency = 6> <II = 1> <Delay = 6.31> <FuncUnit> <Opcode : 'sitofp' 'uitofp'> <InPorts = 1> <OutPorts = 1>

State 41 <SV = 40> <Delay = 6.31>
ST_41 : Operation 296 [1/23] (3.25ns)   --->   "%sqrb = call i32 @FloatToFixed<16ul>, i32 %conv1" [new_fixedpoint2205/main.cpp:325]   --->   Operation 296 'call' 'sqrb' <Predicate = true> <Delay = 3.25> <CoreType = "Generic">   --->   Core 0 '' <Latency = 0> <II = 1> <Delay = 1.00> <Generic> <Opcode : >
ST_41 : Operation 297 [1/7] (6.31ns)   --->   "%conv_i_i = sitofp i32 %x_rand_Position_x" [new_fixedpoint2205/main.cpp:321]   --->   Operation 297 'sitofp' 'conv_i_i' <Predicate = true> <Delay = 6.31> <CoreInst = "Int2Float">   --->   Core 62 'Int2Float' <Latency = 6> <II = 1> <Delay = 6.31> <FuncUnit> <Opcode : 'sitofp' 'uitofp'> <InPorts = 1> <OutPorts = 1>
ST_41 : Operation 298 [1/7] (6.31ns)   --->   "%conv9_i_i = sitofp i32 %x_rand_Position_y" [new_fixedpoint2205/main.cpp:322]   --->   Operation 298 'sitofp' 'conv9_i_i' <Predicate = true> <Delay = 6.31> <CoreInst = "Int2Float">   --->   Core 62 'Int2Float' <Latency = 6> <II = 1> <Delay = 6.31> <FuncUnit> <Opcode : 'sitofp' 'uitofp'> <InPorts = 1> <OutPorts = 1>

State 42 <SV = 41> <Delay = 4.06>
ST_42 : Operation 299 [2/2] (4.06ns)   --->   "%call_ln321 = call void @rrt_Pipeline_VITIS_LOOP_342_1, i32 %N_read, i64 %dataInStream_V_data_V, i8 %dataInStream_V_keep_V, i8 %dataInStream_V_strb_V, i2 %dataInStream_V_user_V, i1 %dataInStream_V_last_V, i5 %dataInStream_V_id_V, i6 %dataInStream_V_dest_V, i32 %RRT_Star_Position_x, i32 %RRT_Star_Position_y, i16 %RRT_Star_Location_List, i32 %conv_i_i, i32 %conv9_i_i, i32 %Pos_Nearest_Node_loc, i4 %output_stream_keep_V_loc, i4 %output_stream_strb_V_loc, i2 %tmp_user_V_loc, i5 %tmp_id_V_loc, i6 %tmp_dest_V_loc" [new_fixedpoint2205/main.cpp:321]   --->   Operation 299 'call' 'call_ln321' <Predicate = true> <Delay = 4.06> <CoreType = "Generic">   --->   Core 0 '' <Latency = 0> <II = 1> <Delay = 1.00> <Generic> <Opcode : >

State 43 <SV = 42> <Delay = 0.00>
ST_43 : Operation 300 [1/2] (0.00ns)   --->   "%call_ln321 = call void @rrt_Pipeline_VITIS_LOOP_342_1, i32 %N_read, i64 %dataInStream_V_data_V, i8 %dataInStream_V_keep_V, i8 %dataInStream_V_strb_V, i2 %dataInStream_V_user_V, i1 %dataInStream_V_last_V, i5 %dataInStream_V_id_V, i6 %dataInStream_V_dest_V, i32 %RRT_Star_Position_x, i32 %RRT_Star_Position_y, i16 %RRT_Star_Location_List, i32 %conv_i_i, i32 %conv9_i_i, i32 %Pos_Nearest_Node_loc, i4 %output_stream_keep_V_loc, i4 %output_stream_strb_V_loc, i2 %tmp_user_V_loc, i5 %tmp_id_V_loc, i6 %tmp_dest_V_loc" [new_fixedpoint2205/main.cpp:321]   --->   Operation 300 'call' 'call_ln321' <Predicate = true> <Delay = 0.00> <CoreType = "Generic">   --->   Core 0 '' <Latency = 0> <II = 1> <Delay = 1.00> <Generic> <Opcode : >

State 44 <SV = 43> <Delay = 6.31>
ST_44 : Operation 301 [1/1] (0.00ns)   --->   "%Pos_Nearest_Node_loc_load = load i32 %Pos_Nearest_Node_loc"   --->   Operation 301 'load' 'Pos_Nearest_Node_loc_load' <Predicate = true> <Delay = 0.00>
ST_44 : Operation 302 [1/1] (0.00ns)   --->   "%empty_42 = wait i32 @_ssdm_op_Wait"   --->   Operation 302 'wait' 'empty_42' <Predicate = true> <Delay = 0.00>
ST_44 : Operation 303 [7/7] (6.31ns)   --->   "%conv2 = sitofp i32 %Pos_Nearest_Node_loc_load" [new_fixedpoint2205/main.cpp:369]   --->   Operation 303 'sitofp' 'conv2' <Predicate = true> <Delay = 6.31> <CoreInst = "Int2Float">   --->   Core 62 'Int2Float' <Latency = 6> <II = 1> <Delay = 6.31> <FuncUnit> <Opcode : 'sitofp' 'uitofp'> <InPorts = 1> <OutPorts = 1>
ST_44 : Operation 304 [1/1] (0.00ns)   --->   "%zext_ln370 = zext i32 %Pos_Nearest_Node_loc_load" [new_fixedpoint2205/main.cpp:370]   --->   Operation 304 'zext' 'zext_ln370' <Predicate = true> <Delay = 0.00>
ST_44 : Operation 305 [1/1] (0.00ns)   --->   "%RRT_Star_Position_x_addr = getelementptr i32 %RRT_Star_Position_x, i64 0, i64 %zext_ln370" [new_fixedpoint2205/main.cpp:370]   --->   Operation 305 'getelementptr' 'RRT_Star_Position_x_addr' <Predicate = true> <Delay = 0.00>
ST_44 : Operation 306 [1/1] (0.00ns)   --->   "%RRT_Star_Position_y_addr = getelementptr i32 %RRT_Star_Position_y, i64 0, i64 %zext_ln370" [new_fixedpoint2205/main.cpp:370]   --->   Operation 306 'getelementptr' 'RRT_Star_Position_y_addr' <Predicate = true> <Delay = 0.00>
ST_44 : Operation 307 [2/2] (3.25ns)   --->   "%A_x = load i14 %RRT_Star_Position_x_addr" [new_fixedpoint2205/main.cpp:370]   --->   Operation 307 'load' 'A_x' <Predicate = true> <Delay = 3.25> <CoreInst = "RAM">   --->   Core 82 'RAM' <Latency = 1> <II = 1> <Delay = 3.25> <Storage> <Opcode : 'load' 'store'> <Ports = 2> <Width = 32> <Depth = 10000> <RAM>
ST_44 : Operation 308 [2/2] (3.25ns)   --->   "%A_y = load i14 %RRT_Star_Position_y_addr" [new_fixedpoint2205/main.cpp:370]   --->   Operation 308 'load' 'A_y' <Predicate = true> <Delay = 3.25> <CoreInst = "RAM">   --->   Core 82 'RAM' <Latency = 1> <II = 1> <Delay = 3.25> <Storage> <Opcode : 'load' 'store'> <Ports = 2> <Width = 32> <Depth = 10000> <RAM>

State 45 <SV = 44> <Delay = 6.31>
ST_45 : Operation 309 [6/7] (6.31ns)   --->   "%conv2 = sitofp i32 %Pos_Nearest_Node_loc_load" [new_fixedpoint2205/main.cpp:369]   --->   Operation 309 'sitofp' 'conv2' <Predicate = true> <Delay = 6.31> <CoreInst = "Int2Float">   --->   Core 62 'Int2Float' <Latency = 6> <II = 1> <Delay = 6.31> <FuncUnit> <Opcode : 'sitofp' 'uitofp'> <InPorts = 1> <OutPorts = 1>
ST_45 : Operation 310 [1/2] (3.25ns)   --->   "%A_x = load i14 %RRT_Star_Position_x_addr" [new_fixedpoint2205/main.cpp:370]   --->   Operation 310 'load' 'A_x' <Predicate = true> <Delay = 3.25> <CoreInst = "RAM">   --->   Core 82 'RAM' <Latency = 1> <II = 1> <Delay = 3.25> <Storage> <Opcode : 'load' 'store'> <Ports = 2> <Width = 32> <Depth = 10000> <RAM>
ST_45 : Operation 311 [1/2] (3.25ns)   --->   "%A_y = load i14 %RRT_Star_Position_y_addr" [new_fixedpoint2205/main.cpp:370]   --->   Operation 311 'load' 'A_y' <Predicate = true> <Delay = 3.25> <CoreInst = "RAM">   --->   Core 82 'RAM' <Latency = 1> <II = 1> <Delay = 3.25> <Storage> <Opcode : 'load' 'store'> <Ports = 2> <Width = 32> <Depth = 10000> <RAM>

State 46 <SV = 45> <Delay = 6.31>
ST_46 : Operation 312 [5/7] (6.31ns)   --->   "%conv2 = sitofp i32 %Pos_Nearest_Node_loc_load" [new_fixedpoint2205/main.cpp:369]   --->   Operation 312 'sitofp' 'conv2' <Predicate = true> <Delay = 6.31> <CoreInst = "Int2Float">   --->   Core 62 'Int2Float' <Latency = 6> <II = 1> <Delay = 6.31> <FuncUnit> <Opcode : 'sitofp' 'uitofp'> <InPorts = 1> <OutPorts = 1>
ST_46 : Operation 313 [7/7] (6.31ns)   --->   "%conv_i_i_i1 = sitofp i32 %A_x" [new_fixedpoint2205/Aux_Lib_hw.hpp:35->new_fixedpoint2205/main.cpp:370]   --->   Operation 313 'sitofp' 'conv_i_i_i1' <Predicate = true> <Delay = 6.31> <CoreInst = "Int2Float">   --->   Core 62 'Int2Float' <Latency = 6> <II = 1> <Delay = 6.31> <FuncUnit> <Opcode : 'sitofp' 'uitofp'> <InPorts = 1> <OutPorts = 1>
ST_46 : Operation 314 [7/7] (6.31ns)   --->   "%conv9_i_i_i = sitofp i32 %A_y" [new_fixedpoint2205/Aux_Lib_hw.hpp:35->new_fixedpoint2205/main.cpp:370]   --->   Operation 314 'sitofp' 'conv9_i_i_i' <Predicate = true> <Delay = 6.31> <CoreInst = "Int2Float">   --->   Core 62 'Int2Float' <Latency = 6> <II = 1> <Delay = 6.31> <FuncUnit> <Opcode : 'sitofp' 'uitofp'> <InPorts = 1> <OutPorts = 1>

State 47 <SV = 46> <Delay = 6.31>
ST_47 : Operation 315 [4/7] (6.31ns)   --->   "%conv2 = sitofp i32 %Pos_Nearest_Node_loc_load" [new_fixedpoint2205/main.cpp:369]   --->   Operation 315 'sitofp' 'conv2' <Predicate = true> <Delay = 6.31> <CoreInst = "Int2Float">   --->   Core 62 'Int2Float' <Latency = 6> <II = 1> <Delay = 6.31> <FuncUnit> <Opcode : 'sitofp' 'uitofp'> <InPorts = 1> <OutPorts = 1>
ST_47 : Operation 316 [6/7] (6.31ns)   --->   "%conv_i_i_i1 = sitofp i32 %A_x" [new_fixedpoint2205/Aux_Lib_hw.hpp:35->new_fixedpoint2205/main.cpp:370]   --->   Operation 316 'sitofp' 'conv_i_i_i1' <Predicate = true> <Delay = 6.31> <CoreInst = "Int2Float">   --->   Core 62 'Int2Float' <Latency = 6> <II = 1> <Delay = 6.31> <FuncUnit> <Opcode : 'sitofp' 'uitofp'> <InPorts = 1> <OutPorts = 1>
ST_47 : Operation 317 [6/7] (6.31ns)   --->   "%conv9_i_i_i = sitofp i32 %A_y" [new_fixedpoint2205/Aux_Lib_hw.hpp:35->new_fixedpoint2205/main.cpp:370]   --->   Operation 317 'sitofp' 'conv9_i_i_i' <Predicate = true> <Delay = 6.31> <CoreInst = "Int2Float">   --->   Core 62 'Int2Float' <Latency = 6> <II = 1> <Delay = 6.31> <FuncUnit> <Opcode : 'sitofp' 'uitofp'> <InPorts = 1> <OutPorts = 1>

State 48 <SV = 47> <Delay = 6.31>
ST_48 : Operation 318 [3/7] (6.31ns)   --->   "%conv2 = sitofp i32 %Pos_Nearest_Node_loc_load" [new_fixedpoint2205/main.cpp:369]   --->   Operation 318 'sitofp' 'conv2' <Predicate = true> <Delay = 6.31> <CoreInst = "Int2Float">   --->   Core 62 'Int2Float' <Latency = 6> <II = 1> <Delay = 6.31> <FuncUnit> <Opcode : 'sitofp' 'uitofp'> <InPorts = 1> <OutPorts = 1>
ST_48 : Operation 319 [5/7] (6.31ns)   --->   "%conv_i_i_i1 = sitofp i32 %A_x" [new_fixedpoint2205/Aux_Lib_hw.hpp:35->new_fixedpoint2205/main.cpp:370]   --->   Operation 319 'sitofp' 'conv_i_i_i1' <Predicate = true> <Delay = 6.31> <CoreInst = "Int2Float">   --->   Core 62 'Int2Float' <Latency = 6> <II = 1> <Delay = 6.31> <FuncUnit> <Opcode : 'sitofp' 'uitofp'> <InPorts = 1> <OutPorts = 1>
ST_48 : Operation 320 [5/7] (6.31ns)   --->   "%conv9_i_i_i = sitofp i32 %A_y" [new_fixedpoint2205/Aux_Lib_hw.hpp:35->new_fixedpoint2205/main.cpp:370]   --->   Operation 320 'sitofp' 'conv9_i_i_i' <Predicate = true> <Delay = 6.31> <CoreInst = "Int2Float">   --->   Core 62 'Int2Float' <Latency = 6> <II = 1> <Delay = 6.31> <FuncUnit> <Opcode : 'sitofp' 'uitofp'> <InPorts = 1> <OutPorts = 1>

State 49 <SV = 48> <Delay = 6.31>
ST_49 : Operation 321 [2/7] (6.31ns)   --->   "%conv2 = sitofp i32 %Pos_Nearest_Node_loc_load" [new_fixedpoint2205/main.cpp:369]   --->   Operation 321 'sitofp' 'conv2' <Predicate = true> <Delay = 6.31> <CoreInst = "Int2Float">   --->   Core 62 'Int2Float' <Latency = 6> <II = 1> <Delay = 6.31> <FuncUnit> <Opcode : 'sitofp' 'uitofp'> <InPorts = 1> <OutPorts = 1>
ST_49 : Operation 322 [4/7] (6.31ns)   --->   "%conv_i_i_i1 = sitofp i32 %A_x" [new_fixedpoint2205/Aux_Lib_hw.hpp:35->new_fixedpoint2205/main.cpp:370]   --->   Operation 322 'sitofp' 'conv_i_i_i1' <Predicate = true> <Delay = 6.31> <CoreInst = "Int2Float">   --->   Core 62 'Int2Float' <Latency = 6> <II = 1> <Delay = 6.31> <FuncUnit> <Opcode : 'sitofp' 'uitofp'> <InPorts = 1> <OutPorts = 1>
ST_49 : Operation 323 [4/7] (6.31ns)   --->   "%conv9_i_i_i = sitofp i32 %A_y" [new_fixedpoint2205/Aux_Lib_hw.hpp:35->new_fixedpoint2205/main.cpp:370]   --->   Operation 323 'sitofp' 'conv9_i_i_i' <Predicate = true> <Delay = 6.31> <CoreInst = "Int2Float">   --->   Core 62 'Int2Float' <Latency = 6> <II = 1> <Delay = 6.31> <FuncUnit> <Opcode : 'sitofp' 'uitofp'> <InPorts = 1> <OutPorts = 1>

State 50 <SV = 49> <Delay = 6.31>
ST_50 : Operation 324 [1/7] (6.31ns)   --->   "%conv2 = sitofp i32 %Pos_Nearest_Node_loc_load" [new_fixedpoint2205/main.cpp:369]   --->   Operation 324 'sitofp' 'conv2' <Predicate = true> <Delay = 6.31> <CoreInst = "Int2Float">   --->   Core 62 'Int2Float' <Latency = 6> <II = 1> <Delay = 6.31> <FuncUnit> <Opcode : 'sitofp' 'uitofp'> <InPorts = 1> <OutPorts = 1>
ST_50 : Operation 325 [1/1] (0.00ns)   --->   "%bitcast_ln369 = bitcast i32 %conv2" [new_fixedpoint2205/main.cpp:369]   --->   Operation 325 'bitcast' 'bitcast_ln369' <Predicate = true> <Delay = 0.00>
ST_50 : Operation 326 [3/7] (6.31ns)   --->   "%conv_i_i_i1 = sitofp i32 %A_x" [new_fixedpoint2205/Aux_Lib_hw.hpp:35->new_fixedpoint2205/main.cpp:370]   --->   Operation 326 'sitofp' 'conv_i_i_i1' <Predicate = true> <Delay = 6.31> <CoreInst = "Int2Float">   --->   Core 62 'Int2Float' <Latency = 6> <II = 1> <Delay = 6.31> <FuncUnit> <Opcode : 'sitofp' 'uitofp'> <InPorts = 1> <OutPorts = 1>
ST_50 : Operation 327 [3/7] (6.31ns)   --->   "%conv9_i_i_i = sitofp i32 %A_y" [new_fixedpoint2205/Aux_Lib_hw.hpp:35->new_fixedpoint2205/main.cpp:370]   --->   Operation 327 'sitofp' 'conv9_i_i_i' <Predicate = true> <Delay = 6.31> <CoreInst = "Int2Float">   --->   Core 62 'Int2Float' <Latency = 6> <II = 1> <Delay = 6.31> <FuncUnit> <Opcode : 'sitofp' 'uitofp'> <InPorts = 1> <OutPorts = 1>

State 51 <SV = 50> <Delay = 6.31>
ST_51 : Operation 328 [1/1] (0.00ns)   --->   "%oup_addr = getelementptr i32 %oup, i64 0, i64 0" [new_fixedpoint2205/main.cpp:369]   --->   Operation 328 'getelementptr' 'oup_addr' <Predicate = true> <Delay = 0.00>
ST_51 : Operation 329 [1/1] (2.32ns)   --->   "%store_ln369 = store i32 %bitcast_ln369, i3 %oup_addr" [new_fixedpoint2205/main.cpp:369]   --->   Operation 329 'store' 'store_ln369' <Predicate = true> <Delay = 2.32> <CoreInst = "RAM_1P">   --->   Core 86 'RAM_1P' <Latency = 1> <II = 1> <Delay = 2.32> <Storage> <Opcode : 'load' 'store'> <Ports = 1> <Width = 32> <Depth = 5> <RAM>
ST_51 : Operation 330 [2/7] (6.31ns)   --->   "%conv_i_i_i1 = sitofp i32 %A_x" [new_fixedpoint2205/Aux_Lib_hw.hpp:35->new_fixedpoint2205/main.cpp:370]   --->   Operation 330 'sitofp' 'conv_i_i_i1' <Predicate = true> <Delay = 6.31> <CoreInst = "Int2Float">   --->   Core 62 'Int2Float' <Latency = 6> <II = 1> <Delay = 6.31> <FuncUnit> <Opcode : 'sitofp' 'uitofp'> <InPorts = 1> <OutPorts = 1>
ST_51 : Operation 331 [2/7] (6.31ns)   --->   "%conv9_i_i_i = sitofp i32 %A_y" [new_fixedpoint2205/Aux_Lib_hw.hpp:35->new_fixedpoint2205/main.cpp:370]   --->   Operation 331 'sitofp' 'conv9_i_i_i' <Predicate = true> <Delay = 6.31> <CoreInst = "Int2Float">   --->   Core 62 'Int2Float' <Latency = 6> <II = 1> <Delay = 6.31> <FuncUnit> <Opcode : 'sitofp' 'uitofp'> <InPorts = 1> <OutPorts = 1>

State 52 <SV = 51> <Delay = 6.31>
ST_52 : Operation 332 [1/7] (6.31ns)   --->   "%conv_i_i_i1 = sitofp i32 %A_x" [new_fixedpoint2205/Aux_Lib_hw.hpp:35->new_fixedpoint2205/main.cpp:370]   --->   Operation 332 'sitofp' 'conv_i_i_i1' <Predicate = true> <Delay = 6.31> <CoreInst = "Int2Float">   --->   Core 62 'Int2Float' <Latency = 6> <II = 1> <Delay = 6.31> <FuncUnit> <Opcode : 'sitofp' 'uitofp'> <InPorts = 1> <OutPorts = 1>
ST_52 : Operation 333 [1/7] (6.31ns)   --->   "%conv9_i_i_i = sitofp i32 %A_y" [new_fixedpoint2205/Aux_Lib_hw.hpp:35->new_fixedpoint2205/main.cpp:370]   --->   Operation 333 'sitofp' 'conv9_i_i_i' <Predicate = true> <Delay = 6.31> <CoreInst = "Int2Float">   --->   Core 62 'Int2Float' <Latency = 6> <II = 1> <Delay = 6.31> <FuncUnit> <Opcode : 'sitofp' 'uitofp'> <InPorts = 1> <OutPorts = 1>

State 53 <SV = 52> <Delay = 4.34>
ST_53 : Operation 334 [9/9] (4.34ns)   --->   "%dc = fsub i32 %conv_i_i_i1, i32 %conv_i_i" [new_fixedpoint2205/Aux_Lib_hw.hpp:35->new_fixedpoint2205/main.cpp:370]   --->   Operation 334 'fsub' 'dc' <Predicate = true> <Delay = 4.34> <CoreInst = "FAddSub_fulldsp">   --->   Core 18 'FAddSub_fulldsp' <Latency = 8> <II = 1> <Delay = 4.34> <FuncUnit> <Opcode : 'fadd' 'fsub'> <InPorts = 2> <OutPorts = 1>
ST_53 : Operation 335 [9/9] (4.34ns)   --->   "%dc_2 = fsub i32 %conv9_i_i_i, i32 %conv9_i_i" [new_fixedpoint2205/Aux_Lib_hw.hpp:35->new_fixedpoint2205/main.cpp:370]   --->   Operation 335 'fsub' 'dc_2' <Predicate = true> <Delay = 4.34> <CoreInst = "FAddSub_fulldsp">   --->   Core 18 'FAddSub_fulldsp' <Latency = 8> <II = 1> <Delay = 4.34> <FuncUnit> <Opcode : 'fadd' 'fsub'> <InPorts = 2> <OutPorts = 1>

State 54 <SV = 53> <Delay = 4.34>
ST_54 : Operation 336 [8/9] (4.34ns)   --->   "%dc = fsub i32 %conv_i_i_i1, i32 %conv_i_i" [new_fixedpoint2205/Aux_Lib_hw.hpp:35->new_fixedpoint2205/main.cpp:370]   --->   Operation 336 'fsub' 'dc' <Predicate = true> <Delay = 4.34> <CoreInst = "FAddSub_fulldsp">   --->   Core 18 'FAddSub_fulldsp' <Latency = 8> <II = 1> <Delay = 4.34> <FuncUnit> <Opcode : 'fadd' 'fsub'> <InPorts = 2> <OutPorts = 1>
ST_54 : Operation 337 [8/9] (4.34ns)   --->   "%dc_2 = fsub i32 %conv9_i_i_i, i32 %conv9_i_i" [new_fixedpoint2205/Aux_Lib_hw.hpp:35->new_fixedpoint2205/main.cpp:370]   --->   Operation 337 'fsub' 'dc_2' <Predicate = true> <Delay = 4.34> <CoreInst = "FAddSub_fulldsp">   --->   Core 18 'FAddSub_fulldsp' <Latency = 8> <II = 1> <Delay = 4.34> <FuncUnit> <Opcode : 'fadd' 'fsub'> <InPorts = 2> <OutPorts = 1>

State 55 <SV = 54> <Delay = 4.34>
ST_55 : Operation 338 [7/9] (4.34ns)   --->   "%dc = fsub i32 %conv_i_i_i1, i32 %conv_i_i" [new_fixedpoint2205/Aux_Lib_hw.hpp:35->new_fixedpoint2205/main.cpp:370]   --->   Operation 338 'fsub' 'dc' <Predicate = true> <Delay = 4.34> <CoreInst = "FAddSub_fulldsp">   --->   Core 18 'FAddSub_fulldsp' <Latency = 8> <II = 1> <Delay = 4.34> <FuncUnit> <Opcode : 'fadd' 'fsub'> <InPorts = 2> <OutPorts = 1>
ST_55 : Operation 339 [7/9] (4.34ns)   --->   "%dc_2 = fsub i32 %conv9_i_i_i, i32 %conv9_i_i" [new_fixedpoint2205/Aux_Lib_hw.hpp:35->new_fixedpoint2205/main.cpp:370]   --->   Operation 339 'fsub' 'dc_2' <Predicate = true> <Delay = 4.34> <CoreInst = "FAddSub_fulldsp">   --->   Core 18 'FAddSub_fulldsp' <Latency = 8> <II = 1> <Delay = 4.34> <FuncUnit> <Opcode : 'fadd' 'fsub'> <InPorts = 2> <OutPorts = 1>

State 56 <SV = 55> <Delay = 4.34>
ST_56 : Operation 340 [6/9] (4.34ns)   --->   "%dc = fsub i32 %conv_i_i_i1, i32 %conv_i_i" [new_fixedpoint2205/Aux_Lib_hw.hpp:35->new_fixedpoint2205/main.cpp:370]   --->   Operation 340 'fsub' 'dc' <Predicate = true> <Delay = 4.34> <CoreInst = "FAddSub_fulldsp">   --->   Core 18 'FAddSub_fulldsp' <Latency = 8> <II = 1> <Delay = 4.34> <FuncUnit> <Opcode : 'fadd' 'fsub'> <InPorts = 2> <OutPorts = 1>
ST_56 : Operation 341 [6/9] (4.34ns)   --->   "%dc_2 = fsub i32 %conv9_i_i_i, i32 %conv9_i_i" [new_fixedpoint2205/Aux_Lib_hw.hpp:35->new_fixedpoint2205/main.cpp:370]   --->   Operation 341 'fsub' 'dc_2' <Predicate = true> <Delay = 4.34> <CoreInst = "FAddSub_fulldsp">   --->   Core 18 'FAddSub_fulldsp' <Latency = 8> <II = 1> <Delay = 4.34> <FuncUnit> <Opcode : 'fadd' 'fsub'> <InPorts = 2> <OutPorts = 1>

State 57 <SV = 56> <Delay = 4.34>
ST_57 : Operation 342 [5/9] (4.34ns)   --->   "%dc = fsub i32 %conv_i_i_i1, i32 %conv_i_i" [new_fixedpoint2205/Aux_Lib_hw.hpp:35->new_fixedpoint2205/main.cpp:370]   --->   Operation 342 'fsub' 'dc' <Predicate = true> <Delay = 4.34> <CoreInst = "FAddSub_fulldsp">   --->   Core 18 'FAddSub_fulldsp' <Latency = 8> <II = 1> <Delay = 4.34> <FuncUnit> <Opcode : 'fadd' 'fsub'> <InPorts = 2> <OutPorts = 1>
ST_57 : Operation 343 [5/9] (4.34ns)   --->   "%dc_2 = fsub i32 %conv9_i_i_i, i32 %conv9_i_i" [new_fixedpoint2205/Aux_Lib_hw.hpp:35->new_fixedpoint2205/main.cpp:370]   --->   Operation 343 'fsub' 'dc_2' <Predicate = true> <Delay = 4.34> <CoreInst = "FAddSub_fulldsp">   --->   Core 18 'FAddSub_fulldsp' <Latency = 8> <II = 1> <Delay = 4.34> <FuncUnit> <Opcode : 'fadd' 'fsub'> <InPorts = 2> <OutPorts = 1>

State 58 <SV = 57> <Delay = 4.34>
ST_58 : Operation 344 [4/9] (4.34ns)   --->   "%dc = fsub i32 %conv_i_i_i1, i32 %conv_i_i" [new_fixedpoint2205/Aux_Lib_hw.hpp:35->new_fixedpoint2205/main.cpp:370]   --->   Operation 344 'fsub' 'dc' <Predicate = true> <Delay = 4.34> <CoreInst = "FAddSub_fulldsp">   --->   Core 18 'FAddSub_fulldsp' <Latency = 8> <II = 1> <Delay = 4.34> <FuncUnit> <Opcode : 'fadd' 'fsub'> <InPorts = 2> <OutPorts = 1>
ST_58 : Operation 345 [4/9] (4.34ns)   --->   "%dc_2 = fsub i32 %conv9_i_i_i, i32 %conv9_i_i" [new_fixedpoint2205/Aux_Lib_hw.hpp:35->new_fixedpoint2205/main.cpp:370]   --->   Operation 345 'fsub' 'dc_2' <Predicate = true> <Delay = 4.34> <CoreInst = "FAddSub_fulldsp">   --->   Core 18 'FAddSub_fulldsp' <Latency = 8> <II = 1> <Delay = 4.34> <FuncUnit> <Opcode : 'fadd' 'fsub'> <InPorts = 2> <OutPorts = 1>

State 59 <SV = 58> <Delay = 4.34>
ST_59 : Operation 346 [3/9] (4.34ns)   --->   "%dc = fsub i32 %conv_i_i_i1, i32 %conv_i_i" [new_fixedpoint2205/Aux_Lib_hw.hpp:35->new_fixedpoint2205/main.cpp:370]   --->   Operation 346 'fsub' 'dc' <Predicate = true> <Delay = 4.34> <CoreInst = "FAddSub_fulldsp">   --->   Core 18 'FAddSub_fulldsp' <Latency = 8> <II = 1> <Delay = 4.34> <FuncUnit> <Opcode : 'fadd' 'fsub'> <InPorts = 2> <OutPorts = 1>
ST_59 : Operation 347 [3/9] (4.34ns)   --->   "%dc_2 = fsub i32 %conv9_i_i_i, i32 %conv9_i_i" [new_fixedpoint2205/Aux_Lib_hw.hpp:35->new_fixedpoint2205/main.cpp:370]   --->   Operation 347 'fsub' 'dc_2' <Predicate = true> <Delay = 4.34> <CoreInst = "FAddSub_fulldsp">   --->   Core 18 'FAddSub_fulldsp' <Latency = 8> <II = 1> <Delay = 4.34> <FuncUnit> <Opcode : 'fadd' 'fsub'> <InPorts = 2> <OutPorts = 1>

State 60 <SV = 59> <Delay = 4.34>
ST_60 : Operation 348 [2/9] (4.34ns)   --->   "%dc = fsub i32 %conv_i_i_i1, i32 %conv_i_i" [new_fixedpoint2205/Aux_Lib_hw.hpp:35->new_fixedpoint2205/main.cpp:370]   --->   Operation 348 'fsub' 'dc' <Predicate = true> <Delay = 4.34> <CoreInst = "FAddSub_fulldsp">   --->   Core 18 'FAddSub_fulldsp' <Latency = 8> <II = 1> <Delay = 4.34> <FuncUnit> <Opcode : 'fadd' 'fsub'> <InPorts = 2> <OutPorts = 1>
ST_60 : Operation 349 [2/9] (4.34ns)   --->   "%dc_2 = fsub i32 %conv9_i_i_i, i32 %conv9_i_i" [new_fixedpoint2205/Aux_Lib_hw.hpp:35->new_fixedpoint2205/main.cpp:370]   --->   Operation 349 'fsub' 'dc_2' <Predicate = true> <Delay = 4.34> <CoreInst = "FAddSub_fulldsp">   --->   Core 18 'FAddSub_fulldsp' <Latency = 8> <II = 1> <Delay = 4.34> <FuncUnit> <Opcode : 'fadd' 'fsub'> <InPorts = 2> <OutPorts = 1>

State 61 <SV = 60> <Delay = 4.34>
ST_61 : Operation 350 [1/9] (4.34ns)   --->   "%dc = fsub i32 %conv_i_i_i1, i32 %conv_i_i" [new_fixedpoint2205/Aux_Lib_hw.hpp:35->new_fixedpoint2205/main.cpp:370]   --->   Operation 350 'fsub' 'dc' <Predicate = true> <Delay = 4.34> <CoreInst = "FAddSub_fulldsp">   --->   Core 18 'FAddSub_fulldsp' <Latency = 8> <II = 1> <Delay = 4.34> <FuncUnit> <Opcode : 'fadd' 'fsub'> <InPorts = 2> <OutPorts = 1>
ST_61 : Operation 351 [1/9] (4.34ns)   --->   "%dc_2 = fsub i32 %conv9_i_i_i, i32 %conv9_i_i" [new_fixedpoint2205/Aux_Lib_hw.hpp:35->new_fixedpoint2205/main.cpp:370]   --->   Operation 351 'fsub' 'dc_2' <Predicate = true> <Delay = 4.34> <CoreInst = "FAddSub_fulldsp">   --->   Core 18 'FAddSub_fulldsp' <Latency = 8> <II = 1> <Delay = 4.34> <FuncUnit> <Opcode : 'fadd' 'fsub'> <InPorts = 2> <OutPorts = 1>

State 62 <SV = 61> <Delay = 2.88>
ST_62 : Operation 352 [1/1] (0.00ns)   --->   "%data_V = bitcast i32 %dc" [/wrk/ci/prod/2021.2/rdi_builds/continuous/2021_10_19_3367213/src/shared/hls/clib/src/hls/utils/x_hls_utils.h:315->new_fixedpoint2205/main.cpp:370]   --->   Operation 352 'bitcast' 'data_V' <Predicate = true> <Delay = 0.00>
ST_62 : Operation 353 [1/1] (0.00ns)   --->   "%p_Result_s = bitselect i1 @_ssdm_op_BitSelect.i1.i32.i32, i32 %data_V, i32 31" [new_fixedpoint2205/main.cpp:370]   --->   Operation 353 'bitselect' 'p_Result_s' <Predicate = true> <Delay = 0.00>
ST_62 : Operation 354 [1/1] (0.00ns)   --->   "%tmp_29 = partselect i8 @_ssdm_op_PartSelect.i8.i32.i32.i32, i32 %data_V, i32 23, i32 30" [new_fixedpoint2205/main.cpp:370]   --->   Operation 354 'partselect' 'tmp_29' <Predicate = true> <Delay = 0.00>
ST_62 : Operation 355 [1/1] (0.00ns)   --->   "%tmp_30 = trunc i32 %data_V" [new_fixedpoint2205/main.cpp:370]   --->   Operation 355 'trunc' 'tmp_30' <Predicate = true> <Delay = 0.00>
ST_62 : Operation 356 [1/1] (0.00ns)   --->   "%zext_ln344 = zext i8 %tmp_29" [/wrk/ci/prod/2021.2/rdi_builds/continuous/2021_10_19_3367213/src/shared/hls/clib/src/hls/utils/x_hls_utils.h:344->new_fixedpoint2205/main.cpp:370]   --->   Operation 356 'zext' 'zext_ln344' <Predicate = true> <Delay = 0.00>
ST_62 : Operation 357 [1/1] (1.91ns)   --->   "%add_ln344 = add i9 %zext_ln344, i9 385" [/wrk/ci/prod/2021.2/rdi_builds/continuous/2021_10_19_3367213/src/shared/hls/clib/src/hls/utils/x_hls_utils.h:344->new_fixedpoint2205/main.cpp:370]   --->   Operation 357 'add' 'add_ln344' <Predicate = true> <Delay = 1.91> <CoreInst = "Adder">   --->   Core 1 'Adder' <Latency = 0> <II = 1> <Delay = 2.55> <FuncUnit> <Opcode : 'add' 'sub'> <InPorts = 2> <OutPorts = 1>
ST_62 : Operation 358 [1/1] (0.00ns)   --->   "%isNeg = bitselect i1 @_ssdm_op_BitSelect.i1.i9.i32, i9 %add_ln344, i32 8" [new_fixedpoint2205/main.cpp:370]   --->   Operation 358 'bitselect' 'isNeg' <Predicate = true> <Delay = 0.00>
ST_62 : Operation 359 [1/1] (1.91ns)   --->   "%sub_ln1364 = sub i8 127, i8 %tmp_29" [new_fixedpoint2205/main.cpp:370]   --->   Operation 359 'sub' 'sub_ln1364' <Predicate = true> <Delay = 1.91> <CoreInst = "Adder">   --->   Core 1 'Adder' <Latency = 0> <II = 1> <Delay = 2.55> <FuncUnit> <Opcode : 'add' 'sub'> <InPorts = 2> <OutPorts = 1>
ST_62 : Operation 360 [1/1] (0.00ns)   --->   "%sext_ln1364 = sext i8 %sub_ln1364" [new_fixedpoint2205/main.cpp:370]   --->   Operation 360 'sext' 'sext_ln1364' <Predicate = true> <Delay = 0.00>
ST_62 : Operation 361 [1/1] (0.96ns)   --->   "%ush = select i1 %isNeg, i9 %sext_ln1364, i9 %add_ln344" [new_fixedpoint2205/main.cpp:370]   --->   Operation 361 'select' 'ush' <Predicate = true> <Delay = 0.96> <CoreInst = "Sel">   --->   Core 73 'Sel' <Latency = 0> <II = 1> <Delay = 0.69> <FuncUnit> <Opcode : 'select'> <InPorts = 3> <OutPorts = 1>
ST_62 : Operation 362 [1/1] (0.00ns)   --->   "%data_V_2 = bitcast i32 %dc_2" [/wrk/ci/prod/2021.2/rdi_builds/continuous/2021_10_19_3367213/src/shared/hls/clib/src/hls/utils/x_hls_utils.h:315->new_fixedpoint2205/main.cpp:370]   --->   Operation 362 'bitcast' 'data_V_2' <Predicate = true> <Delay = 0.00>
ST_62 : Operation 363 [1/1] (0.00ns)   --->   "%p_Result_2 = bitselect i1 @_ssdm_op_BitSelect.i1.i32.i32, i32 %data_V_2, i32 31" [new_fixedpoint2205/main.cpp:370]   --->   Operation 363 'bitselect' 'p_Result_2' <Predicate = true> <Delay = 0.00>
ST_62 : Operation 364 [1/1] (0.00ns)   --->   "%tmp_31 = partselect i8 @_ssdm_op_PartSelect.i8.i32.i32.i32, i32 %data_V_2, i32 23, i32 30" [new_fixedpoint2205/main.cpp:370]   --->   Operation 364 'partselect' 'tmp_31' <Predicate = true> <Delay = 0.00>
ST_62 : Operation 365 [1/1] (0.00ns)   --->   "%tmp_32 = trunc i32 %data_V_2" [new_fixedpoint2205/main.cpp:370]   --->   Operation 365 'trunc' 'tmp_32' <Predicate = true> <Delay = 0.00>
ST_62 : Operation 366 [1/1] (0.00ns)   --->   "%zext_ln344_1 = zext i8 %tmp_31" [/wrk/ci/prod/2021.2/rdi_builds/continuous/2021_10_19_3367213/src/shared/hls/clib/src/hls/utils/x_hls_utils.h:344->new_fixedpoint2205/main.cpp:370]   --->   Operation 366 'zext' 'zext_ln344_1' <Predicate = true> <Delay = 0.00>
ST_62 : Operation 367 [1/1] (1.91ns)   --->   "%add_ln344_1 = add i9 %zext_ln344_1, i9 385" [/wrk/ci/prod/2021.2/rdi_builds/continuous/2021_10_19_3367213/src/shared/hls/clib/src/hls/utils/x_hls_utils.h:344->new_fixedpoint2205/main.cpp:370]   --->   Operation 367 'add' 'add_ln344_1' <Predicate = true> <Delay = 1.91> <CoreInst = "Adder">   --->   Core 1 'Adder' <Latency = 0> <II = 1> <Delay = 2.55> <FuncUnit> <Opcode : 'add' 'sub'> <InPorts = 2> <OutPorts = 1>
ST_62 : Operation 368 [1/1] (0.00ns)   --->   "%isNeg_2 = bitselect i1 @_ssdm_op_BitSelect.i1.i9.i32, i9 %add_ln344_1, i32 8" [new_fixedpoint2205/main.cpp:370]   --->   Operation 368 'bitselect' 'isNeg_2' <Predicate = true> <Delay = 0.00>
ST_62 : Operation 369 [1/1] (1.91ns)   --->   "%sub_ln1364_2 = sub i8 127, i8 %tmp_31" [new_fixedpoint2205/main.cpp:370]   --->   Operation 369 'sub' 'sub_ln1364_2' <Predicate = true> <Delay = 1.91> <CoreInst = "Adder">   --->   Core 1 'Adder' <Latency = 0> <II = 1> <Delay = 2.55> <FuncUnit> <Opcode : 'add' 'sub'> <InPorts = 2> <OutPorts = 1>
ST_62 : Operation 370 [1/1] (0.00ns)   --->   "%sext_ln1364_1 = sext i8 %sub_ln1364_2" [new_fixedpoint2205/main.cpp:370]   --->   Operation 370 'sext' 'sext_ln1364_1' <Predicate = true> <Delay = 0.00>
ST_62 : Operation 371 [1/1] (0.96ns)   --->   "%ush_2 = select i1 %isNeg_2, i9 %sext_ln1364_1, i9 %add_ln344_1" [new_fixedpoint2205/main.cpp:370]   --->   Operation 371 'select' 'ush_2' <Predicate = true> <Delay = 0.96> <CoreInst = "Sel">   --->   Core 73 'Sel' <Latency = 0> <II = 1> <Delay = 0.69> <FuncUnit> <Opcode : 'select'> <InPorts = 3> <OutPorts = 1>

State 63 <SV = 62> <Delay = 4.42>
ST_63 : Operation 372 [1/1] (0.00ns)   --->   "%mantissa = bitconcatenate i25 @_ssdm_op_BitConcatenate.i25.i1.i23.i1, i1 1, i23 %tmp_30, i1 0" [new_fixedpoint2205/main.cpp:370]   --->   Operation 372 'bitconcatenate' 'mantissa' <Predicate = true> <Delay = 0.00>
ST_63 : Operation 373 [1/1] (0.00ns)   --->   "%zext_ln15 = zext i25 %mantissa" [/wrk/ci/prod/2021.2/rdi_builds/continuous/2021_10_19_3367213/src/shared/hls/clib/hlsmath/include/FloatingPoint/hls_case_IEEE754.h:15->new_fixedpoint2205/main.cpp:370]   --->   Operation 373 'zext' 'zext_ln15' <Predicate = true> <Delay = 0.00>
ST_63 : Operation 374 [1/1] (0.00ns)   --->   "%sext_ln1340 = sext i9 %ush" [new_fixedpoint2205/main.cpp:370]   --->   Operation 374 'sext' 'sext_ln1340' <Predicate = true> <Delay = 0.00>
ST_63 : Operation 375 [1/1] (0.00ns)   --->   "%zext_ln1340 = zext i32 %sext_ln1340" [new_fixedpoint2205/main.cpp:370]   --->   Operation 375 'zext' 'zext_ln1340' <Predicate = true> <Delay = 0.00>
ST_63 : Operation 376 [1/1] (0.00ns) (grouped into LUT with out node val)   --->   "%r_V = lshr i79 %zext_ln15, i79 %zext_ln1340" [new_fixedpoint2205/main.cpp:370]   --->   Operation 376 'lshr' 'r_V' <Predicate = (isNeg)> <Delay = 0.00> <CoreInst = "Shifter">   --->   Core 75 'Shifter' <Latency = 0> <II = 1> <Delay = 4.42> <FuncUnit> <Opcode : 'shl' 'lshr' 'ashr'> <InPorts = 2> <OutPorts = 1>
ST_63 : Operation 377 [1/1] (0.00ns) (grouped into LUT with out node val)   --->   "%r_V_5 = shl i79 %zext_ln15, i79 %zext_ln1340" [new_fixedpoint2205/main.cpp:370]   --->   Operation 377 'shl' 'r_V_5' <Predicate = (!isNeg)> <Delay = 0.00> <CoreInst = "Shifter">   --->   Core 75 'Shifter' <Latency = 0> <II = 1> <Delay = 4.42> <FuncUnit> <Opcode : 'shl' 'lshr' 'ashr'> <InPorts = 2> <OutPorts = 1>
ST_63 : Operation 378 [1/1] (0.00ns) (grouped into LUT with out node val)   --->   "%tmp = bitselect i1 @_ssdm_op_BitSelect.i1.i79.i32, i79 %r_V, i32 24" [new_fixedpoint2205/main.cpp:370]   --->   Operation 378 'bitselect' 'tmp' <Predicate = (isNeg)> <Delay = 0.00>
ST_63 : Operation 379 [1/1] (0.00ns) (grouped into LUT with out node val)   --->   "%zext_ln671 = zext i1 %tmp" [new_fixedpoint2205/main.cpp:370]   --->   Operation 379 'zext' 'zext_ln671' <Predicate = (isNeg)> <Delay = 0.00>
ST_63 : Operation 380 [1/1] (0.00ns) (grouped into LUT with out node val)   --->   "%tmp_5 = partselect i32 @_ssdm_op_PartSelect.i32.i79.i32.i32, i79 %r_V_5, i32 24, i32 55" [new_fixedpoint2205/main.cpp:370]   --->   Operation 380 'partselect' 'tmp_5' <Predicate = (!isNeg)> <Delay = 0.00>
ST_63 : Operation 381 [1/1] (4.42ns) (out node of the LUT)   --->   "%val = select i1 %isNeg, i32 %zext_ln671, i32 %tmp_5" [new_fixedpoint2205/main.cpp:370]   --->   Operation 381 'select' 'val' <Predicate = true> <Delay = 4.42> <CoreInst = "Sel">   --->   Core 73 'Sel' <Latency = 0> <II = 1> <Delay = 0.69> <FuncUnit> <Opcode : 'select'> <InPorts = 3> <OutPorts = 1>
ST_63 : Operation 382 [1/1] (0.00ns)   --->   "%mantissa_1 = bitconcatenate i25 @_ssdm_op_BitConcatenate.i25.i1.i23.i1, i1 1, i23 %tmp_32, i1 0" [new_fixedpoint2205/main.cpp:370]   --->   Operation 382 'bitconcatenate' 'mantissa_1' <Predicate = true> <Delay = 0.00>
ST_63 : Operation 383 [1/1] (0.00ns)   --->   "%zext_ln15_1 = zext i25 %mantissa_1" [/wrk/ci/prod/2021.2/rdi_builds/continuous/2021_10_19_3367213/src/shared/hls/clib/hlsmath/include/FloatingPoint/hls_case_IEEE754.h:15->new_fixedpoint2205/main.cpp:370]   --->   Operation 383 'zext' 'zext_ln15_1' <Predicate = true> <Delay = 0.00>
ST_63 : Operation 384 [1/1] (0.00ns)   --->   "%sext_ln1340_2 = sext i9 %ush_2" [new_fixedpoint2205/main.cpp:370]   --->   Operation 384 'sext' 'sext_ln1340_2' <Predicate = true> <Delay = 0.00>
ST_63 : Operation 385 [1/1] (0.00ns)   --->   "%zext_ln1340_2 = zext i32 %sext_ln1340_2" [new_fixedpoint2205/main.cpp:370]   --->   Operation 385 'zext' 'zext_ln1340_2' <Predicate = true> <Delay = 0.00>
ST_63 : Operation 386 [1/1] (0.00ns) (grouped into LUT with out node val_2)   --->   "%r_V_6 = lshr i79 %zext_ln15_1, i79 %zext_ln1340_2" [new_fixedpoint2205/main.cpp:370]   --->   Operation 386 'lshr' 'r_V_6' <Predicate = (isNeg_2)> <Delay = 0.00> <CoreInst = "Shifter">   --->   Core 75 'Shifter' <Latency = 0> <II = 1> <Delay = 4.42> <FuncUnit> <Opcode : 'shl' 'lshr' 'ashr'> <InPorts = 2> <OutPorts = 1>
ST_63 : Operation 387 [1/1] (0.00ns) (grouped into LUT with out node val_2)   --->   "%r_V_7 = shl i79 %zext_ln15_1, i79 %zext_ln1340_2" [new_fixedpoint2205/main.cpp:370]   --->   Operation 387 'shl' 'r_V_7' <Predicate = (!isNeg_2)> <Delay = 0.00> <CoreInst = "Shifter">   --->   Core 75 'Shifter' <Latency = 0> <II = 1> <Delay = 4.42> <FuncUnit> <Opcode : 'shl' 'lshr' 'ashr'> <InPorts = 2> <OutPorts = 1>
ST_63 : Operation 388 [1/1] (0.00ns) (grouped into LUT with out node val_2)   --->   "%tmp_22 = bitselect i1 @_ssdm_op_BitSelect.i1.i79.i32, i79 %r_V_6, i32 24" [new_fixedpoint2205/main.cpp:370]   --->   Operation 388 'bitselect' 'tmp_22' <Predicate = (isNeg_2)> <Delay = 0.00>
ST_63 : Operation 389 [1/1] (0.00ns) (grouped into LUT with out node val_2)   --->   "%zext_ln671_1 = zext i1 %tmp_22" [new_fixedpoint2205/main.cpp:370]   --->   Operation 389 'zext' 'zext_ln671_1' <Predicate = (isNeg_2)> <Delay = 0.00>
ST_63 : Operation 390 [1/1] (0.00ns) (grouped into LUT with out node val_2)   --->   "%tmp_s = partselect i32 @_ssdm_op_PartSelect.i32.i79.i32.i32, i79 %r_V_7, i32 24, i32 55" [new_fixedpoint2205/main.cpp:370]   --->   Operation 390 'partselect' 'tmp_s' <Predicate = (!isNeg_2)> <Delay = 0.00>
ST_63 : Operation 391 [1/1] (4.42ns) (out node of the LUT)   --->   "%val_2 = select i1 %isNeg_2, i32 %zext_ln671_1, i32 %tmp_s" [new_fixedpoint2205/main.cpp:370]   --->   Operation 391 'select' 'val_2' <Predicate = true> <Delay = 4.42> <CoreInst = "Sel">   --->   Core 73 'Sel' <Latency = 0> <II = 1> <Delay = 0.69> <FuncUnit> <Opcode : 'select'> <InPorts = 3> <OutPorts = 1>

State 64 <SV = 63> <Delay = 3.25>
ST_64 : Operation 392 [1/1] (2.55ns)   --->   "%result_V_8 = sub i32 0, i32 %val" [new_fixedpoint2205/main.cpp:370]   --->   Operation 392 'sub' 'result_V_8' <Predicate = (p_Result_s)> <Delay = 2.55> <CoreInst = "Adder">   --->   Core 1 'Adder' <Latency = 0> <II = 1> <Delay = 2.55> <FuncUnit> <Opcode : 'add' 'sub'> <InPorts = 2> <OutPorts = 1>
ST_64 : Operation 393 [1/1] (0.69ns)   --->   "%result_V = select i1 %p_Result_s, i32 %result_V_8, i32 %val" [/wrk/ci/prod/2021.2/rdi_builds/continuous/2021_10_19_3367213/src/shared/hls/clib/hlsmath/include/FloatingPoint/hls_case_IEEE754.h:59->new_fixedpoint2205/main.cpp:370]   --->   Operation 393 'select' 'result_V' <Predicate = true> <Delay = 0.69> <CoreInst = "Sel">   --->   Core 73 'Sel' <Latency = 0> <II = 1> <Delay = 0.69> <FuncUnit> <Opcode : 'select'> <InPorts = 3> <OutPorts = 1>
ST_64 : Operation 394 [1/1] (2.55ns)   --->   "%result_V_11 = sub i32 0, i32 %val_2" [new_fixedpoint2205/main.cpp:370]   --->   Operation 394 'sub' 'result_V_11' <Predicate = (p_Result_2)> <Delay = 2.55> <CoreInst = "Adder">   --->   Core 1 'Adder' <Latency = 0> <II = 1> <Delay = 2.55> <FuncUnit> <Opcode : 'add' 'sub'> <InPorts = 2> <OutPorts = 1>
ST_64 : Operation 395 [1/1] (0.69ns)   --->   "%result_V_13 = select i1 %p_Result_2, i32 %result_V_11, i32 %val_2" [/wrk/ci/prod/2021.2/rdi_builds/continuous/2021_10_19_3367213/src/shared/hls/clib/hlsmath/include/FloatingPoint/hls_case_IEEE754.h:59->new_fixedpoint2205/main.cpp:370]   --->   Operation 395 'select' 'result_V_13' <Predicate = true> <Delay = 0.69> <CoreInst = "Sel">   --->   Core 73 'Sel' <Latency = 0> <II = 1> <Delay = 0.69> <FuncUnit> <Opcode : 'select'> <InPorts = 3> <OutPorts = 1>

State 65 <SV = 64> <Delay = 3.95>
ST_65 : Operation 396 [1/1] (0.00ns)   --->   "%sext_ln34 = sext i32 %result_V" [new_fixedpoint2205/fixedpt.h:34->new_fixedpoint2205/main.cpp:370]   --->   Operation 396 'sext' 'sext_ln34' <Predicate = true> <Delay = 0.00>
ST_65 : Operation 397 [5/5] (3.95ns)   --->   "%mul_ln34 = mul i48 %sext_ln34, i48 %sext_ln34" [new_fixedpoint2205/fixedpt.h:34->new_fixedpoint2205/main.cpp:370]   --->   Operation 397 'mul' 'mul_ln34' <Predicate = true> <Delay = 3.95> <CoreInst = "Multiplier">   --->   Core 3 'Multiplier' <Latency = 4> <II = 1> <Delay = 3.95> <FuncUnit> <Opcode : 'mul'> <InPorts = 2> <OutPorts = 1>
ST_65 : Operation 398 [1/1] (0.00ns)   --->   "%sext_ln34_1 = sext i32 %result_V_13" [new_fixedpoint2205/fixedpt.h:34->new_fixedpoint2205/main.cpp:370]   --->   Operation 398 'sext' 'sext_ln34_1' <Predicate = true> <Delay = 0.00>
ST_65 : Operation 399 [5/5] (3.95ns)   --->   "%mul_ln34_4 = mul i48 %sext_ln34_1, i48 %sext_ln34_1" [new_fixedpoint2205/fixedpt.h:34->new_fixedpoint2205/main.cpp:370]   --->   Operation 399 'mul' 'mul_ln34_4' <Predicate = true> <Delay = 3.95> <CoreInst = "Multiplier">   --->   Core 3 'Multiplier' <Latency = 4> <II = 1> <Delay = 3.95> <FuncUnit> <Opcode : 'mul'> <InPorts = 2> <OutPorts = 1>

State 66 <SV = 65> <Delay = 3.95>
ST_66 : Operation 400 [4/5] (3.95ns)   --->   "%mul_ln34 = mul i48 %sext_ln34, i48 %sext_ln34" [new_fixedpoint2205/fixedpt.h:34->new_fixedpoint2205/main.cpp:370]   --->   Operation 400 'mul' 'mul_ln34' <Predicate = true> <Delay = 3.95> <CoreInst = "Multiplier">   --->   Core 3 'Multiplier' <Latency = 4> <II = 1> <Delay = 3.95> <FuncUnit> <Opcode : 'mul'> <InPorts = 2> <OutPorts = 1>
ST_66 : Operation 401 [4/5] (3.95ns)   --->   "%mul_ln34_4 = mul i48 %sext_ln34_1, i48 %sext_ln34_1" [new_fixedpoint2205/fixedpt.h:34->new_fixedpoint2205/main.cpp:370]   --->   Operation 401 'mul' 'mul_ln34_4' <Predicate = true> <Delay = 3.95> <CoreInst = "Multiplier">   --->   Core 3 'Multiplier' <Latency = 4> <II = 1> <Delay = 3.95> <FuncUnit> <Opcode : 'mul'> <InPorts = 2> <OutPorts = 1>

State 67 <SV = 66> <Delay = 3.95>
ST_67 : Operation 402 [3/5] (3.95ns)   --->   "%mul_ln34 = mul i48 %sext_ln34, i48 %sext_ln34" [new_fixedpoint2205/fixedpt.h:34->new_fixedpoint2205/main.cpp:370]   --->   Operation 402 'mul' 'mul_ln34' <Predicate = true> <Delay = 3.95> <CoreInst = "Multiplier">   --->   Core 3 'Multiplier' <Latency = 4> <II = 1> <Delay = 3.95> <FuncUnit> <Opcode : 'mul'> <InPorts = 2> <OutPorts = 1>
ST_67 : Operation 403 [3/5] (3.95ns)   --->   "%mul_ln34_4 = mul i48 %sext_ln34_1, i48 %sext_ln34_1" [new_fixedpoint2205/fixedpt.h:34->new_fixedpoint2205/main.cpp:370]   --->   Operation 403 'mul' 'mul_ln34_4' <Predicate = true> <Delay = 3.95> <CoreInst = "Multiplier">   --->   Core 3 'Multiplier' <Latency = 4> <II = 1> <Delay = 3.95> <FuncUnit> <Opcode : 'mul'> <InPorts = 2> <OutPorts = 1>

State 68 <SV = 67> <Delay = 3.95>
ST_68 : Operation 404 [2/5] (3.95ns)   --->   "%mul_ln34 = mul i48 %sext_ln34, i48 %sext_ln34" [new_fixedpoint2205/fixedpt.h:34->new_fixedpoint2205/main.cpp:370]   --->   Operation 404 'mul' 'mul_ln34' <Predicate = true> <Delay = 3.95> <CoreInst = "Multiplier">   --->   Core 3 'Multiplier' <Latency = 4> <II = 1> <Delay = 3.95> <FuncUnit> <Opcode : 'mul'> <InPorts = 2> <OutPorts = 1>
ST_68 : Operation 405 [2/5] (3.95ns)   --->   "%mul_ln34_4 = mul i48 %sext_ln34_1, i48 %sext_ln34_1" [new_fixedpoint2205/fixedpt.h:34->new_fixedpoint2205/main.cpp:370]   --->   Operation 405 'mul' 'mul_ln34_4' <Predicate = true> <Delay = 3.95> <CoreInst = "Multiplier">   --->   Core 3 'Multiplier' <Latency = 4> <II = 1> <Delay = 3.95> <FuncUnit> <Opcode : 'mul'> <InPorts = 2> <OutPorts = 1>

State 69 <SV = 68> <Delay = 3.95>
ST_69 : Operation 406 [1/5] (3.95ns)   --->   "%mul_ln34 = mul i48 %sext_ln34, i48 %sext_ln34" [new_fixedpoint2205/fixedpt.h:34->new_fixedpoint2205/main.cpp:370]   --->   Operation 406 'mul' 'mul_ln34' <Predicate = true> <Delay = 3.95> <CoreInst = "Multiplier">   --->   Core 3 'Multiplier' <Latency = 4> <II = 1> <Delay = 3.95> <FuncUnit> <Opcode : 'mul'> <InPorts = 2> <OutPorts = 1>
ST_69 : Operation 407 [1/1] (0.00ns)   --->   "%trunc_ln34_4 = partselect i32 @_ssdm_op_PartSelect.i32.i48.i32.i32, i48 %mul_ln34, i32 16, i32 47" [new_fixedpoint2205/fixedpt.h:34->new_fixedpoint2205/main.cpp:370]   --->   Operation 407 'partselect' 'trunc_ln34_4' <Predicate = true> <Delay = 0.00>
ST_69 : Operation 408 [1/5] (3.95ns)   --->   "%mul_ln34_4 = mul i48 %sext_ln34_1, i48 %sext_ln34_1" [new_fixedpoint2205/fixedpt.h:34->new_fixedpoint2205/main.cpp:370]   --->   Operation 408 'mul' 'mul_ln34_4' <Predicate = true> <Delay = 3.95> <CoreInst = "Multiplier">   --->   Core 3 'Multiplier' <Latency = 4> <II = 1> <Delay = 3.95> <FuncUnit> <Opcode : 'mul'> <InPorts = 2> <OutPorts = 1>
ST_69 : Operation 409 [1/1] (0.00ns)   --->   "%trunc_ln34_5 = partselect i32 @_ssdm_op_PartSelect.i32.i48.i32.i32, i48 %mul_ln34_4, i32 16, i32 47" [new_fixedpoint2205/fixedpt.h:34->new_fixedpoint2205/main.cpp:370]   --->   Operation 409 'partselect' 'trunc_ln34_5' <Predicate = true> <Delay = 0.00>

State 70 <SV = 69> <Delay = 4.14>
ST_70 : Operation 410 [1/1] (2.55ns)   --->   "%r = add i32 %trunc_ln34_5, i32 %trunc_ln34_4" [new_fixedpoint2205/Aux_Lib_hw.hpp:35->new_fixedpoint2205/main.cpp:370]   --->   Operation 410 'add' 'r' <Predicate = true> <Delay = 2.55> <CoreInst = "Adder">   --->   Core 1 'Adder' <Latency = 0> <II = 1> <Delay = 2.55> <FuncUnit> <Opcode : 'add' 'sub'> <InPorts = 2> <OutPorts = 1>
ST_70 : Operation 411 [2/2] (1.58ns)   --->   "%call_ln35 = call void @rrt_Pipeline_VITIS_LOOP_47_1, i32 %r, i32 %q_1_loc" [new_fixedpoint2205/Aux_Lib_hw.hpp:35->new_fixedpoint2205/main.cpp:370]   --->   Operation 411 'call' 'call_ln35' <Predicate = true> <Delay = 1.58> <CoreType = "Generic">   --->   Core 0 '' <Latency = 0> <II = 1> <Delay = 1.00> <Generic> <Opcode : >

State 71 <SV = 70> <Delay = 2.47>
ST_71 : Operation 412 [1/2] (2.47ns)   --->   "%call_ln35 = call void @rrt_Pipeline_VITIS_LOOP_47_1, i32 %r, i32 %q_1_loc" [new_fixedpoint2205/Aux_Lib_hw.hpp:35->new_fixedpoint2205/main.cpp:370]   --->   Operation 412 'call' 'call_ln35' <Predicate = true> <Delay = 2.47> <CoreType = "Generic">   --->   Core 0 '' <Latency = 0> <II = 1> <Delay = 1.00> <Generic> <Opcode : >

State 72 <SV = 71> <Delay = 4.16>
ST_72 : Operation 413 [1/1] (0.00ns)   --->   "%q_1_loc_load = load i32 %q_1_loc"   --->   Operation 413 'load' 'q_1_loc_load' <Predicate = true> <Delay = 0.00>
ST_72 : Operation 414 [1/1] (0.00ns)   --->   "%q_s = partselect i24 @_ssdm_op_PartSelect.i24.i32.i32.i32, i32 %q_1_loc_load, i32 8, i32 31" [new_fixedpoint2205/fixedpt.h:58->new_fixedpoint2205/main.cpp:370]   --->   Operation 414 'partselect' 'q_s' <Predicate = true> <Delay = 0.00>
ST_72 : Operation 415 [1/1] (0.00ns)   --->   "%zext_ln39 = zext i24 %q_s" [new_fixedpoint2205/fixedpt.h:39]   --->   Operation 415 'zext' 'zext_ln39' <Predicate = true> <Delay = 0.00>
ST_72 : Operation 416 [37/37] (4.16ns)   --->   "%udiv_ln39 = udiv i33 4294967296, i33 %zext_ln39" [new_fixedpoint2205/fixedpt.h:39]   --->   Operation 416 'udiv' 'udiv_ln39' <Predicate = true> <Delay = 4.16> <CoreInst = "DivnS_SEQ">   --->   Core 7 'DivnS_SEQ' <Latency = 36> <II = 32> <Delay = 4.16> <FuncUnit> <Opcode : 'sdiv' 'srem' 'udiv' 'urem'> <InPorts = 2> <OutPorts = 1>
ST_72 : Operation 417 [1/1] (2.47ns)   --->   "%icmp_ln59 = icmp_ult  i32 %q_1_loc_load, i32 16777472" [new_fixedpoint2205/main.cpp:59->new_fixedpoint2205/main.cpp:370]   --->   Operation 417 'icmp' 'icmp_ln59' <Predicate = true> <Delay = 2.47> <CoreInst = "Cmp">   --->   Core 9 'Cmp' <Latency = 0> <II = 1> <Delay = 2.47> <FuncUnit> <Opcode : 'icmp'> <InPorts = 2> <OutPorts = 1>

State 73 <SV = 72> <Delay = 4.16>
ST_73 : Operation 418 [36/37] (4.16ns)   --->   "%udiv_ln39 = udiv i33 4294967296, i33 %zext_ln39" [new_fixedpoint2205/fixedpt.h:39]   --->   Operation 418 'udiv' 'udiv_ln39' <Predicate = true> <Delay = 4.16> <CoreInst = "DivnS_SEQ">   --->   Core 7 'DivnS_SEQ' <Latency = 36> <II = 32> <Delay = 4.16> <FuncUnit> <Opcode : 'sdiv' 'srem' 'udiv' 'urem'> <InPorts = 2> <OutPorts = 1>

State 74 <SV = 73> <Delay = 4.16>
ST_74 : Operation 419 [35/37] (4.16ns)   --->   "%udiv_ln39 = udiv i33 4294967296, i33 %zext_ln39" [new_fixedpoint2205/fixedpt.h:39]   --->   Operation 419 'udiv' 'udiv_ln39' <Predicate = true> <Delay = 4.16> <CoreInst = "DivnS_SEQ">   --->   Core 7 'DivnS_SEQ' <Latency = 36> <II = 32> <Delay = 4.16> <FuncUnit> <Opcode : 'sdiv' 'srem' 'udiv' 'urem'> <InPorts = 2> <OutPorts = 1>

State 75 <SV = 74> <Delay = 4.16>
ST_75 : Operation 420 [34/37] (4.16ns)   --->   "%udiv_ln39 = udiv i33 4294967296, i33 %zext_ln39" [new_fixedpoint2205/fixedpt.h:39]   --->   Operation 420 'udiv' 'udiv_ln39' <Predicate = true> <Delay = 4.16> <CoreInst = "DivnS_SEQ">   --->   Core 7 'DivnS_SEQ' <Latency = 36> <II = 32> <Delay = 4.16> <FuncUnit> <Opcode : 'sdiv' 'srem' 'udiv' 'urem'> <InPorts = 2> <OutPorts = 1>

State 76 <SV = 75> <Delay = 4.16>
ST_76 : Operation 421 [33/37] (4.16ns)   --->   "%udiv_ln39 = udiv i33 4294967296, i33 %zext_ln39" [new_fixedpoint2205/fixedpt.h:39]   --->   Operation 421 'udiv' 'udiv_ln39' <Predicate = true> <Delay = 4.16> <CoreInst = "DivnS_SEQ">   --->   Core 7 'DivnS_SEQ' <Latency = 36> <II = 32> <Delay = 4.16> <FuncUnit> <Opcode : 'sdiv' 'srem' 'udiv' 'urem'> <InPorts = 2> <OutPorts = 1>

State 77 <SV = 76> <Delay = 4.16>
ST_77 : Operation 422 [32/37] (4.16ns)   --->   "%udiv_ln39 = udiv i33 4294967296, i33 %zext_ln39" [new_fixedpoint2205/fixedpt.h:39]   --->   Operation 422 'udiv' 'udiv_ln39' <Predicate = true> <Delay = 4.16> <CoreInst = "DivnS_SEQ">   --->   Core 7 'DivnS_SEQ' <Latency = 36> <II = 32> <Delay = 4.16> <FuncUnit> <Opcode : 'sdiv' 'srem' 'udiv' 'urem'> <InPorts = 2> <OutPorts = 1>

State 78 <SV = 77> <Delay = 4.16>
ST_78 : Operation 423 [31/37] (4.16ns)   --->   "%udiv_ln39 = udiv i33 4294967296, i33 %zext_ln39" [new_fixedpoint2205/fixedpt.h:39]   --->   Operation 423 'udiv' 'udiv_ln39' <Predicate = true> <Delay = 4.16> <CoreInst = "DivnS_SEQ">   --->   Core 7 'DivnS_SEQ' <Latency = 36> <II = 32> <Delay = 4.16> <FuncUnit> <Opcode : 'sdiv' 'srem' 'udiv' 'urem'> <InPorts = 2> <OutPorts = 1>

State 79 <SV = 78> <Delay = 4.16>
ST_79 : Operation 424 [30/37] (4.16ns)   --->   "%udiv_ln39 = udiv i33 4294967296, i33 %zext_ln39" [new_fixedpoint2205/fixedpt.h:39]   --->   Operation 424 'udiv' 'udiv_ln39' <Predicate = true> <Delay = 4.16> <CoreInst = "DivnS_SEQ">   --->   Core 7 'DivnS_SEQ' <Latency = 36> <II = 32> <Delay = 4.16> <FuncUnit> <Opcode : 'sdiv' 'srem' 'udiv' 'urem'> <InPorts = 2> <OutPorts = 1>

State 80 <SV = 79> <Delay = 4.16>
ST_80 : Operation 425 [29/37] (4.16ns)   --->   "%udiv_ln39 = udiv i33 4294967296, i33 %zext_ln39" [new_fixedpoint2205/fixedpt.h:39]   --->   Operation 425 'udiv' 'udiv_ln39' <Predicate = true> <Delay = 4.16> <CoreInst = "DivnS_SEQ">   --->   Core 7 'DivnS_SEQ' <Latency = 36> <II = 32> <Delay = 4.16> <FuncUnit> <Opcode : 'sdiv' 'srem' 'udiv' 'urem'> <InPorts = 2> <OutPorts = 1>

State 81 <SV = 80> <Delay = 4.16>
ST_81 : Operation 426 [28/37] (4.16ns)   --->   "%udiv_ln39 = udiv i33 4294967296, i33 %zext_ln39" [new_fixedpoint2205/fixedpt.h:39]   --->   Operation 426 'udiv' 'udiv_ln39' <Predicate = true> <Delay = 4.16> <CoreInst = "DivnS_SEQ">   --->   Core 7 'DivnS_SEQ' <Latency = 36> <II = 32> <Delay = 4.16> <FuncUnit> <Opcode : 'sdiv' 'srem' 'udiv' 'urem'> <InPorts = 2> <OutPorts = 1>

State 82 <SV = 81> <Delay = 4.16>
ST_82 : Operation 427 [27/37] (4.16ns)   --->   "%udiv_ln39 = udiv i33 4294967296, i33 %zext_ln39" [new_fixedpoint2205/fixedpt.h:39]   --->   Operation 427 'udiv' 'udiv_ln39' <Predicate = true> <Delay = 4.16> <CoreInst = "DivnS_SEQ">   --->   Core 7 'DivnS_SEQ' <Latency = 36> <II = 32> <Delay = 4.16> <FuncUnit> <Opcode : 'sdiv' 'srem' 'udiv' 'urem'> <InPorts = 2> <OutPorts = 1>

State 83 <SV = 82> <Delay = 4.16>
ST_83 : Operation 428 [26/37] (4.16ns)   --->   "%udiv_ln39 = udiv i33 4294967296, i33 %zext_ln39" [new_fixedpoint2205/fixedpt.h:39]   --->   Operation 428 'udiv' 'udiv_ln39' <Predicate = true> <Delay = 4.16> <CoreInst = "DivnS_SEQ">   --->   Core 7 'DivnS_SEQ' <Latency = 36> <II = 32> <Delay = 4.16> <FuncUnit> <Opcode : 'sdiv' 'srem' 'udiv' 'urem'> <InPorts = 2> <OutPorts = 1>

State 84 <SV = 83> <Delay = 4.16>
ST_84 : Operation 429 [25/37] (4.16ns)   --->   "%udiv_ln39 = udiv i33 4294967296, i33 %zext_ln39" [new_fixedpoint2205/fixedpt.h:39]   --->   Operation 429 'udiv' 'udiv_ln39' <Predicate = true> <Delay = 4.16> <CoreInst = "DivnS_SEQ">   --->   Core 7 'DivnS_SEQ' <Latency = 36> <II = 32> <Delay = 4.16> <FuncUnit> <Opcode : 'sdiv' 'srem' 'udiv' 'urem'> <InPorts = 2> <OutPorts = 1>

State 85 <SV = 84> <Delay = 4.16>
ST_85 : Operation 430 [24/37] (4.16ns)   --->   "%udiv_ln39 = udiv i33 4294967296, i33 %zext_ln39" [new_fixedpoint2205/fixedpt.h:39]   --->   Operation 430 'udiv' 'udiv_ln39' <Predicate = true> <Delay = 4.16> <CoreInst = "DivnS_SEQ">   --->   Core 7 'DivnS_SEQ' <Latency = 36> <II = 32> <Delay = 4.16> <FuncUnit> <Opcode : 'sdiv' 'srem' 'udiv' 'urem'> <InPorts = 2> <OutPorts = 1>

State 86 <SV = 85> <Delay = 4.16>
ST_86 : Operation 431 [23/37] (4.16ns)   --->   "%udiv_ln39 = udiv i33 4294967296, i33 %zext_ln39" [new_fixedpoint2205/fixedpt.h:39]   --->   Operation 431 'udiv' 'udiv_ln39' <Predicate = true> <Delay = 4.16> <CoreInst = "DivnS_SEQ">   --->   Core 7 'DivnS_SEQ' <Latency = 36> <II = 32> <Delay = 4.16> <FuncUnit> <Opcode : 'sdiv' 'srem' 'udiv' 'urem'> <InPorts = 2> <OutPorts = 1>

State 87 <SV = 86> <Delay = 4.16>
ST_87 : Operation 432 [22/37] (4.16ns)   --->   "%udiv_ln39 = udiv i33 4294967296, i33 %zext_ln39" [new_fixedpoint2205/fixedpt.h:39]   --->   Operation 432 'udiv' 'udiv_ln39' <Predicate = true> <Delay = 4.16> <CoreInst = "DivnS_SEQ">   --->   Core 7 'DivnS_SEQ' <Latency = 36> <II = 32> <Delay = 4.16> <FuncUnit> <Opcode : 'sdiv' 'srem' 'udiv' 'urem'> <InPorts = 2> <OutPorts = 1>

State 88 <SV = 87> <Delay = 4.16>
ST_88 : Operation 433 [21/37] (4.16ns)   --->   "%udiv_ln39 = udiv i33 4294967296, i33 %zext_ln39" [new_fixedpoint2205/fixedpt.h:39]   --->   Operation 433 'udiv' 'udiv_ln39' <Predicate = true> <Delay = 4.16> <CoreInst = "DivnS_SEQ">   --->   Core 7 'DivnS_SEQ' <Latency = 36> <II = 32> <Delay = 4.16> <FuncUnit> <Opcode : 'sdiv' 'srem' 'udiv' 'urem'> <InPorts = 2> <OutPorts = 1>

State 89 <SV = 88> <Delay = 4.16>
ST_89 : Operation 434 [20/37] (4.16ns)   --->   "%udiv_ln39 = udiv i33 4294967296, i33 %zext_ln39" [new_fixedpoint2205/fixedpt.h:39]   --->   Operation 434 'udiv' 'udiv_ln39' <Predicate = true> <Delay = 4.16> <CoreInst = "DivnS_SEQ">   --->   Core 7 'DivnS_SEQ' <Latency = 36> <II = 32> <Delay = 4.16> <FuncUnit> <Opcode : 'sdiv' 'srem' 'udiv' 'urem'> <InPorts = 2> <OutPorts = 1>

State 90 <SV = 89> <Delay = 4.16>
ST_90 : Operation 435 [19/37] (4.16ns)   --->   "%udiv_ln39 = udiv i33 4294967296, i33 %zext_ln39" [new_fixedpoint2205/fixedpt.h:39]   --->   Operation 435 'udiv' 'udiv_ln39' <Predicate = true> <Delay = 4.16> <CoreInst = "DivnS_SEQ">   --->   Core 7 'DivnS_SEQ' <Latency = 36> <II = 32> <Delay = 4.16> <FuncUnit> <Opcode : 'sdiv' 'srem' 'udiv' 'urem'> <InPorts = 2> <OutPorts = 1>

State 91 <SV = 90> <Delay = 4.16>
ST_91 : Operation 436 [18/37] (4.16ns)   --->   "%udiv_ln39 = udiv i33 4294967296, i33 %zext_ln39" [new_fixedpoint2205/fixedpt.h:39]   --->   Operation 436 'udiv' 'udiv_ln39' <Predicate = true> <Delay = 4.16> <CoreInst = "DivnS_SEQ">   --->   Core 7 'DivnS_SEQ' <Latency = 36> <II = 32> <Delay = 4.16> <FuncUnit> <Opcode : 'sdiv' 'srem' 'udiv' 'urem'> <InPorts = 2> <OutPorts = 1>

State 92 <SV = 91> <Delay = 4.16>
ST_92 : Operation 437 [17/37] (4.16ns)   --->   "%udiv_ln39 = udiv i33 4294967296, i33 %zext_ln39" [new_fixedpoint2205/fixedpt.h:39]   --->   Operation 437 'udiv' 'udiv_ln39' <Predicate = true> <Delay = 4.16> <CoreInst = "DivnS_SEQ">   --->   Core 7 'DivnS_SEQ' <Latency = 36> <II = 32> <Delay = 4.16> <FuncUnit> <Opcode : 'sdiv' 'srem' 'udiv' 'urem'> <InPorts = 2> <OutPorts = 1>

State 93 <SV = 92> <Delay = 4.16>
ST_93 : Operation 438 [16/37] (4.16ns)   --->   "%udiv_ln39 = udiv i33 4294967296, i33 %zext_ln39" [new_fixedpoint2205/fixedpt.h:39]   --->   Operation 438 'udiv' 'udiv_ln39' <Predicate = true> <Delay = 4.16> <CoreInst = "DivnS_SEQ">   --->   Core 7 'DivnS_SEQ' <Latency = 36> <II = 32> <Delay = 4.16> <FuncUnit> <Opcode : 'sdiv' 'srem' 'udiv' 'urem'> <InPorts = 2> <OutPorts = 1>

State 94 <SV = 93> <Delay = 4.16>
ST_94 : Operation 439 [15/37] (4.16ns)   --->   "%udiv_ln39 = udiv i33 4294967296, i33 %zext_ln39" [new_fixedpoint2205/fixedpt.h:39]   --->   Operation 439 'udiv' 'udiv_ln39' <Predicate = true> <Delay = 4.16> <CoreInst = "DivnS_SEQ">   --->   Core 7 'DivnS_SEQ' <Latency = 36> <II = 32> <Delay = 4.16> <FuncUnit> <Opcode : 'sdiv' 'srem' 'udiv' 'urem'> <InPorts = 2> <OutPorts = 1>

State 95 <SV = 94> <Delay = 4.16>
ST_95 : Operation 440 [14/37] (4.16ns)   --->   "%udiv_ln39 = udiv i33 4294967296, i33 %zext_ln39" [new_fixedpoint2205/fixedpt.h:39]   --->   Operation 440 'udiv' 'udiv_ln39' <Predicate = true> <Delay = 4.16> <CoreInst = "DivnS_SEQ">   --->   Core 7 'DivnS_SEQ' <Latency = 36> <II = 32> <Delay = 4.16> <FuncUnit> <Opcode : 'sdiv' 'srem' 'udiv' 'urem'> <InPorts = 2> <OutPorts = 1>

State 96 <SV = 95> <Delay = 4.16>
ST_96 : Operation 441 [13/37] (4.16ns)   --->   "%udiv_ln39 = udiv i33 4294967296, i33 %zext_ln39" [new_fixedpoint2205/fixedpt.h:39]   --->   Operation 441 'udiv' 'udiv_ln39' <Predicate = true> <Delay = 4.16> <CoreInst = "DivnS_SEQ">   --->   Core 7 'DivnS_SEQ' <Latency = 36> <II = 32> <Delay = 4.16> <FuncUnit> <Opcode : 'sdiv' 'srem' 'udiv' 'urem'> <InPorts = 2> <OutPorts = 1>

State 97 <SV = 96> <Delay = 4.16>
ST_97 : Operation 442 [12/37] (4.16ns)   --->   "%udiv_ln39 = udiv i33 4294967296, i33 %zext_ln39" [new_fixedpoint2205/fixedpt.h:39]   --->   Operation 442 'udiv' 'udiv_ln39' <Predicate = true> <Delay = 4.16> <CoreInst = "DivnS_SEQ">   --->   Core 7 'DivnS_SEQ' <Latency = 36> <II = 32> <Delay = 4.16> <FuncUnit> <Opcode : 'sdiv' 'srem' 'udiv' 'urem'> <InPorts = 2> <OutPorts = 1>

State 98 <SV = 97> <Delay = 4.16>
ST_98 : Operation 443 [11/37] (4.16ns)   --->   "%udiv_ln39 = udiv i33 4294967296, i33 %zext_ln39" [new_fixedpoint2205/fixedpt.h:39]   --->   Operation 443 'udiv' 'udiv_ln39' <Predicate = true> <Delay = 4.16> <CoreInst = "DivnS_SEQ">   --->   Core 7 'DivnS_SEQ' <Latency = 36> <II = 32> <Delay = 4.16> <FuncUnit> <Opcode : 'sdiv' 'srem' 'udiv' 'urem'> <InPorts = 2> <OutPorts = 1>

State 99 <SV = 98> <Delay = 4.16>
ST_99 : Operation 444 [10/37] (4.16ns)   --->   "%udiv_ln39 = udiv i33 4294967296, i33 %zext_ln39" [new_fixedpoint2205/fixedpt.h:39]   --->   Operation 444 'udiv' 'udiv_ln39' <Predicate = true> <Delay = 4.16> <CoreInst = "DivnS_SEQ">   --->   Core 7 'DivnS_SEQ' <Latency = 36> <II = 32> <Delay = 4.16> <FuncUnit> <Opcode : 'sdiv' 'srem' 'udiv' 'urem'> <InPorts = 2> <OutPorts = 1>

State 100 <SV = 99> <Delay = 4.16>
ST_100 : Operation 445 [9/37] (4.16ns)   --->   "%udiv_ln39 = udiv i33 4294967296, i33 %zext_ln39" [new_fixedpoint2205/fixedpt.h:39]   --->   Operation 445 'udiv' 'udiv_ln39' <Predicate = true> <Delay = 4.16> <CoreInst = "DivnS_SEQ">   --->   Core 7 'DivnS_SEQ' <Latency = 36> <II = 32> <Delay = 4.16> <FuncUnit> <Opcode : 'sdiv' 'srem' 'udiv' 'urem'> <InPorts = 2> <OutPorts = 1>

State 101 <SV = 100> <Delay = 4.16>
ST_101 : Operation 446 [8/37] (4.16ns)   --->   "%udiv_ln39 = udiv i33 4294967296, i33 %zext_ln39" [new_fixedpoint2205/fixedpt.h:39]   --->   Operation 446 'udiv' 'udiv_ln39' <Predicate = true> <Delay = 4.16> <CoreInst = "DivnS_SEQ">   --->   Core 7 'DivnS_SEQ' <Latency = 36> <II = 32> <Delay = 4.16> <FuncUnit> <Opcode : 'sdiv' 'srem' 'udiv' 'urem'> <InPorts = 2> <OutPorts = 1>

State 102 <SV = 101> <Delay = 4.16>
ST_102 : Operation 447 [7/37] (4.16ns)   --->   "%udiv_ln39 = udiv i33 4294967296, i33 %zext_ln39" [new_fixedpoint2205/fixedpt.h:39]   --->   Operation 447 'udiv' 'udiv_ln39' <Predicate = true> <Delay = 4.16> <CoreInst = "DivnS_SEQ">   --->   Core 7 'DivnS_SEQ' <Latency = 36> <II = 32> <Delay = 4.16> <FuncUnit> <Opcode : 'sdiv' 'srem' 'udiv' 'urem'> <InPorts = 2> <OutPorts = 1>

State 103 <SV = 102> <Delay = 4.16>
ST_103 : Operation 448 [6/37] (4.16ns)   --->   "%udiv_ln39 = udiv i33 4294967296, i33 %zext_ln39" [new_fixedpoint2205/fixedpt.h:39]   --->   Operation 448 'udiv' 'udiv_ln39' <Predicate = true> <Delay = 4.16> <CoreInst = "DivnS_SEQ">   --->   Core 7 'DivnS_SEQ' <Latency = 36> <II = 32> <Delay = 4.16> <FuncUnit> <Opcode : 'sdiv' 'srem' 'udiv' 'urem'> <InPorts = 2> <OutPorts = 1>

State 104 <SV = 103> <Delay = 4.16>
ST_104 : Operation 449 [5/37] (4.16ns)   --->   "%udiv_ln39 = udiv i33 4294967296, i33 %zext_ln39" [new_fixedpoint2205/fixedpt.h:39]   --->   Operation 449 'udiv' 'udiv_ln39' <Predicate = true> <Delay = 4.16> <CoreInst = "DivnS_SEQ">   --->   Core 7 'DivnS_SEQ' <Latency = 36> <II = 32> <Delay = 4.16> <FuncUnit> <Opcode : 'sdiv' 'srem' 'udiv' 'urem'> <InPorts = 2> <OutPorts = 1>

State 105 <SV = 104> <Delay = 4.16>
ST_105 : Operation 450 [4/37] (4.16ns)   --->   "%udiv_ln39 = udiv i33 4294967296, i33 %zext_ln39" [new_fixedpoint2205/fixedpt.h:39]   --->   Operation 450 'udiv' 'udiv_ln39' <Predicate = true> <Delay = 4.16> <CoreInst = "DivnS_SEQ">   --->   Core 7 'DivnS_SEQ' <Latency = 36> <II = 32> <Delay = 4.16> <FuncUnit> <Opcode : 'sdiv' 'srem' 'udiv' 'urem'> <InPorts = 2> <OutPorts = 1>

State 106 <SV = 105> <Delay = 4.16>
ST_106 : Operation 451 [3/37] (4.16ns)   --->   "%udiv_ln39 = udiv i33 4294967296, i33 %zext_ln39" [new_fixedpoint2205/fixedpt.h:39]   --->   Operation 451 'udiv' 'udiv_ln39' <Predicate = true> <Delay = 4.16> <CoreInst = "DivnS_SEQ">   --->   Core 7 'DivnS_SEQ' <Latency = 36> <II = 32> <Delay = 4.16> <FuncUnit> <Opcode : 'sdiv' 'srem' 'udiv' 'urem'> <InPorts = 2> <OutPorts = 1>

State 107 <SV = 106> <Delay = 4.16>
ST_107 : Operation 452 [2/37] (4.16ns)   --->   "%udiv_ln39 = udiv i33 4294967296, i33 %zext_ln39" [new_fixedpoint2205/fixedpt.h:39]   --->   Operation 452 'udiv' 'udiv_ln39' <Predicate = true> <Delay = 4.16> <CoreInst = "DivnS_SEQ">   --->   Core 7 'DivnS_SEQ' <Latency = 36> <II = 32> <Delay = 4.16> <FuncUnit> <Opcode : 'sdiv' 'srem' 'udiv' 'urem'> <InPorts = 2> <OutPorts = 1>

State 108 <SV = 107> <Delay = 4.16>
ST_108 : Operation 453 [1/37] (4.16ns)   --->   "%udiv_ln39 = udiv i33 4294967296, i33 %zext_ln39" [new_fixedpoint2205/fixedpt.h:39]   --->   Operation 453 'udiv' 'udiv_ln39' <Predicate = true> <Delay = 4.16> <CoreInst = "DivnS_SEQ">   --->   Core 7 'DivnS_SEQ' <Latency = 36> <II = 32> <Delay = 4.16> <FuncUnit> <Opcode : 'sdiv' 'srem' 'udiv' 'urem'> <InPorts = 2> <OutPorts = 1>
ST_108 : Operation 454 [1/1] (2.55ns)   --->   "%sub_ln65 = sub i32 %x_rand_Position_x, i32 %A_x" [new_fixedpoint2205/main.cpp:65->new_fixedpoint2205/main.cpp:370]   --->   Operation 454 'sub' 'sub_ln65' <Predicate = (!icmp_ln59)> <Delay = 2.55> <CoreInst = "Adder">   --->   Core 1 'Adder' <Latency = 0> <II = 1> <Delay = 2.55> <FuncUnit> <Opcode : 'add' 'sub'> <InPorts = 2> <OutPorts = 1>
ST_108 : Operation 455 [1/1] (2.55ns)   --->   "%sub_ln67 = sub i32 %x_rand_Position_y, i32 %A_y" [new_fixedpoint2205/main.cpp:67->new_fixedpoint2205/main.cpp:370]   --->   Operation 455 'sub' 'sub_ln67' <Predicate = (!icmp_ln59)> <Delay = 2.55> <CoreInst = "Adder">   --->   Core 1 'Adder' <Latency = 0> <II = 1> <Delay = 2.55> <FuncUnit> <Opcode : 'add' 'sub'> <InPorts = 2> <OutPorts = 1>

State 109 <SV = 108> <Delay = 3.95>
ST_109 : Operation 456 [1/1] (0.00ns)   --->   "%t = trunc i32 %udiv_ln39" [new_fixedpoint2205/fixedpt.h:39]   --->   Operation 456 'trunc' 't' <Predicate = true> <Delay = 0.00>
ST_109 : Operation 457 [1/1] (0.00ns)   --->   "%sext_ln65 = sext i32 %t" [new_fixedpoint2205/main.cpp:65->new_fixedpoint2205/main.cpp:370]   --->   Operation 457 'sext' 'sext_ln65' <Predicate = true> <Delay = 0.00>
ST_109 : Operation 458 [1/1] (0.00ns)   --->   "%sext_ln34_2 = sext i32 %sub_ln65" [new_fixedpoint2205/fixedpt.h:34]   --->   Operation 458 'sext' 'sext_ln34_2' <Predicate = (!icmp_ln59)> <Delay = 0.00>
ST_109 : Operation 459 [5/5] (3.95ns)   --->   "%mul_ln34_5 = mul i48 %sext_ln34_2, i48 %sext_ln65" [new_fixedpoint2205/fixedpt.h:34]   --->   Operation 459 'mul' 'mul_ln34_5' <Predicate = (!icmp_ln59)> <Delay = 3.95> <CoreInst = "Multiplier">   --->   Core 3 'Multiplier' <Latency = 4> <II = 1> <Delay = 3.95> <FuncUnit> <Opcode : 'mul'> <InPorts = 2> <OutPorts = 1>
ST_109 : Operation 460 [1/1] (0.00ns)   --->   "%sext_ln34_3 = sext i32 %sub_ln67" [new_fixedpoint2205/fixedpt.h:34]   --->   Operation 460 'sext' 'sext_ln34_3' <Predicate = (!icmp_ln59)> <Delay = 0.00>
ST_109 : Operation 461 [5/5] (3.95ns)   --->   "%mul_ln34_6 = mul i48 %sext_ln34_3, i48 %sext_ln65" [new_fixedpoint2205/fixedpt.h:34]   --->   Operation 461 'mul' 'mul_ln34_6' <Predicate = (!icmp_ln59)> <Delay = 3.95> <CoreInst = "Multiplier">   --->   Core 3 'Multiplier' <Latency = 4> <II = 1> <Delay = 3.95> <FuncUnit> <Opcode : 'mul'> <InPorts = 2> <OutPorts = 1>

State 110 <SV = 109> <Delay = 3.95>
ST_110 : Operation 462 [4/5] (3.95ns)   --->   "%mul_ln34_5 = mul i48 %sext_ln34_2, i48 %sext_ln65" [new_fixedpoint2205/fixedpt.h:34]   --->   Operation 462 'mul' 'mul_ln34_5' <Predicate = (!icmp_ln59)> <Delay = 3.95> <CoreInst = "Multiplier">   --->   Core 3 'Multiplier' <Latency = 4> <II = 1> <Delay = 3.95> <FuncUnit> <Opcode : 'mul'> <InPorts = 2> <OutPorts = 1>
ST_110 : Operation 463 [4/5] (3.95ns)   --->   "%mul_ln34_6 = mul i48 %sext_ln34_3, i48 %sext_ln65" [new_fixedpoint2205/fixedpt.h:34]   --->   Operation 463 'mul' 'mul_ln34_6' <Predicate = (!icmp_ln59)> <Delay = 3.95> <CoreInst = "Multiplier">   --->   Core 3 'Multiplier' <Latency = 4> <II = 1> <Delay = 3.95> <FuncUnit> <Opcode : 'mul'> <InPorts = 2> <OutPorts = 1>

State 111 <SV = 110> <Delay = 3.95>
ST_111 : Operation 464 [3/5] (3.95ns)   --->   "%mul_ln34_5 = mul i48 %sext_ln34_2, i48 %sext_ln65" [new_fixedpoint2205/fixedpt.h:34]   --->   Operation 464 'mul' 'mul_ln34_5' <Predicate = (!icmp_ln59)> <Delay = 3.95> <CoreInst = "Multiplier">   --->   Core 3 'Multiplier' <Latency = 4> <II = 1> <Delay = 3.95> <FuncUnit> <Opcode : 'mul'> <InPorts = 2> <OutPorts = 1>
ST_111 : Operation 465 [3/5] (3.95ns)   --->   "%mul_ln34_6 = mul i48 %sext_ln34_3, i48 %sext_ln65" [new_fixedpoint2205/fixedpt.h:34]   --->   Operation 465 'mul' 'mul_ln34_6' <Predicate = (!icmp_ln59)> <Delay = 3.95> <CoreInst = "Multiplier">   --->   Core 3 'Multiplier' <Latency = 4> <II = 1> <Delay = 3.95> <FuncUnit> <Opcode : 'mul'> <InPorts = 2> <OutPorts = 1>

State 112 <SV = 111> <Delay = 3.95>
ST_112 : Operation 466 [2/5] (3.95ns)   --->   "%mul_ln34_5 = mul i48 %sext_ln34_2, i48 %sext_ln65" [new_fixedpoint2205/fixedpt.h:34]   --->   Operation 466 'mul' 'mul_ln34_5' <Predicate = (!icmp_ln59)> <Delay = 3.95> <CoreInst = "Multiplier">   --->   Core 3 'Multiplier' <Latency = 4> <II = 1> <Delay = 3.95> <FuncUnit> <Opcode : 'mul'> <InPorts = 2> <OutPorts = 1>
ST_112 : Operation 467 [2/5] (3.95ns)   --->   "%mul_ln34_6 = mul i48 %sext_ln34_3, i48 %sext_ln65" [new_fixedpoint2205/fixedpt.h:34]   --->   Operation 467 'mul' 'mul_ln34_6' <Predicate = (!icmp_ln59)> <Delay = 3.95> <CoreInst = "Multiplier">   --->   Core 3 'Multiplier' <Latency = 4> <II = 1> <Delay = 3.95> <FuncUnit> <Opcode : 'mul'> <InPorts = 2> <OutPorts = 1>

State 113 <SV = 112> <Delay = 3.95>
ST_113 : Operation 468 [1/5] (3.95ns)   --->   "%mul_ln34_5 = mul i48 %sext_ln34_2, i48 %sext_ln65" [new_fixedpoint2205/fixedpt.h:34]   --->   Operation 468 'mul' 'mul_ln34_5' <Predicate = (!icmp_ln59)> <Delay = 3.95> <CoreInst = "Multiplier">   --->   Core 3 'Multiplier' <Latency = 4> <II = 1> <Delay = 3.95> <FuncUnit> <Opcode : 'mul'> <InPorts = 2> <OutPorts = 1>
ST_113 : Operation 469 [1/1] (0.00ns)   --->   "%trunc_ln34_6 = partselect i32 @_ssdm_op_PartSelect.i32.i48.i32.i32, i48 %mul_ln34_5, i32 16, i32 47" [new_fixedpoint2205/fixedpt.h:34]   --->   Operation 469 'partselect' 'trunc_ln34_6' <Predicate = (!icmp_ln59)> <Delay = 0.00>
ST_113 : Operation 470 [1/5] (3.95ns)   --->   "%mul_ln34_6 = mul i48 %sext_ln34_3, i48 %sext_ln65" [new_fixedpoint2205/fixedpt.h:34]   --->   Operation 470 'mul' 'mul_ln34_6' <Predicate = (!icmp_ln59)> <Delay = 3.95> <CoreInst = "Multiplier">   --->   Core 3 'Multiplier' <Latency = 4> <II = 1> <Delay = 3.95> <FuncUnit> <Opcode : 'mul'> <InPorts = 2> <OutPorts = 1>
ST_113 : Operation 471 [1/1] (0.00ns)   --->   "%trunc_ln34_7 = partselect i32 @_ssdm_op_PartSelect.i32.i48.i32.i32, i48 %mul_ln34_6, i32 16, i32 47" [new_fixedpoint2205/fixedpt.h:34]   --->   Operation 471 'partselect' 'trunc_ln34_7' <Predicate = (!icmp_ln59)> <Delay = 0.00>

State 114 <SV = 113> <Delay = 3.25>
ST_114 : Operation 472 [1/1] (2.55ns)   --->   "%add_ln65 = add i32 %A_x, i32 %trunc_ln34_6" [new_fixedpoint2205/main.cpp:65->new_fixedpoint2205/main.cpp:370]   --->   Operation 472 'add' 'add_ln65' <Predicate = (!icmp_ln59)> <Delay = 2.55> <CoreInst = "Adder">   --->   Core 1 'Adder' <Latency = 0> <II = 1> <Delay = 2.55> <FuncUnit> <Opcode : 'add' 'sub'> <InPorts = 2> <OutPorts = 1>
ST_114 : Operation 473 [1/1] (2.55ns)   --->   "%add_ln67 = add i32 %A_y, i32 %trunc_ln34_7" [new_fixedpoint2205/main.cpp:67->new_fixedpoint2205/main.cpp:370]   --->   Operation 473 'add' 'add_ln67' <Predicate = (!icmp_ln59)> <Delay = 2.55> <CoreInst = "Adder">   --->   Core 1 'Adder' <Latency = 0> <II = 1> <Delay = 2.55> <FuncUnit> <Opcode : 'add' 'sub'> <InPorts = 2> <OutPorts = 1>
ST_114 : Operation 474 [1/1] (0.69ns)   --->   "%x_new_pos_Position_x = select i1 %icmp_ln59, i32 %x_rand_Position_x, i32 %add_ln65" [new_fixedpoint2205/main.cpp:59->new_fixedpoint2205/main.cpp:370]   --->   Operation 474 'select' 'x_new_pos_Position_x' <Predicate = true> <Delay = 0.69> <CoreInst = "Sel">   --->   Core 73 'Sel' <Latency = 0> <II = 1> <Delay = 0.69> <FuncUnit> <Opcode : 'select'> <InPorts = 3> <OutPorts = 1>
ST_114 : Operation 475 [1/1] (0.69ns)   --->   "%x_new_pos_Position_y = select i1 %icmp_ln59, i32 %x_rand_Position_y, i32 %add_ln67" [new_fixedpoint2205/main.cpp:59->new_fixedpoint2205/main.cpp:370]   --->   Operation 475 'select' 'x_new_pos_Position_y' <Predicate = true> <Delay = 0.69> <CoreInst = "Sel">   --->   Core 73 'Sel' <Latency = 0> <II = 1> <Delay = 0.69> <FuncUnit> <Opcode : 'select'> <InPorts = 3> <OutPorts = 1>

State 115 <SV = 114> <Delay = 6.31>
ST_115 : Operation 476 [7/7] (6.31ns)   --->   "%conv_i = sitofp i32 %x_new_pos_Position_x" [new_fixedpoint2205/fixedpt.h:14]   --->   Operation 476 'sitofp' 'conv_i' <Predicate = true> <Delay = 6.31> <CoreInst = "Int2Float">   --->   Core 62 'Int2Float' <Latency = 6> <II = 1> <Delay = 6.31> <FuncUnit> <Opcode : 'sitofp' 'uitofp'> <InPorts = 1> <OutPorts = 1>
ST_115 : Operation 477 [1/1] (2.55ns)   --->   "%sub_ln109 = sub i32 %A_x, i32 %x_new_pos_Position_x" [new_fixedpoint2205/main.cpp:109->new_fixedpoint2205/main.cpp:380]   --->   Operation 477 'sub' 'sub_ln109' <Predicate = true> <Delay = 2.55> <CoreInst = "Adder">   --->   Core 1 'Adder' <Latency = 0> <II = 1> <Delay = 2.55> <FuncUnit> <Opcode : 'add' 'sub'> <InPorts = 2> <OutPorts = 1>
ST_115 : Operation 478 [1/1] (0.00ns)   --->   "%tmp_23 = bitselect i1 @_ssdm_op_BitSelect.i1.i32.i32, i32 %sub_ln109, i32 31" [new_fixedpoint2205/fixedpt.h:39]   --->   Operation 478 'bitselect' 'tmp_23' <Predicate = true> <Delay = 0.00>
ST_115 : Operation 479 [1/1] (2.55ns)   --->   "%sub_ln110 = sub i32 %A_y, i32 %x_new_pos_Position_y" [new_fixedpoint2205/main.cpp:110->new_fixedpoint2205/main.cpp:380]   --->   Operation 479 'sub' 'sub_ln110' <Predicate = true> <Delay = 2.55> <CoreInst = "Adder">   --->   Core 1 'Adder' <Latency = 0> <II = 1> <Delay = 2.55> <FuncUnit> <Opcode : 'add' 'sub'> <InPorts = 2> <OutPorts = 1>
ST_115 : Operation 480 [1/1] (0.00ns)   --->   "%tmp_26 = bitselect i1 @_ssdm_op_BitSelect.i1.i32.i32, i32 %sub_ln110, i32 31" [new_fixedpoint2205/fixedpt.h:39]   --->   Operation 480 'bitselect' 'tmp_26' <Predicate = true> <Delay = 0.00>

State 116 <SV = 115> <Delay = 6.31>
ST_116 : Operation 481 [6/7] (6.31ns)   --->   "%conv_i = sitofp i32 %x_new_pos_Position_x" [new_fixedpoint2205/fixedpt.h:14]   --->   Operation 481 'sitofp' 'conv_i' <Predicate = true> <Delay = 6.31> <CoreInst = "Int2Float">   --->   Core 62 'Int2Float' <Latency = 6> <II = 1> <Delay = 6.31> <FuncUnit> <Opcode : 'sitofp' 'uitofp'> <InPorts = 1> <OutPorts = 1>
ST_116 : Operation 482 [7/7] (6.31ns)   --->   "%conv_i1 = sitofp i32 %x_new_pos_Position_y" [new_fixedpoint2205/fixedpt.h:14]   --->   Operation 482 'sitofp' 'conv_i1' <Predicate = true> <Delay = 6.31> <CoreInst = "Int2Float">   --->   Core 62 'Int2Float' <Latency = 6> <II = 1> <Delay = 6.31> <FuncUnit> <Opcode : 'sitofp' 'uitofp'> <InPorts = 1> <OutPorts = 1>
ST_116 : Operation 483 [1/1] (0.00ns)   --->   "%shl_ln = bitconcatenate i48 @_ssdm_op_BitConcatenate.i48.i32.i16, i32 %sub_ln109, i16 0" [new_fixedpoint2205/fixedpt.h:39]   --->   Operation 483 'bitconcatenate' 'shl_ln' <Predicate = true> <Delay = 0.00>
ST_116 : Operation 484 [1/1] (0.00ns)   --->   "%sext_ln39 = sext i48 %shl_ln" [new_fixedpoint2205/fixedpt.h:39]   --->   Operation 484 'sext' 'sext_ln39' <Predicate = true> <Delay = 0.00>
ST_116 : Operation 485 [3/3] (3.94ns)   --->   "%mul_ln39 = mul i97 %sext_ln39, i97 450359962737050" [new_fixedpoint2205/fixedpt.h:39]   --->   Operation 485 'mul' 'mul_ln39' <Predicate = true> <Delay = 3.94> <CoreInst = "Mul_DSP">   --->   Core 5 'Mul_DSP' <Latency = 2> <II = 1> <Delay = 3.94> <FuncUnit> <Opcode : 'mul'> <InPorts = 2> <OutPorts = 1>
ST_116 : Operation 486 [1/1] (0.00ns)   --->   "%shl_ln39_1 = bitconcatenate i48 @_ssdm_op_BitConcatenate.i48.i32.i16, i32 %sub_ln110, i16 0" [new_fixedpoint2205/fixedpt.h:39]   --->   Operation 486 'bitconcatenate' 'shl_ln39_1' <Predicate = true> <Delay = 0.00>
ST_116 : Operation 487 [1/1] (0.00ns)   --->   "%sext_ln39_3 = sext i48 %shl_ln39_1" [new_fixedpoint2205/fixedpt.h:39]   --->   Operation 487 'sext' 'sext_ln39_3' <Predicate = true> <Delay = 0.00>
ST_116 : Operation 488 [3/3] (3.94ns)   --->   "%mul_ln39_1 = mul i97 %sext_ln39_3, i97 450359962737050" [new_fixedpoint2205/fixedpt.h:39]   --->   Operation 488 'mul' 'mul_ln39_1' <Predicate = true> <Delay = 3.94> <CoreInst = "Mul_DSP">   --->   Core 5 'Mul_DSP' <Latency = 2> <II = 1> <Delay = 3.94> <FuncUnit> <Opcode : 'mul'> <InPorts = 2> <OutPorts = 1>

State 117 <SV = 116> <Delay = 6.31>
ST_117 : Operation 489 [5/7] (6.31ns)   --->   "%conv_i = sitofp i32 %x_new_pos_Position_x" [new_fixedpoint2205/fixedpt.h:14]   --->   Operation 489 'sitofp' 'conv_i' <Predicate = true> <Delay = 6.31> <CoreInst = "Int2Float">   --->   Core 62 'Int2Float' <Latency = 6> <II = 1> <Delay = 6.31> <FuncUnit> <Opcode : 'sitofp' 'uitofp'> <InPorts = 1> <OutPorts = 1>
ST_117 : Operation 490 [6/7] (6.31ns)   --->   "%conv_i1 = sitofp i32 %x_new_pos_Position_y" [new_fixedpoint2205/fixedpt.h:14]   --->   Operation 490 'sitofp' 'conv_i1' <Predicate = true> <Delay = 6.31> <CoreInst = "Int2Float">   --->   Core 62 'Int2Float' <Latency = 6> <II = 1> <Delay = 6.31> <FuncUnit> <Opcode : 'sitofp' 'uitofp'> <InPorts = 1> <OutPorts = 1>
ST_117 : Operation 491 [2/3] (3.94ns)   --->   "%mul_ln39 = mul i97 %sext_ln39, i97 450359962737050" [new_fixedpoint2205/fixedpt.h:39]   --->   Operation 491 'mul' 'mul_ln39' <Predicate = true> <Delay = 3.94> <CoreInst = "Mul_DSP">   --->   Core 5 'Mul_DSP' <Latency = 2> <II = 1> <Delay = 3.94> <FuncUnit> <Opcode : 'mul'> <InPorts = 2> <OutPorts = 1>
ST_117 : Operation 492 [2/3] (3.94ns)   --->   "%mul_ln39_1 = mul i97 %sext_ln39_3, i97 450359962737050" [new_fixedpoint2205/fixedpt.h:39]   --->   Operation 492 'mul' 'mul_ln39_1' <Predicate = true> <Delay = 3.94> <CoreInst = "Mul_DSP">   --->   Core 5 'Mul_DSP' <Latency = 2> <II = 1> <Delay = 3.94> <FuncUnit> <Opcode : 'mul'> <InPorts = 2> <OutPorts = 1>

State 118 <SV = 117> <Delay = 6.31>
ST_118 : Operation 493 [4/7] (6.31ns)   --->   "%conv_i = sitofp i32 %x_new_pos_Position_x" [new_fixedpoint2205/fixedpt.h:14]   --->   Operation 493 'sitofp' 'conv_i' <Predicate = true> <Delay = 6.31> <CoreInst = "Int2Float">   --->   Core 62 'Int2Float' <Latency = 6> <II = 1> <Delay = 6.31> <FuncUnit> <Opcode : 'sitofp' 'uitofp'> <InPorts = 1> <OutPorts = 1>
ST_118 : Operation 494 [5/7] (6.31ns)   --->   "%conv_i1 = sitofp i32 %x_new_pos_Position_y" [new_fixedpoint2205/fixedpt.h:14]   --->   Operation 494 'sitofp' 'conv_i1' <Predicate = true> <Delay = 6.31> <CoreInst = "Int2Float">   --->   Core 62 'Int2Float' <Latency = 6> <II = 1> <Delay = 6.31> <FuncUnit> <Opcode : 'sitofp' 'uitofp'> <InPorts = 1> <OutPorts = 1>
ST_118 : Operation 495 [1/3] (3.94ns)   --->   "%mul_ln39 = mul i97 %sext_ln39, i97 450359962737050" [new_fixedpoint2205/fixedpt.h:39]   --->   Operation 495 'mul' 'mul_ln39' <Predicate = true> <Delay = 3.94> <CoreInst = "Mul_DSP">   --->   Core 5 'Mul_DSP' <Latency = 2> <II = 1> <Delay = 3.94> <FuncUnit> <Opcode : 'mul'> <InPorts = 2> <OutPorts = 1>
ST_118 : Operation 496 [1/1] (0.00ns)   --->   "%tmp_25 = partselect i30 @_ssdm_op_PartSelect.i30.i97.i32.i32, i97 %mul_ln39, i32 67, i32 96" [new_fixedpoint2205/fixedpt.h:39]   --->   Operation 496 'partselect' 'tmp_25' <Predicate = true> <Delay = 0.00>
ST_118 : Operation 497 [1/3] (3.94ns)   --->   "%mul_ln39_1 = mul i97 %sext_ln39_3, i97 450359962737050" [new_fixedpoint2205/fixedpt.h:39]   --->   Operation 497 'mul' 'mul_ln39_1' <Predicate = true> <Delay = 3.94> <CoreInst = "Mul_DSP">   --->   Core 5 'Mul_DSP' <Latency = 2> <II = 1> <Delay = 3.94> <FuncUnit> <Opcode : 'mul'> <InPorts = 2> <OutPorts = 1>
ST_118 : Operation 498 [1/1] (0.00ns)   --->   "%tmp_28 = partselect i30 @_ssdm_op_PartSelect.i30.i97.i32.i32, i97 %mul_ln39_1, i32 67, i32 96" [new_fixedpoint2205/fixedpt.h:39]   --->   Operation 498 'partselect' 'tmp_28' <Predicate = true> <Delay = 0.00>

State 119 <SV = 118> <Delay = 6.31>
ST_119 : Operation 499 [3/7] (6.31ns)   --->   "%conv_i = sitofp i32 %x_new_pos_Position_x" [new_fixedpoint2205/fixedpt.h:14]   --->   Operation 499 'sitofp' 'conv_i' <Predicate = true> <Delay = 6.31> <CoreInst = "Int2Float">   --->   Core 62 'Int2Float' <Latency = 6> <II = 1> <Delay = 6.31> <FuncUnit> <Opcode : 'sitofp' 'uitofp'> <InPorts = 1> <OutPorts = 1>
ST_119 : Operation 500 [4/7] (6.31ns)   --->   "%conv_i1 = sitofp i32 %x_new_pos_Position_y" [new_fixedpoint2205/fixedpt.h:14]   --->   Operation 500 'sitofp' 'conv_i1' <Predicate = true> <Delay = 6.31> <CoreInst = "Int2Float">   --->   Core 62 'Int2Float' <Latency = 6> <II = 1> <Delay = 6.31> <FuncUnit> <Opcode : 'sitofp' 'uitofp'> <InPorts = 1> <OutPorts = 1>
ST_119 : Operation 501 [1/1] (4.46ns)   --->   "%sub_ln39 = sub i97 0, i97 %mul_ln39" [new_fixedpoint2205/fixedpt.h:39]   --->   Operation 501 'sub' 'sub_ln39' <Predicate = (tmp_23)> <Delay = 4.46> <CoreInst = "Adder">   --->   Core 1 'Adder' <Latency = 0> <II = 1> <Delay = 2.55> <FuncUnit> <Opcode : 'add' 'sub'> <InPorts = 2> <OutPorts = 1>
ST_119 : Operation 502 [1/1] (4.46ns)   --->   "%sub_ln39_2 = sub i97 0, i97 %mul_ln39_1" [new_fixedpoint2205/fixedpt.h:39]   --->   Operation 502 'sub' 'sub_ln39_2' <Predicate = (tmp_26)> <Delay = 4.46> <CoreInst = "Adder">   --->   Core 1 'Adder' <Latency = 0> <II = 1> <Delay = 2.55> <FuncUnit> <Opcode : 'add' 'sub'> <InPorts = 2> <OutPorts = 1>

State 120 <SV = 119> <Delay = 6.31>
ST_120 : Operation 503 [2/7] (6.31ns)   --->   "%conv_i = sitofp i32 %x_new_pos_Position_x" [new_fixedpoint2205/fixedpt.h:14]   --->   Operation 503 'sitofp' 'conv_i' <Predicate = true> <Delay = 6.31> <CoreInst = "Int2Float">   --->   Core 62 'Int2Float' <Latency = 6> <II = 1> <Delay = 6.31> <FuncUnit> <Opcode : 'sitofp' 'uitofp'> <InPorts = 1> <OutPorts = 1>
ST_120 : Operation 504 [3/7] (6.31ns)   --->   "%conv_i1 = sitofp i32 %x_new_pos_Position_y" [new_fixedpoint2205/fixedpt.h:14]   --->   Operation 504 'sitofp' 'conv_i1' <Predicate = true> <Delay = 6.31> <CoreInst = "Int2Float">   --->   Core 62 'Int2Float' <Latency = 6> <II = 1> <Delay = 6.31> <FuncUnit> <Opcode : 'sitofp' 'uitofp'> <InPorts = 1> <OutPorts = 1>
ST_120 : Operation 505 [1/1] (0.00ns) (grouped into LUT with out node sub_ln39_1)   --->   "%tmp_24 = partselect i30 @_ssdm_op_PartSelect.i30.i97.i32.i32, i97 %sub_ln39, i32 67, i32 96" [new_fixedpoint2205/fixedpt.h:39]   --->   Operation 505 'partselect' 'tmp_24' <Predicate = (tmp_23)> <Delay = 0.00>
ST_120 : Operation 506 [1/1] (0.00ns) (grouped into LUT with out node sub_ln39_1)   --->   "%sext_ln39_1 = sext i30 %tmp_24" [new_fixedpoint2205/fixedpt.h:39]   --->   Operation 506 'sext' 'sext_ln39_1' <Predicate = (tmp_23)> <Delay = 0.00>
ST_120 : Operation 507 [1/1] (0.00ns)   --->   "%sext_ln39_2 = sext i30 %tmp_25" [new_fixedpoint2205/fixedpt.h:39]   --->   Operation 507 'sext' 'sext_ln39_2' <Predicate = true> <Delay = 0.00>
ST_120 : Operation 508 [1/1] (0.00ns) (grouped into LUT with out node sub_ln39_1)   --->   "%select_ln39 = select i1 %tmp_23, i48 %sext_ln39_1, i48 %sext_ln39_2" [new_fixedpoint2205/fixedpt.h:39]   --->   Operation 508 'select' 'select_ln39' <Predicate = (tmp_23)> <Delay = 0.00> <CoreInst = "Sel">   --->   Core 73 'Sel' <Latency = 0> <II = 1> <Delay = 0.69> <FuncUnit> <Opcode : 'select'> <InPorts = 3> <OutPorts = 1>
ST_120 : Operation 509 [1/1] (2.49ns) (out node of the LUT)   --->   "%sub_ln39_1 = sub i48 0, i48 %select_ln39" [new_fixedpoint2205/fixedpt.h:39]   --->   Operation 509 'sub' 'sub_ln39_1' <Predicate = (tmp_23)> <Delay = 2.49> <CoreInst = "Adder">   --->   Core 1 'Adder' <Latency = 0> <II = 1> <Delay = 2.55> <FuncUnit> <Opcode : 'add' 'sub'> <InPorts = 2> <OutPorts = 1>
ST_120 : Operation 510 [1/1] (0.69ns)   --->   "%Delta_x = select i1 %tmp_23, i48 %sub_ln39_1, i48 %sext_ln39_2" [new_fixedpoint2205/fixedpt.h:39]   --->   Operation 510 'select' 'Delta_x' <Predicate = true> <Delay = 0.69> <CoreInst = "Sel">   --->   Core 73 'Sel' <Latency = 0> <II = 1> <Delay = 0.69> <FuncUnit> <Opcode : 'select'> <InPorts = 3> <OutPorts = 1>
ST_120 : Operation 511 [1/1] (0.00ns) (grouped into LUT with out node sub_ln39_3)   --->   "%tmp_27 = partselect i30 @_ssdm_op_PartSelect.i30.i97.i32.i32, i97 %sub_ln39_2, i32 67, i32 96" [new_fixedpoint2205/fixedpt.h:39]   --->   Operation 511 'partselect' 'tmp_27' <Predicate = (tmp_26)> <Delay = 0.00>
ST_120 : Operation 512 [1/1] (0.00ns) (grouped into LUT with out node sub_ln39_3)   --->   "%sext_ln39_4 = sext i30 %tmp_27" [new_fixedpoint2205/fixedpt.h:39]   --->   Operation 512 'sext' 'sext_ln39_4' <Predicate = (tmp_26)> <Delay = 0.00>
ST_120 : Operation 513 [1/1] (0.00ns)   --->   "%sext_ln39_5 = sext i30 %tmp_28" [new_fixedpoint2205/fixedpt.h:39]   --->   Operation 513 'sext' 'sext_ln39_5' <Predicate = true> <Delay = 0.00>
ST_120 : Operation 514 [1/1] (0.00ns) (grouped into LUT with out node sub_ln39_3)   --->   "%select_ln39_2 = select i1 %tmp_26, i48 %sext_ln39_4, i48 %sext_ln39_5" [new_fixedpoint2205/fixedpt.h:39]   --->   Operation 514 'select' 'select_ln39_2' <Predicate = (tmp_26)> <Delay = 0.00> <CoreInst = "Sel">   --->   Core 73 'Sel' <Latency = 0> <II = 1> <Delay = 0.69> <FuncUnit> <Opcode : 'select'> <InPorts = 3> <OutPorts = 1>
ST_120 : Operation 515 [1/1] (2.49ns) (out node of the LUT)   --->   "%sub_ln39_3 = sub i48 0, i48 %select_ln39_2" [new_fixedpoint2205/fixedpt.h:39]   --->   Operation 515 'sub' 'sub_ln39_3' <Predicate = (tmp_26)> <Delay = 2.49> <CoreInst = "Adder">   --->   Core 1 'Adder' <Latency = 0> <II = 1> <Delay = 2.55> <FuncUnit> <Opcode : 'add' 'sub'> <InPorts = 2> <OutPorts = 1>
ST_120 : Operation 516 [1/1] (0.69ns)   --->   "%Delta_y = select i1 %tmp_26, i48 %sub_ln39_3, i48 %sext_ln39_5" [new_fixedpoint2205/fixedpt.h:39]   --->   Operation 516 'select' 'Delta_y' <Predicate = true> <Delay = 0.69> <CoreInst = "Sel">   --->   Core 73 'Sel' <Latency = 0> <II = 1> <Delay = 0.69> <FuncUnit> <Opcode : 'select'> <InPorts = 3> <OutPorts = 1>
ST_120 : Operation 517 [2/2] (0.00ns)   --->   "%call_ln39 = call void @rrt_Pipeline_VITIS_LOOP_112_1, i48 %Delta_x, i48 %Delta_y, i32 %x_new_pos_Position_x, i32 %x_new_pos_Position_y, i32 %sqrb, i1 %Bool" [new_fixedpoint2205/fixedpt.h:39]   --->   Operation 517 'call' 'call_ln39' <Predicate = true> <Delay = 0.00> <CoreType = "Generic">   --->   Core 0 '' <Latency = 0> <II = 1> <Delay = 1.00> <Generic> <Opcode : >

State 121 <SV = 120> <Delay = 6.31>
ST_121 : Operation 518 [1/7] (6.31ns)   --->   "%conv_i = sitofp i32 %x_new_pos_Position_x" [new_fixedpoint2205/fixedpt.h:14]   --->   Operation 518 'sitofp' 'conv_i' <Predicate = true> <Delay = 6.31> <CoreInst = "Int2Float">   --->   Core 62 'Int2Float' <Latency = 6> <II = 1> <Delay = 6.31> <FuncUnit> <Opcode : 'sitofp' 'uitofp'> <InPorts = 1> <OutPorts = 1>
ST_121 : Operation 519 [2/7] (6.31ns)   --->   "%conv_i1 = sitofp i32 %x_new_pos_Position_y" [new_fixedpoint2205/fixedpt.h:14]   --->   Operation 519 'sitofp' 'conv_i1' <Predicate = true> <Delay = 6.31> <CoreInst = "Int2Float">   --->   Core 62 'Int2Float' <Latency = 6> <II = 1> <Delay = 6.31> <FuncUnit> <Opcode : 'sitofp' 'uitofp'> <InPorts = 1> <OutPorts = 1>
ST_121 : Operation 520 [1/2] (0.00ns)   --->   "%call_ln39 = call void @rrt_Pipeline_VITIS_LOOP_112_1, i48 %Delta_x, i48 %Delta_y, i32 %x_new_pos_Position_x, i32 %x_new_pos_Position_y, i32 %sqrb, i1 %Bool" [new_fixedpoint2205/fixedpt.h:39]   --->   Operation 520 'call' 'call_ln39' <Predicate = true> <Delay = 0.00> <CoreType = "Generic">   --->   Core 0 '' <Latency = 0> <II = 1> <Delay = 1.00> <Generic> <Opcode : >

State 122 <SV = 121> <Delay = 6.31>
ST_122 : Operation 521 [5/5] (4.35ns)   --->   "%div_i = fmul i32 %conv_i, i32 1.52588e-05" [new_fixedpoint2205/fixedpt.h:14]   --->   Operation 521 'fmul' 'div_i' <Predicate = true> <Delay = 4.35> <CoreInst = "FMul_maxdsp">   --->   Core 30 'FMul_maxdsp' <Latency = 4> <II = 1> <Delay = 4.35> <FuncUnit> <Opcode : 'fmul'> <InPorts = 2> <OutPorts = 1>
ST_122 : Operation 522 [1/7] (6.31ns)   --->   "%conv_i1 = sitofp i32 %x_new_pos_Position_y" [new_fixedpoint2205/fixedpt.h:14]   --->   Operation 522 'sitofp' 'conv_i1' <Predicate = true> <Delay = 6.31> <CoreInst = "Int2Float">   --->   Core 62 'Int2Float' <Latency = 6> <II = 1> <Delay = 6.31> <FuncUnit> <Opcode : 'sitofp' 'uitofp'> <InPorts = 1> <OutPorts = 1>

State 123 <SV = 122> <Delay = 4.35>
ST_123 : Operation 523 [4/5] (4.35ns)   --->   "%div_i = fmul i32 %conv_i, i32 1.52588e-05" [new_fixedpoint2205/fixedpt.h:14]   --->   Operation 523 'fmul' 'div_i' <Predicate = true> <Delay = 4.35> <CoreInst = "FMul_maxdsp">   --->   Core 30 'FMul_maxdsp' <Latency = 4> <II = 1> <Delay = 4.35> <FuncUnit> <Opcode : 'fmul'> <InPorts = 2> <OutPorts = 1>
ST_123 : Operation 524 [5/5] (4.35ns)   --->   "%div_i1 = fmul i32 %conv_i1, i32 1.52588e-05" [new_fixedpoint2205/fixedpt.h:14]   --->   Operation 524 'fmul' 'div_i1' <Predicate = true> <Delay = 4.35> <CoreInst = "FMul_maxdsp">   --->   Core 30 'FMul_maxdsp' <Latency = 4> <II = 1> <Delay = 4.35> <FuncUnit> <Opcode : 'fmul'> <InPorts = 2> <OutPorts = 1>

State 124 <SV = 123> <Delay = 4.35>
ST_124 : Operation 525 [3/5] (4.35ns)   --->   "%div_i = fmul i32 %conv_i, i32 1.52588e-05" [new_fixedpoint2205/fixedpt.h:14]   --->   Operation 525 'fmul' 'div_i' <Predicate = true> <Delay = 4.35> <CoreInst = "FMul_maxdsp">   --->   Core 30 'FMul_maxdsp' <Latency = 4> <II = 1> <Delay = 4.35> <FuncUnit> <Opcode : 'fmul'> <InPorts = 2> <OutPorts = 1>
ST_124 : Operation 526 [4/5] (4.35ns)   --->   "%div_i1 = fmul i32 %conv_i1, i32 1.52588e-05" [new_fixedpoint2205/fixedpt.h:14]   --->   Operation 526 'fmul' 'div_i1' <Predicate = true> <Delay = 4.35> <CoreInst = "FMul_maxdsp">   --->   Core 30 'FMul_maxdsp' <Latency = 4> <II = 1> <Delay = 4.35> <FuncUnit> <Opcode : 'fmul'> <InPorts = 2> <OutPorts = 1>
ST_124 : Operation 527 [1/1] (0.00ns)   --->   "%Bool_addr = getelementptr i1 %Bool, i64 0, i64 0" [new_fixedpoint2205/main.cpp:131->new_fixedpoint2205/main.cpp:380]   --->   Operation 527 'getelementptr' 'Bool_addr' <Predicate = true> <Delay = 0.00>
ST_124 : Operation 528 [2/2] (2.32ns)   --->   "%Bool_load = load i3 %Bool_addr" [new_fixedpoint2205/main.cpp:131->new_fixedpoint2205/main.cpp:380]   --->   Operation 528 'load' 'Bool_load' <Predicate = true> <Delay = 2.32> <CoreInst = "RAM">   --->   Core 82 'RAM' <Latency = 1> <II = 1> <Delay = 2.32> <Storage> <Opcode : 'load' 'store'> <Ports = 2> <Width = 1> <Depth = 6> <RAM>
ST_124 : Operation 529 [1/1] (0.00ns)   --->   "%Bool_addr_1 = getelementptr i1 %Bool, i64 0, i64 1" [new_fixedpoint2205/main.cpp:131->new_fixedpoint2205/main.cpp:380]   --->   Operation 529 'getelementptr' 'Bool_addr_1' <Predicate = true> <Delay = 0.00>
ST_124 : Operation 530 [2/2] (2.32ns)   --->   "%Bool_load_1 = load i3 %Bool_addr_1" [new_fixedpoint2205/main.cpp:131->new_fixedpoint2205/main.cpp:380]   --->   Operation 530 'load' 'Bool_load_1' <Predicate = true> <Delay = 2.32> <CoreInst = "RAM">   --->   Core 82 'RAM' <Latency = 1> <II = 1> <Delay = 2.32> <Storage> <Opcode : 'load' 'store'> <Ports = 2> <Width = 1> <Depth = 6> <RAM>

State 125 <SV = 124> <Delay = 4.35>
ST_125 : Operation 531 [2/5] (4.35ns)   --->   "%div_i = fmul i32 %conv_i, i32 1.52588e-05" [new_fixedpoint2205/fixedpt.h:14]   --->   Operation 531 'fmul' 'div_i' <Predicate = true> <Delay = 4.35> <CoreInst = "FMul_maxdsp">   --->   Core 30 'FMul_maxdsp' <Latency = 4> <II = 1> <Delay = 4.35> <FuncUnit> <Opcode : 'fmul'> <InPorts = 2> <OutPorts = 1>
ST_125 : Operation 532 [3/5] (4.35ns)   --->   "%div_i1 = fmul i32 %conv_i1, i32 1.52588e-05" [new_fixedpoint2205/fixedpt.h:14]   --->   Operation 532 'fmul' 'div_i1' <Predicate = true> <Delay = 4.35> <CoreInst = "FMul_maxdsp">   --->   Core 30 'FMul_maxdsp' <Latency = 4> <II = 1> <Delay = 4.35> <FuncUnit> <Opcode : 'fmul'> <InPorts = 2> <OutPorts = 1>
ST_125 : Operation 533 [1/2] (2.32ns)   --->   "%Bool_load = load i3 %Bool_addr" [new_fixedpoint2205/main.cpp:131->new_fixedpoint2205/main.cpp:380]   --->   Operation 533 'load' 'Bool_load' <Predicate = true> <Delay = 2.32> <CoreInst = "RAM">   --->   Core 82 'RAM' <Latency = 1> <II = 1> <Delay = 2.32> <Storage> <Opcode : 'load' 'store'> <Ports = 2> <Width = 1> <Depth = 6> <RAM>
ST_125 : Operation 534 [1/2] (2.32ns)   --->   "%Bool_load_1 = load i3 %Bool_addr_1" [new_fixedpoint2205/main.cpp:131->new_fixedpoint2205/main.cpp:380]   --->   Operation 534 'load' 'Bool_load_1' <Predicate = true> <Delay = 2.32> <CoreInst = "RAM">   --->   Core 82 'RAM' <Latency = 1> <II = 1> <Delay = 2.32> <Storage> <Opcode : 'load' 'store'> <Ports = 2> <Width = 1> <Depth = 6> <RAM>
ST_125 : Operation 535 [1/1] (0.00ns)   --->   "%Bool_addr_2 = getelementptr i1 %Bool, i64 0, i64 2" [new_fixedpoint2205/main.cpp:131->new_fixedpoint2205/main.cpp:380]   --->   Operation 535 'getelementptr' 'Bool_addr_2' <Predicate = true> <Delay = 0.00>
ST_125 : Operation 536 [2/2] (2.32ns)   --->   "%Bool_load_2 = load i3 %Bool_addr_2" [new_fixedpoint2205/main.cpp:131->new_fixedpoint2205/main.cpp:380]   --->   Operation 536 'load' 'Bool_load_2' <Predicate = true> <Delay = 2.32> <CoreInst = "RAM">   --->   Core 82 'RAM' <Latency = 1> <II = 1> <Delay = 2.32> <Storage> <Opcode : 'load' 'store'> <Ports = 2> <Width = 1> <Depth = 6> <RAM>
ST_125 : Operation 537 [1/1] (0.00ns)   --->   "%Bool_addr_3 = getelementptr i1 %Bool, i64 0, i64 3" [new_fixedpoint2205/main.cpp:131->new_fixedpoint2205/main.cpp:380]   --->   Operation 537 'getelementptr' 'Bool_addr_3' <Predicate = true> <Delay = 0.00>
ST_125 : Operation 538 [2/2] (2.32ns)   --->   "%Bool_load_3 = load i3 %Bool_addr_3" [new_fixedpoint2205/main.cpp:131->new_fixedpoint2205/main.cpp:380]   --->   Operation 538 'load' 'Bool_load_3' <Predicate = true> <Delay = 2.32> <CoreInst = "RAM">   --->   Core 82 'RAM' <Latency = 1> <II = 1> <Delay = 2.32> <Storage> <Opcode : 'load' 'store'> <Ports = 2> <Width = 1> <Depth = 6> <RAM>

State 126 <SV = 125> <Delay = 4.35>
ST_126 : Operation 539 [1/5] (4.35ns)   --->   "%div_i = fmul i32 %conv_i, i32 1.52588e-05" [new_fixedpoint2205/fixedpt.h:14]   --->   Operation 539 'fmul' 'div_i' <Predicate = true> <Delay = 4.35> <CoreInst = "FMul_maxdsp">   --->   Core 30 'FMul_maxdsp' <Latency = 4> <II = 1> <Delay = 4.35> <FuncUnit> <Opcode : 'fmul'> <InPorts = 2> <OutPorts = 1>
ST_126 : Operation 540 [2/5] (4.35ns)   --->   "%div_i1 = fmul i32 %conv_i1, i32 1.52588e-05" [new_fixedpoint2205/fixedpt.h:14]   --->   Operation 540 'fmul' 'div_i1' <Predicate = true> <Delay = 4.35> <CoreInst = "FMul_maxdsp">   --->   Core 30 'FMul_maxdsp' <Latency = 4> <II = 1> <Delay = 4.35> <FuncUnit> <Opcode : 'fmul'> <InPorts = 2> <OutPorts = 1>
ST_126 : Operation 541 [1/2] (2.32ns)   --->   "%Bool_load_2 = load i3 %Bool_addr_2" [new_fixedpoint2205/main.cpp:131->new_fixedpoint2205/main.cpp:380]   --->   Operation 541 'load' 'Bool_load_2' <Predicate = true> <Delay = 2.32> <CoreInst = "RAM">   --->   Core 82 'RAM' <Latency = 1> <II = 1> <Delay = 2.32> <Storage> <Opcode : 'load' 'store'> <Ports = 2> <Width = 1> <Depth = 6> <RAM>
ST_126 : Operation 542 [1/2] (2.32ns)   --->   "%Bool_load_3 = load i3 %Bool_addr_3" [new_fixedpoint2205/main.cpp:131->new_fixedpoint2205/main.cpp:380]   --->   Operation 542 'load' 'Bool_load_3' <Predicate = true> <Delay = 2.32> <CoreInst = "RAM">   --->   Core 82 'RAM' <Latency = 1> <II = 1> <Delay = 2.32> <Storage> <Opcode : 'load' 'store'> <Ports = 2> <Width = 1> <Depth = 6> <RAM>
ST_126 : Operation 543 [1/1] (0.00ns)   --->   "%Bool_addr_4 = getelementptr i1 %Bool, i64 0, i64 4" [new_fixedpoint2205/main.cpp:131->new_fixedpoint2205/main.cpp:380]   --->   Operation 543 'getelementptr' 'Bool_addr_4' <Predicate = true> <Delay = 0.00>
ST_126 : Operation 544 [2/2] (2.32ns)   --->   "%Bool_load_4 = load i3 %Bool_addr_4" [new_fixedpoint2205/main.cpp:131->new_fixedpoint2205/main.cpp:380]   --->   Operation 544 'load' 'Bool_load_4' <Predicate = true> <Delay = 2.32> <CoreInst = "RAM">   --->   Core 82 'RAM' <Latency = 1> <II = 1> <Delay = 2.32> <Storage> <Opcode : 'load' 'store'> <Ports = 2> <Width = 1> <Depth = 6> <RAM>
ST_126 : Operation 545 [1/1] (0.00ns)   --->   "%Bool_addr_5 = getelementptr i1 %Bool, i64 0, i64 5" [new_fixedpoint2205/main.cpp:131->new_fixedpoint2205/main.cpp:380]   --->   Operation 545 'getelementptr' 'Bool_addr_5' <Predicate = true> <Delay = 0.00>
ST_126 : Operation 546 [2/2] (2.32ns)   --->   "%Bool_load_5 = load i3 %Bool_addr_5" [new_fixedpoint2205/main.cpp:131->new_fixedpoint2205/main.cpp:380]   --->   Operation 546 'load' 'Bool_load_5' <Predicate = true> <Delay = 2.32> <CoreInst = "RAM">   --->   Core 82 'RAM' <Latency = 1> <II = 1> <Delay = 2.32> <Storage> <Opcode : 'load' 'store'> <Ports = 2> <Width = 1> <Depth = 6> <RAM>

State 127 <SV = 126> <Delay = 4.35>
ST_127 : Operation 547 [1/1] (0.00ns)   --->   "%bitcast_ln375 = bitcast i32 %div_i" [new_fixedpoint2205/main.cpp:375]   --->   Operation 547 'bitcast' 'bitcast_ln375' <Predicate = true> <Delay = 0.00>
ST_127 : Operation 548 [1/1] (0.00ns)   --->   "%oup_addr_1 = getelementptr i32 %oup, i64 0, i64 2" [new_fixedpoint2205/main.cpp:375]   --->   Operation 548 'getelementptr' 'oup_addr_1' <Predicate = true> <Delay = 0.00>
ST_127 : Operation 549 [1/1] (2.32ns)   --->   "%store_ln375 = store i32 %bitcast_ln375, i3 %oup_addr_1" [new_fixedpoint2205/main.cpp:375]   --->   Operation 549 'store' 'store_ln375' <Predicate = true> <Delay = 2.32> <CoreInst = "RAM_1P">   --->   Core 86 'RAM_1P' <Latency = 1> <II = 1> <Delay = 2.32> <Storage> <Opcode : 'load' 'store'> <Ports = 1> <Width = 32> <Depth = 5> <RAM>
ST_127 : Operation 550 [1/5] (4.35ns)   --->   "%div_i1 = fmul i32 %conv_i1, i32 1.52588e-05" [new_fixedpoint2205/fixedpt.h:14]   --->   Operation 550 'fmul' 'div_i1' <Predicate = true> <Delay = 4.35> <CoreInst = "FMul_maxdsp">   --->   Core 30 'FMul_maxdsp' <Latency = 4> <II = 1> <Delay = 4.35> <FuncUnit> <Opcode : 'fmul'> <InPorts = 2> <OutPorts = 1>
ST_127 : Operation 551 [1/2] (2.32ns)   --->   "%Bool_load_4 = load i3 %Bool_addr_4" [new_fixedpoint2205/main.cpp:131->new_fixedpoint2205/main.cpp:380]   --->   Operation 551 'load' 'Bool_load_4' <Predicate = true> <Delay = 2.32> <CoreInst = "RAM">   --->   Core 82 'RAM' <Latency = 1> <II = 1> <Delay = 2.32> <Storage> <Opcode : 'load' 'store'> <Ports = 2> <Width = 1> <Depth = 6> <RAM>
ST_127 : Operation 552 [1/2] (2.32ns)   --->   "%Bool_load_5 = load i3 %Bool_addr_5" [new_fixedpoint2205/main.cpp:131->new_fixedpoint2205/main.cpp:380]   --->   Operation 552 'load' 'Bool_load_5' <Predicate = true> <Delay = 2.32> <CoreInst = "RAM">   --->   Core 82 'RAM' <Latency = 1> <II = 1> <Delay = 2.32> <Storage> <Opcode : 'load' 'store'> <Ports = 2> <Width = 1> <Depth = 6> <RAM>
ST_127 : Operation 553 [1/1] (0.00ns) (grouped into LUT with out node is_obstacle_free)   --->   "%and_ln131 = and i1 %Bool_load_4, i1 %Bool_load_2" [new_fixedpoint2205/main.cpp:131->new_fixedpoint2205/main.cpp:380]   --->   Operation 553 'and' 'and_ln131' <Predicate = true> <Delay = 0.00> <CoreInst = "LogicGate">   --->   Core 74 'LogicGate' <Latency = 0> <II = 1> <Delay = 0.97> <FuncUnit> <Opcode : 'and' 'or' 'xor'> <InPorts = 2> <OutPorts = 1>
ST_127 : Operation 554 [1/1] (0.00ns) (grouped into LUT with out node is_obstacle_free)   --->   "%and_ln131_1 = and i1 %and_ln131, i1 %Bool_load_3" [new_fixedpoint2205/main.cpp:131->new_fixedpoint2205/main.cpp:380]   --->   Operation 554 'and' 'and_ln131_1' <Predicate = true> <Delay = 0.00> <CoreInst = "LogicGate">   --->   Core 74 'LogicGate' <Latency = 0> <II = 1> <Delay = 0.97> <FuncUnit> <Opcode : 'and' 'or' 'xor'> <InPorts = 2> <OutPorts = 1>
ST_127 : Operation 555 [1/1] (0.00ns) (grouped into LUT with out node is_obstacle_free)   --->   "%and_ln131_2 = and i1 %Bool_load, i1 %Bool_load_5" [new_fixedpoint2205/main.cpp:131->new_fixedpoint2205/main.cpp:380]   --->   Operation 555 'and' 'and_ln131_2' <Predicate = true> <Delay = 0.00> <CoreInst = "LogicGate">   --->   Core 74 'LogicGate' <Latency = 0> <II = 1> <Delay = 0.97> <FuncUnit> <Opcode : 'and' 'or' 'xor'> <InPorts = 2> <OutPorts = 1>
ST_127 : Operation 556 [1/1] (0.00ns) (grouped into LUT with out node is_obstacle_free)   --->   "%and_ln131_3 = and i1 %and_ln131_2, i1 %Bool_load_1" [new_fixedpoint2205/main.cpp:131->new_fixedpoint2205/main.cpp:380]   --->   Operation 556 'and' 'and_ln131_3' <Predicate = true> <Delay = 0.00> <CoreInst = "LogicGate">   --->   Core 74 'LogicGate' <Latency = 0> <II = 1> <Delay = 0.97> <FuncUnit> <Opcode : 'and' 'or' 'xor'> <InPorts = 2> <OutPorts = 1>
ST_127 : Operation 557 [1/1] (0.97ns) (out node of the LUT)   --->   "%is_obstacle_free = and i1 %and_ln131_3, i1 %and_ln131_1" [new_fixedpoint2205/main.cpp:131->new_fixedpoint2205/main.cpp:380]   --->   Operation 557 'and' 'is_obstacle_free' <Predicate = true> <Delay = 0.97> <CoreInst = "LogicGate">   --->   Core 74 'LogicGate' <Latency = 0> <II = 1> <Delay = 0.97> <FuncUnit> <Opcode : 'and' 'or' 'xor'> <InPorts = 2> <OutPorts = 1>

State 128 <SV = 127> <Delay = 4.92>
ST_128 : Operation 558 [1/1] (0.00ns)   --->   "%specbitsmap_ln0 = specbitsmap void @_ssdm_op_SpecBitsMap, i1 0"   --->   Operation 558 'specbitsmap' 'specbitsmap_ln0' <Predicate = true> <Delay = 0.00>
ST_128 : Operation 559 [1/1] (0.00ns)   --->   "%spectopmodule_ln0 = spectopmodule void @_ssdm_op_SpecTopModule, void @empty_7"   --->   Operation 559 'spectopmodule' 'spectopmodule_ln0' <Predicate = true> <Delay = 0.00>
ST_128 : Operation 560 [1/1] (0.00ns)   --->   "%specinterface_ln0 = specinterface void @_ssdm_op_SpecInterface, i64 %dataInStream_V_data_V, i8 %dataInStream_V_keep_V, i8 %dataInStream_V_strb_V, i2 %dataInStream_V_user_V, i1 %dataInStream_V_last_V, i5 %dataInStream_V_id_V, i6 %dataInStream_V_dest_V, void @empty_12, i32 1, i32 1, void @empty_17, i32 0, i32 0, void @empty_10, void @empty_10, void @empty_10, i32 0, i32 0, i32 0, i32 0, void @empty_10, void @empty_10"   --->   Operation 560 'specinterface' 'specinterface_ln0' <Predicate = true> <Delay = 0.00>
ST_128 : Operation 561 [1/1] (0.00ns)   --->   "%specbitsmap_ln0 = specbitsmap void @_ssdm_op_SpecBitsMap, i64 %dataInStream_V_data_V"   --->   Operation 561 'specbitsmap' 'specbitsmap_ln0' <Predicate = true> <Delay = 0.00>
ST_128 : Operation 562 [1/1] (0.00ns)   --->   "%specbitsmap_ln0 = specbitsmap void @_ssdm_op_SpecBitsMap, i8 %dataInStream_V_keep_V"   --->   Operation 562 'specbitsmap' 'specbitsmap_ln0' <Predicate = true> <Delay = 0.00>
ST_128 : Operation 563 [1/1] (0.00ns)   --->   "%specbitsmap_ln0 = specbitsmap void @_ssdm_op_SpecBitsMap, i8 %dataInStream_V_strb_V"   --->   Operation 563 'specbitsmap' 'specbitsmap_ln0' <Predicate = true> <Delay = 0.00>
ST_128 : Operation 564 [1/1] (0.00ns)   --->   "%specbitsmap_ln0 = specbitsmap void @_ssdm_op_SpecBitsMap, i2 %dataInStream_V_user_V"   --->   Operation 564 'specbitsmap' 'specbitsmap_ln0' <Predicate = true> <Delay = 0.00>
ST_128 : Operation 565 [1/1] (0.00ns)   --->   "%specbitsmap_ln0 = specbitsmap void @_ssdm_op_SpecBitsMap, i1 %dataInStream_V_last_V"   --->   Operation 565 'specbitsmap' 'specbitsmap_ln0' <Predicate = true> <Delay = 0.00>
ST_128 : Operation 566 [1/1] (0.00ns)   --->   "%specbitsmap_ln0 = specbitsmap void @_ssdm_op_SpecBitsMap, i5 %dataInStream_V_id_V"   --->   Operation 566 'specbitsmap' 'specbitsmap_ln0' <Predicate = true> <Delay = 0.00>
ST_128 : Operation 567 [1/1] (0.00ns)   --->   "%specbitsmap_ln0 = specbitsmap void @_ssdm_op_SpecBitsMap, i6 %dataInStream_V_dest_V"   --->   Operation 567 'specbitsmap' 'specbitsmap_ln0' <Predicate = true> <Delay = 0.00>
ST_128 : Operation 568 [1/1] (0.00ns)   --->   "%specbitsmap_ln0 = specbitsmap void @_ssdm_op_SpecBitsMap, i32 %xrandx"   --->   Operation 568 'specbitsmap' 'specbitsmap_ln0' <Predicate = true> <Delay = 0.00>
ST_128 : Operation 569 [1/1] (0.00ns)   --->   "%specinterface_ln0 = specinterface void @_ssdm_op_SpecInterface, i32 %xrandx, void @empty, i32 0, i32 0, void @empty_10, i32 0, i32 0, void @empty_0, void @empty_1, void @empty_10, i32 0, i32 0, i32 0, i32 0, void @empty_10, void @empty_10"   --->   Operation 569 'specinterface' 'specinterface_ln0' <Predicate = true> <Delay = 0.00>
ST_128 : Operation 570 [1/1] (0.00ns)   --->   "%specinterface_ln0 = specinterface void @_ssdm_op_SpecInterface, i32 %xrandx, void @empty_2, i32 0, i32 0, void @empty_10, i32 0, i32 0, void @empty_10, void @empty_10, void @empty_10, i32 0, i32 0, i32 0, i32 0, void @empty_10, void @empty_10"   --->   Operation 570 'specinterface' 'specinterface_ln0' <Predicate = true> <Delay = 0.00>
ST_128 : Operation 571 [1/1] (0.00ns)   --->   "%specbitsmap_ln0 = specbitsmap void @_ssdm_op_SpecBitsMap, i32 %xrandy"   --->   Operation 571 'specbitsmap' 'specbitsmap_ln0' <Predicate = true> <Delay = 0.00>
ST_128 : Operation 572 [1/1] (0.00ns)   --->   "%specinterface_ln0 = specinterface void @_ssdm_op_SpecInterface, i32 %xrandy, void @empty, i32 0, i32 0, void @empty_10, i32 0, i32 0, void @empty_0, void @empty_3, void @empty_10, i32 0, i32 0, i32 0, i32 0, void @empty_10, void @empty_10"   --->   Operation 572 'specinterface' 'specinterface_ln0' <Predicate = true> <Delay = 0.00>
ST_128 : Operation 573 [1/1] (0.00ns)   --->   "%specinterface_ln0 = specinterface void @_ssdm_op_SpecInterface, i32 %xrandy, void @empty_2, i32 0, i32 0, void @empty_10, i32 0, i32 0, void @empty_10, void @empty_10, void @empty_10, i32 0, i32 0, i32 0, i32 0, void @empty_10, void @empty_10"   --->   Operation 573 'specinterface' 'specinterface_ln0' <Predicate = true> <Delay = 0.00>
ST_128 : Operation 574 [1/1] (0.00ns)   --->   "%specbitsmap_ln0 = specbitsmap void @_ssdm_op_SpecBitsMap, i32 %N"   --->   Operation 574 'specbitsmap' 'specbitsmap_ln0' <Predicate = true> <Delay = 0.00>
ST_128 : Operation 575 [1/1] (0.00ns)   --->   "%specinterface_ln0 = specinterface void @_ssdm_op_SpecInterface, i32 %N, void @empty, i32 0, i32 0, void @empty_10, i32 0, i32 0, void @empty_0, void @empty_4, void @empty_10, i32 0, i32 0, i32 0, i32 0, void @empty_10, void @empty_10"   --->   Operation 575 'specinterface' 'specinterface_ln0' <Predicate = true> <Delay = 0.00>
ST_128 : Operation 576 [1/1] (0.00ns)   --->   "%specinterface_ln0 = specinterface void @_ssdm_op_SpecInterface, i32 %N, void @empty_2, i32 0, i32 0, void @empty_10, i32 0, i32 0, void @empty_10, void @empty_10, void @empty_10, i32 0, i32 0, i32 0, i32 0, void @empty_10, void @empty_10"   --->   Operation 576 'specinterface' 'specinterface_ln0' <Predicate = true> <Delay = 0.00>
ST_128 : Operation 577 [1/1] (0.00ns)   --->   "%specinterface_ln0 = specinterface void @_ssdm_op_SpecInterface, i32 %oup, void @empty, i32 0, i32 0, void @empty_10, i32 0, i32 0, void @empty_0, void @empty_18, void @empty_10, i32 0, i32 0, i32 0, i32 0, void @empty_10, void @empty_10"   --->   Operation 577 'specinterface' 'specinterface_ln0' <Predicate = true> <Delay = 0.00>
ST_128 : Operation 578 [1/1] (0.00ns)   --->   "%specinterface_ln0 = specinterface void @_ssdm_op_SpecInterface, i32 %oup, void @empty_19, i32 0, i32 0, void @empty_10, i32 1, i32 0, void @empty_10, void @empty_10, void @empty_10, i32 0, i32 0, i32 0, i32 0, void @empty_10, void @empty_10"   --->   Operation 578 'specinterface' 'specinterface_ln0' <Predicate = true> <Delay = 0.00>
ST_128 : Operation 579 [1/1] (0.00ns)   --->   "%specmemcore_ln0 = specmemcore void @_ssdm_op_SpecMemCore, i32 %oup, i64 666, i64 207, i64 1"   --->   Operation 579 'specmemcore' 'specmemcore_ln0' <Predicate = true> <Delay = 0.00>
ST_128 : Operation 580 [1/1] (0.00ns)   --->   "%specbitsmap_ln0 = specbitsmap void @_ssdm_op_SpecBitsMap, i32 %oup"   --->   Operation 580 'specbitsmap' 'specbitsmap_ln0' <Predicate = true> <Delay = 0.00>
ST_128 : Operation 581 [1/1] (0.00ns)   --->   "%specbitsmap_ln0 = specbitsmap void @_ssdm_op_SpecBitsMap, i32 %Squared_r_n"   --->   Operation 581 'specbitsmap' 'specbitsmap_ln0' <Predicate = true> <Delay = 0.00>
ST_128 : Operation 582 [1/1] (0.00ns)   --->   "%specinterface_ln0 = specinterface void @_ssdm_op_SpecInterface, i32 %Squared_r_n, void @empty, i32 0, i32 0, void @empty_10, i32 0, i32 0, void @empty_0, void @empty_9, void @empty_10, i32 0, i32 0, i32 0, i32 0, void @empty_10, void @empty_10"   --->   Operation 582 'specinterface' 'specinterface_ln0' <Predicate = true> <Delay = 0.00>
ST_128 : Operation 583 [1/1] (0.00ns)   --->   "%specinterface_ln0 = specinterface void @_ssdm_op_SpecInterface, i32 %Squared_r_n, void @empty_2, i32 0, i32 0, void @empty_10, i32 0, i32 0, void @empty_10, void @empty_10, void @empty_10, i32 0, i32 0, i32 0, i32 0, void @empty_10, void @empty_10"   --->   Operation 583 'specinterface' 'specinterface_ln0' <Predicate = true> <Delay = 0.00>
ST_128 : Operation 584 [1/1] (0.00ns)   --->   "%specbitsmap_ln0 = specbitsmap void @_ssdm_op_SpecBitsMap, i32 %Squared_R_Robot"   --->   Operation 584 'specbitsmap' 'specbitsmap_ln0' <Predicate = true> <Delay = 0.00>
ST_128 : Operation 585 [1/1] (0.00ns)   --->   "%specinterface_ln0 = specinterface void @_ssdm_op_SpecInterface, i32 %Squared_R_Robot, void @empty, i32 0, i32 0, void @empty_10, i32 0, i32 0, void @empty_0, void @empty_5, void @empty_10, i32 0, i32 0, i32 0, i32 0, void @empty_10, void @empty_10"   --->   Operation 585 'specinterface' 'specinterface_ln0' <Predicate = true> <Delay = 0.00>
ST_128 : Operation 586 [1/1] (0.00ns)   --->   "%specinterface_ln0 = specinterface void @_ssdm_op_SpecInterface, i32 %Squared_R_Robot, void @empty_2, i32 0, i32 0, void @empty_10, i32 0, i32 0, void @empty_10, void @empty_10, void @empty_10, i32 0, i32 0, i32 0, i32 0, void @empty_10, void @empty_10"   --->   Operation 586 'specinterface' 'specinterface_ln0' <Predicate = true> <Delay = 0.00>
ST_128 : Operation 587 [1/1] (0.00ns)   --->   "%specinterface_ln0 = specinterface void @_ssdm_op_SpecInterface, i32 %XNearStream_V_data_V, i4 %XNearStream_V_keep_V, i4 %XNearStream_V_strb_V, i2 %XNearStream_V_user_V, i1 %XNearStream_V_last_V, i5 %XNearStream_V_id_V, i6 %XNearStream_V_dest_V, void @empty_12, i32 1, i32 1, void @empty_17, i32 0, i32 0, void @empty_10, void @empty_10, void @empty_10, i32 0, i32 0, i32 0, i32 0, void @empty_10, void @empty_10"   --->   Operation 587 'specinterface' 'specinterface_ln0' <Predicate = true> <Delay = 0.00>
ST_128 : Operation 588 [1/1] (0.00ns)   --->   "%specbitsmap_ln0 = specbitsmap void @_ssdm_op_SpecBitsMap, i32 %XNearStream_V_data_V"   --->   Operation 588 'specbitsmap' 'specbitsmap_ln0' <Predicate = true> <Delay = 0.00>
ST_128 : Operation 589 [1/1] (0.00ns)   --->   "%specbitsmap_ln0 = specbitsmap void @_ssdm_op_SpecBitsMap, i4 %XNearStream_V_keep_V"   --->   Operation 589 'specbitsmap' 'specbitsmap_ln0' <Predicate = true> <Delay = 0.00>
ST_128 : Operation 590 [1/1] (0.00ns)   --->   "%specbitsmap_ln0 = specbitsmap void @_ssdm_op_SpecBitsMap, i4 %XNearStream_V_strb_V"   --->   Operation 590 'specbitsmap' 'specbitsmap_ln0' <Predicate = true> <Delay = 0.00>
ST_128 : Operation 591 [1/1] (0.00ns)   --->   "%specbitsmap_ln0 = specbitsmap void @_ssdm_op_SpecBitsMap, i2 %XNearStream_V_user_V"   --->   Operation 591 'specbitsmap' 'specbitsmap_ln0' <Predicate = true> <Delay = 0.00>
ST_128 : Operation 592 [1/1] (0.00ns)   --->   "%specbitsmap_ln0 = specbitsmap void @_ssdm_op_SpecBitsMap, i1 %XNearStream_V_last_V"   --->   Operation 592 'specbitsmap' 'specbitsmap_ln0' <Predicate = true> <Delay = 0.00>
ST_128 : Operation 593 [1/1] (0.00ns)   --->   "%specbitsmap_ln0 = specbitsmap void @_ssdm_op_SpecBitsMap, i5 %XNearStream_V_id_V"   --->   Operation 593 'specbitsmap' 'specbitsmap_ln0' <Predicate = true> <Delay = 0.00>
ST_128 : Operation 594 [1/1] (0.00ns)   --->   "%specbitsmap_ln0 = specbitsmap void @_ssdm_op_SpecBitsMap, i6 %XNearStream_V_dest_V"   --->   Operation 594 'specbitsmap' 'specbitsmap_ln0' <Predicate = true> <Delay = 0.00>
ST_128 : Operation 595 [1/1] (0.00ns)   --->   "%specinterface_ln0 = specinterface void @_ssdm_op_SpecInterface, i32 0, void @empty, i32 0, i32 0, void @empty_10, i32 0, i32 0, void @empty_0, void @empty_6, void @empty_10, i32 0, i32 0, i32 0, i32 0, void @empty_10, void @empty_10"   --->   Operation 595 'specinterface' 'specinterface_ln0' <Predicate = true> <Delay = 0.00>
ST_128 : Operation 596 [1/1] (0.00ns)   --->   "%output_stream_keep_V_loc_load = load i4 %output_stream_keep_V_loc"   --->   Operation 596 'load' 'output_stream_keep_V_loc_load' <Predicate = true> <Delay = 0.00>
ST_128 : Operation 597 [1/1] (0.00ns)   --->   "%output_stream_strb_V_loc_load = load i4 %output_stream_strb_V_loc"   --->   Operation 597 'load' 'output_stream_strb_V_loc_load' <Predicate = true> <Delay = 0.00>
ST_128 : Operation 598 [1/1] (0.00ns)   --->   "%tmp_user_V_loc_load = load i2 %tmp_user_V_loc"   --->   Operation 598 'load' 'tmp_user_V_loc_load' <Predicate = true> <Delay = 0.00>
ST_128 : Operation 599 [1/1] (0.00ns)   --->   "%tmp_id_V_loc_load = load i5 %tmp_id_V_loc"   --->   Operation 599 'load' 'tmp_id_V_loc_load' <Predicate = true> <Delay = 0.00>
ST_128 : Operation 600 [1/1] (0.00ns)   --->   "%tmp_dest_V_loc_load = load i6 %tmp_dest_V_loc"   --->   Operation 600 'load' 'tmp_dest_V_loc_load' <Predicate = true> <Delay = 0.00>
ST_128 : Operation 601 [1/1] (0.00ns)   --->   "%bitcast_ln376 = bitcast i32 %div_i1" [new_fixedpoint2205/main.cpp:376]   --->   Operation 601 'bitcast' 'bitcast_ln376' <Predicate = true> <Delay = 0.00>
ST_128 : Operation 602 [1/1] (0.00ns)   --->   "%oup_addr_2 = getelementptr i32 %oup, i64 0, i64 3" [new_fixedpoint2205/main.cpp:376]   --->   Operation 602 'getelementptr' 'oup_addr_2' <Predicate = true> <Delay = 0.00>
ST_128 : Operation 603 [1/1] (2.32ns)   --->   "%store_ln376 = store i32 %bitcast_ln376, i3 %oup_addr_2" [new_fixedpoint2205/main.cpp:376]   --->   Operation 603 'store' 'store_ln376' <Predicate = true> <Delay = 2.32> <CoreInst = "RAM_1P">   --->   Core 86 'RAM_1P' <Latency = 1> <II = 1> <Delay = 2.32> <Storage> <Opcode : 'load' 'store'> <Ports = 1> <Width = 32> <Depth = 5> <RAM>
ST_128 : Operation 604 [1/1] (0.00ns)   --->   "%br_ln383 = br i1 %is_obstacle_free, void %.preheader.preheader, void %codeRepl14" [new_fixedpoint2205/main.cpp:383]   --->   Operation 604 'br' 'br_ln383' <Predicate = true> <Delay = 0.00>
ST_128 : Operation 605 [1/1] (0.00ns)   --->   "%empty_43 = wait i32 @_ssdm_op_Wait"   --->   Operation 605 'wait' 'empty_43' <Predicate = (!is_obstacle_free)> <Delay = 0.00>
ST_128 : Operation 606 [2/2] (0.00ns)   --->   "%call_ln0 = call void @rrt_Pipeline_VITIS_LOOP_420_3, i4 %output_stream_keep_V_loc_load, i4 %output_stream_strb_V_loc_load, i2 %tmp_user_V_loc_load, i5 %tmp_id_V_loc_load, i6 %tmp_dest_V_loc_load, i32 %XNearStream_V_data_V, i4 %XNearStream_V_keep_V, i4 %XNearStream_V_strb_V, i2 %XNearStream_V_user_V, i1 %XNearStream_V_last_V, i5 %XNearStream_V_id_V, i6 %XNearStream_V_dest_V"   --->   Operation 606 'call' 'call_ln0' <Predicate = (!is_obstacle_free)> <Delay = 0.00> <CoreType = "Generic">   --->   Core 0 '' <Latency = 0> <II = 1> <Delay = 1.00> <Generic> <Opcode : >
ST_128 : Operation 607 [2/2] (4.92ns)   --->   "%XNearCnt = call i32 @Nearhw, i16 %x_near, i32 %RRT_Star_Position_x, i32 %RRT_Star_Position_y, i16 %RRT_Star_Location_List, i32 %x_new_pos_Position_x, i32 %x_new_pos_Position_y, i32 %sqrn, i14 %empty" [new_fixedpoint2205/main.cpp:386]   --->   Operation 607 'call' 'XNearCnt' <Predicate = (is_obstacle_free)> <Delay = 4.92> <CoreType = "Generic">   --->   Core 0 '' <Latency = 0> <II = 1> <Delay = 1.00> <Generic> <Opcode : >

State 129 <SV = 128> <Delay = 0.00>
ST_129 : Operation 608 [1/2] (0.00ns)   --->   "%call_ln0 = call void @rrt_Pipeline_VITIS_LOOP_420_3, i4 %output_stream_keep_V_loc_load, i4 %output_stream_strb_V_loc_load, i2 %tmp_user_V_loc_load, i5 %tmp_id_V_loc_load, i6 %tmp_dest_V_loc_load, i32 %XNearStream_V_data_V, i4 %XNearStream_V_keep_V, i4 %XNearStream_V_strb_V, i2 %XNearStream_V_user_V, i1 %XNearStream_V_last_V, i5 %XNearStream_V_id_V, i6 %XNearStream_V_dest_V"   --->   Operation 608 'call' 'call_ln0' <Predicate = true> <Delay = 0.00> <CoreType = "Generic">   --->   Core 0 '' <Latency = 0> <II = 1> <Delay = 1.00> <Generic> <Opcode : >
ST_129 : Operation 609 [1/1] (0.00ns)   --->   "%br_ln0 = br void %.loopexit"   --->   Operation 609 'br' 'br_ln0' <Predicate = true> <Delay = 0.00>

State 130 <SV = 128> <Delay = 0.00>
ST_130 : Operation 610 [1/2] (0.00ns)   --->   "%XNearCnt = call i32 @Nearhw, i16 %x_near, i32 %RRT_Star_Position_x, i32 %RRT_Star_Position_y, i16 %RRT_Star_Location_List, i32 %x_new_pos_Position_x, i32 %x_new_pos_Position_y, i32 %sqrn, i14 %empty" [new_fixedpoint2205/main.cpp:386]   --->   Operation 610 'call' 'XNearCnt' <Predicate = true> <Delay = 0.00> <CoreType = "Generic">   --->   Core 0 '' <Latency = 0> <II = 1> <Delay = 1.00> <Generic> <Opcode : >

State 131 <SV = 129> <Delay = 6.31>
ST_131 : Operation 611 [2/2] (3.25ns)   --->   "%RRT_Star_Position_x_load = load i14 %RRT_Star_Position_x_addr" [new_fixedpoint2205/main.cpp:161]   --->   Operation 611 'load' 'RRT_Star_Position_x_load' <Predicate = true> <Delay = 3.25> <CoreInst = "RAM">   --->   Core 82 'RAM' <Latency = 1> <II = 1> <Delay = 3.25> <Storage> <Opcode : 'load' 'store'> <Ports = 2> <Width = 32> <Depth = 10000> <RAM>
ST_131 : Operation 612 [2/2] (3.25ns)   --->   "%RRT_Star_Position_y_load = load i14 %RRT_Star_Position_y_addr" [new_fixedpoint2205/main.cpp:161]   --->   Operation 612 'load' 'RRT_Star_Position_y_load' <Predicate = true> <Delay = 3.25> <CoreInst = "RAM">   --->   Core 82 'RAM' <Latency = 1> <II = 1> <Delay = 3.25> <Storage> <Opcode : 'load' 'store'> <Ports = 2> <Width = 32> <Depth = 10000> <RAM>
ST_131 : Operation 613 [7/7] (6.31ns)   --->   "%conv6 = sitofp i32 %XNearCnt" [new_fixedpoint2205/main.cpp:395]   --->   Operation 613 'sitofp' 'conv6' <Predicate = true> <Delay = 6.31> <CoreInst = "Int2Float">   --->   Core 62 'Int2Float' <Latency = 6> <II = 1> <Delay = 6.31> <FuncUnit> <Opcode : 'sitofp' 'uitofp'> <InPorts = 1> <OutPorts = 1>
ST_131 : Operation 614 [1/1] (0.00ns)   --->   "%empty_44 = wait i32 @_ssdm_op_Wait"   --->   Operation 614 'wait' 'empty_44' <Predicate = true> <Delay = 0.00>

State 132 <SV = 130> <Delay = 6.31>
ST_132 : Operation 615 [1/2] (3.25ns)   --->   "%RRT_Star_Position_x_load = load i14 %RRT_Star_Position_x_addr" [new_fixedpoint2205/main.cpp:161]   --->   Operation 615 'load' 'RRT_Star_Position_x_load' <Predicate = true> <Delay = 3.25> <CoreInst = "RAM">   --->   Core 82 'RAM' <Latency = 1> <II = 1> <Delay = 3.25> <Storage> <Opcode : 'load' 'store'> <Ports = 2> <Width = 32> <Depth = 10000> <RAM>
ST_132 : Operation 616 [1/2] (3.25ns)   --->   "%RRT_Star_Position_y_load = load i14 %RRT_Star_Position_y_addr" [new_fixedpoint2205/main.cpp:161]   --->   Operation 616 'load' 'RRT_Star_Position_y_load' <Predicate = true> <Delay = 3.25> <CoreInst = "RAM">   --->   Core 82 'RAM' <Latency = 1> <II = 1> <Delay = 3.25> <Storage> <Opcode : 'load' 'store'> <Ports = 2> <Width = 32> <Depth = 10000> <RAM>
ST_132 : Operation 617 [6/7] (6.31ns)   --->   "%conv6 = sitofp i32 %XNearCnt" [new_fixedpoint2205/main.cpp:395]   --->   Operation 617 'sitofp' 'conv6' <Predicate = true> <Delay = 6.31> <CoreInst = "Int2Float">   --->   Core 62 'Int2Float' <Latency = 6> <II = 1> <Delay = 6.31> <FuncUnit> <Opcode : 'sitofp' 'uitofp'> <InPorts = 1> <OutPorts = 1>

State 133 <SV = 131> <Delay = 6.31>
ST_133 : Operation 618 [1/1] (2.55ns)   --->   "%sub_ln161 = sub i32 %RRT_Star_Position_x_load, i32 %x_new_pos_Position_x" [new_fixedpoint2205/main.cpp:161]   --->   Operation 618 'sub' 'sub_ln161' <Predicate = true> <Delay = 2.55> <CoreInst = "Adder">   --->   Core 1 'Adder' <Latency = 0> <II = 1> <Delay = 2.55> <FuncUnit> <Opcode : 'add' 'sub'> <InPorts = 2> <OutPorts = 1>
ST_133 : Operation 619 [1/1] (2.55ns)   --->   "%sub_ln161_1 = sub i32 %RRT_Star_Position_y_load, i32 %x_new_pos_Position_y" [new_fixedpoint2205/main.cpp:161]   --->   Operation 619 'sub' 'sub_ln161_1' <Predicate = true> <Delay = 2.55> <CoreInst = "Adder">   --->   Core 1 'Adder' <Latency = 0> <II = 1> <Delay = 2.55> <FuncUnit> <Opcode : 'add' 'sub'> <InPorts = 2> <OutPorts = 1>
ST_133 : Operation 620 [5/7] (6.31ns)   --->   "%conv6 = sitofp i32 %XNearCnt" [new_fixedpoint2205/main.cpp:395]   --->   Operation 620 'sitofp' 'conv6' <Predicate = true> <Delay = 6.31> <CoreInst = "Int2Float">   --->   Core 62 'Int2Float' <Latency = 6> <II = 1> <Delay = 6.31> <FuncUnit> <Opcode : 'sitofp' 'uitofp'> <InPorts = 1> <OutPorts = 1>

State 134 <SV = 132> <Delay = 6.31>
ST_134 : Operation 621 [1/1] (0.00ns)   --->   "%sext_ln34_4 = sext i32 %sub_ln161" [new_fixedpoint2205/fixedpt.h:34]   --->   Operation 621 'sext' 'sext_ln34_4' <Predicate = true> <Delay = 0.00>
ST_134 : Operation 622 [5/5] (3.95ns)   --->   "%mul_ln34_2 = mul i48 %sext_ln34_4, i48 %sext_ln34_4" [new_fixedpoint2205/fixedpt.h:34]   --->   Operation 622 'mul' 'mul_ln34_2' <Predicate = true> <Delay = 3.95> <CoreInst = "Multiplier">   --->   Core 3 'Multiplier' <Latency = 4> <II = 1> <Delay = 3.95> <FuncUnit> <Opcode : 'mul'> <InPorts = 2> <OutPorts = 1>
ST_134 : Operation 623 [1/1] (0.00ns)   --->   "%sext_ln34_5 = sext i32 %sub_ln161_1" [new_fixedpoint2205/fixedpt.h:34]   --->   Operation 623 'sext' 'sext_ln34_5' <Predicate = true> <Delay = 0.00>
ST_134 : Operation 624 [5/5] (3.95ns)   --->   "%mul_ln34_3 = mul i48 %sext_ln34_5, i48 %sext_ln34_5" [new_fixedpoint2205/fixedpt.h:34]   --->   Operation 624 'mul' 'mul_ln34_3' <Predicate = true> <Delay = 3.95> <CoreInst = "Multiplier">   --->   Core 3 'Multiplier' <Latency = 4> <II = 1> <Delay = 3.95> <FuncUnit> <Opcode : 'mul'> <InPorts = 2> <OutPorts = 1>
ST_134 : Operation 625 [4/7] (6.31ns)   --->   "%conv6 = sitofp i32 %XNearCnt" [new_fixedpoint2205/main.cpp:395]   --->   Operation 625 'sitofp' 'conv6' <Predicate = true> <Delay = 6.31> <CoreInst = "Int2Float">   --->   Core 62 'Int2Float' <Latency = 6> <II = 1> <Delay = 6.31> <FuncUnit> <Opcode : 'sitofp' 'uitofp'> <InPorts = 1> <OutPorts = 1>

State 135 <SV = 133> <Delay = 6.31>
ST_135 : Operation 626 [4/5] (3.95ns)   --->   "%mul_ln34_2 = mul i48 %sext_ln34_4, i48 %sext_ln34_4" [new_fixedpoint2205/fixedpt.h:34]   --->   Operation 626 'mul' 'mul_ln34_2' <Predicate = true> <Delay = 3.95> <CoreInst = "Multiplier">   --->   Core 3 'Multiplier' <Latency = 4> <II = 1> <Delay = 3.95> <FuncUnit> <Opcode : 'mul'> <InPorts = 2> <OutPorts = 1>
ST_135 : Operation 627 [4/5] (3.95ns)   --->   "%mul_ln34_3 = mul i48 %sext_ln34_5, i48 %sext_ln34_5" [new_fixedpoint2205/fixedpt.h:34]   --->   Operation 627 'mul' 'mul_ln34_3' <Predicate = true> <Delay = 3.95> <CoreInst = "Multiplier">   --->   Core 3 'Multiplier' <Latency = 4> <II = 1> <Delay = 3.95> <FuncUnit> <Opcode : 'mul'> <InPorts = 2> <OutPorts = 1>
ST_135 : Operation 628 [3/7] (6.31ns)   --->   "%conv6 = sitofp i32 %XNearCnt" [new_fixedpoint2205/main.cpp:395]   --->   Operation 628 'sitofp' 'conv6' <Predicate = true> <Delay = 6.31> <CoreInst = "Int2Float">   --->   Core 62 'Int2Float' <Latency = 6> <II = 1> <Delay = 6.31> <FuncUnit> <Opcode : 'sitofp' 'uitofp'> <InPorts = 1> <OutPorts = 1>

State 136 <SV = 134> <Delay = 6.31>
ST_136 : Operation 629 [3/5] (3.95ns)   --->   "%mul_ln34_2 = mul i48 %sext_ln34_4, i48 %sext_ln34_4" [new_fixedpoint2205/fixedpt.h:34]   --->   Operation 629 'mul' 'mul_ln34_2' <Predicate = true> <Delay = 3.95> <CoreInst = "Multiplier">   --->   Core 3 'Multiplier' <Latency = 4> <II = 1> <Delay = 3.95> <FuncUnit> <Opcode : 'mul'> <InPorts = 2> <OutPorts = 1>
ST_136 : Operation 630 [3/5] (3.95ns)   --->   "%mul_ln34_3 = mul i48 %sext_ln34_5, i48 %sext_ln34_5" [new_fixedpoint2205/fixedpt.h:34]   --->   Operation 630 'mul' 'mul_ln34_3' <Predicate = true> <Delay = 3.95> <CoreInst = "Multiplier">   --->   Core 3 'Multiplier' <Latency = 4> <II = 1> <Delay = 3.95> <FuncUnit> <Opcode : 'mul'> <InPorts = 2> <OutPorts = 1>
ST_136 : Operation 631 [2/7] (6.31ns)   --->   "%conv6 = sitofp i32 %XNearCnt" [new_fixedpoint2205/main.cpp:395]   --->   Operation 631 'sitofp' 'conv6' <Predicate = true> <Delay = 6.31> <CoreInst = "Int2Float">   --->   Core 62 'Int2Float' <Latency = 6> <II = 1> <Delay = 6.31> <FuncUnit> <Opcode : 'sitofp' 'uitofp'> <InPorts = 1> <OutPorts = 1>

State 137 <SV = 135> <Delay = 6.31>
ST_137 : Operation 632 [2/5] (3.95ns)   --->   "%mul_ln34_2 = mul i48 %sext_ln34_4, i48 %sext_ln34_4" [new_fixedpoint2205/fixedpt.h:34]   --->   Operation 632 'mul' 'mul_ln34_2' <Predicate = true> <Delay = 3.95> <CoreInst = "Multiplier">   --->   Core 3 'Multiplier' <Latency = 4> <II = 1> <Delay = 3.95> <FuncUnit> <Opcode : 'mul'> <InPorts = 2> <OutPorts = 1>
ST_137 : Operation 633 [2/5] (3.95ns)   --->   "%mul_ln34_3 = mul i48 %sext_ln34_5, i48 %sext_ln34_5" [new_fixedpoint2205/fixedpt.h:34]   --->   Operation 633 'mul' 'mul_ln34_3' <Predicate = true> <Delay = 3.95> <CoreInst = "Multiplier">   --->   Core 3 'Multiplier' <Latency = 4> <II = 1> <Delay = 3.95> <FuncUnit> <Opcode : 'mul'> <InPorts = 2> <OutPorts = 1>
ST_137 : Operation 634 [1/7] (6.31ns)   --->   "%conv6 = sitofp i32 %XNearCnt" [new_fixedpoint2205/main.cpp:395]   --->   Operation 634 'sitofp' 'conv6' <Predicate = true> <Delay = 6.31> <CoreInst = "Int2Float">   --->   Core 62 'Int2Float' <Latency = 6> <II = 1> <Delay = 6.31> <FuncUnit> <Opcode : 'sitofp' 'uitofp'> <InPorts = 1> <OutPorts = 1>
ST_137 : Operation 635 [1/1] (0.00ns)   --->   "%bitcast_ln395 = bitcast i32 %conv6" [new_fixedpoint2205/main.cpp:395]   --->   Operation 635 'bitcast' 'bitcast_ln395' <Predicate = true> <Delay = 0.00>

State 138 <SV = 136> <Delay = 3.95>
ST_138 : Operation 636 [1/5] (3.95ns)   --->   "%mul_ln34_2 = mul i48 %sext_ln34_4, i48 %sext_ln34_4" [new_fixedpoint2205/fixedpt.h:34]   --->   Operation 636 'mul' 'mul_ln34_2' <Predicate = true> <Delay = 3.95> <CoreInst = "Multiplier">   --->   Core 3 'Multiplier' <Latency = 4> <II = 1> <Delay = 3.95> <FuncUnit> <Opcode : 'mul'> <InPorts = 2> <OutPorts = 1>
ST_138 : Operation 637 [1/1] (0.00ns)   --->   "%trunc_ln34_2 = partselect i32 @_ssdm_op_PartSelect.i32.i48.i32.i32, i48 %mul_ln34_2, i32 16, i32 47" [new_fixedpoint2205/fixedpt.h:34]   --->   Operation 637 'partselect' 'trunc_ln34_2' <Predicate = true> <Delay = 0.00>
ST_138 : Operation 638 [1/5] (3.95ns)   --->   "%mul_ln34_3 = mul i48 %sext_ln34_5, i48 %sext_ln34_5" [new_fixedpoint2205/fixedpt.h:34]   --->   Operation 638 'mul' 'mul_ln34_3' <Predicate = true> <Delay = 3.95> <CoreInst = "Multiplier">   --->   Core 3 'Multiplier' <Latency = 4> <II = 1> <Delay = 3.95> <FuncUnit> <Opcode : 'mul'> <InPorts = 2> <OutPorts = 1>
ST_138 : Operation 639 [1/1] (0.00ns)   --->   "%trunc_ln34_3 = partselect i32 @_ssdm_op_PartSelect.i32.i48.i32.i32, i48 %mul_ln34_3, i32 16, i32 47" [new_fixedpoint2205/fixedpt.h:34]   --->   Operation 639 'partselect' 'trunc_ln34_3' <Predicate = true> <Delay = 0.00>
ST_138 : Operation 640 [1/1] (0.00ns)   --->   "%oup_addr_4 = getelementptr i32 %oup, i64 0, i64 4" [new_fixedpoint2205/main.cpp:395]   --->   Operation 640 'getelementptr' 'oup_addr_4' <Predicate = true> <Delay = 0.00>
ST_138 : Operation 641 [1/1] (2.32ns)   --->   "%store_ln395 = store i32 %bitcast_ln395, i3 %oup_addr_4" [new_fixedpoint2205/main.cpp:395]   --->   Operation 641 'store' 'store_ln395' <Predicate = true> <Delay = 2.32> <CoreInst = "RAM_1P">   --->   Core 86 'RAM_1P' <Latency = 1> <II = 1> <Delay = 2.32> <Storage> <Opcode : 'load' 'store'> <Ports = 1> <Width = 32> <Depth = 5> <RAM>
ST_138 : Operation 642 [1/1] (2.55ns)   --->   "%add = add i32 %XNearCnt, i32 1" [new_fixedpoint2205/main.cpp:386]   --->   Operation 642 'add' 'add' <Predicate = true> <Delay = 2.55> <CoreInst = "Adder">   --->   Core 1 'Adder' <Latency = 0> <II = 1> <Delay = 2.55> <FuncUnit> <Opcode : 'add' 'sub'> <InPorts = 2> <OutPorts = 1>

State 139 <SV = 137> <Delay = 4.14>
ST_139 : Operation 643 [1/1] (2.55ns)   --->   "%Dist_sqr = add i32 %trunc_ln34_3, i32 %trunc_ln34_2" [new_fixedpoint2205/main.cpp:161]   --->   Operation 643 'add' 'Dist_sqr' <Predicate = true> <Delay = 2.55> <CoreInst = "Adder">   --->   Core 1 'Adder' <Latency = 0> <II = 1> <Delay = 2.55> <FuncUnit> <Opcode : 'add' 'sub'> <InPorts = 2> <OutPorts = 1>
ST_139 : Operation 644 [2/2] (1.58ns)   --->   "%call_ln161 = call void @rrt_Pipeline_VITIS_LOOP_47_12, i32 %Dist_sqr, i32 %q_loc" [new_fixedpoint2205/main.cpp:161]   --->   Operation 644 'call' 'call_ln161' <Predicate = true> <Delay = 1.58> <CoreType = "Generic">   --->   Core 0 '' <Latency = 0> <II = 1> <Delay = 1.00> <Generic> <Opcode : >
ST_139 : Operation 645 [2/2] (4.06ns)   --->   "%call_ln386 = call void @rrt_Pipeline_VITIS_LOOP_396_2, i32 %add, i16 %x_near, i32 %XNearCnt, i4 %output_stream_keep_V_loc_load, i4 %output_stream_strb_V_loc_load, i2 %tmp_user_V_loc_load, i5 %tmp_id_V_loc_load, i6 %tmp_dest_V_loc_load, i32 %XNearStream_V_data_V, i4 %XNearStream_V_keep_V, i4 %XNearStream_V_strb_V, i2 %XNearStream_V_user_V, i1 %XNearStream_V_last_V, i5 %XNearStream_V_id_V, i6 %XNearStream_V_dest_V" [new_fixedpoint2205/main.cpp:386]   --->   Operation 645 'call' 'call_ln386' <Predicate = true> <Delay = 4.06> <CoreType = "Generic">   --->   Core 0 '' <Latency = 0> <II = 1> <Delay = 1.00> <Generic> <Opcode : >

State 140 <SV = 138> <Delay = 3.25>
ST_140 : Operation 646 [1/2] (2.47ns)   --->   "%call_ln161 = call void @rrt_Pipeline_VITIS_LOOP_47_12, i32 %Dist_sqr, i32 %q_loc" [new_fixedpoint2205/main.cpp:161]   --->   Operation 646 'call' 'call_ln161' <Predicate = true> <Delay = 2.47> <CoreType = "Generic">   --->   Core 0 '' <Latency = 0> <II = 1> <Delay = 1.00> <Generic> <Opcode : >
ST_140 : Operation 647 [1/2] (3.25ns)   --->   "%call_ln386 = call void @rrt_Pipeline_VITIS_LOOP_396_2, i32 %add, i16 %x_near, i32 %XNearCnt, i4 %output_stream_keep_V_loc_load, i4 %output_stream_strb_V_loc_load, i2 %tmp_user_V_loc_load, i5 %tmp_id_V_loc_load, i6 %tmp_dest_V_loc_load, i32 %XNearStream_V_data_V, i4 %XNearStream_V_keep_V, i4 %XNearStream_V_strb_V, i2 %XNearStream_V_user_V, i1 %XNearStream_V_last_V, i5 %XNearStream_V_id_V, i6 %XNearStream_V_dest_V" [new_fixedpoint2205/main.cpp:386]   --->   Operation 647 'call' 'call_ln386' <Predicate = true> <Delay = 3.25> <CoreType = "Generic">   --->   Core 0 '' <Latency = 0> <II = 1> <Delay = 1.00> <Generic> <Opcode : >

State 141 <SV = 139> <Delay = 6.31>
ST_141 : Operation 648 [1/1] (0.00ns)   --->   "%q_loc_load = load i32 %q_loc"   --->   Operation 648 'load' 'q_loc_load' <Predicate = true> <Delay = 0.00>
ST_141 : Operation 649 [1/1] (0.00ns)   --->   "%q = partselect i24 @_ssdm_op_PartSelect.i24.i32.i32.i32, i32 %q_loc_load, i32 8, i32 31" [new_fixedpoint2205/fixedpt.h:58]   --->   Operation 649 'partselect' 'q' <Predicate = true> <Delay = 0.00>
ST_141 : Operation 650 [1/1] (0.00ns)   --->   "%zext_ln58 = zext i24 %q" [new_fixedpoint2205/fixedpt.h:58]   --->   Operation 650 'zext' 'zext_ln58' <Predicate = true> <Delay = 0.00>
ST_141 : Operation 651 [7/7] (6.31ns)   --->   "%conv_i2 = sitofp i32 %zext_ln58" [new_fixedpoint2205/fixedpt.h:14]   --->   Operation 651 'sitofp' 'conv_i2' <Predicate = true> <Delay = 6.31> <CoreInst = "Int2Float">   --->   Core 62 'Int2Float' <Latency = 6> <II = 1> <Delay = 6.31> <FuncUnit> <Opcode : 'sitofp' 'uitofp'> <InPorts = 1> <OutPorts = 1>

State 142 <SV = 140> <Delay = 6.31>
ST_142 : Operation 652 [6/7] (6.31ns)   --->   "%conv_i2 = sitofp i32 %zext_ln58" [new_fixedpoint2205/fixedpt.h:14]   --->   Operation 652 'sitofp' 'conv_i2' <Predicate = true> <Delay = 6.31> <CoreInst = "Int2Float">   --->   Core 62 'Int2Float' <Latency = 6> <II = 1> <Delay = 6.31> <FuncUnit> <Opcode : 'sitofp' 'uitofp'> <InPorts = 1> <OutPorts = 1>

State 143 <SV = 141> <Delay = 6.31>
ST_143 : Operation 653 [5/7] (6.31ns)   --->   "%conv_i2 = sitofp i32 %zext_ln58" [new_fixedpoint2205/fixedpt.h:14]   --->   Operation 653 'sitofp' 'conv_i2' <Predicate = true> <Delay = 6.31> <CoreInst = "Int2Float">   --->   Core 62 'Int2Float' <Latency = 6> <II = 1> <Delay = 6.31> <FuncUnit> <Opcode : 'sitofp' 'uitofp'> <InPorts = 1> <OutPorts = 1>

State 144 <SV = 142> <Delay = 6.31>
ST_144 : Operation 654 [4/7] (6.31ns)   --->   "%conv_i2 = sitofp i32 %zext_ln58" [new_fixedpoint2205/fixedpt.h:14]   --->   Operation 654 'sitofp' 'conv_i2' <Predicate = true> <Delay = 6.31> <CoreInst = "Int2Float">   --->   Core 62 'Int2Float' <Latency = 6> <II = 1> <Delay = 6.31> <FuncUnit> <Opcode : 'sitofp' 'uitofp'> <InPorts = 1> <OutPorts = 1>

State 145 <SV = 143> <Delay = 6.31>
ST_145 : Operation 655 [3/7] (6.31ns)   --->   "%conv_i2 = sitofp i32 %zext_ln58" [new_fixedpoint2205/fixedpt.h:14]   --->   Operation 655 'sitofp' 'conv_i2' <Predicate = true> <Delay = 6.31> <CoreInst = "Int2Float">   --->   Core 62 'Int2Float' <Latency = 6> <II = 1> <Delay = 6.31> <FuncUnit> <Opcode : 'sitofp' 'uitofp'> <InPorts = 1> <OutPorts = 1>

State 146 <SV = 144> <Delay = 6.31>
ST_146 : Operation 656 [2/7] (6.31ns)   --->   "%conv_i2 = sitofp i32 %zext_ln58" [new_fixedpoint2205/fixedpt.h:14]   --->   Operation 656 'sitofp' 'conv_i2' <Predicate = true> <Delay = 6.31> <CoreInst = "Int2Float">   --->   Core 62 'Int2Float' <Latency = 6> <II = 1> <Delay = 6.31> <FuncUnit> <Opcode : 'sitofp' 'uitofp'> <InPorts = 1> <OutPorts = 1>

State 147 <SV = 145> <Delay = 6.31>
ST_147 : Operation 657 [1/7] (6.31ns)   --->   "%conv_i2 = sitofp i32 %zext_ln58" [new_fixedpoint2205/fixedpt.h:14]   --->   Operation 657 'sitofp' 'conv_i2' <Predicate = true> <Delay = 6.31> <CoreInst = "Int2Float">   --->   Core 62 'Int2Float' <Latency = 6> <II = 1> <Delay = 6.31> <FuncUnit> <Opcode : 'sitofp' 'uitofp'> <InPorts = 1> <OutPorts = 1>

State 148 <SV = 146> <Delay = 4.35>
ST_148 : Operation 658 [5/5] (4.35ns)   --->   "%c_min_local = fmul i32 %conv_i2, i32 1.52588e-05" [new_fixedpoint2205/fixedpt.h:14]   --->   Operation 658 'fmul' 'c_min_local' <Predicate = true> <Delay = 4.35> <CoreInst = "FMul_maxdsp">   --->   Core 30 'FMul_maxdsp' <Latency = 4> <II = 1> <Delay = 4.35> <FuncUnit> <Opcode : 'fmul'> <InPorts = 2> <OutPorts = 1>

State 149 <SV = 147> <Delay = 4.35>
ST_149 : Operation 659 [4/5] (4.35ns)   --->   "%c_min_local = fmul i32 %conv_i2, i32 1.52588e-05" [new_fixedpoint2205/fixedpt.h:14]   --->   Operation 659 'fmul' 'c_min_local' <Predicate = true> <Delay = 4.35> <CoreInst = "FMul_maxdsp">   --->   Core 30 'FMul_maxdsp' <Latency = 4> <II = 1> <Delay = 4.35> <FuncUnit> <Opcode : 'fmul'> <InPorts = 2> <OutPorts = 1>

State 150 <SV = 148> <Delay = 4.35>
ST_150 : Operation 660 [3/5] (4.35ns)   --->   "%c_min_local = fmul i32 %conv_i2, i32 1.52588e-05" [new_fixedpoint2205/fixedpt.h:14]   --->   Operation 660 'fmul' 'c_min_local' <Predicate = true> <Delay = 4.35> <CoreInst = "FMul_maxdsp">   --->   Core 30 'FMul_maxdsp' <Latency = 4> <II = 1> <Delay = 4.35> <FuncUnit> <Opcode : 'fmul'> <InPorts = 2> <OutPorts = 1>

State 151 <SV = 149> <Delay = 4.35>
ST_151 : Operation 661 [2/5] (4.35ns)   --->   "%c_min_local = fmul i32 %conv_i2, i32 1.52588e-05" [new_fixedpoint2205/fixedpt.h:14]   --->   Operation 661 'fmul' 'c_min_local' <Predicate = true> <Delay = 4.35> <CoreInst = "FMul_maxdsp">   --->   Core 30 'FMul_maxdsp' <Latency = 4> <II = 1> <Delay = 4.35> <FuncUnit> <Opcode : 'fmul'> <InPorts = 2> <OutPorts = 1>

State 152 <SV = 150> <Delay = 4.35>
ST_152 : Operation 662 [1/5] (4.35ns)   --->   "%c_min_local = fmul i32 %conv_i2, i32 1.52588e-05" [new_fixedpoint2205/fixedpt.h:14]   --->   Operation 662 'fmul' 'c_min_local' <Predicate = true> <Delay = 4.35> <CoreInst = "FMul_maxdsp">   --->   Core 30 'FMul_maxdsp' <Latency = 4> <II = 1> <Delay = 4.35> <FuncUnit> <Opcode : 'fmul'> <InPorts = 2> <OutPorts = 1>

State 153 <SV = 151> <Delay = 2.32>
ST_153 : Operation 663 [1/1] (0.00ns)   --->   "%bitcast_ln393 = bitcast i32 %c_min_local" [new_fixedpoint2205/main.cpp:393]   --->   Operation 663 'bitcast' 'bitcast_ln393' <Predicate = (is_obstacle_free)> <Delay = 0.00>
ST_153 : Operation 664 [1/1] (0.00ns)   --->   "%oup_addr_3 = getelementptr i32 %oup, i64 0, i64 1" [new_fixedpoint2205/main.cpp:393]   --->   Operation 664 'getelementptr' 'oup_addr_3' <Predicate = (is_obstacle_free)> <Delay = 0.00>
ST_153 : Operation 665 [1/1] (2.32ns)   --->   "%store_ln393 = store i32 %bitcast_ln393, i3 %oup_addr_3" [new_fixedpoint2205/main.cpp:393]   --->   Operation 665 'store' 'store_ln393' <Predicate = (is_obstacle_free)> <Delay = 2.32> <CoreInst = "RAM_1P">   --->   Core 86 'RAM_1P' <Latency = 1> <II = 1> <Delay = 2.32> <Storage> <Opcode : 'load' 'store'> <Ports = 1> <Width = 32> <Depth = 5> <RAM>
ST_153 : Operation 666 [1/1] (0.00ns)   --->   "%br_ln0 = br void %.loopexit"   --->   Operation 666 'br' 'br_ln0' <Predicate = (is_obstacle_free)> <Delay = 0.00>
ST_153 : Operation 667 [1/1] (0.00ns)   --->   "%ret_ln447 = ret i1 %is_obstacle_free" [new_fixedpoint2205/main.cpp:447]   --->   Operation 667 'ret' 'ret_ln447' <Predicate = true> <Delay = 0.00>


============================================================
+ Verbose Summary: Timing violations
============================================================
Target clock period: 6.75ns, clock uncertainty: 1.82ns.

 <State 1>: 1ns
The critical path consists of the following:
	s_axi read operation ('Squared_R_Robot_read') on port 'Squared_R_Robot' [21]  (1 ns)

 <State 2>: 4.93ns
The critical path consists of the following:
	'call' operation ('x_rand.Position.x', new_fixedpoint2205/main.cpp:321) to 'FloatToFixed<16ul>' [78]  (4.93 ns)

 <State 3>: 4.93ns
The critical path consists of the following:
	'call' operation ('x_rand.Position.x', new_fixedpoint2205/main.cpp:321) to 'FloatToFixed<16ul>' [78]  (4.93 ns)

 <State 4>: 4.93ns
The critical path consists of the following:
	'call' operation ('x_rand.Position.x', new_fixedpoint2205/main.cpp:321) to 'FloatToFixed<16ul>' [78]  (4.93 ns)

 <State 5>: 4.93ns
The critical path consists of the following:
	'call' operation ('x_rand.Position.x', new_fixedpoint2205/main.cpp:321) to 'FloatToFixed<16ul>' [78]  (4.93 ns)

 <State 6>: 4.93ns
The critical path consists of the following:
	'call' operation ('x_rand.Position.x', new_fixedpoint2205/main.cpp:321) to 'FloatToFixed<16ul>' [78]  (4.93 ns)

 <State 7>: 4.93ns
The critical path consists of the following:
	'call' operation ('x_rand.Position.x', new_fixedpoint2205/main.cpp:321) to 'FloatToFixed<16ul>' [78]  (4.93 ns)

 <State 8>: 4.93ns
The critical path consists of the following:
	'call' operation ('x_rand.Position.x', new_fixedpoint2205/main.cpp:321) to 'FloatToFixed<16ul>' [78]  (4.93 ns)

 <State 9>: 4.93ns
The critical path consists of the following:
	'call' operation ('x_rand.Position.x', new_fixedpoint2205/main.cpp:321) to 'FloatToFixed<16ul>' [78]  (4.93 ns)

 <State 10>: 4.93ns
The critical path consists of the following:
	'call' operation ('x_rand.Position.x', new_fixedpoint2205/main.cpp:321) to 'FloatToFixed<16ul>' [78]  (4.93 ns)

 <State 11>: 4.93ns
The critical path consists of the following:
	'call' operation ('x_rand.Position.x', new_fixedpoint2205/main.cpp:321) to 'FloatToFixed<16ul>' [78]  (4.93 ns)

 <State 12>: 4.93ns
The critical path consists of the following:
	'call' operation ('x_rand.Position.x', new_fixedpoint2205/main.cpp:321) to 'FloatToFixed<16ul>' [78]  (4.93 ns)

 <State 13>: 4.93ns
The critical path consists of the following:
	'call' operation ('x_rand.Position.x', new_fixedpoint2205/main.cpp:321) to 'FloatToFixed<16ul>' [78]  (4.93 ns)

 <State 14>: 4.93ns
The critical path consists of the following:
	'call' operation ('x_rand.Position.x', new_fixedpoint2205/main.cpp:321) to 'FloatToFixed<16ul>' [78]  (4.93 ns)

 <State 15>: 4.93ns
The critical path consists of the following:
	'call' operation ('x_rand.Position.x', new_fixedpoint2205/main.cpp:321) to 'FloatToFixed<16ul>' [78]  (4.93 ns)

 <State 16>: 4.93ns
The critical path consists of the following:
	'call' operation ('x_rand.Position.x', new_fixedpoint2205/main.cpp:321) to 'FloatToFixed<16ul>' [78]  (4.93 ns)

 <State 17>: 4.93ns
The critical path consists of the following:
	'call' operation ('x_rand.Position.x', new_fixedpoint2205/main.cpp:321) to 'FloatToFixed<16ul>' [78]  (4.93 ns)

 <State 18>: 4.93ns
The critical path consists of the following:
	'call' operation ('x_rand.Position.x', new_fixedpoint2205/main.cpp:321) to 'FloatToFixed<16ul>' [78]  (4.93 ns)

 <State 19>: 4.93ns
The critical path consists of the following:
	'call' operation ('x_rand.Position.x', new_fixedpoint2205/main.cpp:321) to 'FloatToFixed<16ul>' [78]  (4.93 ns)

 <State 20>: 4.93ns
The critical path consists of the following:
	'call' operation ('x_rand.Position.x', new_fixedpoint2205/main.cpp:321) to 'FloatToFixed<16ul>' [78]  (4.93 ns)

 <State 21>: 4.93ns
The critical path consists of the following:
	'call' operation ('x_rand.Position.x', new_fixedpoint2205/main.cpp:321) to 'FloatToFixed<16ul>' [78]  (4.93 ns)

 <State 22>: 4.93ns
The critical path consists of the following:
	'call' operation ('x_rand.Position.x', new_fixedpoint2205/main.cpp:321) to 'FloatToFixed<16ul>' [78]  (4.93 ns)

 <State 23>: 4.93ns
The critical path consists of the following:
	'call' operation ('x_rand.Position.x', new_fixedpoint2205/main.cpp:321) to 'FloatToFixed<16ul>' [78]  (4.93 ns)

 <State 24>: 4.93ns
The critical path consists of the following:
	'call' operation ('sqrb', new_fixedpoint2205/main.cpp:325) to 'FloatToFixed<16ul>' [85]  (4.93 ns)

 <State 25>: 4.93ns
The critical path consists of the following:
	'call' operation ('sqrb', new_fixedpoint2205/main.cpp:325) to 'FloatToFixed<16ul>' [85]  (4.93 ns)

 <State 26>: 4.93ns
The critical path consists of the following:
	'call' operation ('sqrb', new_fixedpoint2205/main.cpp:325) to 'FloatToFixed<16ul>' [85]  (4.93 ns)

 <State 27>: 4.93ns
The critical path consists of the following:
	'call' operation ('sqrb', new_fixedpoint2205/main.cpp:325) to 'FloatToFixed<16ul>' [85]  (4.93 ns)

 <State 28>: 4.93ns
The critical path consists of the following:
	'call' operation ('sqrb', new_fixedpoint2205/main.cpp:325) to 'FloatToFixed<16ul>' [85]  (4.93 ns)

 <State 29>: 4.93ns
The critical path consists of the following:
	'call' operation ('sqrb', new_fixedpoint2205/main.cpp:325) to 'FloatToFixed<16ul>' [85]  (4.93 ns)

 <State 30>: 4.93ns
The critical path consists of the following:
	'call' operation ('sqrb', new_fixedpoint2205/main.cpp:325) to 'FloatToFixed<16ul>' [85]  (4.93 ns)

 <State 31>: 4.93ns
The critical path consists of the following:
	'call' operation ('sqrb', new_fixedpoint2205/main.cpp:325) to 'FloatToFixed<16ul>' [85]  (4.93 ns)

 <State 32>: 4.93ns
The critical path consists of the following:
	'call' operation ('sqrb', new_fixedpoint2205/main.cpp:325) to 'FloatToFixed<16ul>' [85]  (4.93 ns)

 <State 33>: 4.93ns
The critical path consists of the following:
	'call' operation ('sqrb', new_fixedpoint2205/main.cpp:325) to 'FloatToFixed<16ul>' [85]  (4.93 ns)

 <State 34>: 4.93ns
The critical path consists of the following:
	'call' operation ('sqrb', new_fixedpoint2205/main.cpp:325) to 'FloatToFixed<16ul>' [85]  (4.93 ns)

 <State 35>: 6.31ns
The critical path consists of the following:
	'sitofp' operation ('conv_i_i', new_fixedpoint2205/main.cpp:321) [86]  (6.31 ns)

 <State 36>: 6.31ns
The critical path consists of the following:
	'sitofp' operation ('conv_i_i', new_fixedpoint2205/main.cpp:321) [86]  (6.31 ns)

 <State 37>: 6.31ns
The critical path consists of the following:
	'sitofp' operation ('conv_i_i', new_fixedpoint2205/main.cpp:321) [86]  (6.31 ns)

 <State 38>: 6.31ns
The critical path consists of the following:
	'sitofp' operation ('conv_i_i', new_fixedpoint2205/main.cpp:321) [86]  (6.31 ns)

 <State 39>: 6.31ns
The critical path consists of the following:
	'sitofp' operation ('conv_i_i', new_fixedpoint2205/main.cpp:321) [86]  (6.31 ns)

 <State 40>: 6.31ns
The critical path consists of the following:
	'sitofp' operation ('conv_i_i', new_fixedpoint2205/main.cpp:321) [86]  (6.31 ns)

 <State 41>: 6.31ns
The critical path consists of the following:
	'sitofp' operation ('conv_i_i', new_fixedpoint2205/main.cpp:321) [86]  (6.31 ns)

 <State 42>: 4.06ns
The critical path consists of the following:
	'call' operation ('call_ln321', new_fixedpoint2205/main.cpp:321) to 'rrt_Pipeline_VITIS_LOOP_342_1' [89]  (4.06 ns)

 <State 43>: 0ns
The critical path consists of the following:

 <State 44>: 6.31ns
The critical path consists of the following:
	'load' operation ('Pos_Nearest_Node_loc_load') on local variable 'Pos_Nearest_Node_loc' [90]  (0 ns)
	'sitofp' operation ('conv2', new_fixedpoint2205/main.cpp:369) [97]  (6.31 ns)

 <State 45>: 6.31ns
The critical path consists of the following:
	'sitofp' operation ('conv2', new_fixedpoint2205/main.cpp:369) [97]  (6.31 ns)

 <State 46>: 6.31ns
The critical path consists of the following:
	'sitofp' operation ('conv2', new_fixedpoint2205/main.cpp:369) [97]  (6.31 ns)

 <State 47>: 6.31ns
The critical path consists of the following:
	'sitofp' operation ('conv2', new_fixedpoint2205/main.cpp:369) [97]  (6.31 ns)

 <State 48>: 6.31ns
The critical path consists of the following:
	'sitofp' operation ('conv2', new_fixedpoint2205/main.cpp:369) [97]  (6.31 ns)

 <State 49>: 6.31ns
The critical path consists of the following:
	'sitofp' operation ('conv2', new_fixedpoint2205/main.cpp:369) [97]  (6.31 ns)

 <State 50>: 6.31ns
The critical path consists of the following:
	'sitofp' operation ('conv2', new_fixedpoint2205/main.cpp:369) [97]  (6.31 ns)

 <State 51>: 6.31ns
The critical path consists of the following:
	'sitofp' operation ('conv_i_i_i1', new_fixedpoint2205/Aux_Lib_hw.hpp:35->new_fixedpoint2205/main.cpp:370) [106]  (6.31 ns)

 <State 52>: 6.31ns
The critical path consists of the following:
	'sitofp' operation ('conv_i_i_i1', new_fixedpoint2205/Aux_Lib_hw.hpp:35->new_fixedpoint2205/main.cpp:370) [106]  (6.31 ns)

 <State 53>: 4.35ns
The critical path consists of the following:
	'fsub' operation ('x', new_fixedpoint2205/Aux_Lib_hw.hpp:35->new_fixedpoint2205/main.cpp:370) [107]  (4.35 ns)

 <State 54>: 4.35ns
The critical path consists of the following:
	'fsub' operation ('x', new_fixedpoint2205/Aux_Lib_hw.hpp:35->new_fixedpoint2205/main.cpp:370) [107]  (4.35 ns)

 <State 55>: 4.35ns
The critical path consists of the following:
	'fsub' operation ('x', new_fixedpoint2205/Aux_Lib_hw.hpp:35->new_fixedpoint2205/main.cpp:370) [107]  (4.35 ns)

 <State 56>: 4.35ns
The critical path consists of the following:
	'fsub' operation ('x', new_fixedpoint2205/Aux_Lib_hw.hpp:35->new_fixedpoint2205/main.cpp:370) [107]  (4.35 ns)

 <State 57>: 4.35ns
The critical path consists of the following:
	'fsub' operation ('x', new_fixedpoint2205/Aux_Lib_hw.hpp:35->new_fixedpoint2205/main.cpp:370) [107]  (4.35 ns)

 <State 58>: 4.35ns
The critical path consists of the following:
	'fsub' operation ('x', new_fixedpoint2205/Aux_Lib_hw.hpp:35->new_fixedpoint2205/main.cpp:370) [107]  (4.35 ns)

 <State 59>: 4.35ns
The critical path consists of the following:
	'fsub' operation ('x', new_fixedpoint2205/Aux_Lib_hw.hpp:35->new_fixedpoint2205/main.cpp:370) [107]  (4.35 ns)

 <State 60>: 4.35ns
The critical path consists of the following:
	'fsub' operation ('x', new_fixedpoint2205/Aux_Lib_hw.hpp:35->new_fixedpoint2205/main.cpp:370) [107]  (4.35 ns)

 <State 61>: 4.35ns
The critical path consists of the following:
	'fsub' operation ('x', new_fixedpoint2205/Aux_Lib_hw.hpp:35->new_fixedpoint2205/main.cpp:370) [107]  (4.35 ns)

 <State 62>: 2.88ns
The critical path consists of the following:
	'add' operation ('sh', /wrk/ci/prod/2021.2/rdi_builds/continuous/2021_10_19_3367213/src/shared/hls/clib/src/hls/utils/x_hls_utils.h:344->new_fixedpoint2205/main.cpp:370) [115]  (1.92 ns)
	'select' operation ('ush', new_fixedpoint2205/main.cpp:370) [119]  (0.968 ns)

 <State 63>: 4.42ns
The critical path consists of the following:
	'lshr' operation ('r.V', new_fixedpoint2205/main.cpp:370) [122]  (0 ns)
	'select' operation ('val', new_fixedpoint2205/main.cpp:370) [127]  (4.42 ns)

 <State 64>: 3.25ns
The critical path consists of the following:
	'sub' operation ('result.V', new_fixedpoint2205/main.cpp:370) [128]  (2.55 ns)
	'select' operation ('result.V', /wrk/ci/prod/2021.2/rdi_builds/continuous/2021_10_19_3367213/src/shared/hls/clib/hlsmath/include/FloatingPoint/hls_case_IEEE754.h:59->new_fixedpoint2205/main.cpp:370) [129]  (0.698 ns)

 <State 65>: 3.95ns
The critical path consists of the following:
	'mul' operation ('mul_ln34', new_fixedpoint2205/fixedpt.h:34->new_fixedpoint2205/main.cpp:370) [131]  (3.95 ns)

 <State 66>: 3.95ns
The critical path consists of the following:
	'mul' operation ('mul_ln34', new_fixedpoint2205/fixedpt.h:34->new_fixedpoint2205/main.cpp:370) [131]  (3.95 ns)

 <State 67>: 3.95ns
The critical path consists of the following:
	'mul' operation ('mul_ln34', new_fixedpoint2205/fixedpt.h:34->new_fixedpoint2205/main.cpp:370) [131]  (3.95 ns)

 <State 68>: 3.95ns
The critical path consists of the following:
	'mul' operation ('mul_ln34', new_fixedpoint2205/fixedpt.h:34->new_fixedpoint2205/main.cpp:370) [131]  (3.95 ns)

 <State 69>: 3.95ns
The critical path consists of the following:
	'mul' operation ('mul_ln34', new_fixedpoint2205/fixedpt.h:34->new_fixedpoint2205/main.cpp:370) [131]  (3.95 ns)

 <State 70>: 4.14ns
The critical path consists of the following:
	'add' operation ('v', new_fixedpoint2205/Aux_Lib_hw.hpp:35->new_fixedpoint2205/main.cpp:370) [160]  (2.55 ns)
	'call' operation ('call_ln35', new_fixedpoint2205/Aux_Lib_hw.hpp:35->new_fixedpoint2205/main.cpp:370) to 'rrt_Pipeline_VITIS_LOOP_47_1' [161]  (1.59 ns)

 <State 71>: 2.47ns
The critical path consists of the following:
	'call' operation ('call_ln35', new_fixedpoint2205/Aux_Lib_hw.hpp:35->new_fixedpoint2205/main.cpp:370) to 'rrt_Pipeline_VITIS_LOOP_47_1' [161]  (2.47 ns)

 <State 72>: 4.16ns
The critical path consists of the following:
	'load' operation ('q_1_loc_load') on local variable 'q_1_loc' [162]  (0 ns)
	'udiv' operation ('udiv_ln39', new_fixedpoint2205/fixedpt.h:39) [165]  (4.16 ns)

 <State 73>: 4.16ns
The critical path consists of the following:
	'udiv' operation ('udiv_ln39', new_fixedpoint2205/fixedpt.h:39) [165]  (4.16 ns)

 <State 74>: 4.16ns
The critical path consists of the following:
	'udiv' operation ('udiv_ln39', new_fixedpoint2205/fixedpt.h:39) [165]  (4.16 ns)

 <State 75>: 4.16ns
The critical path consists of the following:
	'udiv' operation ('udiv_ln39', new_fixedpoint2205/fixedpt.h:39) [165]  (4.16 ns)

 <State 76>: 4.16ns
The critical path consists of the following:
	'udiv' operation ('udiv_ln39', new_fixedpoint2205/fixedpt.h:39) [165]  (4.16 ns)

 <State 77>: 4.16ns
The critical path consists of the following:
	'udiv' operation ('udiv_ln39', new_fixedpoint2205/fixedpt.h:39) [165]  (4.16 ns)

 <State 78>: 4.16ns
The critical path consists of the following:
	'udiv' operation ('udiv_ln39', new_fixedpoint2205/fixedpt.h:39) [165]  (4.16 ns)

 <State 79>: 4.16ns
The critical path consists of the following:
	'udiv' operation ('udiv_ln39', new_fixedpoint2205/fixedpt.h:39) [165]  (4.16 ns)

 <State 80>: 4.16ns
The critical path consists of the following:
	'udiv' operation ('udiv_ln39', new_fixedpoint2205/fixedpt.h:39) [165]  (4.16 ns)

 <State 81>: 4.16ns
The critical path consists of the following:
	'udiv' operation ('udiv_ln39', new_fixedpoint2205/fixedpt.h:39) [165]  (4.16 ns)

 <State 82>: 4.16ns
The critical path consists of the following:
	'udiv' operation ('udiv_ln39', new_fixedpoint2205/fixedpt.h:39) [165]  (4.16 ns)

 <State 83>: 4.16ns
The critical path consists of the following:
	'udiv' operation ('udiv_ln39', new_fixedpoint2205/fixedpt.h:39) [165]  (4.16 ns)

 <State 84>: 4.16ns
The critical path consists of the following:
	'udiv' operation ('udiv_ln39', new_fixedpoint2205/fixedpt.h:39) [165]  (4.16 ns)

 <State 85>: 4.16ns
The critical path consists of the following:
	'udiv' operation ('udiv_ln39', new_fixedpoint2205/fixedpt.h:39) [165]  (4.16 ns)

 <State 86>: 4.16ns
The critical path consists of the following:
	'udiv' operation ('udiv_ln39', new_fixedpoint2205/fixedpt.h:39) [165]  (4.16 ns)

 <State 87>: 4.16ns
The critical path consists of the following:
	'udiv' operation ('udiv_ln39', new_fixedpoint2205/fixedpt.h:39) [165]  (4.16 ns)

 <State 88>: 4.16ns
The critical path consists of the following:
	'udiv' operation ('udiv_ln39', new_fixedpoint2205/fixedpt.h:39) [165]  (4.16 ns)

 <State 89>: 4.16ns
The critical path consists of the following:
	'udiv' operation ('udiv_ln39', new_fixedpoint2205/fixedpt.h:39) [165]  (4.16 ns)

 <State 90>: 4.16ns
The critical path consists of the following:
	'udiv' operation ('udiv_ln39', new_fixedpoint2205/fixedpt.h:39) [165]  (4.16 ns)

 <State 91>: 4.16ns
The critical path consists of the following:
	'udiv' operation ('udiv_ln39', new_fixedpoint2205/fixedpt.h:39) [165]  (4.16 ns)

 <State 92>: 4.16ns
The critical path consists of the following:
	'udiv' operation ('udiv_ln39', new_fixedpoint2205/fixedpt.h:39) [165]  (4.16 ns)

 <State 93>: 4.16ns
The critical path consists of the following:
	'udiv' operation ('udiv_ln39', new_fixedpoint2205/fixedpt.h:39) [165]  (4.16 ns)

 <State 94>: 4.16ns
The critical path consists of the following:
	'udiv' operation ('udiv_ln39', new_fixedpoint2205/fixedpt.h:39) [165]  (4.16 ns)

 <State 95>: 4.16ns
The critical path consists of the following:
	'udiv' operation ('udiv_ln39', new_fixedpoint2205/fixedpt.h:39) [165]  (4.16 ns)

 <State 96>: 4.16ns
The critical path consists of the following:
	'udiv' operation ('udiv_ln39', new_fixedpoint2205/fixedpt.h:39) [165]  (4.16 ns)

 <State 97>: 4.16ns
The critical path consists of the following:
	'udiv' operation ('udiv_ln39', new_fixedpoint2205/fixedpt.h:39) [165]  (4.16 ns)

 <State 98>: 4.16ns
The critical path consists of the following:
	'udiv' operation ('udiv_ln39', new_fixedpoint2205/fixedpt.h:39) [165]  (4.16 ns)

 <State 99>: 4.16ns
The critical path consists of the following:
	'udiv' operation ('udiv_ln39', new_fixedpoint2205/fixedpt.h:39) [165]  (4.16 ns)

 <State 100>: 4.16ns
The critical path consists of the following:
	'udiv' operation ('udiv_ln39', new_fixedpoint2205/fixedpt.h:39) [165]  (4.16 ns)

 <State 101>: 4.16ns
The critical path consists of the following:
	'udiv' operation ('udiv_ln39', new_fixedpoint2205/fixedpt.h:39) [165]  (4.16 ns)

 <State 102>: 4.16ns
The critical path consists of the following:
	'udiv' operation ('udiv_ln39', new_fixedpoint2205/fixedpt.h:39) [165]  (4.16 ns)

 <State 103>: 4.16ns
The critical path consists of the following:
	'udiv' operation ('udiv_ln39', new_fixedpoint2205/fixedpt.h:39) [165]  (4.16 ns)

 <State 104>: 4.16ns
The critical path consists of the following:
	'udiv' operation ('udiv_ln39', new_fixedpoint2205/fixedpt.h:39) [165]  (4.16 ns)

 <State 105>: 4.16ns
The critical path consists of the following:
	'udiv' operation ('udiv_ln39', new_fixedpoint2205/fixedpt.h:39) [165]  (4.16 ns)

 <State 106>: 4.16ns
The critical path consists of the following:
	'udiv' operation ('udiv_ln39', new_fixedpoint2205/fixedpt.h:39) [165]  (4.16 ns)

 <State 107>: 4.16ns
The critical path consists of the following:
	'udiv' operation ('udiv_ln39', new_fixedpoint2205/fixedpt.h:39) [165]  (4.16 ns)

 <State 108>: 4.16ns
The critical path consists of the following:
	'udiv' operation ('udiv_ln39', new_fixedpoint2205/fixedpt.h:39) [165]  (4.16 ns)

 <State 109>: 3.95ns
The critical path consists of the following:
	'mul' operation ('mul_ln34_5', new_fixedpoint2205/fixedpt.h:34) [171]  (3.95 ns)

 <State 110>: 3.95ns
The critical path consists of the following:
	'mul' operation ('mul_ln34_5', new_fixedpoint2205/fixedpt.h:34) [171]  (3.95 ns)

 <State 111>: 3.95ns
The critical path consists of the following:
	'mul' operation ('mul_ln34_5', new_fixedpoint2205/fixedpt.h:34) [171]  (3.95 ns)

 <State 112>: 3.95ns
The critical path consists of the following:
	'mul' operation ('mul_ln34_5', new_fixedpoint2205/fixedpt.h:34) [171]  (3.95 ns)

 <State 113>: 3.95ns
The critical path consists of the following:
	'mul' operation ('mul_ln34_5', new_fixedpoint2205/fixedpt.h:34) [171]  (3.95 ns)

 <State 114>: 3.25ns
The critical path consists of the following:
	'add' operation ('add_ln65', new_fixedpoint2205/main.cpp:65->new_fixedpoint2205/main.cpp:370) [173]  (2.55 ns)
	'select' operation ('x_new_pos.Position.x', new_fixedpoint2205/main.cpp:59->new_fixedpoint2205/main.cpp:370) [179]  (0.698 ns)

 <State 115>: 6.31ns
The critical path consists of the following:
	'sitofp' operation ('conv_i', new_fixedpoint2205/fixedpt.h:14) [181]  (6.31 ns)

 <State 116>: 6.31ns
The critical path consists of the following:
	'sitofp' operation ('conv_i', new_fixedpoint2205/fixedpt.h:14) [181]  (6.31 ns)

 <State 117>: 6.31ns
The critical path consists of the following:
	'sitofp' operation ('conv_i', new_fixedpoint2205/fixedpt.h:14) [181]  (6.31 ns)

 <State 118>: 6.31ns
The critical path consists of the following:
	'sitofp' operation ('conv_i', new_fixedpoint2205/fixedpt.h:14) [181]  (6.31 ns)

 <State 119>: 6.31ns
The critical path consists of the following:
	'sitofp' operation ('conv_i', new_fixedpoint2205/fixedpt.h:14) [181]  (6.31 ns)

 <State 120>: 6.31ns
The critical path consists of the following:
	'sitofp' operation ('conv_i', new_fixedpoint2205/fixedpt.h:14) [181]  (6.31 ns)

 <State 121>: 6.31ns
The critical path consists of the following:
	'sitofp' operation ('conv_i', new_fixedpoint2205/fixedpt.h:14) [181]  (6.31 ns)

 <State 122>: 6.31ns
The critical path consists of the following:
	'sitofp' operation ('conv_i1', new_fixedpoint2205/fixedpt.h:14) [186]  (6.31 ns)

 <State 123>: 4.35ns
The critical path consists of the following:
	'fmul' operation ('div_i', new_fixedpoint2205/fixedpt.h:14) [182]  (4.35 ns)

 <State 124>: 4.35ns
The critical path consists of the following:
	'fmul' operation ('div_i', new_fixedpoint2205/fixedpt.h:14) [182]  (4.35 ns)

 <State 125>: 4.35ns
The critical path consists of the following:
	'fmul' operation ('div_i', new_fixedpoint2205/fixedpt.h:14) [182]  (4.35 ns)

 <State 126>: 4.35ns
The critical path consists of the following:
	'fmul' operation ('div_i', new_fixedpoint2205/fixedpt.h:14) [182]  (4.35 ns)

 <State 127>: 4.35ns
The critical path consists of the following:
	'fmul' operation ('div_i1', new_fixedpoint2205/fixedpt.h:14) [187]  (4.35 ns)

 <State 128>: 4.93ns
The critical path consists of the following:
	'call' operation ('XNearCnt', new_fixedpoint2205/main.cpp:386) to 'Nearhw' [241]  (4.93 ns)

 <State 129>: 0ns
The critical path consists of the following:

 <State 130>: 0ns
The critical path consists of the following:

 <State 131>: 6.31ns
The critical path consists of the following:
	'sitofp' operation ('conv6', new_fixedpoint2205/main.cpp:395) [262]  (6.31 ns)

 <State 132>: 6.31ns
The critical path consists of the following:
	'sitofp' operation ('conv6', new_fixedpoint2205/main.cpp:395) [262]  (6.31 ns)

 <State 133>: 6.31ns
The critical path consists of the following:
	'sitofp' operation ('conv6', new_fixedpoint2205/main.cpp:395) [262]  (6.31 ns)

 <State 134>: 6.31ns
The critical path consists of the following:
	'sitofp' operation ('conv6', new_fixedpoint2205/main.cpp:395) [262]  (6.31 ns)

 <State 135>: 6.31ns
The critical path consists of the following:
	'sitofp' operation ('conv6', new_fixedpoint2205/main.cpp:395) [262]  (6.31 ns)

 <State 136>: 6.31ns
The critical path consists of the following:
	'sitofp' operation ('conv6', new_fixedpoint2205/main.cpp:395) [262]  (6.31 ns)

 <State 137>: 6.31ns
The critical path consists of the following:
	'sitofp' operation ('conv6', new_fixedpoint2205/main.cpp:395) [262]  (6.31 ns)

 <State 138>: 3.95ns
The critical path consists of the following:
	'mul' operation ('mul_ln34_2', new_fixedpoint2205/fixedpt.h:34) [245]  (3.95 ns)

 <State 139>: 4.14ns
The critical path consists of the following:
	'add' operation ('Dist_sqr', new_fixedpoint2205/main.cpp:161) [252]  (2.55 ns)
	'call' operation ('call_ln161', new_fixedpoint2205/main.cpp:161) to 'rrt_Pipeline_VITIS_LOOP_47_12' [253]  (1.59 ns)

 <State 140>: 3.25ns
The critical path consists of the following:
	'call' operation ('call_ln386', new_fixedpoint2205/main.cpp:386) to 'rrt_Pipeline_VITIS_LOOP_396_2' [268]  (3.25 ns)

 <State 141>: 6.31ns
The critical path consists of the following:
	'load' operation ('q_loc_load') on local variable 'q_loc' [254]  (0 ns)
	'sitofp' operation ('conv_i2', new_fixedpoint2205/fixedpt.h:14) [257]  (6.31 ns)

 <State 142>: 6.31ns
The critical path consists of the following:
	'sitofp' operation ('conv_i2', new_fixedpoint2205/fixedpt.h:14) [257]  (6.31 ns)

 <State 143>: 6.31ns
The critical path consists of the following:
	'sitofp' operation ('conv_i2', new_fixedpoint2205/fixedpt.h:14) [257]  (6.31 ns)

 <State 144>: 6.31ns
The critical path consists of the following:
	'sitofp' operation ('conv_i2', new_fixedpoint2205/fixedpt.h:14) [257]  (6.31 ns)

 <State 145>: 6.31ns
The critical path consists of the following:
	'sitofp' operation ('conv_i2', new_fixedpoint2205/fixedpt.h:14) [257]  (6.31 ns)

 <State 146>: 6.31ns
The critical path consists of the following:
	'sitofp' operation ('conv_i2', new_fixedpoint2205/fixedpt.h:14) [257]  (6.31 ns)

 <State 147>: 6.31ns
The critical path consists of the following:
	'sitofp' operation ('conv_i2', new_fixedpoint2205/fixedpt.h:14) [257]  (6.31 ns)

 <State 148>: 4.35ns
The critical path consists of the following:
	'fmul' operation ('c_min_local', new_fixedpoint2205/fixedpt.h:14) [258]  (4.35 ns)

 <State 149>: 4.35ns
The critical path consists of the following:
	'fmul' operation ('c_min_local', new_fixedpoint2205/fixedpt.h:14) [258]  (4.35 ns)

 <State 150>: 4.35ns
The critical path consists of the following:
	'fmul' operation ('c_min_local', new_fixedpoint2205/fixedpt.h:14) [258]  (4.35 ns)

 <State 151>: 4.35ns
The critical path consists of the following:
	'fmul' operation ('c_min_local', new_fixedpoint2205/fixedpt.h:14) [258]  (4.35 ns)

 <State 152>: 4.35ns
The critical path consists of the following:
	'fmul' operation ('c_min_local', new_fixedpoint2205/fixedpt.h:14) [258]  (4.35 ns)

 <State 153>: 2.32ns
The critical path consists of the following:
	'store' operation ('store_ln393', new_fixedpoint2205/main.cpp:393) of variable 'bitcast_ln393', new_fixedpoint2205/main.cpp:393 on array 'oup' [261]  (2.32 ns)


============================================================
+ Verbose Summary: Binding
============================================================
N/A
* FSMD analyzer results:
  - Output states:
 - Input state : 
  - Chain level:
	State 1
	State 2
	State 3
	State 4
	State 5
	State 6
	State 7
	State 8
	State 9
	State 10
	State 11
	State 12
	State 13
	State 14
	State 15
	State 16
	State 17
	State 18
	State 19
	State 20
	State 21
	State 22
	State 23
	State 24
	State 25
	State 26
	State 27
	State 28
	State 29
	State 30
	State 31
	State 32
	State 33
	State 34
	State 35
	State 36
	State 37
	State 38
	State 39
	State 40
	State 41
	State 42
	State 43
	State 44
	State 45
	State 46
	State 47
	State 48
	State 49
	State 50
	State 51
	State 52
	State 53
	State 54
	State 55
	State 56
	State 57
	State 58
	State 59
	State 60
	State 61
	State 62
	State 63
	State 64
	State 65
	State 66
	State 67
	State 68
	State 69
	State 70
	State 71
	State 72
	State 73
	State 74
	State 75
	State 76
	State 77
	State 78
	State 79
	State 80
	State 81
	State 82
	State 83
	State 84
	State 85
	State 86
	State 87
	State 88
	State 89
	State 90
	State 91
	State 92
	State 93
	State 94
	State 95
	State 96
	State 97
	State 98
	State 99
	State 100
	State 101
	State 102
	State 103
	State 104
	State 105
	State 106
	State 107
	State 108
	State 109
	State 110
	State 111
	State 112
	State 113
	State 114
	State 115
	State 116
	State 117
	State 118
	State 119
	State 120
	State 121
	State 122
	State 123
	State 124
	State 125
	State 126
	State 127
	State 128
	State 129
	State 130
	State 131
	State 132
	State 133
	State 134
	State 135
	State 136
	State 137
	State 138
	State 139
	State 140
	State 141
	State 142
	State 143
	State 144
	State 145
	State 146
	State 147
	State 148
	State 149
	State 150
	State 151
	State 152
	State 153


============================================================
+ Verbose Summary: Datapath Resource usage 
============================================================
N/A
