TRACE::2023-05-30.14:31:32::SCWPlatform::Trying to open the hw design at /home/sam/project/vitis/frrt_pp/hw/design_81_wrapper.xsa
TRACE::2023-05-30.14:31:32::SCWPlatform::DSA given /home/sam/project/vitis/frrt_pp/hw/design_81_wrapper.xsa
TRACE::2023-05-30.14:31:32::SCWPlatform::DSA absoulate path /home/sam/project/vitis/frrt_pp/hw/design_81_wrapper.xsa
TRACE::2023-05-30.14:31:32::SCWPlatform::DSA directory /home/sam/project/vitis/frrt_pp/hw
TRACE::2023-05-30.14:31:32::SCWPlatform:: Platform Path /home/sam/project/vitis/frrt_pp/hw/design_81_wrapper.xsa
TRACE::2023-05-30.14:31:32::SCWPlatform:: Unique name xilinx:zybo-z7-20::0.0
TRACE::2023-05-30.14:31:32::SCWPlatform::Do not have an existing db opened. 
TRACE::2023-05-30.14:31:34::SCWPlatform::Opened new HwDB with name design_1_wrapper_0
TRACE::2023-05-30.14:31:34::SCWWriter::formatted JSON is {
	"platformName":	"frrt_pp",
	"sprVersion":	"2.0",
	"mode":	"gui",
	"dsaType":	"Fixed",
	"platformDesc":	"frrt_pp",
	"platHandOff":	"/home/sam/project/vivado/rrt_pynq_fp32/design_81_wrapper.xsa",
	"platIntHandOff":	"<platformDir>/hw/design_81_wrapper.xsa",
	"deviceType":	"zynq",
	"platIsPrebuiltAutogen":	"false",
	"platIsNoBootBsp":	"false",
	"hasFsblMakeHasChanges":	"false",
	"hasPmufwMakeHasChanges":	"false",
	"platPreBuiltFlag":	false,
	"platformSamplesDir":	""
}
TRACE::2023-05-30.14:31:34::SCWWriter::formatted JSON is {
	"platformName":	"frrt_pp",
	"sprVersion":	"2.0",
	"mode":	"gui",
	"dsaType":	"Fixed",
	"platformDesc":	"frrt_pp",
	"platHandOff":	"/home/sam/project/vivado/rrt_pynq_fp32/design_81_wrapper.xsa",
	"platIntHandOff":	"<platformDir>/hw/design_81_wrapper.xsa",
	"deviceType":	"zynq",
	"platIsPrebuiltAutogen":	"false",
	"platIsNoBootBsp":	"false",
	"hasFsblMakeHasChanges":	"false",
	"hasPmufwMakeHasChanges":	"false",
	"platPreBuiltFlag":	false,
	"platformSamplesDir":	"",
	"platActiveSys":	"frrt_pp",
	"systems":	[{
			"systemName":	"frrt_pp",
			"systemDesc":	"frrt_pp",
			"sysIsBootAutoGen":	"true",
			"systemDispName":	"frrt_pp"
		}]
}
TRACE::2023-05-30.14:31:34::SCWPlatform::Boot application domains not present, creating them
TRACE::2023-05-30.14:31:34::SCWDomain::checking for install qemu data   : 
TRACE::2023-05-30.14:31:34::SCWDomain:: Using the QEMU Data from install at  : /tools/Xilinx/Vitis/2021.2/data/emulation/platforms/zynq/sw/a9_standalone/qemu/
TRACE::2023-05-30.14:31:34::SCWDomain:: Using the QEMU args  from install at  : /tools/Xilinx/Vitis/2021.2/data/emulation/platforms/zynq/sw/a9_standalone/qemu/qemu_args.txt
TRACE::2023-05-30.14:31:34::SCWPlatform::Trying to open the hw design at /home/sam/project/vitis/frrt_pp/hw/design_81_wrapper.xsa
TRACE::2023-05-30.14:31:34::SCWPlatform::DSA given /home/sam/project/vitis/frrt_pp/hw/design_81_wrapper.xsa
TRACE::2023-05-30.14:31:34::SCWPlatform::DSA absoulate path /home/sam/project/vitis/frrt_pp/hw/design_81_wrapper.xsa
TRACE::2023-05-30.14:31:34::SCWPlatform::DSA directory /home/sam/project/vitis/frrt_pp/hw
TRACE::2023-05-30.14:31:34::SCWPlatform:: Platform Path /home/sam/project/vitis/frrt_pp/hw/design_81_wrapper.xsa
TRACE::2023-05-30.14:31:34::SCWPlatform:: Unique name xilinx:zybo-z7-20::0.0
TRACE::2023-05-30.14:31:34::SCWPlatform::Trying to set the existing hwdb with name design_1_wrapper_0
TRACE::2023-05-30.14:31:34::SCWPlatform::Opened existing hwdb design_1_wrapper_0
TRACE::2023-05-30.14:31:34::SCWPlatform::Found the Hw Db part of the input DSA
TRACE::2023-05-30.14:31:34::SCWPlatform::Trying to open the hw design at /home/sam/project/vitis/frrt_pp/hw/design_81_wrapper.xsa
TRACE::2023-05-30.14:31:34::SCWPlatform::DSA given /home/sam/project/vitis/frrt_pp/hw/design_81_wrapper.xsa
TRACE::2023-05-30.14:31:34::SCWPlatform::DSA absoulate path /home/sam/project/vitis/frrt_pp/hw/design_81_wrapper.xsa
TRACE::2023-05-30.14:31:34::SCWPlatform::DSA directory /home/sam/project/vitis/frrt_pp/hw
TRACE::2023-05-30.14:31:34::SCWPlatform:: Platform Path /home/sam/project/vitis/frrt_pp/hw/design_81_wrapper.xsa
TRACE::2023-05-30.14:31:34::SCWPlatform:: Unique name xilinx:zybo-z7-20::0.0
TRACE::2023-05-30.14:31:34::SCWPlatform::Trying to set the existing hwdb with name design_1_wrapper_0
TRACE::2023-05-30.14:31:34::SCWPlatform::Opened existing hwdb design_1_wrapper_0
TRACE::2023-05-30.14:31:34::SCWPlatform::Found the Hw Db part of the input DSA
TRACE::2023-05-30.14:31:34::SCWPlatform::Trying to open the hw design at /home/sam/project/vitis/frrt_pp/hw/design_81_wrapper.xsa
TRACE::2023-05-30.14:31:34::SCWPlatform::DSA given /home/sam/project/vitis/frrt_pp/hw/design_81_wrapper.xsa
TRACE::2023-05-30.14:31:34::SCWPlatform::DSA absoulate path /home/sam/project/vitis/frrt_pp/hw/design_81_wrapper.xsa
TRACE::2023-05-30.14:31:34::SCWPlatform::DSA directory /home/sam/project/vitis/frrt_pp/hw
TRACE::2023-05-30.14:31:34::SCWPlatform:: Platform Path /home/sam/project/vitis/frrt_pp/hw/design_81_wrapper.xsa
TRACE::2023-05-30.14:31:34::SCWPlatform:: Unique name xilinx:zybo-z7-20::0.0
TRACE::2023-05-30.14:31:34::SCWPlatform::Trying to set the existing hwdb with name design_1_wrapper_0
TRACE::2023-05-30.14:31:34::SCWPlatform::Opened existing hwdb design_1_wrapper_0
TRACE::2023-05-30.14:31:34::SCWPlatform::Found the Hw Db part of the input DSA
TRACE::2023-05-30.14:31:34::SCWPlatform::Boot application domain added for zynq_fsbl
TRACE::2023-05-30.14:31:34::SCWPlatform::Generating the sources  .
TRACE::2023-05-30.14:31:34::SCWBDomain::Generating boot domain sources.
TRACE::2023-05-30.14:31:34::SCWBDomain:: Generating the zynq_fsbl Application.
TRACE::2023-05-30.14:31:34::SCWPlatform::Trying to open the hw design at /home/sam/project/vitis/frrt_pp/hw/design_81_wrapper.xsa
TRACE::2023-05-30.14:31:34::SCWPlatform::DSA given /home/sam/project/vitis/frrt_pp/hw/design_81_wrapper.xsa
TRACE::2023-05-30.14:31:34::SCWPlatform::DSA absoulate path /home/sam/project/vitis/frrt_pp/hw/design_81_wrapper.xsa
TRACE::2023-05-30.14:31:34::SCWPlatform::DSA directory /home/sam/project/vitis/frrt_pp/hw
TRACE::2023-05-30.14:31:34::SCWPlatform:: Platform Path /home/sam/project/vitis/frrt_pp/hw/design_81_wrapper.xsa
TRACE::2023-05-30.14:31:34::SCWPlatform:: Unique name xilinx:zybo-z7-20::0.0
TRACE::2023-05-30.14:31:34::SCWPlatform::Trying to set the existing hwdb with name design_1_wrapper_0
TRACE::2023-05-30.14:31:34::SCWPlatform::Opened existing hwdb design_1_wrapper_0
TRACE::2023-05-30.14:31:34::SCWPlatform::Found the Hw Db part of the input DSA
TRACE::2023-05-30.14:31:34::SCWMssOS::Checking the sw design at  /home/sam/project/vitis/frrt_pp/zynq_fsbl/zynq_fsbl_bsp/system.mss
TRACE::2023-05-30.14:31:34::SCWMssOS::DEBUG:  swdes dump  
TRACE::2023-05-30.14:31:34::SCWMssOS::No sw design opened at  /home/sam/project/vitis/frrt_pp/zynq_fsbl/zynq_fsbl_bsp/system.mss
TRACE::2023-05-30.14:31:34::SCWMssOS::mss does not exists at /home/sam/project/vitis/frrt_pp/zynq_fsbl/zynq_fsbl_bsp/system.mss
TRACE::2023-05-30.14:31:34::SCWMssOS::Creating sw design at  /home/sam/project/vitis/frrt_pp/zynq_fsbl/zynq_fsbl_bsp/system.mss
TRACE::2023-05-30.14:31:34::SCWMssOS::Adding the swdes entry, created swdb /home/sam/project/vitis/frrt_pp/zynq_fsbl/zynq_fsbl_bsp/system.mss with des name /home/sam/project/vitis/frrt_pp/zynq_fsbl/zynq_fsbl_bsp/system.mss
TRACE::2023-05-30.14:31:34::SCWMssOS::updating the scw layer changes to swdes at   /home/sam/project/vitis/frrt_pp/zynq_fsbl/zynq_fsbl_bsp/system.mss
TRACE::2023-05-30.14:31:34::SCWMssOS::Writing mss at /home/sam/project/vitis/frrt_pp/zynq_fsbl/zynq_fsbl_bsp/system.mss
TRACE::2023-05-30.14:31:34::SCWMssOS::Completed writing the mss file at /home/sam/project/vitis/frrt_pp/zynq_fsbl/zynq_fsbl_bsp
TRACE::2023-05-30.14:31:34::SCWMssOS::Picking up changes from newly written mss file into SCW Layer. 
TRACE::2023-05-30.14:31:34::SCWMssOS::Updated the changes from newly written mss file into SCW Layer. 
TRACE::2023-05-30.14:31:34::SCWBDomain::Completed writing the mss file at /home/sam/project/vitis/frrt_pp/zynq_fsbl/zynq_fsbl_bsp
TRACE::2023-05-30.14:31:41::SCWPlatform::Generating sources Done.
TRACE::2023-05-30.14:31:41::SCWPlatform::Trying to open the hw design at /home/sam/project/vitis/frrt_pp/hw/design_81_wrapper.xsa
TRACE::2023-05-30.14:31:41::SCWPlatform::DSA given /home/sam/project/vitis/frrt_pp/hw/design_81_wrapper.xsa
TRACE::2023-05-30.14:31:41::SCWPlatform::DSA absoulate path /home/sam/project/vitis/frrt_pp/hw/design_81_wrapper.xsa
TRACE::2023-05-30.14:31:41::SCWPlatform::DSA directory /home/sam/project/vitis/frrt_pp/hw
TRACE::2023-05-30.14:31:41::SCWPlatform:: Platform Path /home/sam/project/vitis/frrt_pp/hw/design_81_wrapper.xsa
TRACE::2023-05-30.14:31:41::SCWPlatform:: Unique name xilinx:zybo-z7-20::0.0
TRACE::2023-05-30.14:31:41::SCWPlatform::Trying to set the existing hwdb with name design_1_wrapper_0
TRACE::2023-05-30.14:31:41::SCWPlatform::Opened existing hwdb design_1_wrapper_0
TRACE::2023-05-30.14:31:41::SCWPlatform::Found the Hw Db part of the input DSA
TRACE::2023-05-30.14:31:41::SCWMssOS::Checking the sw design at  /home/sam/project/vitis/frrt_pp/zynq_fsbl/zynq_fsbl_bsp/system.mss
TRACE::2023-05-30.14:31:41::SCWMssOS::DEBUG:  swdes dump  
TRACE::2023-05-30.14:31:41::SCWMssOS::No sw design opened at  /home/sam/project/vitis/frrt_pp/zynq_fsbl/zynq_fsbl_bsp/system.mss
TRACE::2023-05-30.14:31:41::SCWMssOS::mss exists loading the mss file  /home/sam/project/vitis/frrt_pp/zynq_fsbl/zynq_fsbl_bsp/system.mss
TRACE::2023-05-30.14:31:41::SCWMssOS::Opened the sw design from mss  /home/sam/project/vitis/frrt_pp/zynq_fsbl/zynq_fsbl_bsp/system.mss
TRACE::2023-05-30.14:31:41::SCWMssOS::Adding the swdes entry /home/sam/project/vitis/frrt_pp/zynq_fsbl/zynq_fsbl_bsp/system.mss with des name system
TRACE::2023-05-30.14:31:41::SCWMssOS::updating the scw layer about changes
TRACE::2023-05-30.14:31:41::SCWMssOS::Opened the sw design.  /home/sam/project/vitis/frrt_pp/zynq_fsbl/zynq_fsbl_bsp/system.mss
TRACE::2023-05-30.14:31:41::SCWMssOS::Saving the mss changes /home/sam/project/vitis/frrt_pp/zynq_fsbl/zynq_fsbl_bsp/system.mss
TRACE::2023-05-30.14:31:41::SCWMssOS::Found a swdesign opened with the mssfile.
TRACE::2023-05-30.14:31:41::SCWMssOS::Completed writemss as part of save.
TRACE::2023-05-30.14:31:41::SCWMssOS::Commit changes completed.
TRACE::2023-05-30.14:31:41::SCWPlatform::Trying to open the hw design at /home/sam/project/vitis/frrt_pp/hw/design_81_wrapper.xsa
TRACE::2023-05-30.14:31:41::SCWPlatform::DSA given /home/sam/project/vitis/frrt_pp/hw/design_81_wrapper.xsa
TRACE::2023-05-30.14:31:41::SCWPlatform::DSA absoulate path /home/sam/project/vitis/frrt_pp/hw/design_81_wrapper.xsa
TRACE::2023-05-30.14:31:41::SCWPlatform::DSA directory /home/sam/project/vitis/frrt_pp/hw
TRACE::2023-05-30.14:31:41::SCWPlatform:: Platform Path /home/sam/project/vitis/frrt_pp/hw/design_81_wrapper.xsa
TRACE::2023-05-30.14:31:41::SCWPlatform:: Unique name xilinx:zybo-z7-20::0.0
TRACE::2023-05-30.14:31:41::SCWPlatform::Trying to set the existing hwdb with name design_1_wrapper_0
TRACE::2023-05-30.14:31:41::SCWPlatform::Opened existing hwdb design_1_wrapper_0
TRACE::2023-05-30.14:31:41::SCWPlatform::Found the Hw Db part of the input DSA
TRACE::2023-05-30.14:31:41::SCWMssOS::Checking the sw design at  /home/sam/project/vitis/frrt_pp/zynq_fsbl/zynq_fsbl_bsp/system.mss
TRACE::2023-05-30.14:31:41::SCWMssOS::DEBUG:  swdes dump  /home/sam/project/vitis/frrt_pp/zynq_fsbl/zynq_fsbl_bsp/system.mss|system||

TRACE::2023-05-30.14:31:41::SCWMssOS::Sw design exists and opened at  /home/sam/project/vitis/frrt_pp/zynq_fsbl/zynq_fsbl_bsp/system.mss
TRACE::2023-05-30.14:31:41::SCWPlatform::Trying to open the hw design at /home/sam/project/vitis/frrt_pp/hw/design_81_wrapper.xsa
TRACE::2023-05-30.14:31:41::SCWPlatform::DSA given /home/sam/project/vitis/frrt_pp/hw/design_81_wrapper.xsa
TRACE::2023-05-30.14:31:41::SCWPlatform::DSA absoulate path /home/sam/project/vitis/frrt_pp/hw/design_81_wrapper.xsa
TRACE::2023-05-30.14:31:41::SCWPlatform::DSA directory /home/sam/project/vitis/frrt_pp/hw
TRACE::2023-05-30.14:31:41::SCWPlatform:: Platform Path /home/sam/project/vitis/frrt_pp/hw/design_81_wrapper.xsa
TRACE::2023-05-30.14:31:41::SCWPlatform:: Unique name xilinx:zybo-z7-20::0.0
TRACE::2023-05-30.14:31:41::SCWPlatform::Trying to set the existing hwdb with name design_1_wrapper_0
TRACE::2023-05-30.14:31:41::SCWPlatform::Opened existing hwdb design_1_wrapper_0
TRACE::2023-05-30.14:31:41::SCWPlatform::Found the Hw Db part of the input DSA
TRACE::2023-05-30.14:31:41::SCWMssOS::Checking the sw design at  /home/sam/project/vitis/frrt_pp/zynq_fsbl/zynq_fsbl_bsp/system.mss
TRACE::2023-05-30.14:31:41::SCWMssOS::DEBUG:  swdes dump  /home/sam/project/vitis/frrt_pp/zynq_fsbl/zynq_fsbl_bsp/system.mss|system||

TRACE::2023-05-30.14:31:41::SCWMssOS::Sw design exists and opened at  /home/sam/project/vitis/frrt_pp/zynq_fsbl/zynq_fsbl_bsp/system.mss
TRACE::2023-05-30.14:31:41::SCWPlatform::Trying to open the hw design at /home/sam/project/vitis/frrt_pp/hw/design_81_wrapper.xsa
TRACE::2023-05-30.14:31:41::SCWPlatform::DSA given /home/sam/project/vitis/frrt_pp/hw/design_81_wrapper.xsa
TRACE::2023-05-30.14:31:41::SCWPlatform::DSA absoulate path /home/sam/project/vitis/frrt_pp/hw/design_81_wrapper.xsa
TRACE::2023-05-30.14:31:41::SCWPlatform::DSA directory /home/sam/project/vitis/frrt_pp/hw
TRACE::2023-05-30.14:31:41::SCWPlatform:: Platform Path /home/sam/project/vitis/frrt_pp/hw/design_81_wrapper.xsa
TRACE::2023-05-30.14:31:41::SCWPlatform:: Unique name xilinx:zybo-z7-20::0.0
TRACE::2023-05-30.14:31:41::SCWPlatform::Trying to set the existing hwdb with name design_1_wrapper_0
TRACE::2023-05-30.14:31:41::SCWPlatform::Opened existing hwdb design_1_wrapper_0
TRACE::2023-05-30.14:31:41::SCWPlatform::Found the Hw Db part of the input DSA
TRACE::2023-05-30.14:31:41::SCWMssOS::Checking the sw design at  /home/sam/project/vitis/frrt_pp/zynq_fsbl/zynq_fsbl_bsp/system.mss
TRACE::2023-05-30.14:31:41::SCWMssOS::DEBUG:  swdes dump  /home/sam/project/vitis/frrt_pp/zynq_fsbl/zynq_fsbl_bsp/system.mss|system||

TRACE::2023-05-30.14:31:41::SCWMssOS::Sw design exists and opened at  /home/sam/project/vitis/frrt_pp/zynq_fsbl/zynq_fsbl_bsp/system.mss
TRACE::2023-05-30.14:31:41::SCWWriter::formatted JSON is {
	"platformName":	"frrt_pp",
	"sprVersion":	"2.0",
	"mode":	"gui",
	"dsaType":	"Fixed",
	"platformDesc":	"frrt_pp",
	"platHandOff":	"/home/sam/project/vivado/rrt_pynq_fp32/design_81_wrapper.xsa",
	"platIntHandOff":	"<platformDir>/hw/design_81_wrapper.xsa",
	"deviceType":	"zynq",
	"platIsPrebuiltAutogen":	"false",
	"platIsNoBootBsp":	"false",
	"platFsblTarget":	"ps7_cortexa9_0",
	"hasFsblMakeHasChanges":	"false",
	"hasPmufwMakeHasChanges":	"false",
	"fsblExtraCompilerFlags":	"-MMD -MP       -mcpu=cortex-a9 -mfpu=vfpv3 -mfloat-abi=hard ",
	"platPreBuiltFlag":	false,
	"platformSamplesDir":	"",
	"platActiveSys":	"frrt_pp",
	"systems":	[{
			"systemName":	"frrt_pp",
			"systemDesc":	"frrt_pp",
			"sysIsBootAutoGen":	"true",
			"systemDispName":	"frrt_pp",
			"sysActiveDom":	"zynq_fsbl",
			"sysDefaultDom":	"",
			"domains":	[{
					"domainName":	"zynq_fsbl",
					"domainDispName":	"zynq_fsbl",
					"domainDesc":	"FSBL Application BSP - Auto Generated.",
					"processors":	"ps7_cortexa9_0",
					"os":	"standalone",
					"sdxOs":	"standalone",
					"debugEnable":	"",
					"domRuntimes":	["cpp"],
					"swRepo":	"",
					"mssOsVer":	"7.6",
					"mssFile":	"",
					"md5Digest":	"e2251ebcbe8200a6d4e3e73814821fa2",
					"compatibleApp":	"zynq_fsbl",
					"domType":	"bootDomain",
					"arch":	"32-bit",
					"appSettings":	{
						"appCompilerFlags":	"",
						"appLinkerFlags":	""
					},
					"addedLibs":	["xilffs:4.6", "xilrsa:1.6"],
					"libOptions":	{
						"libsContainingOptions":	[]
					},
					"prebuiltLibs":	{
						"prebuiltIncPath":	[],
						"prebuiltLibPath":	[]
					},
					"isolation":	{
					}
				}]
		}]
}
TRACE::2023-05-30.14:31:41::SCWPlatform::Trying to open the hw design at /home/sam/project/vitis/frrt_pp/hw/design_81_wrapper.xsa
TRACE::2023-05-30.14:31:41::SCWPlatform::DSA given /home/sam/project/vitis/frrt_pp/hw/design_81_wrapper.xsa
TRACE::2023-05-30.14:31:41::SCWPlatform::DSA absoulate path /home/sam/project/vitis/frrt_pp/hw/design_81_wrapper.xsa
TRACE::2023-05-30.14:31:41::SCWPlatform::DSA directory /home/sam/project/vitis/frrt_pp/hw
TRACE::2023-05-30.14:31:41::SCWPlatform:: Platform Path /home/sam/project/vitis/frrt_pp/hw/design_81_wrapper.xsa
TRACE::2023-05-30.14:31:41::SCWPlatform:: Unique name xilinx:zybo-z7-20::0.0
TRACE::2023-05-30.14:31:41::SCWPlatform::Trying to set the existing hwdb with name design_1_wrapper_0
TRACE::2023-05-30.14:31:41::SCWPlatform::Opened existing hwdb design_1_wrapper_0
TRACE::2023-05-30.14:31:41::SCWPlatform::Found the Hw Db part of the input DSA
TRACE::2023-05-30.14:31:41::SCWPlatform::Trying to open the hw design at /home/sam/project/vitis/frrt_pp/hw/design_81_wrapper.xsa
TRACE::2023-05-30.14:31:41::SCWPlatform::DSA given /home/sam/project/vitis/frrt_pp/hw/design_81_wrapper.xsa
TRACE::2023-05-30.14:31:41::SCWPlatform::DSA absoulate path /home/sam/project/vitis/frrt_pp/hw/design_81_wrapper.xsa
TRACE::2023-05-30.14:31:41::SCWPlatform::DSA directory /home/sam/project/vitis/frrt_pp/hw
TRACE::2023-05-30.14:31:41::SCWPlatform:: Platform Path /home/sam/project/vitis/frrt_pp/hw/design_81_wrapper.xsa
TRACE::2023-05-30.14:31:41::SCWPlatform:: Unique name xilinx:zybo-z7-20::0.0
TRACE::2023-05-30.14:31:41::SCWPlatform::Trying to set the existing hwdb with name design_1_wrapper_0
TRACE::2023-05-30.14:31:41::SCWPlatform::Opened existing hwdb design_1_wrapper_0
TRACE::2023-05-30.14:31:41::SCWPlatform::Found the Hw Db part of the input DSA
TRACE::2023-05-30.14:31:41::SCWDomain::checking for install qemu data   : 
TRACE::2023-05-30.14:31:41::SCWDomain:: Using the QEMU Data from install at  : /tools/Xilinx/Vitis/2021.2/data/emulation/platforms/zynq/sw/a9_standalone/qemu/
TRACE::2023-05-30.14:31:41::SCWDomain:: Using the QEMU args  from install at  : /tools/Xilinx/Vitis/2021.2/data/emulation/platforms/zynq/sw/a9_standalone/qemu/qemu_args.txt
TRACE::2023-05-30.14:31:41::SCWPlatform::Trying to open the hw design at /home/sam/project/vitis/frrt_pp/hw/design_81_wrapper.xsa
TRACE::2023-05-30.14:31:41::SCWPlatform::DSA given /home/sam/project/vitis/frrt_pp/hw/design_81_wrapper.xsa
TRACE::2023-05-30.14:31:41::SCWPlatform::DSA absoulate path /home/sam/project/vitis/frrt_pp/hw/design_81_wrapper.xsa
TRACE::2023-05-30.14:31:41::SCWPlatform::DSA directory /home/sam/project/vitis/frrt_pp/hw
TRACE::2023-05-30.14:31:41::SCWPlatform:: Platform Path /home/sam/project/vitis/frrt_pp/hw/design_81_wrapper.xsa
TRACE::2023-05-30.14:31:41::SCWPlatform:: Unique name xilinx:zybo-z7-20::0.0
TRACE::2023-05-30.14:31:41::SCWPlatform::Trying to set the existing hwdb with name design_1_wrapper_0
TRACE::2023-05-30.14:31:41::SCWPlatform::Opened existing hwdb design_1_wrapper_0
TRACE::2023-05-30.14:31:41::SCWPlatform::Found the Hw Db part of the input DSA
TRACE::2023-05-30.14:31:41::SCWPlatform::Trying to open the hw design at /home/sam/project/vitis/frrt_pp/hw/design_81_wrapper.xsa
TRACE::2023-05-30.14:31:41::SCWPlatform::DSA given /home/sam/project/vitis/frrt_pp/hw/design_81_wrapper.xsa
TRACE::2023-05-30.14:31:41::SCWPlatform::DSA absoulate path /home/sam/project/vitis/frrt_pp/hw/design_81_wrapper.xsa
TRACE::2023-05-30.14:31:41::SCWPlatform::DSA directory /home/sam/project/vitis/frrt_pp/hw
TRACE::2023-05-30.14:31:41::SCWPlatform:: Platform Path /home/sam/project/vitis/frrt_pp/hw/design_81_wrapper.xsa
TRACE::2023-05-30.14:31:41::SCWPlatform:: Unique name xilinx:zybo-z7-20::0.0
TRACE::2023-05-30.14:31:41::SCWPlatform::Trying to set the existing hwdb with name design_1_wrapper_0
TRACE::2023-05-30.14:31:41::SCWPlatform::Opened existing hwdb design_1_wrapper_0
TRACE::2023-05-30.14:31:41::SCWPlatform::Found the Hw Db part of the input DSA
TRACE::2023-05-30.14:31:41::SCWPlatform::Trying to open the hw design at /home/sam/project/vitis/frrt_pp/hw/design_81_wrapper.xsa
TRACE::2023-05-30.14:31:41::SCWPlatform::DSA given /home/sam/project/vitis/frrt_pp/hw/design_81_wrapper.xsa
TRACE::2023-05-30.14:31:41::SCWPlatform::DSA absoulate path /home/sam/project/vitis/frrt_pp/hw/design_81_wrapper.xsa
TRACE::2023-05-30.14:31:41::SCWPlatform::DSA directory /home/sam/project/vitis/frrt_pp/hw
TRACE::2023-05-30.14:31:41::SCWPlatform:: Platform Path /home/sam/project/vitis/frrt_pp/hw/design_81_wrapper.xsa
TRACE::2023-05-30.14:31:41::SCWPlatform:: Unique name xilinx:zybo-z7-20::0.0
TRACE::2023-05-30.14:31:41::SCWPlatform::Trying to set the existing hwdb with name design_1_wrapper_0
TRACE::2023-05-30.14:31:41::SCWPlatform::Opened existing hwdb design_1_wrapper_0
TRACE::2023-05-30.14:31:41::SCWPlatform::Found the Hw Db part of the input DSA
TRACE::2023-05-30.14:31:41::SCWMssOS::Checking the sw design at  /home/sam/project/vitis/frrt_pp/ps7_cortexa9_0/standalone_domain/bsp/system.mss
TRACE::2023-05-30.14:31:41::SCWMssOS::DEBUG:  swdes dump  /home/sam/project/vitis/frrt_pp/zynq_fsbl/zynq_fsbl_bsp/system.mss|system||

TRACE::2023-05-30.14:31:41::SCWMssOS::No sw design opened at  /home/sam/project/vitis/frrt_pp/ps7_cortexa9_0/standalone_domain/bsp/system.mss
TRACE::2023-05-30.14:31:41::SCWMssOS::mss does not exists at /home/sam/project/vitis/frrt_pp/ps7_cortexa9_0/standalone_domain/bsp/system.mss
TRACE::2023-05-30.14:31:41::SCWMssOS::Creating sw design at  /home/sam/project/vitis/frrt_pp/ps7_cortexa9_0/standalone_domain/bsp/system.mss
TRACE::2023-05-30.14:31:41::SCWMssOS::Adding the swdes entry, created swdb /home/sam/project/vitis/frrt_pp/ps7_cortexa9_0/standalone_domain/bsp/system.mss with des name /home/sam/project/vitis/frrt_pp/ps7_cortexa9_0/standalone_domain/bsp/system.mss
TRACE::2023-05-30.14:31:41::SCWMssOS::updating the scw layer changes to swdes at   /home/sam/project/vitis/frrt_pp/ps7_cortexa9_0/standalone_domain/bsp/system.mss
TRACE::2023-05-30.14:31:41::SCWMssOS::Writing mss at /home/sam/project/vitis/frrt_pp/ps7_cortexa9_0/standalone_domain/bsp/system.mss
TRACE::2023-05-30.14:31:41::SCWMssOS::Completed writing the mss file at /home/sam/project/vitis/frrt_pp/ps7_cortexa9_0/standalone_domain/bsp
TRACE::2023-05-30.14:31:41::SCWMssOS::Picking up changes from newly written mss file into SCW Layer. 
TRACE::2023-05-30.14:31:41::SCWMssOS::Updated the changes from newly written mss file into SCW Layer. 
TRACE::2023-05-30.14:31:41::SCWMssOS::Completed writing the mss file at /home/sam/project/vitis/frrt_pp/ps7_cortexa9_0/standalone_domain/bsp
TRACE::2023-05-30.14:31:41::SCWMssOS::Forcing BSP Sources regeneration.
TRACE::2023-05-30.14:31:41::SCWMssOS::Saving the mss changes /home/sam/project/vitis/frrt_pp/zynq_fsbl/zynq_fsbl_bsp/system.mss
TRACE::2023-05-30.14:31:41::SCWMssOS::Found a swdesign opened with the mssfile.
TRACE::2023-05-30.14:31:41::SCWMssOS::Completed writemss as part of save.
TRACE::2023-05-30.14:31:41::SCWMssOS::Commit changes completed.
TRACE::2023-05-30.14:31:41::SCWMssOS::Saving the mss changes /home/sam/project/vitis/frrt_pp/ps7_cortexa9_0/standalone_domain/bsp/system.mss
TRACE::2023-05-30.14:31:41::SCWMssOS::Adding the swdes entry, mss present, able to open swdb /home/sam/project/vitis/frrt_pp/ps7_cortexa9_0/standalone_domain/bsp/system.mss with des name system_0
TRACE::2023-05-30.14:31:41::SCWMssOS::Writing the mss file completed /home/sam/project/vitis/frrt_pp/ps7_cortexa9_0/standalone_domain/bsp/system.mss
TRACE::2023-05-30.14:31:41::SCWMssOS::Commit changes completed.
TRACE::2023-05-30.14:31:41::SCWPlatform::Trying to open the hw design at /home/sam/project/vitis/frrt_pp/hw/design_81_wrapper.xsa
TRACE::2023-05-30.14:31:41::SCWPlatform::DSA given /home/sam/project/vitis/frrt_pp/hw/design_81_wrapper.xsa
TRACE::2023-05-30.14:31:41::SCWPlatform::DSA absoulate path /home/sam/project/vitis/frrt_pp/hw/design_81_wrapper.xsa
TRACE::2023-05-30.14:31:41::SCWPlatform::DSA directory /home/sam/project/vitis/frrt_pp/hw
TRACE::2023-05-30.14:31:41::SCWPlatform:: Platform Path /home/sam/project/vitis/frrt_pp/hw/design_81_wrapper.xsa
TRACE::2023-05-30.14:31:41::SCWPlatform:: Unique name xilinx:zybo-z7-20::0.0
TRACE::2023-05-30.14:31:41::SCWPlatform::Trying to set the existing hwdb with name design_1_wrapper_0
TRACE::2023-05-30.14:31:41::SCWPlatform::Opened existing hwdb design_1_wrapper_0
TRACE::2023-05-30.14:31:41::SCWPlatform::Found the Hw Db part of the input DSA
TRACE::2023-05-30.14:31:41::SCWMssOS::Checking the sw design at  /home/sam/project/vitis/frrt_pp/zynq_fsbl/zynq_fsbl_bsp/system.mss
TRACE::2023-05-30.14:31:41::SCWMssOS::DEBUG:  swdes dump  /home/sam/project/vitis/frrt_pp/ps7_cortexa9_0/standalone_domain/bsp/system.mss|system_0||
/home/sam/project/vitis/frrt_pp/zynq_fsbl/zynq_fsbl_bsp/system.mss|system||

TRACE::2023-05-30.14:31:41::SCWMssOS::Sw design exists and opened at  /home/sam/project/vitis/frrt_pp/zynq_fsbl/zynq_fsbl_bsp/system.mss
TRACE::2023-05-30.14:31:41::SCWPlatform::Trying to open the hw design at /home/sam/project/vitis/frrt_pp/hw/design_81_wrapper.xsa
TRACE::2023-05-30.14:31:41::SCWPlatform::DSA given /home/sam/project/vitis/frrt_pp/hw/design_81_wrapper.xsa
TRACE::2023-05-30.14:31:41::SCWPlatform::DSA absoulate path /home/sam/project/vitis/frrt_pp/hw/design_81_wrapper.xsa
TRACE::2023-05-30.14:31:41::SCWPlatform::DSA directory /home/sam/project/vitis/frrt_pp/hw
TRACE::2023-05-30.14:31:41::SCWPlatform:: Platform Path /home/sam/project/vitis/frrt_pp/hw/design_81_wrapper.xsa
TRACE::2023-05-30.14:31:41::SCWPlatform:: Unique name xilinx:zybo-z7-20::0.0
TRACE::2023-05-30.14:31:41::SCWPlatform::Trying to set the existing hwdb with name design_1_wrapper_0
TRACE::2023-05-30.14:31:41::SCWPlatform::Opened existing hwdb design_1_wrapper_0
TRACE::2023-05-30.14:31:41::SCWPlatform::Found the Hw Db part of the input DSA
TRACE::2023-05-30.14:31:41::SCWMssOS::Checking the sw design at  /home/sam/project/vitis/frrt_pp/zynq_fsbl/zynq_fsbl_bsp/system.mss
TRACE::2023-05-30.14:31:41::SCWMssOS::DEBUG:  swdes dump  /home/sam/project/vitis/frrt_pp/ps7_cortexa9_0/standalone_domain/bsp/system.mss|system_0||
/home/sam/project/vitis/frrt_pp/zynq_fsbl/zynq_fsbl_bsp/system.mss|system||

TRACE::2023-05-30.14:31:41::SCWMssOS::Sw design exists and opened at  /home/sam/project/vitis/frrt_pp/zynq_fsbl/zynq_fsbl_bsp/system.mss
TRACE::2023-05-30.14:31:41::SCWPlatform::Trying to open the hw design at /home/sam/project/vitis/frrt_pp/hw/design_81_wrapper.xsa
TRACE::2023-05-30.14:31:41::SCWPlatform::DSA given /home/sam/project/vitis/frrt_pp/hw/design_81_wrapper.xsa
TRACE::2023-05-30.14:31:41::SCWPlatform::DSA absoulate path /home/sam/project/vitis/frrt_pp/hw/design_81_wrapper.xsa
TRACE::2023-05-30.14:31:41::SCWPlatform::DSA directory /home/sam/project/vitis/frrt_pp/hw
TRACE::2023-05-30.14:31:41::SCWPlatform:: Platform Path /home/sam/project/vitis/frrt_pp/hw/design_81_wrapper.xsa
TRACE::2023-05-30.14:31:41::SCWPlatform:: Unique name xilinx:zybo-z7-20::0.0
TRACE::2023-05-30.14:31:41::SCWPlatform::Trying to set the existing hwdb with name design_1_wrapper_0
TRACE::2023-05-30.14:31:41::SCWPlatform::Opened existing hwdb design_1_wrapper_0
TRACE::2023-05-30.14:31:41::SCWPlatform::Found the Hw Db part of the input DSA
TRACE::2023-05-30.14:31:41::SCWMssOS::Checking the sw design at  /home/sam/project/vitis/frrt_pp/zynq_fsbl/zynq_fsbl_bsp/system.mss
TRACE::2023-05-30.14:31:41::SCWMssOS::DEBUG:  swdes dump  /home/sam/project/vitis/frrt_pp/ps7_cortexa9_0/standalone_domain/bsp/system.mss|system_0||
/home/sam/project/vitis/frrt_pp/zynq_fsbl/zynq_fsbl_bsp/system.mss|system||

TRACE::2023-05-30.14:31:41::SCWMssOS::Sw design exists and opened at  /home/sam/project/vitis/frrt_pp/zynq_fsbl/zynq_fsbl_bsp/system.mss
TRACE::2023-05-30.14:31:41::SCWPlatform::Trying to open the hw design at /home/sam/project/vitis/frrt_pp/hw/design_81_wrapper.xsa
TRACE::2023-05-30.14:31:41::SCWPlatform::DSA given /home/sam/project/vitis/frrt_pp/hw/design_81_wrapper.xsa
TRACE::2023-05-30.14:31:41::SCWPlatform::DSA absoulate path /home/sam/project/vitis/frrt_pp/hw/design_81_wrapper.xsa
TRACE::2023-05-30.14:31:41::SCWPlatform::DSA directory /home/sam/project/vitis/frrt_pp/hw
TRACE::2023-05-30.14:31:41::SCWPlatform:: Platform Path /home/sam/project/vitis/frrt_pp/hw/design_81_wrapper.xsa
TRACE::2023-05-30.14:31:41::SCWPlatform:: Unique name xilinx:zybo-z7-20::0.0
TRACE::2023-05-30.14:31:41::SCWPlatform::Trying to set the existing hwdb with name design_1_wrapper_0
TRACE::2023-05-30.14:31:41::SCWPlatform::Opened existing hwdb design_1_wrapper_0
TRACE::2023-05-30.14:31:41::SCWPlatform::Found the Hw Db part of the input DSA
TRACE::2023-05-30.14:31:41::SCWMssOS::Checking the sw design at  /home/sam/project/vitis/frrt_pp/ps7_cortexa9_0/standalone_domain/bsp/system.mss
TRACE::2023-05-30.14:31:41::SCWMssOS::DEBUG:  swdes dump  /home/sam/project/vitis/frrt_pp/ps7_cortexa9_0/standalone_domain/bsp/system.mss|system_0||
/home/sam/project/vitis/frrt_pp/zynq_fsbl/zynq_fsbl_bsp/system.mss|system||

TRACE::2023-05-30.14:31:41::SCWMssOS::Sw design exists and opened at  /home/sam/project/vitis/frrt_pp/ps7_cortexa9_0/standalone_domain/bsp/system.mss
TRACE::2023-05-30.14:31:41::SCWPlatform::Trying to open the hw design at /home/sam/project/vitis/frrt_pp/hw/design_81_wrapper.xsa
TRACE::2023-05-30.14:31:41::SCWPlatform::DSA given /home/sam/project/vitis/frrt_pp/hw/design_81_wrapper.xsa
TRACE::2023-05-30.14:31:41::SCWPlatform::DSA absoulate path /home/sam/project/vitis/frrt_pp/hw/design_81_wrapper.xsa
TRACE::2023-05-30.14:31:41::SCWPlatform::DSA directory /home/sam/project/vitis/frrt_pp/hw
TRACE::2023-05-30.14:31:41::SCWPlatform:: Platform Path /home/sam/project/vitis/frrt_pp/hw/design_81_wrapper.xsa
TRACE::2023-05-30.14:31:41::SCWPlatform:: Unique name xilinx:zybo-z7-20::0.0
TRACE::2023-05-30.14:31:41::SCWPlatform::Trying to set the existing hwdb with name design_1_wrapper_0
TRACE::2023-05-30.14:31:41::SCWPlatform::Opened existing hwdb design_1_wrapper_0
TRACE::2023-05-30.14:31:41::SCWPlatform::Found the Hw Db part of the input DSA
TRACE::2023-05-30.14:31:41::SCWMssOS::Checking the sw design at  /home/sam/project/vitis/frrt_pp/ps7_cortexa9_0/standalone_domain/bsp/system.mss
TRACE::2023-05-30.14:31:41::SCWMssOS::DEBUG:  swdes dump  /home/sam/project/vitis/frrt_pp/ps7_cortexa9_0/standalone_domain/bsp/system.mss|system_0||
/home/sam/project/vitis/frrt_pp/zynq_fsbl/zynq_fsbl_bsp/system.mss|system||

TRACE::2023-05-30.14:31:41::SCWMssOS::Sw design exists and opened at  /home/sam/project/vitis/frrt_pp/ps7_cortexa9_0/standalone_domain/bsp/system.mss
TRACE::2023-05-30.14:31:41::SCWPlatform::Trying to open the hw design at /home/sam/project/vitis/frrt_pp/hw/design_81_wrapper.xsa
TRACE::2023-05-30.14:31:41::SCWPlatform::DSA given /home/sam/project/vitis/frrt_pp/hw/design_81_wrapper.xsa
TRACE::2023-05-30.14:31:41::SCWPlatform::DSA absoulate path /home/sam/project/vitis/frrt_pp/hw/design_81_wrapper.xsa
TRACE::2023-05-30.14:31:41::SCWPlatform::DSA directory /home/sam/project/vitis/frrt_pp/hw
TRACE::2023-05-30.14:31:41::SCWPlatform:: Platform Path /home/sam/project/vitis/frrt_pp/hw/design_81_wrapper.xsa
TRACE::2023-05-30.14:31:41::SCWPlatform:: Unique name xilinx:zybo-z7-20::0.0
TRACE::2023-05-30.14:31:41::SCWPlatform::Trying to set the existing hwdb with name design_1_wrapper_0
TRACE::2023-05-30.14:31:41::SCWPlatform::Opened existing hwdb design_1_wrapper_0
TRACE::2023-05-30.14:31:41::SCWPlatform::Found the Hw Db part of the input DSA
TRACE::2023-05-30.14:31:41::SCWMssOS::Checking the sw design at  /home/sam/project/vitis/frrt_pp/ps7_cortexa9_0/standalone_domain/bsp/system.mss
TRACE::2023-05-30.14:31:41::SCWMssOS::DEBUG:  swdes dump  /home/sam/project/vitis/frrt_pp/ps7_cortexa9_0/standalone_domain/bsp/system.mss|system_0||
/home/sam/project/vitis/frrt_pp/zynq_fsbl/zynq_fsbl_bsp/system.mss|system||

TRACE::2023-05-30.14:31:41::SCWMssOS::Sw design exists and opened at  /home/sam/project/vitis/frrt_pp/ps7_cortexa9_0/standalone_domain/bsp/system.mss
TRACE::2023-05-30.14:31:41::SCWWriter::formatted JSON is {
	"platformName":	"frrt_pp",
	"sprVersion":	"2.0",
	"mode":	"gui",
	"dsaType":	"Fixed",
	"platformDesc":	"frrt_pp",
	"platHandOff":	"/home/sam/project/vivado/rrt_pynq_fp32/design_81_wrapper.xsa",
	"platIntHandOff":	"<platformDir>/hw/design_81_wrapper.xsa",
	"deviceType":	"zynq",
	"platIsPrebuiltAutogen":	"false",
	"platIsNoBootBsp":	"false",
	"platFsblTarget":	"ps7_cortexa9_0",
	"hasFsblMakeHasChanges":	"false",
	"hasPmufwMakeHasChanges":	"false",
	"fsblExtraCompilerFlags":	"-MMD -MP       -mcpu=cortex-a9 -mfpu=vfpv3 -mfloat-abi=hard ",
	"platPreBuiltFlag":	false,
	"platformSamplesDir":	"",
	"platActiveSys":	"frrt_pp",
	"systems":	[{
			"systemName":	"frrt_pp",
			"systemDesc":	"frrt_pp",
			"sysIsBootAutoGen":	"true",
			"systemDispName":	"frrt_pp",
			"sysActiveDom":	"standalone_domain",
			"sysDefaultDom":	"standalone_domain",
			"domains":	[{
					"domainName":	"zynq_fsbl",
					"domainDispName":	"zynq_fsbl",
					"domainDesc":	"FSBL Application BSP - Auto Generated.",
					"processors":	"ps7_cortexa9_0",
					"os":	"standalone",
					"sdxOs":	"standalone",
					"debugEnable":	"",
					"domRuntimes":	["cpp"],
					"swRepo":	"",
					"mssOsVer":	"7.6",
					"mssFile":	"",
					"md5Digest":	"e2251ebcbe8200a6d4e3e73814821fa2",
					"compatibleApp":	"zynq_fsbl",
					"domType":	"bootDomain",
					"arch":	"32-bit",
					"appSettings":	{
						"appCompilerFlags":	"",
						"appLinkerFlags":	""
					},
					"addedLibs":	["xilffs:4.6", "xilrsa:1.6"],
					"libOptions":	{
						"libsContainingOptions":	[]
					},
					"prebuiltLibs":	{
						"prebuiltIncPath":	[],
						"prebuiltLibPath":	[]
					},
					"isolation":	{
					}
				}, {
					"domainName":	"standalone_domain",
					"domainDispName":	"standalone_domain",
					"domainDesc":	"standalone_domain",
					"processors":	"ps7_cortexa9_0",
					"os":	"standalone",
					"sdxOs":	"standalone",
					"qemuArgs":	"/tools/Xilinx/Vitis/2021.2/data/emulation/platforms/zynq/sw/a9_standalone/qemu/qemu_args.txt",
					"qemuData":	"/tools/Xilinx/Vitis/2021.2/data/emulation/platforms/zynq/sw/a9_standalone/qemu/",
					"debugEnable":	"False",
					"domRuntimes":	["cpp"],
					"swRepo":	"",
					"mssOsVer":	"7.6",
					"mssFile":	"",
					"md5Digest":	"216a5000c882570e032a223538a15408",
					"compatibleApp":	"",
					"domType":	"mssDomain",
					"appSettings":	{
						"appCompilerFlags":	"",
						"appLinkerFlags":	""
					},
					"addedLibs":	[],
					"libOptions":	{
						"libsContainingOptions":	[]
					},
					"prebuiltLibs":	{
						"prebuiltIncPath":	[],
						"prebuiltLibPath":	[]
					},
					"isolation":	{
					}
				}]
		}]
}
LOG::2023-05-30.14:31:41::SCWPlatform::Started generating the artifacts platform frrt_pp
TRACE::2023-05-30.14:31:41::SCWPlatform::Sanity checking of platform is completed
LOG::2023-05-30.14:31:41::SCWPlatform::Started generating the artifacts for system configuration frrt_pp
LOG::2023-05-30.14:31:41::SCWSystem::Checking the domain zynq_fsbl
LOG::2023-05-30.14:31:41::SCWSystem::Doing application build for :  zynq_fsbl
TRACE::2023-05-30.14:31:41::SCWBDomain::Not a forced makefile updation, No changes are present. 
TRACE::2023-05-30.14:31:41::SCWDomain::Skipping the build for domain :  zynq_fsbl
LOG::2023-05-30.14:31:41::SCWSystem::Checking the domain standalone_domain
LOG::2023-05-30.14:31:41::SCWSystem::Not a boot domain 
LOG::2023-05-30.14:31:41::SCWSystem::Started Processing the domain standalone_domain
TRACE::2023-05-30.14:31:41::SCWDomain::Generating domain artifcats
TRACE::2023-05-30.14:31:41::SCWMssOS::Generating standalone artifcats
TRACE::2023-05-30.14:31:41::SCWMssOS::Copying the qemu file from  /tools/Xilinx/Vitis/2021.2/data/emulation/platforms/zynq/sw/a9_standalone/qemu/qemu_args.txt To /home/sam/project/vitis/frrt_pp/export/frrt_pp/sw/frrt_pp/qemu/
TRACE::2023-05-30.14:31:41::SCWMssOS::Copying the qemu file from  /tools/Xilinx/Vitis/2021.2/data/emulation/platforms/zynq/sw/a9_standalone/qemu/qemu_args.txt To /home/sam/project/vitis/frrt_pp/export/frrt_pp/sw/frrt_pp/standalone_domain/qemu/
TRACE::2023-05-30.14:31:41::SCWMssOS:: Copying the user libraries. 
TRACE::2023-05-30.14:31:41::SCWPlatform::Trying to open the hw design at /home/sam/project/vitis/frrt_pp/hw/design_81_wrapper.xsa
TRACE::2023-05-30.14:31:41::SCWPlatform::DSA given /home/sam/project/vitis/frrt_pp/hw/design_81_wrapper.xsa
TRACE::2023-05-30.14:31:41::SCWPlatform::DSA absoulate path /home/sam/project/vitis/frrt_pp/hw/design_81_wrapper.xsa
TRACE::2023-05-30.14:31:41::SCWPlatform::DSA directory /home/sam/project/vitis/frrt_pp/hw
TRACE::2023-05-30.14:31:41::SCWPlatform:: Platform Path /home/sam/project/vitis/frrt_pp/hw/design_81_wrapper.xsa
TRACE::2023-05-30.14:31:41::SCWPlatform:: Unique name xilinx:zybo-z7-20::0.0
TRACE::2023-05-30.14:31:41::SCWPlatform::Trying to set the existing hwdb with name design_1_wrapper_0
TRACE::2023-05-30.14:31:41::SCWPlatform::Opened existing hwdb design_1_wrapper_0
TRACE::2023-05-30.14:31:41::SCWPlatform::Found the Hw Db part of the input DSA
TRACE::2023-05-30.14:31:41::SCWMssOS::Checking the sw design at  /home/sam/project/vitis/frrt_pp/ps7_cortexa9_0/standalone_domain/bsp/system.mss
TRACE::2023-05-30.14:31:41::SCWMssOS::DEBUG:  swdes dump  /home/sam/project/vitis/frrt_pp/ps7_cortexa9_0/standalone_domain/bsp/system.mss|system_0||
/home/sam/project/vitis/frrt_pp/zynq_fsbl/zynq_fsbl_bsp/system.mss|system||

TRACE::2023-05-30.14:31:41::SCWMssOS::Sw design exists and opened at  /home/sam/project/vitis/frrt_pp/ps7_cortexa9_0/standalone_domain/bsp/system.mss
TRACE::2023-05-30.14:31:41::SCWMssOS::Completed writing the mss file at /home/sam/project/vitis/frrt_pp/ps7_cortexa9_0/standalone_domain/bsp
TRACE::2023-05-30.14:31:41::SCWMssOS::Mss edits present, copying mssfile into export location /home/sam/project/vitis/frrt_pp/ps7_cortexa9_0/standalone_domain/bsp/system.mss
TRACE::2023-05-30.14:31:41::SCWMssOS::bsp generated is upto date with the mss file. Skipping bsp generation.
TRACE::2023-05-30.14:31:41::SCWMssOS::BSP is already built. skipping the bsp build ... 
TRACE::2023-05-30.14:31:41::SCWDomain::Skipping the build for domain :  standalone_domain
TRACE::2023-05-30.14:31:41::SCWMssOS::skipping the bsp build ... 
TRACE::2023-05-30.14:31:41::SCWMssOS::Copying to export directory.
TRACE::2023-05-30.14:31:41::SCWMssOS:: Checking if to create the Supporting Applications
TRACE::2023-05-30.14:31:41::SCWMssOS:: No Linux domain exists, trying to generate FSBL 
TRACE::2023-05-30.14:31:41::SCWMssOS:: Completed Standalone Artifacts creation 
LOG::2023-05-30.14:31:41::SCWSystem::Completed Processing the domain standalone_domain
LOG::2023-05-30.14:31:41::SCWSystem::Completed Processing the sysconfig frrt_pp
LOG::2023-05-30.14:31:41::SCWPlatform::Completed generating the artifacts for system configuration frrt_pp
TRACE::2023-05-30.14:31:41::SCWPlatform::Started preparing the platform 
TRACE::2023-05-30.14:31:41::SCWSystem::Writing the bif file for system config frrt_pp
TRACE::2023-05-30.14:31:41::SCWSystem::dir created 
TRACE::2023-05-30.14:31:41::SCWSystem::Writing the bif 
TRACE::2023-05-30.14:31:41::SCWPlatform::Started writing the spfm file 
TRACE::2023-05-30.14:31:41::SCWPlatform::Started writing the xpfm file 
TRACE::2023-05-30.14:31:41::SCWPlatform::Completed generating the platform
TRACE::2023-05-30.14:31:41::SCWMssOS::Saving the mss changes /home/sam/project/vitis/frrt_pp/zynq_fsbl/zynq_fsbl_bsp/system.mss
TRACE::2023-05-30.14:31:41::SCWMssOS::Found a swdesign opened with the mssfile.
TRACE::2023-05-30.14:31:41::SCWMssOS::Completed writemss as part of save.
TRACE::2023-05-30.14:31:41::SCWMssOS::Commit changes completed.
TRACE::2023-05-30.14:31:41::SCWMssOS::Saving the mss changes /home/sam/project/vitis/frrt_pp/ps7_cortexa9_0/standalone_domain/bsp/system.mss
TRACE::2023-05-30.14:31:41::SCWMssOS::Found a swdesign opened with the mssfile.
TRACE::2023-05-30.14:31:41::SCWMssOS::Completed writemss as part of save.
TRACE::2023-05-30.14:31:41::SCWMssOS::Commit changes completed.
TRACE::2023-05-30.14:31:41::SCWPlatform::Trying to open the hw design at /home/sam/project/vitis/frrt_pp/hw/design_81_wrapper.xsa
TRACE::2023-05-30.14:31:41::SCWPlatform::DSA given /home/sam/project/vitis/frrt_pp/hw/design_81_wrapper.xsa
TRACE::2023-05-30.14:31:41::SCWPlatform::DSA absoulate path /home/sam/project/vitis/frrt_pp/hw/design_81_wrapper.xsa
TRACE::2023-05-30.14:31:41::SCWPlatform::DSA directory /home/sam/project/vitis/frrt_pp/hw
TRACE::2023-05-30.14:31:41::SCWPlatform:: Platform Path /home/sam/project/vitis/frrt_pp/hw/design_81_wrapper.xsa
TRACE::2023-05-30.14:31:41::SCWPlatform:: Unique name xilinx:zybo-z7-20::0.0
TRACE::2023-05-30.14:31:41::SCWPlatform::Trying to set the existing hwdb with name design_1_wrapper_0
TRACE::2023-05-30.14:31:41::SCWPlatform::Opened existing hwdb design_1_wrapper_0
TRACE::2023-05-30.14:31:41::SCWPlatform::Found the Hw Db part of the input DSA
TRACE::2023-05-30.14:31:41::SCWMssOS::Checking the sw design at  /home/sam/project/vitis/frrt_pp/zynq_fsbl/zynq_fsbl_bsp/system.mss
TRACE::2023-05-30.14:31:41::SCWMssOS::DEBUG:  swdes dump  /home/sam/project/vitis/frrt_pp/ps7_cortexa9_0/standalone_domain/bsp/system.mss|system_0||
/home/sam/project/vitis/frrt_pp/zynq_fsbl/zynq_fsbl_bsp/system.mss|system||

TRACE::2023-05-30.14:31:41::SCWMssOS::Sw design exists and opened at  /home/sam/project/vitis/frrt_pp/zynq_fsbl/zynq_fsbl_bsp/system.mss
TRACE::2023-05-30.14:31:41::SCWPlatform::Trying to open the hw design at /home/sam/project/vitis/frrt_pp/hw/design_81_wrapper.xsa
TRACE::2023-05-30.14:31:41::SCWPlatform::DSA given /home/sam/project/vitis/frrt_pp/hw/design_81_wrapper.xsa
TRACE::2023-05-30.14:31:41::SCWPlatform::DSA absoulate path /home/sam/project/vitis/frrt_pp/hw/design_81_wrapper.xsa
TRACE::2023-05-30.14:31:41::SCWPlatform::DSA directory /home/sam/project/vitis/frrt_pp/hw
TRACE::2023-05-30.14:31:41::SCWPlatform:: Platform Path /home/sam/project/vitis/frrt_pp/hw/design_81_wrapper.xsa
TRACE::2023-05-30.14:31:41::SCWPlatform:: Unique name xilinx:zybo-z7-20::0.0
TRACE::2023-05-30.14:31:41::SCWPlatform::Trying to set the existing hwdb with name design_1_wrapper_0
TRACE::2023-05-30.14:31:41::SCWPlatform::Opened existing hwdb design_1_wrapper_0
TRACE::2023-05-30.14:31:41::SCWPlatform::Found the Hw Db part of the input DSA
TRACE::2023-05-30.14:31:41::SCWMssOS::Checking the sw design at  /home/sam/project/vitis/frrt_pp/zynq_fsbl/zynq_fsbl_bsp/system.mss
TRACE::2023-05-30.14:31:41::SCWMssOS::DEBUG:  swdes dump  /home/sam/project/vitis/frrt_pp/ps7_cortexa9_0/standalone_domain/bsp/system.mss|system_0||
/home/sam/project/vitis/frrt_pp/zynq_fsbl/zynq_fsbl_bsp/system.mss|system||

TRACE::2023-05-30.14:31:41::SCWMssOS::Sw design exists and opened at  /home/sam/project/vitis/frrt_pp/zynq_fsbl/zynq_fsbl_bsp/system.mss
TRACE::2023-05-30.14:31:41::SCWPlatform::Trying to open the hw design at /home/sam/project/vitis/frrt_pp/hw/design_81_wrapper.xsa
TRACE::2023-05-30.14:31:41::SCWPlatform::DSA given /home/sam/project/vitis/frrt_pp/hw/design_81_wrapper.xsa
TRACE::2023-05-30.14:31:41::SCWPlatform::DSA absoulate path /home/sam/project/vitis/frrt_pp/hw/design_81_wrapper.xsa
TRACE::2023-05-30.14:31:41::SCWPlatform::DSA directory /home/sam/project/vitis/frrt_pp/hw
TRACE::2023-05-30.14:31:41::SCWPlatform:: Platform Path /home/sam/project/vitis/frrt_pp/hw/design_81_wrapper.xsa
TRACE::2023-05-30.14:31:41::SCWPlatform:: Unique name xilinx:zybo-z7-20::0.0
TRACE::2023-05-30.14:31:41::SCWPlatform::Trying to set the existing hwdb with name design_1_wrapper_0
TRACE::2023-05-30.14:31:41::SCWPlatform::Opened existing hwdb design_1_wrapper_0
TRACE::2023-05-30.14:31:41::SCWPlatform::Found the Hw Db part of the input DSA
TRACE::2023-05-30.14:31:41::SCWMssOS::Checking the sw design at  /home/sam/project/vitis/frrt_pp/zynq_fsbl/zynq_fsbl_bsp/system.mss
TRACE::2023-05-30.14:31:41::SCWMssOS::DEBUG:  swdes dump  /home/sam/project/vitis/frrt_pp/ps7_cortexa9_0/standalone_domain/bsp/system.mss|system_0||
/home/sam/project/vitis/frrt_pp/zynq_fsbl/zynq_fsbl_bsp/system.mss|system||

TRACE::2023-05-30.14:31:41::SCWMssOS::Sw design exists and opened at  /home/sam/project/vitis/frrt_pp/zynq_fsbl/zynq_fsbl_bsp/system.mss
TRACE::2023-05-30.14:31:41::SCWPlatform::Trying to open the hw design at /home/sam/project/vitis/frrt_pp/hw/design_81_wrapper.xsa
TRACE::2023-05-30.14:31:41::SCWPlatform::DSA given /home/sam/project/vitis/frrt_pp/hw/design_81_wrapper.xsa
TRACE::2023-05-30.14:31:41::SCWPlatform::DSA absoulate path /home/sam/project/vitis/frrt_pp/hw/design_81_wrapper.xsa
TRACE::2023-05-30.14:31:41::SCWPlatform::DSA directory /home/sam/project/vitis/frrt_pp/hw
TRACE::2023-05-30.14:31:41::SCWPlatform:: Platform Path /home/sam/project/vitis/frrt_pp/hw/design_81_wrapper.xsa
TRACE::2023-05-30.14:31:41::SCWPlatform:: Unique name xilinx:zybo-z7-20::0.0
TRACE::2023-05-30.14:31:41::SCWPlatform::Trying to set the existing hwdb with name design_1_wrapper_0
TRACE::2023-05-30.14:31:41::SCWPlatform::Opened existing hwdb design_1_wrapper_0
TRACE::2023-05-30.14:31:41::SCWPlatform::Found the Hw Db part of the input DSA
TRACE::2023-05-30.14:31:41::SCWMssOS::Checking the sw design at  /home/sam/project/vitis/frrt_pp/ps7_cortexa9_0/standalone_domain/bsp/system.mss
TRACE::2023-05-30.14:31:41::SCWMssOS::DEBUG:  swdes dump  /home/sam/project/vitis/frrt_pp/ps7_cortexa9_0/standalone_domain/bsp/system.mss|system_0||
/home/sam/project/vitis/frrt_pp/zynq_fsbl/zynq_fsbl_bsp/system.mss|system||

TRACE::2023-05-30.14:31:41::SCWMssOS::Sw design exists and opened at  /home/sam/project/vitis/frrt_pp/ps7_cortexa9_0/standalone_domain/bsp/system.mss
TRACE::2023-05-30.14:31:41::SCWPlatform::Trying to open the hw design at /home/sam/project/vitis/frrt_pp/hw/design_81_wrapper.xsa
TRACE::2023-05-30.14:31:41::SCWPlatform::DSA given /home/sam/project/vitis/frrt_pp/hw/design_81_wrapper.xsa
TRACE::2023-05-30.14:31:41::SCWPlatform::DSA absoulate path /home/sam/project/vitis/frrt_pp/hw/design_81_wrapper.xsa
TRACE::2023-05-30.14:31:41::SCWPlatform::DSA directory /home/sam/project/vitis/frrt_pp/hw
TRACE::2023-05-30.14:31:41::SCWPlatform:: Platform Path /home/sam/project/vitis/frrt_pp/hw/design_81_wrapper.xsa
TRACE::2023-05-30.14:31:41::SCWPlatform:: Unique name xilinx:zybo-z7-20::0.0
TRACE::2023-05-30.14:31:41::SCWPlatform::Trying to set the existing hwdb with name design_1_wrapper_0
TRACE::2023-05-30.14:31:41::SCWPlatform::Opened existing hwdb design_1_wrapper_0
TRACE::2023-05-30.14:31:41::SCWPlatform::Found the Hw Db part of the input DSA
TRACE::2023-05-30.14:31:41::SCWMssOS::Checking the sw design at  /home/sam/project/vitis/frrt_pp/ps7_cortexa9_0/standalone_domain/bsp/system.mss
TRACE::2023-05-30.14:31:41::SCWMssOS::DEBUG:  swdes dump  /home/sam/project/vitis/frrt_pp/ps7_cortexa9_0/standalone_domain/bsp/system.mss|system_0||
/home/sam/project/vitis/frrt_pp/zynq_fsbl/zynq_fsbl_bsp/system.mss|system||

TRACE::2023-05-30.14:31:41::SCWMssOS::Sw design exists and opened at  /home/sam/project/vitis/frrt_pp/ps7_cortexa9_0/standalone_domain/bsp/system.mss
TRACE::2023-05-30.14:31:41::SCWPlatform::Trying to open the hw design at /home/sam/project/vitis/frrt_pp/hw/design_81_wrapper.xsa
TRACE::2023-05-30.14:31:41::SCWPlatform::DSA given /home/sam/project/vitis/frrt_pp/hw/design_81_wrapper.xsa
TRACE::2023-05-30.14:31:41::SCWPlatform::DSA absoulate path /home/sam/project/vitis/frrt_pp/hw/design_81_wrapper.xsa
TRACE::2023-05-30.14:31:41::SCWPlatform::DSA directory /home/sam/project/vitis/frrt_pp/hw
TRACE::2023-05-30.14:31:41::SCWPlatform:: Platform Path /home/sam/project/vitis/frrt_pp/hw/design_81_wrapper.xsa
TRACE::2023-05-30.14:31:41::SCWPlatform:: Unique name xilinx:zybo-z7-20::0.0
TRACE::2023-05-30.14:31:41::SCWPlatform::Trying to set the existing hwdb with name design_1_wrapper_0
TRACE::2023-05-30.14:31:41::SCWPlatform::Opened existing hwdb design_1_wrapper_0
TRACE::2023-05-30.14:31:41::SCWPlatform::Found the Hw Db part of the input DSA
TRACE::2023-05-30.14:31:41::SCWMssOS::Checking the sw design at  /home/sam/project/vitis/frrt_pp/ps7_cortexa9_0/standalone_domain/bsp/system.mss
TRACE::2023-05-30.14:31:41::SCWMssOS::DEBUG:  swdes dump  /home/sam/project/vitis/frrt_pp/ps7_cortexa9_0/standalone_domain/bsp/system.mss|system_0||
/home/sam/project/vitis/frrt_pp/zynq_fsbl/zynq_fsbl_bsp/system.mss|system||

TRACE::2023-05-30.14:31:41::SCWMssOS::Sw design exists and opened at  /home/sam/project/vitis/frrt_pp/ps7_cortexa9_0/standalone_domain/bsp/system.mss
TRACE::2023-05-30.14:31:41::SCWWriter::formatted JSON is {
	"platformName":	"frrt_pp",
	"sprVersion":	"2.0",
	"mode":	"gui",
	"dsaType":	"Fixed",
	"platformDesc":	"frrt_pp",
	"platHandOff":	"/home/sam/project/vivado/rrt_pynq_fp32/design_81_wrapper.xsa",
	"platIntHandOff":	"<platformDir>/hw/design_81_wrapper.xsa",
	"deviceType":	"zynq",
	"platIsPrebuiltAutogen":	"false",
	"platIsNoBootBsp":	"false",
	"platFsblTarget":	"ps7_cortexa9_0",
	"hasFsblMakeHasChanges":	"false",
	"hasPmufwMakeHasChanges":	"false",
	"fsblExtraCompilerFlags":	"-MMD -MP       -mcpu=cortex-a9 -mfpu=vfpv3 -mfloat-abi=hard ",
	"platPreBuiltFlag":	false,
	"platformSamplesDir":	"",
	"platActiveSys":	"frrt_pp",
	"systems":	[{
			"systemName":	"frrt_pp",
			"systemDesc":	"frrt_pp",
			"sysIsBootAutoGen":	"true",
			"systemDispName":	"frrt_pp",
			"sysActiveDom":	"standalone_domain",
			"sysDefaultDom":	"standalone_domain",
			"domains":	[{
					"domainName":	"zynq_fsbl",
					"domainDispName":	"zynq_fsbl",
					"domainDesc":	"FSBL Application BSP - Auto Generated.",
					"processors":	"ps7_cortexa9_0",
					"os":	"standalone",
					"sdxOs":	"standalone",
					"debugEnable":	"",
					"domRuntimes":	["cpp"],
					"swRepo":	"",
					"mssOsVer":	"7.6",
					"mssFile":	"",
					"md5Digest":	"e2251ebcbe8200a6d4e3e73814821fa2",
					"compatibleApp":	"zynq_fsbl",
					"domType":	"bootDomain",
					"arch":	"32-bit",
					"appSettings":	{
						"appCompilerFlags":	"",
						"appLinkerFlags":	""
					},
					"addedLibs":	["xilffs:4.6", "xilrsa:1.6"],
					"libOptions":	{
						"libsContainingOptions":	[]
					},
					"prebuiltLibs":	{
						"prebuiltIncPath":	[],
						"prebuiltLibPath":	[]
					},
					"isolation":	{
					}
				}, {
					"domainName":	"standalone_domain",
					"domainDispName":	"standalone_domain",
					"domainDesc":	"standalone_domain",
					"processors":	"ps7_cortexa9_0",
					"os":	"standalone",
					"sdxOs":	"standalone",
					"qemuArgs":	"/tools/Xilinx/Vitis/2021.2/data/emulation/platforms/zynq/sw/a9_standalone/qemu/qemu_args.txt",
					"qemuData":	"/tools/Xilinx/Vitis/2021.2/data/emulation/platforms/zynq/sw/a9_standalone/qemu/",
					"debugEnable":	"False",
					"domRuntimes":	["cpp"],
					"swRepo":	"",
					"mssOsVer":	"7.6",
					"mssFile":	"",
					"md5Digest":	"216a5000c882570e032a223538a15408",
					"compatibleApp":	"",
					"domType":	"mssDomain",
					"appSettings":	{
						"appCompilerFlags":	"",
						"appLinkerFlags":	""
					},
					"addedLibs":	[],
					"libOptions":	{
						"libsContainingOptions":	[]
					},
					"prebuiltLibs":	{
						"prebuiltIncPath":	[],
						"prebuiltLibPath":	[]
					},
					"isolation":	{
					}
				}]
		}]
}
KEYINFO::2023-05-30.14:31:41::SCWPlatform::updated the xpfm file.
TRACE::2023-05-30.14:31:41::SCWPlatform::Trying to open the hw design at /home/sam/project/vitis/frrt_pp/hw/design_81_wrapper.xsa
TRACE::2023-05-30.14:31:41::SCWPlatform::DSA given /home/sam/project/vitis/frrt_pp/hw/design_81_wrapper.xsa
TRACE::2023-05-30.14:31:41::SCWPlatform::DSA absoulate path /home/sam/project/vitis/frrt_pp/hw/design_81_wrapper.xsa
TRACE::2023-05-30.14:31:41::SCWPlatform::DSA directory /home/sam/project/vitis/frrt_pp/hw
TRACE::2023-05-30.14:31:41::SCWPlatform:: Platform Path /home/sam/project/vitis/frrt_pp/hw/design_81_wrapper.xsa
TRACE::2023-05-30.14:31:41::SCWPlatform:: Unique name xilinx:zybo-z7-20::0.0
TRACE::2023-05-30.14:31:41::SCWPlatform::Trying to set the existing hwdb with name design_1_wrapper_0
TRACE::2023-05-30.14:31:41::SCWPlatform::Opened existing hwdb design_1_wrapper_0
TRACE::2023-05-30.14:31:41::SCWPlatform::Found the Hw Db part of the input DSA
TRACE::2023-05-30.14:31:41::SCWMssOS::Checking the sw design at  /home/sam/project/vitis/frrt_pp/ps7_cortexa9_0/standalone_domain/bsp/system.mss
TRACE::2023-05-30.14:31:41::SCWMssOS::DEBUG:  swdes dump  /home/sam/project/vitis/frrt_pp/ps7_cortexa9_0/standalone_domain/bsp/system.mss|system_0||
/home/sam/project/vitis/frrt_pp/zynq_fsbl/zynq_fsbl_bsp/system.mss|system||

TRACE::2023-05-30.14:31:41::SCWMssOS::Sw design exists and opened at  /home/sam/project/vitis/frrt_pp/ps7_cortexa9_0/standalone_domain/bsp/system.mss
TRACE::2023-05-30.14:31:41::SCWMssOS::Saving the mss changes /home/sam/project/vitis/frrt_pp/zynq_fsbl/zynq_fsbl_bsp/system.mss
TRACE::2023-05-30.14:31:41::SCWMssOS::Found a swdesign opened with the mssfile.
TRACE::2023-05-30.14:31:41::SCWMssOS::Completed writemss as part of save.
TRACE::2023-05-30.14:31:41::SCWMssOS::Commit changes completed.
TRACE::2023-05-30.14:31:41::SCWMssOS::Saving the mss changes /home/sam/project/vitis/frrt_pp/ps7_cortexa9_0/standalone_domain/bsp/system.mss
TRACE::2023-05-30.14:31:41::SCWMssOS::Found a swdesign opened with the mssfile.
TRACE::2023-05-30.14:31:41::SCWMssOS::Completed writemss as part of save.
TRACE::2023-05-30.14:31:41::SCWMssOS::Commit changes completed.
TRACE::2023-05-30.14:31:41::SCWPlatform::Trying to open the hw design at /home/sam/project/vitis/frrt_pp/hw/design_81_wrapper.xsa
TRACE::2023-05-30.14:31:41::SCWPlatform::DSA given /home/sam/project/vitis/frrt_pp/hw/design_81_wrapper.xsa
TRACE::2023-05-30.14:31:41::SCWPlatform::DSA absoulate path /home/sam/project/vitis/frrt_pp/hw/design_81_wrapper.xsa
TRACE::2023-05-30.14:31:41::SCWPlatform::DSA directory /home/sam/project/vitis/frrt_pp/hw
TRACE::2023-05-30.14:31:41::SCWPlatform:: Platform Path /home/sam/project/vitis/frrt_pp/hw/design_81_wrapper.xsa
TRACE::2023-05-30.14:31:41::SCWPlatform:: Unique name xilinx:zybo-z7-20::0.0
TRACE::2023-05-30.14:31:41::SCWPlatform::Trying to set the existing hwdb with name design_1_wrapper_0
TRACE::2023-05-30.14:31:41::SCWPlatform::Opened existing hwdb design_1_wrapper_0
TRACE::2023-05-30.14:31:41::SCWPlatform::Found the Hw Db part of the input DSA
TRACE::2023-05-30.14:31:41::SCWMssOS::Checking the sw design at  /home/sam/project/vitis/frrt_pp/zynq_fsbl/zynq_fsbl_bsp/system.mss
TRACE::2023-05-30.14:31:41::SCWMssOS::DEBUG:  swdes dump  /home/sam/project/vitis/frrt_pp/ps7_cortexa9_0/standalone_domain/bsp/system.mss|system_0||
/home/sam/project/vitis/frrt_pp/zynq_fsbl/zynq_fsbl_bsp/system.mss|system||

TRACE::2023-05-30.14:31:41::SCWMssOS::Sw design exists and opened at  /home/sam/project/vitis/frrt_pp/zynq_fsbl/zynq_fsbl_bsp/system.mss
TRACE::2023-05-30.14:31:41::SCWPlatform::Trying to open the hw design at /home/sam/project/vitis/frrt_pp/hw/design_81_wrapper.xsa
TRACE::2023-05-30.14:31:41::SCWPlatform::DSA given /home/sam/project/vitis/frrt_pp/hw/design_81_wrapper.xsa
TRACE::2023-05-30.14:31:41::SCWPlatform::DSA absoulate path /home/sam/project/vitis/frrt_pp/hw/design_81_wrapper.xsa
TRACE::2023-05-30.14:31:41::SCWPlatform::DSA directory /home/sam/project/vitis/frrt_pp/hw
TRACE::2023-05-30.14:31:41::SCWPlatform:: Platform Path /home/sam/project/vitis/frrt_pp/hw/design_81_wrapper.xsa
TRACE::2023-05-30.14:31:41::SCWPlatform:: Unique name xilinx:zybo-z7-20::0.0
TRACE::2023-05-30.14:31:41::SCWPlatform::Trying to set the existing hwdb with name design_1_wrapper_0
TRACE::2023-05-30.14:31:41::SCWPlatform::Opened existing hwdb design_1_wrapper_0
TRACE::2023-05-30.14:31:41::SCWPlatform::Found the Hw Db part of the input DSA
TRACE::2023-05-30.14:31:41::SCWMssOS::Checking the sw design at  /home/sam/project/vitis/frrt_pp/zynq_fsbl/zynq_fsbl_bsp/system.mss
TRACE::2023-05-30.14:31:41::SCWMssOS::DEBUG:  swdes dump  /home/sam/project/vitis/frrt_pp/ps7_cortexa9_0/standalone_domain/bsp/system.mss|system_0||
/home/sam/project/vitis/frrt_pp/zynq_fsbl/zynq_fsbl_bsp/system.mss|system||

TRACE::2023-05-30.14:31:41::SCWMssOS::Sw design exists and opened at  /home/sam/project/vitis/frrt_pp/zynq_fsbl/zynq_fsbl_bsp/system.mss
TRACE::2023-05-30.14:31:41::SCWPlatform::Trying to open the hw design at /home/sam/project/vitis/frrt_pp/hw/design_81_wrapper.xsa
TRACE::2023-05-30.14:31:41::SCWPlatform::DSA given /home/sam/project/vitis/frrt_pp/hw/design_81_wrapper.xsa
TRACE::2023-05-30.14:31:41::SCWPlatform::DSA absoulate path /home/sam/project/vitis/frrt_pp/hw/design_81_wrapper.xsa
TRACE::2023-05-30.14:31:41::SCWPlatform::DSA directory /home/sam/project/vitis/frrt_pp/hw
TRACE::2023-05-30.14:31:41::SCWPlatform:: Platform Path /home/sam/project/vitis/frrt_pp/hw/design_81_wrapper.xsa
TRACE::2023-05-30.14:31:41::SCWPlatform:: Unique name xilinx:zybo-z7-20::0.0
TRACE::2023-05-30.14:31:41::SCWPlatform::Trying to set the existing hwdb with name design_1_wrapper_0
TRACE::2023-05-30.14:31:41::SCWPlatform::Opened existing hwdb design_1_wrapper_0
TRACE::2023-05-30.14:31:41::SCWPlatform::Found the Hw Db part of the input DSA
TRACE::2023-05-30.14:31:41::SCWMssOS::Checking the sw design at  /home/sam/project/vitis/frrt_pp/zynq_fsbl/zynq_fsbl_bsp/system.mss
TRACE::2023-05-30.14:31:41::SCWMssOS::DEBUG:  swdes dump  /home/sam/project/vitis/frrt_pp/ps7_cortexa9_0/standalone_domain/bsp/system.mss|system_0||
/home/sam/project/vitis/frrt_pp/zynq_fsbl/zynq_fsbl_bsp/system.mss|system||

TRACE::2023-05-30.14:31:41::SCWMssOS::Sw design exists and opened at  /home/sam/project/vitis/frrt_pp/zynq_fsbl/zynq_fsbl_bsp/system.mss
TRACE::2023-05-30.14:31:41::SCWPlatform::Trying to open the hw design at /home/sam/project/vitis/frrt_pp/hw/design_81_wrapper.xsa
TRACE::2023-05-30.14:31:41::SCWPlatform::DSA given /home/sam/project/vitis/frrt_pp/hw/design_81_wrapper.xsa
TRACE::2023-05-30.14:31:41::SCWPlatform::DSA absoulate path /home/sam/project/vitis/frrt_pp/hw/design_81_wrapper.xsa
TRACE::2023-05-30.14:31:41::SCWPlatform::DSA directory /home/sam/project/vitis/frrt_pp/hw
TRACE::2023-05-30.14:31:41::SCWPlatform:: Platform Path /home/sam/project/vitis/frrt_pp/hw/design_81_wrapper.xsa
TRACE::2023-05-30.14:31:41::SCWPlatform:: Unique name xilinx:zybo-z7-20::0.0
TRACE::2023-05-30.14:31:41::SCWPlatform::Trying to set the existing hwdb with name design_1_wrapper_0
TRACE::2023-05-30.14:31:41::SCWPlatform::Opened existing hwdb design_1_wrapper_0
TRACE::2023-05-30.14:31:41::SCWPlatform::Found the Hw Db part of the input DSA
TRACE::2023-05-30.14:31:41::SCWMssOS::Checking the sw design at  /home/sam/project/vitis/frrt_pp/ps7_cortexa9_0/standalone_domain/bsp/system.mss
TRACE::2023-05-30.14:31:41::SCWMssOS::DEBUG:  swdes dump  /home/sam/project/vitis/frrt_pp/ps7_cortexa9_0/standalone_domain/bsp/system.mss|system_0||
/home/sam/project/vitis/frrt_pp/zynq_fsbl/zynq_fsbl_bsp/system.mss|system||

TRACE::2023-05-30.14:31:41::SCWMssOS::Sw design exists and opened at  /home/sam/project/vitis/frrt_pp/ps7_cortexa9_0/standalone_domain/bsp/system.mss
TRACE::2023-05-30.14:31:41::SCWPlatform::Trying to open the hw design at /home/sam/project/vitis/frrt_pp/hw/design_81_wrapper.xsa
TRACE::2023-05-30.14:31:41::SCWPlatform::DSA given /home/sam/project/vitis/frrt_pp/hw/design_81_wrapper.xsa
TRACE::2023-05-30.14:31:41::SCWPlatform::DSA absoulate path /home/sam/project/vitis/frrt_pp/hw/design_81_wrapper.xsa
TRACE::2023-05-30.14:31:41::SCWPlatform::DSA directory /home/sam/project/vitis/frrt_pp/hw
TRACE::2023-05-30.14:31:41::SCWPlatform:: Platform Path /home/sam/project/vitis/frrt_pp/hw/design_81_wrapper.xsa
TRACE::2023-05-30.14:31:41::SCWPlatform:: Unique name xilinx:zybo-z7-20::0.0
TRACE::2023-05-30.14:31:41::SCWPlatform::Trying to set the existing hwdb with name design_1_wrapper_0
TRACE::2023-05-30.14:31:41::SCWPlatform::Opened existing hwdb design_1_wrapper_0
TRACE::2023-05-30.14:31:41::SCWPlatform::Found the Hw Db part of the input DSA
TRACE::2023-05-30.14:31:41::SCWMssOS::Checking the sw design at  /home/sam/project/vitis/frrt_pp/ps7_cortexa9_0/standalone_domain/bsp/system.mss
TRACE::2023-05-30.14:31:41::SCWMssOS::DEBUG:  swdes dump  /home/sam/project/vitis/frrt_pp/ps7_cortexa9_0/standalone_domain/bsp/system.mss|system_0||
/home/sam/project/vitis/frrt_pp/zynq_fsbl/zynq_fsbl_bsp/system.mss|system||

TRACE::2023-05-30.14:31:41::SCWMssOS::Sw design exists and opened at  /home/sam/project/vitis/frrt_pp/ps7_cortexa9_0/standalone_domain/bsp/system.mss
TRACE::2023-05-30.14:31:41::SCWPlatform::Trying to open the hw design at /home/sam/project/vitis/frrt_pp/hw/design_81_wrapper.xsa
TRACE::2023-05-30.14:31:41::SCWPlatform::DSA given /home/sam/project/vitis/frrt_pp/hw/design_81_wrapper.xsa
TRACE::2023-05-30.14:31:41::SCWPlatform::DSA absoulate path /home/sam/project/vitis/frrt_pp/hw/design_81_wrapper.xsa
TRACE::2023-05-30.14:31:41::SCWPlatform::DSA directory /home/sam/project/vitis/frrt_pp/hw
TRACE::2023-05-30.14:31:41::SCWPlatform:: Platform Path /home/sam/project/vitis/frrt_pp/hw/design_81_wrapper.xsa
TRACE::2023-05-30.14:31:41::SCWPlatform:: Unique name xilinx:zybo-z7-20::0.0
TRACE::2023-05-30.14:31:41::SCWPlatform::Trying to set the existing hwdb with name design_1_wrapper_0
TRACE::2023-05-30.14:31:41::SCWPlatform::Opened existing hwdb design_1_wrapper_0
TRACE::2023-05-30.14:31:41::SCWPlatform::Found the Hw Db part of the input DSA
TRACE::2023-05-30.14:31:41::SCWMssOS::Checking the sw design at  /home/sam/project/vitis/frrt_pp/ps7_cortexa9_0/standalone_domain/bsp/system.mss
TRACE::2023-05-30.14:31:41::SCWMssOS::DEBUG:  swdes dump  /home/sam/project/vitis/frrt_pp/ps7_cortexa9_0/standalone_domain/bsp/system.mss|system_0||
/home/sam/project/vitis/frrt_pp/zynq_fsbl/zynq_fsbl_bsp/system.mss|system||

TRACE::2023-05-30.14:31:41::SCWMssOS::Sw design exists and opened at  /home/sam/project/vitis/frrt_pp/ps7_cortexa9_0/standalone_domain/bsp/system.mss
TRACE::2023-05-30.14:31:41::SCWWriter::formatted JSON is {
	"platformName":	"frrt_pp",
	"sprVersion":	"2.0",
	"mode":	"gui",
	"dsaType":	"Fixed",
	"platformDesc":	"frrt_pp",
	"platHandOff":	"/home/sam/project/vivado/rrt_pynq_fp32/design_81_wrapper.xsa",
	"platIntHandOff":	"<platformDir>/hw/design_81_wrapper.xsa",
	"deviceType":	"zynq",
	"platIsPrebuiltAutogen":	"false",
	"platIsNoBootBsp":	"false",
	"platFsblTarget":	"ps7_cortexa9_0",
	"hasFsblMakeHasChanges":	"false",
	"hasPmufwMakeHasChanges":	"false",
	"fsblExtraCompilerFlags":	"-MMD -MP       -mcpu=cortex-a9 -mfpu=vfpv3 -mfloat-abi=hard ",
	"platPreBuiltFlag":	false,
	"platformSamplesDir":	"",
	"platActiveSys":	"frrt_pp",
	"systems":	[{
			"systemName":	"frrt_pp",
			"systemDesc":	"frrt_pp",
			"sysIsBootAutoGen":	"true",
			"systemDispName":	"frrt_pp",
			"sysActiveDom":	"standalone_domain",
			"sysDefaultDom":	"standalone_domain",
			"domains":	[{
					"domainName":	"zynq_fsbl",
					"domainDispName":	"zynq_fsbl",
					"domainDesc":	"FSBL Application BSP - Auto Generated.",
					"processors":	"ps7_cortexa9_0",
					"os":	"standalone",
					"sdxOs":	"standalone",
					"debugEnable":	"",
					"domRuntimes":	["cpp"],
					"swRepo":	"",
					"mssOsVer":	"7.6",
					"mssFile":	"",
					"md5Digest":	"e2251ebcbe8200a6d4e3e73814821fa2",
					"compatibleApp":	"zynq_fsbl",
					"domType":	"bootDomain",
					"arch":	"32-bit",
					"appSettings":	{
						"appCompilerFlags":	"",
						"appLinkerFlags":	""
					},
					"addedLibs":	["xilffs:4.6", "xilrsa:1.6"],
					"libOptions":	{
						"libsContainingOptions":	[]
					},
					"prebuiltLibs":	{
						"prebuiltIncPath":	[],
						"prebuiltLibPath":	[]
					},
					"isolation":	{
					}
				}, {
					"domainName":	"standalone_domain",
					"domainDispName":	"standalone_domain",
					"domainDesc":	"standalone_domain",
					"processors":	"ps7_cortexa9_0",
					"os":	"standalone",
					"sdxOs":	"standalone",
					"qemuArgs":	"/tools/Xilinx/Vitis/2021.2/data/emulation/platforms/zynq/sw/a9_standalone/qemu/qemu_args.txt",
					"qemuData":	"/tools/Xilinx/Vitis/2021.2/data/emulation/platforms/zynq/sw/a9_standalone/qemu/",
					"debugEnable":	"False",
					"domRuntimes":	["cpp"],
					"swRepo":	"",
					"mssOsVer":	"7.6",
					"mssFile":	"",
					"md5Digest":	"216a5000c882570e032a223538a15408",
					"compatibleApp":	"",
					"domType":	"mssDomain",
					"appSettings":	{
						"appCompilerFlags":	"",
						"appLinkerFlags":	""
					},
					"addedLibs":	[],
					"libOptions":	{
						"libsContainingOptions":	[]
					},
					"prebuiltLibs":	{
						"prebuiltIncPath":	[],
						"prebuiltLibPath":	[]
					},
					"isolation":	{
					}
				}]
		}]
}
TRACE::2023-05-30.14:31:41::SCWPlatform::Trying to open the hw design at /home/sam/project/vitis/frrt_pp/hw/design_81_wrapper.xsa
TRACE::2023-05-30.14:31:41::SCWPlatform::DSA given /home/sam/project/vitis/frrt_pp/hw/design_81_wrapper.xsa
TRACE::2023-05-30.14:31:41::SCWPlatform::DSA absoulate path /home/sam/project/vitis/frrt_pp/hw/design_81_wrapper.xsa
TRACE::2023-05-30.14:31:41::SCWPlatform::DSA directory /home/sam/project/vitis/frrt_pp/hw
TRACE::2023-05-30.14:31:41::SCWPlatform:: Platform Path /home/sam/project/vitis/frrt_pp/hw/design_81_wrapper.xsa
TRACE::2023-05-30.14:31:41::SCWPlatform:: Unique name xilinx:zybo-z7-20::0.0
TRACE::2023-05-30.14:31:41::SCWPlatform::Trying to set the existing hwdb with name design_1_wrapper_0
TRACE::2023-05-30.14:31:41::SCWPlatform::Opened existing hwdb design_1_wrapper_0
TRACE::2023-05-30.14:31:41::SCWPlatform::Found the Hw Db part of the input DSA
TRACE::2023-05-30.14:31:41::SCWMssOS::Checking the sw design at  /home/sam/project/vitis/frrt_pp/ps7_cortexa9_0/standalone_domain/bsp/system.mss
TRACE::2023-05-30.14:31:41::SCWMssOS::DEBUG:  swdes dump  /home/sam/project/vitis/frrt_pp/ps7_cortexa9_0/standalone_domain/bsp/system.mss|system_0||
/home/sam/project/vitis/frrt_pp/zynq_fsbl/zynq_fsbl_bsp/system.mss|system||

TRACE::2023-05-30.14:31:41::SCWMssOS::Sw design exists and opened at  /home/sam/project/vitis/frrt_pp/ps7_cortexa9_0/standalone_domain/bsp/system.mss
TRACE::2023-05-30.14:31:41::SCWPlatform::Trying to open the hw design at /home/sam/project/vitis/frrt_pp/hw/design_81_wrapper.xsa
TRACE::2023-05-30.14:31:41::SCWPlatform::DSA given /home/sam/project/vitis/frrt_pp/hw/design_81_wrapper.xsa
TRACE::2023-05-30.14:31:41::SCWPlatform::DSA absoulate path /home/sam/project/vitis/frrt_pp/hw/design_81_wrapper.xsa
TRACE::2023-05-30.14:31:41::SCWPlatform::DSA directory /home/sam/project/vitis/frrt_pp/hw
TRACE::2023-05-30.14:31:41::SCWPlatform:: Platform Path /home/sam/project/vitis/frrt_pp/hw/design_81_wrapper.xsa
TRACE::2023-05-30.14:31:41::SCWPlatform:: Unique name xilinx:zybo-z7-20::0.0
TRACE::2023-05-30.14:31:41::SCWPlatform::Trying to set the existing hwdb with name design_1_wrapper_0
TRACE::2023-05-30.14:31:41::SCWPlatform::Opened existing hwdb design_1_wrapper_0
TRACE::2023-05-30.14:31:41::SCWPlatform::Found the Hw Db part of the input DSA
TRACE::2023-05-30.14:31:41::SCWMssOS::Checking the sw design at  /home/sam/project/vitis/frrt_pp/ps7_cortexa9_0/standalone_domain/bsp/system.mss
TRACE::2023-05-30.14:31:41::SCWMssOS::DEBUG:  swdes dump  /home/sam/project/vitis/frrt_pp/ps7_cortexa9_0/standalone_domain/bsp/system.mss|system_0||
/home/sam/project/vitis/frrt_pp/zynq_fsbl/zynq_fsbl_bsp/system.mss|system||

TRACE::2023-05-30.14:31:41::SCWMssOS::Sw design exists and opened at  /home/sam/project/vitis/frrt_pp/ps7_cortexa9_0/standalone_domain/bsp/system.mss
TRACE::2023-05-30.14:31:41::SCWPlatform::Trying to open the hw design at /home/sam/project/vitis/frrt_pp/hw/design_81_wrapper.xsa
TRACE::2023-05-30.14:31:41::SCWPlatform::DSA given /home/sam/project/vitis/frrt_pp/hw/design_81_wrapper.xsa
TRACE::2023-05-30.14:31:41::SCWPlatform::DSA absoulate path /home/sam/project/vitis/frrt_pp/hw/design_81_wrapper.xsa
TRACE::2023-05-30.14:31:41::SCWPlatform::DSA directory /home/sam/project/vitis/frrt_pp/hw
TRACE::2023-05-30.14:31:41::SCWPlatform:: Platform Path /home/sam/project/vitis/frrt_pp/hw/design_81_wrapper.xsa
TRACE::2023-05-30.14:31:41::SCWPlatform:: Unique name xilinx:zybo-z7-20::0.0
TRACE::2023-05-30.14:31:41::SCWPlatform::Trying to set the existing hwdb with name design_1_wrapper_0
TRACE::2023-05-30.14:31:41::SCWPlatform::Opened existing hwdb design_1_wrapper_0
TRACE::2023-05-30.14:31:41::SCWPlatform::Found the Hw Db part of the input DSA
TRACE::2023-05-30.14:31:41::SCWMssOS::Checking the sw design at  /home/sam/project/vitis/frrt_pp/ps7_cortexa9_0/standalone_domain/bsp/system.mss
TRACE::2023-05-30.14:31:41::SCWMssOS::DEBUG:  swdes dump  /home/sam/project/vitis/frrt_pp/ps7_cortexa9_0/standalone_domain/bsp/system.mss|system_0||
/home/sam/project/vitis/frrt_pp/zynq_fsbl/zynq_fsbl_bsp/system.mss|system||

TRACE::2023-05-30.14:31:41::SCWMssOS::Sw design exists and opened at  /home/sam/project/vitis/frrt_pp/ps7_cortexa9_0/standalone_domain/bsp/system.mss
TRACE::2023-05-30.14:31:41::SCWMssOS::Saving the mss changes /home/sam/project/vitis/frrt_pp/zynq_fsbl/zynq_fsbl_bsp/system.mss
TRACE::2023-05-30.14:31:41::SCWMssOS::Found a swdesign opened with the mssfile.
TRACE::2023-05-30.14:31:41::SCWMssOS::Completed writemss as part of save.
TRACE::2023-05-30.14:31:41::SCWMssOS::Commit changes completed.
TRACE::2023-05-30.14:31:41::SCWMssOS::Saving the mss changes /home/sam/project/vitis/frrt_pp/ps7_cortexa9_0/standalone_domain/bsp/system.mss
TRACE::2023-05-30.14:31:41::SCWMssOS::Found a swdesign opened with the mssfile.
TRACE::2023-05-30.14:31:41::SCWMssOS::Completed writemss as part of save.
TRACE::2023-05-30.14:31:41::SCWMssOS::Commit changes completed.
TRACE::2023-05-30.14:31:41::SCWPlatform::Trying to open the hw design at /home/sam/project/vitis/frrt_pp/hw/design_81_wrapper.xsa
TRACE::2023-05-30.14:31:41::SCWPlatform::DSA given /home/sam/project/vitis/frrt_pp/hw/design_81_wrapper.xsa
TRACE::2023-05-30.14:31:41::SCWPlatform::DSA absoulate path /home/sam/project/vitis/frrt_pp/hw/design_81_wrapper.xsa
TRACE::2023-05-30.14:31:41::SCWPlatform::DSA directory /home/sam/project/vitis/frrt_pp/hw
TRACE::2023-05-30.14:31:41::SCWPlatform:: Platform Path /home/sam/project/vitis/frrt_pp/hw/design_81_wrapper.xsa
TRACE::2023-05-30.14:31:41::SCWPlatform:: Unique name xilinx:zybo-z7-20::0.0
TRACE::2023-05-30.14:31:41::SCWPlatform::Trying to set the existing hwdb with name design_1_wrapper_0
TRACE::2023-05-30.14:31:41::SCWPlatform::Opened existing hwdb design_1_wrapper_0
TRACE::2023-05-30.14:31:41::SCWPlatform::Found the Hw Db part of the input DSA
TRACE::2023-05-30.14:31:41::SCWMssOS::Checking the sw design at  /home/sam/project/vitis/frrt_pp/zynq_fsbl/zynq_fsbl_bsp/system.mss
TRACE::2023-05-30.14:31:41::SCWMssOS::DEBUG:  swdes dump  /home/sam/project/vitis/frrt_pp/ps7_cortexa9_0/standalone_domain/bsp/system.mss|system_0||
/home/sam/project/vitis/frrt_pp/zynq_fsbl/zynq_fsbl_bsp/system.mss|system||

TRACE::2023-05-30.14:31:41::SCWMssOS::Sw design exists and opened at  /home/sam/project/vitis/frrt_pp/zynq_fsbl/zynq_fsbl_bsp/system.mss
TRACE::2023-05-30.14:31:41::SCWPlatform::Trying to open the hw design at /home/sam/project/vitis/frrt_pp/hw/design_81_wrapper.xsa
TRACE::2023-05-30.14:31:41::SCWPlatform::DSA given /home/sam/project/vitis/frrt_pp/hw/design_81_wrapper.xsa
TRACE::2023-05-30.14:31:41::SCWPlatform::DSA absoulate path /home/sam/project/vitis/frrt_pp/hw/design_81_wrapper.xsa
TRACE::2023-05-30.14:31:41::SCWPlatform::DSA directory /home/sam/project/vitis/frrt_pp/hw
TRACE::2023-05-30.14:31:41::SCWPlatform:: Platform Path /home/sam/project/vitis/frrt_pp/hw/design_81_wrapper.xsa
TRACE::2023-05-30.14:31:41::SCWPlatform:: Unique name xilinx:zybo-z7-20::0.0
TRACE::2023-05-30.14:31:41::SCWPlatform::Trying to set the existing hwdb with name design_1_wrapper_0
TRACE::2023-05-30.14:31:41::SCWPlatform::Opened existing hwdb design_1_wrapper_0
TRACE::2023-05-30.14:31:41::SCWPlatform::Found the Hw Db part of the input DSA
TRACE::2023-05-30.14:31:41::SCWMssOS::Checking the sw design at  /home/sam/project/vitis/frrt_pp/zynq_fsbl/zynq_fsbl_bsp/system.mss
TRACE::2023-05-30.14:31:41::SCWMssOS::DEBUG:  swdes dump  /home/sam/project/vitis/frrt_pp/ps7_cortexa9_0/standalone_domain/bsp/system.mss|system_0||
/home/sam/project/vitis/frrt_pp/zynq_fsbl/zynq_fsbl_bsp/system.mss|system||

TRACE::2023-05-30.14:31:41::SCWMssOS::Sw design exists and opened at  /home/sam/project/vitis/frrt_pp/zynq_fsbl/zynq_fsbl_bsp/system.mss
TRACE::2023-05-30.14:31:41::SCWPlatform::Trying to open the hw design at /home/sam/project/vitis/frrt_pp/hw/design_81_wrapper.xsa
TRACE::2023-05-30.14:31:41::SCWPlatform::DSA given /home/sam/project/vitis/frrt_pp/hw/design_81_wrapper.xsa
TRACE::2023-05-30.14:31:41::SCWPlatform::DSA absoulate path /home/sam/project/vitis/frrt_pp/hw/design_81_wrapper.xsa
TRACE::2023-05-30.14:31:41::SCWPlatform::DSA directory /home/sam/project/vitis/frrt_pp/hw
TRACE::2023-05-30.14:31:41::SCWPlatform:: Platform Path /home/sam/project/vitis/frrt_pp/hw/design_81_wrapper.xsa
TRACE::2023-05-30.14:31:41::SCWPlatform:: Unique name xilinx:zybo-z7-20::0.0
TRACE::2023-05-30.14:31:41::SCWPlatform::Trying to set the existing hwdb with name design_1_wrapper_0
TRACE::2023-05-30.14:31:41::SCWPlatform::Opened existing hwdb design_1_wrapper_0
TRACE::2023-05-30.14:31:41::SCWPlatform::Found the Hw Db part of the input DSA
TRACE::2023-05-30.14:31:41::SCWMssOS::Checking the sw design at  /home/sam/project/vitis/frrt_pp/zynq_fsbl/zynq_fsbl_bsp/system.mss
TRACE::2023-05-30.14:31:41::SCWMssOS::DEBUG:  swdes dump  /home/sam/project/vitis/frrt_pp/ps7_cortexa9_0/standalone_domain/bsp/system.mss|system_0||
/home/sam/project/vitis/frrt_pp/zynq_fsbl/zynq_fsbl_bsp/system.mss|system||

TRACE::2023-05-30.14:31:41::SCWMssOS::Sw design exists and opened at  /home/sam/project/vitis/frrt_pp/zynq_fsbl/zynq_fsbl_bsp/system.mss
TRACE::2023-05-30.14:31:41::SCWPlatform::Trying to open the hw design at /home/sam/project/vitis/frrt_pp/hw/design_81_wrapper.xsa
TRACE::2023-05-30.14:31:41::SCWPlatform::DSA given /home/sam/project/vitis/frrt_pp/hw/design_81_wrapper.xsa
TRACE::2023-05-30.14:31:41::SCWPlatform::DSA absoulate path /home/sam/project/vitis/frrt_pp/hw/design_81_wrapper.xsa
TRACE::2023-05-30.14:31:41::SCWPlatform::DSA directory /home/sam/project/vitis/frrt_pp/hw
TRACE::2023-05-30.14:31:41::SCWPlatform:: Platform Path /home/sam/project/vitis/frrt_pp/hw/design_81_wrapper.xsa
TRACE::2023-05-30.14:31:41::SCWPlatform:: Unique name xilinx:zybo-z7-20::0.0
TRACE::2023-05-30.14:31:41::SCWPlatform::Trying to set the existing hwdb with name design_1_wrapper_0
TRACE::2023-05-30.14:31:41::SCWPlatform::Opened existing hwdb design_1_wrapper_0
TRACE::2023-05-30.14:31:41::SCWPlatform::Found the Hw Db part of the input DSA
TRACE::2023-05-30.14:31:41::SCWMssOS::Checking the sw design at  /home/sam/project/vitis/frrt_pp/ps7_cortexa9_0/standalone_domain/bsp/system.mss
TRACE::2023-05-30.14:31:41::SCWMssOS::DEBUG:  swdes dump  /home/sam/project/vitis/frrt_pp/ps7_cortexa9_0/standalone_domain/bsp/system.mss|system_0||
/home/sam/project/vitis/frrt_pp/zynq_fsbl/zynq_fsbl_bsp/system.mss|system||

TRACE::2023-05-30.14:31:41::SCWMssOS::Sw design exists and opened at  /home/sam/project/vitis/frrt_pp/ps7_cortexa9_0/standalone_domain/bsp/system.mss
TRACE::2023-05-30.14:31:41::SCWPlatform::Trying to open the hw design at /home/sam/project/vitis/frrt_pp/hw/design_81_wrapper.xsa
TRACE::2023-05-30.14:31:41::SCWPlatform::DSA given /home/sam/project/vitis/frrt_pp/hw/design_81_wrapper.xsa
TRACE::2023-05-30.14:31:41::SCWPlatform::DSA absoulate path /home/sam/project/vitis/frrt_pp/hw/design_81_wrapper.xsa
TRACE::2023-05-30.14:31:41::SCWPlatform::DSA directory /home/sam/project/vitis/frrt_pp/hw
TRACE::2023-05-30.14:31:41::SCWPlatform:: Platform Path /home/sam/project/vitis/frrt_pp/hw/design_81_wrapper.xsa
TRACE::2023-05-30.14:31:41::SCWPlatform:: Unique name xilinx:zybo-z7-20::0.0
TRACE::2023-05-30.14:31:41::SCWPlatform::Trying to set the existing hwdb with name design_1_wrapper_0
TRACE::2023-05-30.14:31:41::SCWPlatform::Opened existing hwdb design_1_wrapper_0
TRACE::2023-05-30.14:31:41::SCWPlatform::Found the Hw Db part of the input DSA
TRACE::2023-05-30.14:31:41::SCWMssOS::Checking the sw design at  /home/sam/project/vitis/frrt_pp/ps7_cortexa9_0/standalone_domain/bsp/system.mss
TRACE::2023-05-30.14:31:41::SCWMssOS::DEBUG:  swdes dump  /home/sam/project/vitis/frrt_pp/ps7_cortexa9_0/standalone_domain/bsp/system.mss|system_0||
/home/sam/project/vitis/frrt_pp/zynq_fsbl/zynq_fsbl_bsp/system.mss|system||

TRACE::2023-05-30.14:31:41::SCWMssOS::Sw design exists and opened at  /home/sam/project/vitis/frrt_pp/ps7_cortexa9_0/standalone_domain/bsp/system.mss
TRACE::2023-05-30.14:31:41::SCWPlatform::Trying to open the hw design at /home/sam/project/vitis/frrt_pp/hw/design_81_wrapper.xsa
TRACE::2023-05-30.14:31:41::SCWPlatform::DSA given /home/sam/project/vitis/frrt_pp/hw/design_81_wrapper.xsa
TRACE::2023-05-30.14:31:41::SCWPlatform::DSA absoulate path /home/sam/project/vitis/frrt_pp/hw/design_81_wrapper.xsa
TRACE::2023-05-30.14:31:41::SCWPlatform::DSA directory /home/sam/project/vitis/frrt_pp/hw
TRACE::2023-05-30.14:31:41::SCWPlatform:: Platform Path /home/sam/project/vitis/frrt_pp/hw/design_81_wrapper.xsa
TRACE::2023-05-30.14:31:41::SCWPlatform:: Unique name xilinx:zybo-z7-20::0.0
TRACE::2023-05-30.14:31:41::SCWPlatform::Trying to set the existing hwdb with name design_1_wrapper_0
TRACE::2023-05-30.14:31:41::SCWPlatform::Opened existing hwdb design_1_wrapper_0
TRACE::2023-05-30.14:31:41::SCWPlatform::Found the Hw Db part of the input DSA
TRACE::2023-05-30.14:31:41::SCWMssOS::Checking the sw design at  /home/sam/project/vitis/frrt_pp/ps7_cortexa9_0/standalone_domain/bsp/system.mss
TRACE::2023-05-30.14:31:41::SCWMssOS::DEBUG:  swdes dump  /home/sam/project/vitis/frrt_pp/ps7_cortexa9_0/standalone_domain/bsp/system.mss|system_0||
/home/sam/project/vitis/frrt_pp/zynq_fsbl/zynq_fsbl_bsp/system.mss|system||

TRACE::2023-05-30.14:31:41::SCWMssOS::Sw design exists and opened at  /home/sam/project/vitis/frrt_pp/ps7_cortexa9_0/standalone_domain/bsp/system.mss
TRACE::2023-05-30.14:31:41::SCWWriter::formatted JSON is {
	"platformName":	"frrt_pp",
	"sprVersion":	"2.0",
	"mode":	"gui",
	"dsaType":	"Fixed",
	"platformDesc":	"frrt_pp",
	"platHandOff":	"/home/sam/project/vivado/rrt_pynq_fp32/design_81_wrapper.xsa",
	"platIntHandOff":	"<platformDir>/hw/design_81_wrapper.xsa",
	"deviceType":	"zynq",
	"platIsPrebuiltAutogen":	"false",
	"platIsNoBootBsp":	"false",
	"platFsblTarget":	"ps7_cortexa9_0",
	"hasFsblMakeHasChanges":	"false",
	"hasPmufwMakeHasChanges":	"false",
	"fsblExtraCompilerFlags":	"-MMD -MP       -mcpu=cortex-a9 -mfpu=vfpv3 -mfloat-abi=hard ",
	"platPreBuiltFlag":	false,
	"platformSamplesDir":	"",
	"platActiveSys":	"frrt_pp",
	"systems":	[{
			"systemName":	"frrt_pp",
			"systemDesc":	"frrt_pp",
			"sysIsBootAutoGen":	"true",
			"systemDispName":	"frrt_pp",
			"sysActiveDom":	"standalone_domain",
			"sysDefaultDom":	"standalone_domain",
			"domains":	[{
					"domainName":	"zynq_fsbl",
					"domainDispName":	"zynq_fsbl",
					"domainDesc":	"FSBL Application BSP - Auto Generated.",
					"processors":	"ps7_cortexa9_0",
					"os":	"standalone",
					"sdxOs":	"standalone",
					"debugEnable":	"",
					"domRuntimes":	["cpp"],
					"swRepo":	"",
					"mssOsVer":	"7.6",
					"mssFile":	"",
					"md5Digest":	"e2251ebcbe8200a6d4e3e73814821fa2",
					"compatibleApp":	"zynq_fsbl",
					"domType":	"bootDomain",
					"arch":	"32-bit",
					"appSettings":	{
						"appCompilerFlags":	"",
						"appLinkerFlags":	""
					},
					"addedLibs":	["xilffs:4.6", "xilrsa:1.6"],
					"libOptions":	{
						"libsContainingOptions":	[]
					},
					"prebuiltLibs":	{
						"prebuiltIncPath":	[],
						"prebuiltLibPath":	[]
					},
					"isolation":	{
					}
				}, {
					"domainName":	"standalone_domain",
					"domainDispName":	"standalone on ps7_cortexa9_0",
					"domainDesc":	"standalone_domain",
					"processors":	"ps7_cortexa9_0",
					"os":	"standalone",
					"sdxOs":	"standalone",
					"qemuArgs":	"/tools/Xilinx/Vitis/2021.2/data/emulation/platforms/zynq/sw/a9_standalone/qemu/qemu_args.txt",
					"qemuData":	"/tools/Xilinx/Vitis/2021.2/data/emulation/platforms/zynq/sw/a9_standalone/qemu/",
					"debugEnable":	"False",
					"domRuntimes":	["cpp"],
					"swRepo":	"",
					"mssOsVer":	"7.6",
					"mssFile":	"",
					"md5Digest":	"216a5000c882570e032a223538a15408",
					"compatibleApp":	"",
					"domType":	"mssDomain",
					"appSettings":	{
						"appCompilerFlags":	"",
						"appLinkerFlags":	""
					},
					"addedLibs":	[],
					"libOptions":	{
						"libsContainingOptions":	[]
					},
					"prebuiltLibs":	{
						"prebuiltIncPath":	[],
						"prebuiltLibPath":	[]
					},
					"isolation":	{
					}
				}]
		}]
}
TRACE::2023-05-30.14:31:41::SCWMssOS::Saving the mss changes /home/sam/project/vitis/frrt_pp/zynq_fsbl/zynq_fsbl_bsp/system.mss
TRACE::2023-05-30.14:31:41::SCWMssOS::Found a swdesign opened with the mssfile.
TRACE::2023-05-30.14:31:41::SCWMssOS::Completed writemss as part of save.
TRACE::2023-05-30.14:31:41::SCWMssOS::Commit changes completed.
TRACE::2023-05-30.14:31:41::SCWMssOS::Saving the mss changes /home/sam/project/vitis/frrt_pp/ps7_cortexa9_0/standalone_domain/bsp/system.mss
TRACE::2023-05-30.14:31:41::SCWMssOS::Found a swdesign opened with the mssfile.
TRACE::2023-05-30.14:31:41::SCWMssOS::Completed writemss as part of save.
TRACE::2023-05-30.14:31:41::SCWMssOS::Commit changes completed.
TRACE::2023-05-30.14:31:41::SCWPlatform::Trying to open the hw design at /home/sam/project/vitis/frrt_pp/hw/design_81_wrapper.xsa
TRACE::2023-05-30.14:31:41::SCWPlatform::DSA given /home/sam/project/vitis/frrt_pp/hw/design_81_wrapper.xsa
TRACE::2023-05-30.14:31:41::SCWPlatform::DSA absoulate path /home/sam/project/vitis/frrt_pp/hw/design_81_wrapper.xsa
TRACE::2023-05-30.14:31:41::SCWPlatform::DSA directory /home/sam/project/vitis/frrt_pp/hw
TRACE::2023-05-30.14:31:41::SCWPlatform:: Platform Path /home/sam/project/vitis/frrt_pp/hw/design_81_wrapper.xsa
TRACE::2023-05-30.14:31:41::SCWPlatform:: Unique name xilinx:zybo-z7-20::0.0
TRACE::2023-05-30.14:31:41::SCWPlatform::Trying to set the existing hwdb with name design_1_wrapper_0
TRACE::2023-05-30.14:31:41::SCWPlatform::Opened existing hwdb design_1_wrapper_0
TRACE::2023-05-30.14:31:41::SCWPlatform::Found the Hw Db part of the input DSA
TRACE::2023-05-30.14:31:41::SCWMssOS::Checking the sw design at  /home/sam/project/vitis/frrt_pp/zynq_fsbl/zynq_fsbl_bsp/system.mss
TRACE::2023-05-30.14:31:41::SCWMssOS::DEBUG:  swdes dump  /home/sam/project/vitis/frrt_pp/ps7_cortexa9_0/standalone_domain/bsp/system.mss|system_0||
/home/sam/project/vitis/frrt_pp/zynq_fsbl/zynq_fsbl_bsp/system.mss|system||

TRACE::2023-05-30.14:31:41::SCWMssOS::Sw design exists and opened at  /home/sam/project/vitis/frrt_pp/zynq_fsbl/zynq_fsbl_bsp/system.mss
TRACE::2023-05-30.14:31:41::SCWPlatform::Trying to open the hw design at /home/sam/project/vitis/frrt_pp/hw/design_81_wrapper.xsa
TRACE::2023-05-30.14:31:41::SCWPlatform::DSA given /home/sam/project/vitis/frrt_pp/hw/design_81_wrapper.xsa
TRACE::2023-05-30.14:31:41::SCWPlatform::DSA absoulate path /home/sam/project/vitis/frrt_pp/hw/design_81_wrapper.xsa
TRACE::2023-05-30.14:31:41::SCWPlatform::DSA directory /home/sam/project/vitis/frrt_pp/hw
TRACE::2023-05-30.14:31:41::SCWPlatform:: Platform Path /home/sam/project/vitis/frrt_pp/hw/design_81_wrapper.xsa
TRACE::2023-05-30.14:31:41::SCWPlatform:: Unique name xilinx:zybo-z7-20::0.0
TRACE::2023-05-30.14:31:41::SCWPlatform::Trying to set the existing hwdb with name design_1_wrapper_0
TRACE::2023-05-30.14:31:41::SCWPlatform::Opened existing hwdb design_1_wrapper_0
TRACE::2023-05-30.14:31:41::SCWPlatform::Found the Hw Db part of the input DSA
TRACE::2023-05-30.14:31:41::SCWMssOS::Checking the sw design at  /home/sam/project/vitis/frrt_pp/zynq_fsbl/zynq_fsbl_bsp/system.mss
TRACE::2023-05-30.14:31:41::SCWMssOS::DEBUG:  swdes dump  /home/sam/project/vitis/frrt_pp/ps7_cortexa9_0/standalone_domain/bsp/system.mss|system_0||
/home/sam/project/vitis/frrt_pp/zynq_fsbl/zynq_fsbl_bsp/system.mss|system||

TRACE::2023-05-30.14:31:41::SCWMssOS::Sw design exists and opened at  /home/sam/project/vitis/frrt_pp/zynq_fsbl/zynq_fsbl_bsp/system.mss
TRACE::2023-05-30.14:31:41::SCWPlatform::Trying to open the hw design at /home/sam/project/vitis/frrt_pp/hw/design_81_wrapper.xsa
TRACE::2023-05-30.14:31:41::SCWPlatform::DSA given /home/sam/project/vitis/frrt_pp/hw/design_81_wrapper.xsa
TRACE::2023-05-30.14:31:41::SCWPlatform::DSA absoulate path /home/sam/project/vitis/frrt_pp/hw/design_81_wrapper.xsa
TRACE::2023-05-30.14:31:41::SCWPlatform::DSA directory /home/sam/project/vitis/frrt_pp/hw
TRACE::2023-05-30.14:31:41::SCWPlatform:: Platform Path /home/sam/project/vitis/frrt_pp/hw/design_81_wrapper.xsa
TRACE::2023-05-30.14:31:41::SCWPlatform:: Unique name xilinx:zybo-z7-20::0.0
TRACE::2023-05-30.14:31:41::SCWPlatform::Trying to set the existing hwdb with name design_1_wrapper_0
TRACE::2023-05-30.14:31:41::SCWPlatform::Opened existing hwdb design_1_wrapper_0
TRACE::2023-05-30.14:31:41::SCWPlatform::Found the Hw Db part of the input DSA
TRACE::2023-05-30.14:31:41::SCWMssOS::Checking the sw design at  /home/sam/project/vitis/frrt_pp/zynq_fsbl/zynq_fsbl_bsp/system.mss
TRACE::2023-05-30.14:31:41::SCWMssOS::DEBUG:  swdes dump  /home/sam/project/vitis/frrt_pp/ps7_cortexa9_0/standalone_domain/bsp/system.mss|system_0||
/home/sam/project/vitis/frrt_pp/zynq_fsbl/zynq_fsbl_bsp/system.mss|system||

TRACE::2023-05-30.14:31:41::SCWMssOS::Sw design exists and opened at  /home/sam/project/vitis/frrt_pp/zynq_fsbl/zynq_fsbl_bsp/system.mss
TRACE::2023-05-30.14:31:41::SCWPlatform::Trying to open the hw design at /home/sam/project/vitis/frrt_pp/hw/design_81_wrapper.xsa
TRACE::2023-05-30.14:31:41::SCWPlatform::DSA given /home/sam/project/vitis/frrt_pp/hw/design_81_wrapper.xsa
TRACE::2023-05-30.14:31:41::SCWPlatform::DSA absoulate path /home/sam/project/vitis/frrt_pp/hw/design_81_wrapper.xsa
TRACE::2023-05-30.14:31:41::SCWPlatform::DSA directory /home/sam/project/vitis/frrt_pp/hw
TRACE::2023-05-30.14:31:41::SCWPlatform:: Platform Path /home/sam/project/vitis/frrt_pp/hw/design_81_wrapper.xsa
TRACE::2023-05-30.14:31:41::SCWPlatform:: Unique name xilinx:zybo-z7-20::0.0
TRACE::2023-05-30.14:31:41::SCWPlatform::Trying to set the existing hwdb with name design_1_wrapper_0
TRACE::2023-05-30.14:31:41::SCWPlatform::Opened existing hwdb design_1_wrapper_0
TRACE::2023-05-30.14:31:41::SCWPlatform::Found the Hw Db part of the input DSA
TRACE::2023-05-30.14:31:41::SCWMssOS::Checking the sw design at  /home/sam/project/vitis/frrt_pp/ps7_cortexa9_0/standalone_domain/bsp/system.mss
TRACE::2023-05-30.14:31:41::SCWMssOS::DEBUG:  swdes dump  /home/sam/project/vitis/frrt_pp/ps7_cortexa9_0/standalone_domain/bsp/system.mss|system_0||
/home/sam/project/vitis/frrt_pp/zynq_fsbl/zynq_fsbl_bsp/system.mss|system||

TRACE::2023-05-30.14:31:41::SCWMssOS::Sw design exists and opened at  /home/sam/project/vitis/frrt_pp/ps7_cortexa9_0/standalone_domain/bsp/system.mss
TRACE::2023-05-30.14:31:41::SCWPlatform::Trying to open the hw design at /home/sam/project/vitis/frrt_pp/hw/design_81_wrapper.xsa
TRACE::2023-05-30.14:31:41::SCWPlatform::DSA given /home/sam/project/vitis/frrt_pp/hw/design_81_wrapper.xsa
TRACE::2023-05-30.14:31:41::SCWPlatform::DSA absoulate path /home/sam/project/vitis/frrt_pp/hw/design_81_wrapper.xsa
TRACE::2023-05-30.14:31:41::SCWPlatform::DSA directory /home/sam/project/vitis/frrt_pp/hw
TRACE::2023-05-30.14:31:41::SCWPlatform:: Platform Path /home/sam/project/vitis/frrt_pp/hw/design_81_wrapper.xsa
TRACE::2023-05-30.14:31:41::SCWPlatform:: Unique name xilinx:zybo-z7-20::0.0
TRACE::2023-05-30.14:31:41::SCWPlatform::Trying to set the existing hwdb with name design_1_wrapper_0
TRACE::2023-05-30.14:31:41::SCWPlatform::Opened existing hwdb design_1_wrapper_0
TRACE::2023-05-30.14:31:41::SCWPlatform::Found the Hw Db part of the input DSA
TRACE::2023-05-30.14:31:41::SCWMssOS::Checking the sw design at  /home/sam/project/vitis/frrt_pp/ps7_cortexa9_0/standalone_domain/bsp/system.mss
TRACE::2023-05-30.14:31:41::SCWMssOS::DEBUG:  swdes dump  /home/sam/project/vitis/frrt_pp/ps7_cortexa9_0/standalone_domain/bsp/system.mss|system_0||
/home/sam/project/vitis/frrt_pp/zynq_fsbl/zynq_fsbl_bsp/system.mss|system||

TRACE::2023-05-30.14:31:41::SCWMssOS::Sw design exists and opened at  /home/sam/project/vitis/frrt_pp/ps7_cortexa9_0/standalone_domain/bsp/system.mss
TRACE::2023-05-30.14:31:41::SCWPlatform::Trying to open the hw design at /home/sam/project/vitis/frrt_pp/hw/design_81_wrapper.xsa
TRACE::2023-05-30.14:31:41::SCWPlatform::DSA given /home/sam/project/vitis/frrt_pp/hw/design_81_wrapper.xsa
TRACE::2023-05-30.14:31:41::SCWPlatform::DSA absoulate path /home/sam/project/vitis/frrt_pp/hw/design_81_wrapper.xsa
TRACE::2023-05-30.14:31:41::SCWPlatform::DSA directory /home/sam/project/vitis/frrt_pp/hw
TRACE::2023-05-30.14:31:41::SCWPlatform:: Platform Path /home/sam/project/vitis/frrt_pp/hw/design_81_wrapper.xsa
TRACE::2023-05-30.14:31:41::SCWPlatform:: Unique name xilinx:zybo-z7-20::0.0
TRACE::2023-05-30.14:31:41::SCWPlatform::Trying to set the existing hwdb with name design_1_wrapper_0
TRACE::2023-05-30.14:31:41::SCWPlatform::Opened existing hwdb design_1_wrapper_0
TRACE::2023-05-30.14:31:41::SCWPlatform::Found the Hw Db part of the input DSA
TRACE::2023-05-30.14:31:41::SCWMssOS::Checking the sw design at  /home/sam/project/vitis/frrt_pp/ps7_cortexa9_0/standalone_domain/bsp/system.mss
TRACE::2023-05-30.14:31:41::SCWMssOS::DEBUG:  swdes dump  /home/sam/project/vitis/frrt_pp/ps7_cortexa9_0/standalone_domain/bsp/system.mss|system_0||
/home/sam/project/vitis/frrt_pp/zynq_fsbl/zynq_fsbl_bsp/system.mss|system||

TRACE::2023-05-30.14:31:41::SCWMssOS::Sw design exists and opened at  /home/sam/project/vitis/frrt_pp/ps7_cortexa9_0/standalone_domain/bsp/system.mss
TRACE::2023-05-30.14:31:41::SCWWriter::formatted JSON is {
	"platformName":	"frrt_pp",
	"sprVersion":	"2.0",
	"mode":	"gui",
	"dsaType":	"Fixed",
	"platformDesc":	"frrt_pp",
	"platHandOff":	"/home/sam/project/vivado/rrt_pynq_fp32/design_81_wrapper.xsa",
	"platIntHandOff":	"<platformDir>/hw/design_81_wrapper.xsa",
	"deviceType":	"zynq",
	"platIsPrebuiltAutogen":	"false",
	"platIsNoBootBsp":	"false",
	"platFsblTarget":	"ps7_cortexa9_0",
	"hasFsblMakeHasChanges":	"false",
	"hasPmufwMakeHasChanges":	"false",
	"fsblExtraCompilerFlags":	"-MMD -MP       -mcpu=cortex-a9 -mfpu=vfpv3 -mfloat-abi=hard ",
	"platPreBuiltFlag":	false,
	"platformSamplesDir":	"",
	"platActiveSys":	"frrt_pp",
	"systems":	[{
			"systemName":	"frrt_pp",
			"systemDesc":	"frrt_pp",
			"sysIsBootAutoGen":	"true",
			"systemDispName":	"frrt_pp",
			"sysActiveDom":	"standalone_domain",
			"sysDefaultDom":	"standalone_domain",
			"domains":	[{
					"domainName":	"zynq_fsbl",
					"domainDispName":	"zynq_fsbl",
					"domainDesc":	"FSBL Application BSP - Auto Generated.",
					"processors":	"ps7_cortexa9_0",
					"os":	"standalone",
					"sdxOs":	"standalone",
					"debugEnable":	"",
					"domRuntimes":	["cpp"],
					"swRepo":	"",
					"mssOsVer":	"7.6",
					"mssFile":	"",
					"md5Digest":	"e2251ebcbe8200a6d4e3e73814821fa2",
					"compatibleApp":	"zynq_fsbl",
					"domType":	"bootDomain",
					"arch":	"32-bit",
					"appSettings":	{
						"appCompilerFlags":	"",
						"appLinkerFlags":	""
					},
					"addedLibs":	["xilffs:4.6", "xilrsa:1.6"],
					"libOptions":	{
						"libsContainingOptions":	[]
					},
					"prebuiltLibs":	{
						"prebuiltIncPath":	[],
						"prebuiltLibPath":	[]
					},
					"isolation":	{
					}
				}, {
					"domainName":	"standalone_domain",
					"domainDispName":	"standalone on ps7_cortexa9_0",
					"domainDesc":	"standalone_domain",
					"processors":	"ps7_cortexa9_0",
					"os":	"standalone",
					"sdxOs":	"standalone",
					"qemuArgs":	"/tools/Xilinx/Vitis/2021.2/data/emulation/platforms/zynq/sw/a9_standalone/qemu/qemu_args.txt",
					"qemuData":	"/tools/Xilinx/Vitis/2021.2/data/emulation/platforms/zynq/sw/a9_standalone/qemu/",
					"debugEnable":	"False",
					"domRuntimes":	["cpp"],
					"swRepo":	"",
					"mssOsVer":	"7.6",
					"mssFile":	"",
					"md5Digest":	"216a5000c882570e032a223538a15408",
					"compatibleApp":	"",
					"domType":	"mssDomain",
					"appSettings":	{
						"appCompilerFlags":	"",
						"appLinkerFlags":	""
					},
					"addedLibs":	[],
					"libOptions":	{
						"libsContainingOptions":	[]
					},
					"prebuiltLibs":	{
						"prebuiltIncPath":	[],
						"prebuiltLibPath":	[]
					},
					"isolation":	{
					}
				}]
		}]
}
TRACE::2023-05-30.14:31:42::SCWPlatform::Clearing the existing platform
TRACE::2023-05-30.14:31:42::SCWSystem::Clearing the existing sysconfig
TRACE::2023-05-30.14:31:42::SCWBDomain::clearing the fsbl build
TRACE::2023-05-30.14:31:42::SCWMssOS::Removing the swdes entry for  /home/sam/project/vitis/frrt_pp/zynq_fsbl/zynq_fsbl_bsp/system.mss
TRACE::2023-05-30.14:31:42::SCWMssOS::Removing the swdes entry for  /home/sam/project/vitis/frrt_pp/ps7_cortexa9_0/standalone_domain/bsp/system.mss
TRACE::2023-05-30.14:31:42::SCWSystem::Clearing the domains completed.
TRACE::2023-05-30.14:31:42::SCWPlatform::Clearing the opened hw db.
TRACE::2023-05-30.14:31:42::SCWPlatform::DSA given /home/sam/project/vitis/frrt_pp/hw/design_81_wrapper.xsa
TRACE::2023-05-30.14:31:42::SCWPlatform::DSA absoulate path /home/sam/project/vitis/frrt_pp/hw/design_81_wrapper.xsa
TRACE::2023-05-30.14:31:42::SCWPlatform:: Platform location is /home/sam/project/vitis/frrt_pp/hw
TRACE::2023-05-30.14:31:42::SCWPlatform:: Platform Path /home/sam/project/vitis/frrt_pp/hw/design_81_wrapper.xsa
TRACE::2023-05-30.14:31:42::SCWPlatform:: Unique name xilinx:zybo-z7-20::0.0
TRACE::2023-05-30.14:31:42::SCWPlatform::Removing the HwDB with name /home/sam/project/vitis/frrt_pp/hw/design_81_wrapper.xsa
TRACE::2023-05-30.14:31:42::SCWPlatform::Trying to open the hw design at /home/sam/project/vitis/frrt_pp/hw/design_81_wrapper.xsa
TRACE::2023-05-30.14:31:42::SCWPlatform::DSA given /home/sam/project/vitis/frrt_pp/hw/design_81_wrapper.xsa
TRACE::2023-05-30.14:31:42::SCWPlatform::DSA absoulate path /home/sam/project/vitis/frrt_pp/hw/design_81_wrapper.xsa
TRACE::2023-05-30.14:31:42::SCWPlatform::DSA directory /home/sam/project/vitis/frrt_pp/hw
TRACE::2023-05-30.14:31:42::SCWPlatform:: Platform Path /home/sam/project/vitis/frrt_pp/hw/design_81_wrapper.xsa
TRACE::2023-05-30.14:31:42::SCWPlatform:: Unique name xilinx:zybo-z7-20::0.0
TRACE::2023-05-30.14:31:42::SCWPlatform::Do not have an existing db opened. 
TRACE::2023-05-30.14:31:44::SCWPlatform::Opened new HwDB with name design_1_wrapper_1
TRACE::2023-05-30.14:31:44::SCWReader::Active system found as  frrt_pp
TRACE::2023-05-30.14:31:44::SCWReader::Handling sysconfig frrt_pp
TRACE::2023-05-30.14:31:44::SCWDomain::checking for install qemu data   : 
TRACE::2023-05-30.14:31:44::SCWDomain:: Using the QEMU Data from install at  : /tools/Xilinx/Vitis/2021.2/data/emulation/platforms/zynq/sw/a9_standalone/qemu/
TRACE::2023-05-30.14:31:44::SCWDomain:: Using the QEMU args  from install at  : /tools/Xilinx/Vitis/2021.2/data/emulation/platforms/zynq/sw/a9_standalone/qemu/qemu_args.txt
TRACE::2023-05-30.14:31:44::SCWPlatform::Trying to open the hw design at /home/sam/project/vitis/frrt_pp/hw/design_81_wrapper.xsa
TRACE::2023-05-30.14:31:44::SCWPlatform::DSA given /home/sam/project/vitis/frrt_pp/hw/design_81_wrapper.xsa
TRACE::2023-05-30.14:31:44::SCWPlatform::DSA absoulate path /home/sam/project/vitis/frrt_pp/hw/design_81_wrapper.xsa
TRACE::2023-05-30.14:31:44::SCWPlatform::DSA directory /home/sam/project/vitis/frrt_pp/hw
TRACE::2023-05-30.14:31:44::SCWPlatform:: Platform Path /home/sam/project/vitis/frrt_pp/hw/design_81_wrapper.xsa
TRACE::2023-05-30.14:31:44::SCWPlatform:: Unique name xilinx:zybo-z7-20::0.0
TRACE::2023-05-30.14:31:44::SCWPlatform::Trying to set the existing hwdb with name design_1_wrapper_1
TRACE::2023-05-30.14:31:44::SCWPlatform::Opened existing hwdb design_1_wrapper_1
TRACE::2023-05-30.14:31:44::SCWPlatform::Found the Hw Db part of the input DSA
TRACE::2023-05-30.14:31:44::SCWPlatform::Trying to open the hw design at /home/sam/project/vitis/frrt_pp/hw/design_81_wrapper.xsa
TRACE::2023-05-30.14:31:44::SCWPlatform::DSA given /home/sam/project/vitis/frrt_pp/hw/design_81_wrapper.xsa
TRACE::2023-05-30.14:31:44::SCWPlatform::DSA absoulate path /home/sam/project/vitis/frrt_pp/hw/design_81_wrapper.xsa
TRACE::2023-05-30.14:31:44::SCWPlatform::DSA directory /home/sam/project/vitis/frrt_pp/hw
TRACE::2023-05-30.14:31:44::SCWPlatform:: Platform Path /home/sam/project/vitis/frrt_pp/hw/design_81_wrapper.xsa
TRACE::2023-05-30.14:31:44::SCWPlatform:: Unique name xilinx:zybo-z7-20::0.0
TRACE::2023-05-30.14:31:44::SCWPlatform::Trying to set the existing hwdb with name design_1_wrapper_1
TRACE::2023-05-30.14:31:44::SCWPlatform::Opened existing hwdb design_1_wrapper_1
TRACE::2023-05-30.14:31:44::SCWPlatform::Found the Hw Db part of the input DSA
TRACE::2023-05-30.14:31:44::SCWPlatform::Trying to open the hw design at /home/sam/project/vitis/frrt_pp/hw/design_81_wrapper.xsa
TRACE::2023-05-30.14:31:44::SCWPlatform::DSA given /home/sam/project/vitis/frrt_pp/hw/design_81_wrapper.xsa
TRACE::2023-05-30.14:31:44::SCWPlatform::DSA absoulate path /home/sam/project/vitis/frrt_pp/hw/design_81_wrapper.xsa
TRACE::2023-05-30.14:31:44::SCWPlatform::DSA directory /home/sam/project/vitis/frrt_pp/hw
TRACE::2023-05-30.14:31:44::SCWPlatform:: Platform Path /home/sam/project/vitis/frrt_pp/hw/design_81_wrapper.xsa
TRACE::2023-05-30.14:31:44::SCWPlatform:: Unique name xilinx:zybo-z7-20::0.0
TRACE::2023-05-30.14:31:44::SCWPlatform::Trying to set the existing hwdb with name design_1_wrapper_1
TRACE::2023-05-30.14:31:44::SCWPlatform::Opened existing hwdb design_1_wrapper_1
TRACE::2023-05-30.14:31:44::SCWPlatform::Found the Hw Db part of the input DSA
TRACE::2023-05-30.14:31:44::SCWReader::Boot application domain added for zynq_fsbl
TRACE::2023-05-30.14:31:44::SCWPlatform::Trying to open the hw design at /home/sam/project/vitis/frrt_pp/hw/design_81_wrapper.xsa
TRACE::2023-05-30.14:31:44::SCWPlatform::DSA given /home/sam/project/vitis/frrt_pp/hw/design_81_wrapper.xsa
TRACE::2023-05-30.14:31:44::SCWPlatform::DSA absoulate path /home/sam/project/vitis/frrt_pp/hw/design_81_wrapper.xsa
TRACE::2023-05-30.14:31:44::SCWPlatform::DSA directory /home/sam/project/vitis/frrt_pp/hw
TRACE::2023-05-30.14:31:44::SCWPlatform:: Platform Path /home/sam/project/vitis/frrt_pp/hw/design_81_wrapper.xsa
TRACE::2023-05-30.14:31:44::SCWPlatform:: Unique name xilinx:zybo-z7-20::0.0
TRACE::2023-05-30.14:31:44::SCWPlatform::Trying to set the existing hwdb with name design_1_wrapper_1
TRACE::2023-05-30.14:31:44::SCWPlatform::Opened existing hwdb design_1_wrapper_1
TRACE::2023-05-30.14:31:44::SCWPlatform::Found the Hw Db part of the input DSA
TRACE::2023-05-30.14:31:44::SCWMssOS::Checking the sw design at  /home/sam/project/vitis/frrt_pp/zynq_fsbl/zynq_fsbl_bsp/system.mss
TRACE::2023-05-30.14:31:44::SCWMssOS::DEBUG:  swdes dump  
TRACE::2023-05-30.14:31:44::SCWMssOS::No sw design opened at  /home/sam/project/vitis/frrt_pp/zynq_fsbl/zynq_fsbl_bsp/system.mss
TRACE::2023-05-30.14:31:44::SCWMssOS::mss exists loading the mss file  /home/sam/project/vitis/frrt_pp/zynq_fsbl/zynq_fsbl_bsp/system.mss
TRACE::2023-05-30.14:31:44::SCWMssOS::Opened the sw design from mss  /home/sam/project/vitis/frrt_pp/zynq_fsbl/zynq_fsbl_bsp/system.mss
TRACE::2023-05-30.14:31:44::SCWMssOS::Adding the swdes entry /home/sam/project/vitis/frrt_pp/zynq_fsbl/zynq_fsbl_bsp/system.mss with des name system
TRACE::2023-05-30.14:31:44::SCWMssOS::updating the scw layer about changes
TRACE::2023-05-30.14:31:44::SCWMssOS::Opened the sw design.  /home/sam/project/vitis/frrt_pp/zynq_fsbl/zynq_fsbl_bsp/system.mss
TRACE::2023-05-30.14:31:44::SCWPlatform::Trying to open the hw design at /home/sam/project/vitis/frrt_pp/hw/design_81_wrapper.xsa
TRACE::2023-05-30.14:31:44::SCWPlatform::DSA given /home/sam/project/vitis/frrt_pp/hw/design_81_wrapper.xsa
TRACE::2023-05-30.14:31:44::SCWPlatform::DSA absoulate path /home/sam/project/vitis/frrt_pp/hw/design_81_wrapper.xsa
TRACE::2023-05-30.14:31:44::SCWPlatform::DSA directory /home/sam/project/vitis/frrt_pp/hw
TRACE::2023-05-30.14:31:44::SCWPlatform:: Platform Path /home/sam/project/vitis/frrt_pp/hw/design_81_wrapper.xsa
TRACE::2023-05-30.14:31:44::SCWPlatform:: Unique name xilinx:zybo-z7-20::0.0
TRACE::2023-05-30.14:31:44::SCWPlatform::Trying to set the existing hwdb with name design_1_wrapper_1
TRACE::2023-05-30.14:31:44::SCWPlatform::Opened existing hwdb design_1_wrapper_1
TRACE::2023-05-30.14:31:44::SCWPlatform::Found the Hw Db part of the input DSA
TRACE::2023-05-30.14:31:44::SCWMssOS::Checking the sw design at  /home/sam/project/vitis/frrt_pp/zynq_fsbl/zynq_fsbl_bsp/system.mss
TRACE::2023-05-30.14:31:44::SCWMssOS::DEBUG:  swdes dump  /home/sam/project/vitis/frrt_pp/zynq_fsbl/zynq_fsbl_bsp/system.mss|system||

TRACE::2023-05-30.14:31:44::SCWMssOS::Sw design exists and opened at  /home/sam/project/vitis/frrt_pp/zynq_fsbl/zynq_fsbl_bsp/system.mss
TRACE::2023-05-30.14:31:44::SCWMssOS:: library already available in sw design:  xilffs:4.6
TRACE::2023-05-30.14:31:44::SCWPlatform::Trying to open the hw design at /home/sam/project/vitis/frrt_pp/hw/design_81_wrapper.xsa
TRACE::2023-05-30.14:31:44::SCWPlatform::DSA given /home/sam/project/vitis/frrt_pp/hw/design_81_wrapper.xsa
TRACE::2023-05-30.14:31:44::SCWPlatform::DSA absoulate path /home/sam/project/vitis/frrt_pp/hw/design_81_wrapper.xsa
TRACE::2023-05-30.14:31:44::SCWPlatform::DSA directory /home/sam/project/vitis/frrt_pp/hw
TRACE::2023-05-30.14:31:44::SCWPlatform:: Platform Path /home/sam/project/vitis/frrt_pp/hw/design_81_wrapper.xsa
TRACE::2023-05-30.14:31:44::SCWPlatform:: Unique name xilinx:zybo-z7-20::0.0
TRACE::2023-05-30.14:31:44::SCWPlatform::Trying to set the existing hwdb with name design_1_wrapper_1
TRACE::2023-05-30.14:31:44::SCWPlatform::Opened existing hwdb design_1_wrapper_1
TRACE::2023-05-30.14:31:44::SCWPlatform::Found the Hw Db part of the input DSA
TRACE::2023-05-30.14:31:44::SCWMssOS::Checking the sw design at  /home/sam/project/vitis/frrt_pp/zynq_fsbl/zynq_fsbl_bsp/system.mss
TRACE::2023-05-30.14:31:44::SCWMssOS::DEBUG:  swdes dump  /home/sam/project/vitis/frrt_pp/zynq_fsbl/zynq_fsbl_bsp/system.mss|system||

TRACE::2023-05-30.14:31:44::SCWMssOS::Sw design exists and opened at  /home/sam/project/vitis/frrt_pp/zynq_fsbl/zynq_fsbl_bsp/system.mss
TRACE::2023-05-30.14:31:44::SCWMssOS:: library already available in sw design:  xilrsa:1.6
TRACE::2023-05-30.14:31:44::SCWMssOS::Saving the mss changes /home/sam/project/vitis/frrt_pp/zynq_fsbl/zynq_fsbl_bsp/system.mss
TRACE::2023-05-30.14:31:44::SCWMssOS::Found a swdesign opened with the mssfile.
TRACE::2023-05-30.14:31:44::SCWMssOS::Completed writemss as part of save.
TRACE::2023-05-30.14:31:44::SCWMssOS::Commit changes completed.
TRACE::2023-05-30.14:31:44::SCWReader::Adding prebuilt librarypaths as   
TRACE::2023-05-30.14:31:44::SCWReader::Adding prebuilt incpaths  as   
TRACE::2023-05-30.14:31:44::SCWPlatform::Trying to open the hw design at /home/sam/project/vitis/frrt_pp/hw/design_81_wrapper.xsa
TRACE::2023-05-30.14:31:44::SCWPlatform::DSA given /home/sam/project/vitis/frrt_pp/hw/design_81_wrapper.xsa
TRACE::2023-05-30.14:31:44::SCWPlatform::DSA absoulate path /home/sam/project/vitis/frrt_pp/hw/design_81_wrapper.xsa
TRACE::2023-05-30.14:31:44::SCWPlatform::DSA directory /home/sam/project/vitis/frrt_pp/hw
TRACE::2023-05-30.14:31:44::SCWPlatform:: Platform Path /home/sam/project/vitis/frrt_pp/hw/design_81_wrapper.xsa
TRACE::2023-05-30.14:31:44::SCWPlatform:: Unique name xilinx:zybo-z7-20::0.0
TRACE::2023-05-30.14:31:44::SCWPlatform::Trying to set the existing hwdb with name design_1_wrapper_1
TRACE::2023-05-30.14:31:44::SCWPlatform::Opened existing hwdb design_1_wrapper_1
TRACE::2023-05-30.14:31:44::SCWPlatform::Found the Hw Db part of the input DSA
TRACE::2023-05-30.14:31:44::SCWMssOS::Checking the sw design at  /home/sam/project/vitis/frrt_pp/zynq_fsbl/zynq_fsbl_bsp/system.mss
TRACE::2023-05-30.14:31:44::SCWMssOS::DEBUG:  swdes dump  /home/sam/project/vitis/frrt_pp/zynq_fsbl/zynq_fsbl_bsp/system.mss|system||

TRACE::2023-05-30.14:31:44::SCWMssOS::Sw design exists and opened at  /home/sam/project/vitis/frrt_pp/zynq_fsbl/zynq_fsbl_bsp/system.mss
TRACE::2023-05-30.14:31:44::SCWReader::No isolation master present  
TRACE::2023-05-30.14:31:44::SCWDomain::checking for install qemu data   : 
TRACE::2023-05-30.14:31:44::SCWDomain:: Using the QEMU Data from install at  : /tools/Xilinx/Vitis/2021.2/data/emulation/platforms/zynq/sw/a9_standalone/qemu/
TRACE::2023-05-30.14:31:44::SCWDomain:: Using the QEMU args  from install at  : /tools/Xilinx/Vitis/2021.2/data/emulation/platforms/zynq/sw/a9_standalone/qemu/qemu_args.txt
TRACE::2023-05-30.14:31:44::SCWPlatform::Trying to open the hw design at /home/sam/project/vitis/frrt_pp/hw/design_81_wrapper.xsa
TRACE::2023-05-30.14:31:44::SCWPlatform::DSA given /home/sam/project/vitis/frrt_pp/hw/design_81_wrapper.xsa
TRACE::2023-05-30.14:31:44::SCWPlatform::DSA absoulate path /home/sam/project/vitis/frrt_pp/hw/design_81_wrapper.xsa
TRACE::2023-05-30.14:31:44::SCWPlatform::DSA directory /home/sam/project/vitis/frrt_pp/hw
TRACE::2023-05-30.14:31:44::SCWPlatform:: Platform Path /home/sam/project/vitis/frrt_pp/hw/design_81_wrapper.xsa
TRACE::2023-05-30.14:31:44::SCWPlatform:: Unique name xilinx:zybo-z7-20::0.0
TRACE::2023-05-30.14:31:44::SCWPlatform::Trying to set the existing hwdb with name design_1_wrapper_1
TRACE::2023-05-30.14:31:44::SCWPlatform::Opened existing hwdb design_1_wrapper_1
TRACE::2023-05-30.14:31:44::SCWPlatform::Found the Hw Db part of the input DSA
TRACE::2023-05-30.14:31:44::SCWPlatform::Trying to open the hw design at /home/sam/project/vitis/frrt_pp/hw/design_81_wrapper.xsa
TRACE::2023-05-30.14:31:44::SCWPlatform::DSA given /home/sam/project/vitis/frrt_pp/hw/design_81_wrapper.xsa
TRACE::2023-05-30.14:31:44::SCWPlatform::DSA absoulate path /home/sam/project/vitis/frrt_pp/hw/design_81_wrapper.xsa
TRACE::2023-05-30.14:31:44::SCWPlatform::DSA directory /home/sam/project/vitis/frrt_pp/hw
TRACE::2023-05-30.14:31:44::SCWPlatform:: Platform Path /home/sam/project/vitis/frrt_pp/hw/design_81_wrapper.xsa
TRACE::2023-05-30.14:31:44::SCWPlatform:: Unique name xilinx:zybo-z7-20::0.0
TRACE::2023-05-30.14:31:44::SCWPlatform::Trying to set the existing hwdb with name design_1_wrapper_1
TRACE::2023-05-30.14:31:44::SCWPlatform::Opened existing hwdb design_1_wrapper_1
TRACE::2023-05-30.14:31:44::SCWPlatform::Found the Hw Db part of the input DSA
TRACE::2023-05-30.14:31:44::SCWPlatform::Trying to open the hw design at /home/sam/project/vitis/frrt_pp/hw/design_81_wrapper.xsa
TRACE::2023-05-30.14:31:44::SCWPlatform::DSA given /home/sam/project/vitis/frrt_pp/hw/design_81_wrapper.xsa
TRACE::2023-05-30.14:31:44::SCWPlatform::DSA absoulate path /home/sam/project/vitis/frrt_pp/hw/design_81_wrapper.xsa
TRACE::2023-05-30.14:31:44::SCWPlatform::DSA directory /home/sam/project/vitis/frrt_pp/hw
TRACE::2023-05-30.14:31:44::SCWPlatform:: Platform Path /home/sam/project/vitis/frrt_pp/hw/design_81_wrapper.xsa
TRACE::2023-05-30.14:31:44::SCWPlatform:: Unique name xilinx:zybo-z7-20::0.0
TRACE::2023-05-30.14:31:44::SCWPlatform::Trying to set the existing hwdb with name design_1_wrapper_1
TRACE::2023-05-30.14:31:44::SCWPlatform::Opened existing hwdb design_1_wrapper_1
TRACE::2023-05-30.14:31:44::SCWPlatform::Found the Hw Db part of the input DSA
TRACE::2023-05-30.14:31:44::SCWMssOS::Checking the sw design at  /home/sam/project/vitis/frrt_pp/ps7_cortexa9_0/standalone_domain/bsp/system.mss
TRACE::2023-05-30.14:31:44::SCWMssOS::DEBUG:  swdes dump  /home/sam/project/vitis/frrt_pp/zynq_fsbl/zynq_fsbl_bsp/system.mss|system||

TRACE::2023-05-30.14:31:44::SCWMssOS::No sw design opened at  /home/sam/project/vitis/frrt_pp/ps7_cortexa9_0/standalone_domain/bsp/system.mss
TRACE::2023-05-30.14:31:44::SCWMssOS::mss exists loading the mss file  /home/sam/project/vitis/frrt_pp/ps7_cortexa9_0/standalone_domain/bsp/system.mss
TRACE::2023-05-30.14:31:44::SCWMssOS::Opened the sw design from mss  /home/sam/project/vitis/frrt_pp/ps7_cortexa9_0/standalone_domain/bsp/system.mss
TRACE::2023-05-30.14:31:44::SCWMssOS::Adding the swdes entry /home/sam/project/vitis/frrt_pp/ps7_cortexa9_0/standalone_domain/bsp/system.mss with des name system_0
TRACE::2023-05-30.14:31:44::SCWMssOS::updating the scw layer about changes
TRACE::2023-05-30.14:31:44::SCWMssOS::Opened the sw design.  /home/sam/project/vitis/frrt_pp/ps7_cortexa9_0/standalone_domain/bsp/system.mss
TRACE::2023-05-30.14:31:44::SCWMssOS::Saving the mss changes /home/sam/project/vitis/frrt_pp/ps7_cortexa9_0/standalone_domain/bsp/system.mss
TRACE::2023-05-30.14:31:44::SCWMssOS::Found a swdesign opened with the mssfile.
TRACE::2023-05-30.14:31:44::SCWMssOS::Completed writemss as part of save.
TRACE::2023-05-30.14:31:44::SCWMssOS::Commit changes completed.
TRACE::2023-05-30.14:31:44::SCWReader::Adding prebuilt librarypaths as   
TRACE::2023-05-30.14:31:44::SCWReader::Adding prebuilt incpaths  as   
TRACE::2023-05-30.14:31:44::SCWPlatform::Trying to open the hw design at /home/sam/project/vitis/frrt_pp/hw/design_81_wrapper.xsa
TRACE::2023-05-30.14:31:44::SCWPlatform::DSA given /home/sam/project/vitis/frrt_pp/hw/design_81_wrapper.xsa
TRACE::2023-05-30.14:31:44::SCWPlatform::DSA absoulate path /home/sam/project/vitis/frrt_pp/hw/design_81_wrapper.xsa
TRACE::2023-05-30.14:31:44::SCWPlatform::DSA directory /home/sam/project/vitis/frrt_pp/hw
TRACE::2023-05-30.14:31:44::SCWPlatform:: Platform Path /home/sam/project/vitis/frrt_pp/hw/design_81_wrapper.xsa
TRACE::2023-05-30.14:31:44::SCWPlatform:: Unique name xilinx:zybo-z7-20::0.0
TRACE::2023-05-30.14:31:44::SCWPlatform::Trying to set the existing hwdb with name design_1_wrapper_1
TRACE::2023-05-30.14:31:44::SCWPlatform::Opened existing hwdb design_1_wrapper_1
TRACE::2023-05-30.14:31:44::SCWPlatform::Found the Hw Db part of the input DSA
TRACE::2023-05-30.14:31:44::SCWMssOS::Checking the sw design at  /home/sam/project/vitis/frrt_pp/ps7_cortexa9_0/standalone_domain/bsp/system.mss
TRACE::2023-05-30.14:31:44::SCWMssOS::DEBUG:  swdes dump  /home/sam/project/vitis/frrt_pp/ps7_cortexa9_0/standalone_domain/bsp/system.mss|system_0||
/home/sam/project/vitis/frrt_pp/zynq_fsbl/zynq_fsbl_bsp/system.mss|system||

TRACE::2023-05-30.14:31:44::SCWMssOS::Sw design exists and opened at  /home/sam/project/vitis/frrt_pp/ps7_cortexa9_0/standalone_domain/bsp/system.mss
TRACE::2023-05-30.14:31:44::SCWReader::No isolation master present  
TRACE::2023-05-30.14:31:51::SCWPlatform::Trying to open the hw design at /home/sam/project/vitis/frrt_pp/hw/design_81_wrapper.xsa
TRACE::2023-05-30.14:31:51::SCWPlatform::DSA given /home/sam/project/vitis/frrt_pp/hw/design_81_wrapper.xsa
TRACE::2023-05-30.14:31:51::SCWPlatform::DSA absoulate path /home/sam/project/vitis/frrt_pp/hw/design_81_wrapper.xsa
TRACE::2023-05-30.14:31:51::SCWPlatform::DSA directory /home/sam/project/vitis/frrt_pp/hw
TRACE::2023-05-30.14:31:51::SCWPlatform:: Platform Path /home/sam/project/vitis/frrt_pp/hw/design_81_wrapper.xsa
TRACE::2023-05-30.14:31:51::SCWPlatform:: Unique name xilinx:zybo-z7-20::0.0
TRACE::2023-05-30.14:31:51::SCWPlatform::Trying to set the existing hwdb with name design_1_wrapper_1
TRACE::2023-05-30.14:31:51::SCWPlatform::Opened existing hwdb design_1_wrapper_1
TRACE::2023-05-30.14:31:51::SCWPlatform::Found the Hw Db part of the input DSA
TRACE::2023-05-30.14:31:51::SCWMssOS::Checking the sw design at  /home/sam/project/vitis/frrt_pp/ps7_cortexa9_0/standalone_domain/bsp/system.mss
TRACE::2023-05-30.14:31:51::SCWMssOS::DEBUG:  swdes dump  /home/sam/project/vitis/frrt_pp/ps7_cortexa9_0/standalone_domain/bsp/system.mss|system_0||
/home/sam/project/vitis/frrt_pp/zynq_fsbl/zynq_fsbl_bsp/system.mss|system||

TRACE::2023-05-30.14:31:51::SCWMssOS::Sw design exists and opened at  /home/sam/project/vitis/frrt_pp/ps7_cortexa9_0/standalone_domain/bsp/system.mss
TRACE::2023-05-30.14:31:52::SCWMssOS::In reload Mss file.
TRACE::2023-05-30.14:31:52::SCWPlatform::Trying to open the hw design at /home/sam/project/vitis/frrt_pp/hw/design_81_wrapper.xsa
TRACE::2023-05-30.14:31:52::SCWPlatform::DSA given /home/sam/project/vitis/frrt_pp/hw/design_81_wrapper.xsa
TRACE::2023-05-30.14:31:52::SCWPlatform::DSA absoulate path /home/sam/project/vitis/frrt_pp/hw/design_81_wrapper.xsa
TRACE::2023-05-30.14:31:52::SCWPlatform::DSA directory /home/sam/project/vitis/frrt_pp/hw
TRACE::2023-05-30.14:31:52::SCWPlatform:: Platform Path /home/sam/project/vitis/frrt_pp/hw/design_81_wrapper.xsa
TRACE::2023-05-30.14:31:52::SCWPlatform:: Unique name xilinx:zybo-z7-20::0.0
TRACE::2023-05-30.14:31:52::SCWPlatform::Trying to set the existing hwdb with name design_1_wrapper_1
TRACE::2023-05-30.14:31:52::SCWPlatform::Opened existing hwdb design_1_wrapper_1
TRACE::2023-05-30.14:31:52::SCWPlatform::Found the Hw Db part of the input DSA
TRACE::2023-05-30.14:31:52::SCWMssOS::Checking the sw design at  /home/sam/project/vitis/frrt_pp/ps7_cortexa9_0/standalone_domain/bsp/system.mss
TRACE::2023-05-30.14:31:52::SCWMssOS::DEBUG:  swdes dump  /home/sam/project/vitis/frrt_pp/zynq_fsbl/zynq_fsbl_bsp/system.mss|system||

TRACE::2023-05-30.14:31:52::SCWMssOS::No sw design opened at  /home/sam/project/vitis/frrt_pp/ps7_cortexa9_0/standalone_domain/bsp/system.mss
TRACE::2023-05-30.14:31:52::SCWMssOS::mss exists loading the mss file  /home/sam/project/vitis/frrt_pp/ps7_cortexa9_0/standalone_domain/bsp/system.mss
TRACE::2023-05-30.14:31:52::SCWMssOS::Opened the sw design from mss  /home/sam/project/vitis/frrt_pp/ps7_cortexa9_0/standalone_domain/bsp/system.mss
TRACE::2023-05-30.14:31:52::SCWMssOS::Adding the swdes entry /home/sam/project/vitis/frrt_pp/ps7_cortexa9_0/standalone_domain/bsp/system.mss with des name system_0
TRACE::2023-05-30.14:31:52::SCWMssOS::updating the scw layer about changes
TRACE::2023-05-30.14:31:52::SCWMssOS::Opened the sw design.  /home/sam/project/vitis/frrt_pp/ps7_cortexa9_0/standalone_domain/bsp/system.mss
TRACE::2023-05-30.14:31:52::SCWMssOS::Saving the mss changes /home/sam/project/vitis/frrt_pp/ps7_cortexa9_0/standalone_domain/bsp/system.mss
TRACE::2023-05-30.14:31:52::SCWMssOS::Found a swdesign opened with the mssfile.
TRACE::2023-05-30.14:31:52::SCWMssOS::Completed writemss as part of save.
TRACE::2023-05-30.14:31:52::SCWMssOS::Commit changes completed.
TRACE::2023-05-30.14:31:52::SCWPlatform::Trying to open the hw design at /home/sam/project/vitis/frrt_pp/hw/design_81_wrapper.xsa
TRACE::2023-05-30.14:31:52::SCWPlatform::DSA given /home/sam/project/vitis/frrt_pp/hw/design_81_wrapper.xsa
TRACE::2023-05-30.14:31:52::SCWPlatform::DSA absoulate path /home/sam/project/vitis/frrt_pp/hw/design_81_wrapper.xsa
TRACE::2023-05-30.14:31:52::SCWPlatform::DSA directory /home/sam/project/vitis/frrt_pp/hw
TRACE::2023-05-30.14:31:52::SCWPlatform:: Platform Path /home/sam/project/vitis/frrt_pp/hw/design_81_wrapper.xsa
TRACE::2023-05-30.14:31:52::SCWPlatform:: Unique name xilinx:zybo-z7-20::0.0
TRACE::2023-05-30.14:31:52::SCWPlatform::Trying to set the existing hwdb with name design_1_wrapper_1
TRACE::2023-05-30.14:31:52::SCWPlatform::Opened existing hwdb design_1_wrapper_1
TRACE::2023-05-30.14:31:52::SCWPlatform::Found the Hw Db part of the input DSA
TRACE::2023-05-30.14:31:52::SCWMssOS::Checking the sw design at  /home/sam/project/vitis/frrt_pp/ps7_cortexa9_0/standalone_domain/bsp/system.mss
TRACE::2023-05-30.14:31:52::SCWMssOS::DEBUG:  swdes dump  /home/sam/project/vitis/frrt_pp/ps7_cortexa9_0/standalone_domain/bsp/system.mss|system_0||
/home/sam/project/vitis/frrt_pp/zynq_fsbl/zynq_fsbl_bsp/system.mss|system||

TRACE::2023-05-30.14:31:52::SCWMssOS::Sw design exists and opened at  /home/sam/project/vitis/frrt_pp/ps7_cortexa9_0/standalone_domain/bsp/system.mss
TRACE::2023-05-30.14:31:52::SCWMssOS::Removing the swdes entry for  /home/sam/project/vitis/frrt_pp/ps7_cortexa9_0/standalone_domain/bsp/system.mss
TRACE::2023-05-30.14:31:53::SCWPlatform::Trying to open the hw design at /home/sam/project/vitis/frrt_pp/hw/design_81_wrapper.xsa
TRACE::2023-05-30.14:31:53::SCWPlatform::DSA given /home/sam/project/vitis/frrt_pp/hw/design_81_wrapper.xsa
TRACE::2023-05-30.14:31:53::SCWPlatform::DSA absoulate path /home/sam/project/vitis/frrt_pp/hw/design_81_wrapper.xsa
TRACE::2023-05-30.14:31:53::SCWPlatform::DSA directory /home/sam/project/vitis/frrt_pp/hw
TRACE::2023-05-30.14:31:53::SCWPlatform:: Platform Path /home/sam/project/vitis/frrt_pp/hw/design_81_wrapper.xsa
TRACE::2023-05-30.14:31:53::SCWPlatform:: Unique name xilinx:zybo-z7-20::0.0
TRACE::2023-05-30.14:31:53::SCWPlatform::Trying to set the existing hwdb with name design_1_wrapper_1
TRACE::2023-05-30.14:31:53::SCWPlatform::Opened existing hwdb design_1_wrapper_1
TRACE::2023-05-30.14:31:53::SCWPlatform::Found the Hw Db part of the input DSA
TRACE::2023-05-30.14:31:53::SCWMssOS::Checking the sw design at  /home/sam/project/vitis/frrt_pp/ps7_cortexa9_0/standalone_domain/bsp/system.mss
TRACE::2023-05-30.14:31:53::SCWMssOS::DEBUG:  swdes dump  /home/sam/project/vitis/frrt_pp/zynq_fsbl/zynq_fsbl_bsp/system.mss|system||

TRACE::2023-05-30.14:31:53::SCWMssOS::No sw design opened at  /home/sam/project/vitis/frrt_pp/ps7_cortexa9_0/standalone_domain/bsp/system.mss
TRACE::2023-05-30.14:31:53::SCWMssOS::mss exists loading the mss file  /home/sam/project/vitis/frrt_pp/ps7_cortexa9_0/standalone_domain/bsp/system.mss
TRACE::2023-05-30.14:31:53::SCWMssOS::Opened the sw design from mss  /home/sam/project/vitis/frrt_pp/ps7_cortexa9_0/standalone_domain/bsp/system.mss
TRACE::2023-05-30.14:31:53::SCWMssOS::Adding the swdes entry /home/sam/project/vitis/frrt_pp/ps7_cortexa9_0/standalone_domain/bsp/system.mss with des name system_0
TRACE::2023-05-30.14:31:53::SCWMssOS::updating the scw layer about changes
TRACE::2023-05-30.14:31:53::SCWMssOS::Opened the sw design.  /home/sam/project/vitis/frrt_pp/ps7_cortexa9_0/standalone_domain/bsp/system.mss
TRACE::2023-05-30.14:31:56::SCWPlatform::Trying to open the hw design at /home/sam/project/vitis/frrt_pp/hw/design_81_wrapper.xsa
TRACE::2023-05-30.14:31:56::SCWPlatform::DSA given /home/sam/project/vitis/frrt_pp/hw/design_81_wrapper.xsa
TRACE::2023-05-30.14:31:56::SCWPlatform::DSA absoulate path /home/sam/project/vitis/frrt_pp/hw/design_81_wrapper.xsa
TRACE::2023-05-30.14:31:56::SCWPlatform::DSA directory /home/sam/project/vitis/frrt_pp/hw
TRACE::2023-05-30.14:31:56::SCWPlatform:: Platform Path /home/sam/project/vitis/frrt_pp/hw/design_81_wrapper.xsa
TRACE::2023-05-30.14:31:56::SCWPlatform:: Unique name xilinx:zybo-z7-20::0.0
TRACE::2023-05-30.14:31:56::SCWPlatform::Trying to set the existing hwdb with name design_1_wrapper_1
TRACE::2023-05-30.14:31:56::SCWPlatform::Opened existing hwdb design_1_wrapper_1
TRACE::2023-05-30.14:31:56::SCWPlatform::Found the Hw Db part of the input DSA
TRACE::2023-05-30.14:31:56::SCWMssOS::Checking the sw design at  /home/sam/project/vitis/frrt_pp/ps7_cortexa9_0/standalone_domain/bsp/system.mss
TRACE::2023-05-30.14:31:56::SCWMssOS::DEBUG:  swdes dump  /home/sam/project/vitis/frrt_pp/ps7_cortexa9_0/standalone_domain/bsp/system.mss|system_0||
/home/sam/project/vitis/frrt_pp/zynq_fsbl/zynq_fsbl_bsp/system.mss|system||

TRACE::2023-05-30.14:31:56::SCWMssOS::Sw design exists and opened at  /home/sam/project/vitis/frrt_pp/ps7_cortexa9_0/standalone_domain/bsp/system.mss
TRACE::2023-05-30.14:31:56::SCWMssOS::Adding Library:  xilflash:4.9
TRACE::2023-05-30.14:31:56::SCWMssOS::Added Library:  xilflash
TRACE::2023-05-30.14:31:56::SCWPlatform::Trying to open the hw design at /home/sam/project/vitis/frrt_pp/hw/design_81_wrapper.xsa
TRACE::2023-05-30.14:31:56::SCWPlatform::DSA given /home/sam/project/vitis/frrt_pp/hw/design_81_wrapper.xsa
TRACE::2023-05-30.14:31:56::SCWPlatform::DSA absoulate path /home/sam/project/vitis/frrt_pp/hw/design_81_wrapper.xsa
TRACE::2023-05-30.14:31:56::SCWPlatform::DSA directory /home/sam/project/vitis/frrt_pp/hw
TRACE::2023-05-30.14:31:56::SCWPlatform:: Platform Path /home/sam/project/vitis/frrt_pp/hw/design_81_wrapper.xsa
TRACE::2023-05-30.14:31:56::SCWPlatform:: Unique name xilinx:zybo-z7-20::0.0
TRACE::2023-05-30.14:31:56::SCWPlatform::Trying to set the existing hwdb with name design_1_wrapper_1
TRACE::2023-05-30.14:31:56::SCWPlatform::Opened existing hwdb design_1_wrapper_1
TRACE::2023-05-30.14:31:56::SCWPlatform::Found the Hw Db part of the input DSA
TRACE::2023-05-30.14:31:56::SCWMssOS::Checking the sw design at  /home/sam/project/vitis/frrt_pp/ps7_cortexa9_0/standalone_domain/bsp/system.mss
TRACE::2023-05-30.14:31:56::SCWMssOS::DEBUG:  swdes dump  /home/sam/project/vitis/frrt_pp/ps7_cortexa9_0/standalone_domain/bsp/system.mss|system_0||
/home/sam/project/vitis/frrt_pp/zynq_fsbl/zynq_fsbl_bsp/system.mss|system||

TRACE::2023-05-30.14:31:56::SCWMssOS::Sw design exists and opened at  /home/sam/project/vitis/frrt_pp/ps7_cortexa9_0/standalone_domain/bsp/system.mss
TRACE::2023-05-30.14:31:58::SCWMssOS::Saving the mss changes /home/sam/project/vitis/frrt_pp/zynq_fsbl/zynq_fsbl_bsp/system.mss
TRACE::2023-05-30.14:31:58::SCWMssOS::Found a swdesign opened with the mssfile.
TRACE::2023-05-30.14:31:58::SCWMssOS::Completed writemss as part of save.
TRACE::2023-05-30.14:31:58::SCWMssOS::Commit changes completed.
TRACE::2023-05-30.14:31:58::SCWMssOS::Saving the mss changes /home/sam/project/vitis/frrt_pp/ps7_cortexa9_0/standalone_domain/bsp/system.mss
TRACE::2023-05-30.14:31:58::SCWMssOS::Found a swdesign opened with the mssfile.
TRACE::2023-05-30.14:31:58::SCWMssOS::Completed writemss as part of save.
TRACE::2023-05-30.14:31:58::SCWMssOS::Commit changes completed.
TRACE::2023-05-30.14:31:58::SCWPlatform::Trying to open the hw design at /home/sam/project/vitis/frrt_pp/hw/design_81_wrapper.xsa
TRACE::2023-05-30.14:31:58::SCWPlatform::DSA given /home/sam/project/vitis/frrt_pp/hw/design_81_wrapper.xsa
TRACE::2023-05-30.14:31:58::SCWPlatform::DSA absoulate path /home/sam/project/vitis/frrt_pp/hw/design_81_wrapper.xsa
TRACE::2023-05-30.14:31:58::SCWPlatform::DSA directory /home/sam/project/vitis/frrt_pp/hw
TRACE::2023-05-30.14:31:58::SCWPlatform:: Platform Path /home/sam/project/vitis/frrt_pp/hw/design_81_wrapper.xsa
TRACE::2023-05-30.14:31:58::SCWPlatform:: Unique name xilinx:zybo-z7-20::0.0
TRACE::2023-05-30.14:31:58::SCWPlatform::Trying to set the existing hwdb with name design_1_wrapper_1
TRACE::2023-05-30.14:31:58::SCWPlatform::Opened existing hwdb design_1_wrapper_1
TRACE::2023-05-30.14:31:58::SCWPlatform::Found the Hw Db part of the input DSA
TRACE::2023-05-30.14:31:58::SCWMssOS::Checking the sw design at  /home/sam/project/vitis/frrt_pp/zynq_fsbl/zynq_fsbl_bsp/system.mss
TRACE::2023-05-30.14:31:58::SCWMssOS::DEBUG:  swdes dump  /home/sam/project/vitis/frrt_pp/ps7_cortexa9_0/standalone_domain/bsp/system.mss|system_0||
/home/sam/project/vitis/frrt_pp/zynq_fsbl/zynq_fsbl_bsp/system.mss|system||

TRACE::2023-05-30.14:31:58::SCWMssOS::Sw design exists and opened at  /home/sam/project/vitis/frrt_pp/zynq_fsbl/zynq_fsbl_bsp/system.mss
TRACE::2023-05-30.14:31:58::SCWPlatform::Trying to open the hw design at /home/sam/project/vitis/frrt_pp/hw/design_81_wrapper.xsa
TRACE::2023-05-30.14:31:58::SCWPlatform::DSA given /home/sam/project/vitis/frrt_pp/hw/design_81_wrapper.xsa
TRACE::2023-05-30.14:31:58::SCWPlatform::DSA absoulate path /home/sam/project/vitis/frrt_pp/hw/design_81_wrapper.xsa
TRACE::2023-05-30.14:31:58::SCWPlatform::DSA directory /home/sam/project/vitis/frrt_pp/hw
TRACE::2023-05-30.14:31:58::SCWPlatform:: Platform Path /home/sam/project/vitis/frrt_pp/hw/design_81_wrapper.xsa
TRACE::2023-05-30.14:31:58::SCWPlatform:: Unique name xilinx:zybo-z7-20::0.0
TRACE::2023-05-30.14:31:58::SCWPlatform::Trying to set the existing hwdb with name design_1_wrapper_1
TRACE::2023-05-30.14:31:58::SCWPlatform::Opened existing hwdb design_1_wrapper_1
TRACE::2023-05-30.14:31:58::SCWPlatform::Found the Hw Db part of the input DSA
TRACE::2023-05-30.14:31:58::SCWMssOS::Checking the sw design at  /home/sam/project/vitis/frrt_pp/ps7_cortexa9_0/standalone_domain/bsp/system.mss
TRACE::2023-05-30.14:31:58::SCWMssOS::DEBUG:  swdes dump  /home/sam/project/vitis/frrt_pp/ps7_cortexa9_0/standalone_domain/bsp/system.mss|system_0||
/home/sam/project/vitis/frrt_pp/zynq_fsbl/zynq_fsbl_bsp/system.mss|system||

TRACE::2023-05-30.14:31:58::SCWMssOS::Sw design exists and opened at  /home/sam/project/vitis/frrt_pp/ps7_cortexa9_0/standalone_domain/bsp/system.mss
TRACE::2023-05-30.14:31:58::SCWWriter::formatted JSON is {
	"platformName":	"frrt_pp",
	"sprVersion":	"2.0",
	"mode":	"gui",
	"dsaType":	"Fixed",
	"platformDesc":	"frrt_pp",
	"platHandOff":	"/home/sam/project/vivado/rrt_pynq_fp32/design_81_wrapper.xsa",
	"platIntHandOff":	"<platformDir>/hw/design_81_wrapper.xsa",
	"deviceType":	"zynq",
	"platIsPrebuiltAutogen":	"false",
	"platIsNoBootBsp":	"false",
	"hasFsblMakeHasChanges":	"false",
	"hasPmufwMakeHasChanges":	"false",
	"fsblExtraCompilerFlags":	"-MMD -MP       -mcpu=cortex-a9 -mfpu=vfpv3 -mfloat-abi=hard ",
	"platPreBuiltFlag":	false,
	"platformSamplesDir":	"",
	"platActiveSys":	"frrt_pp",
	"systems":	[{
			"systemName":	"frrt_pp",
			"systemDesc":	"frrt_pp",
			"sysIsBootAutoGen":	"true",
			"systemDispName":	"frrt_pp",
			"sysActiveDom":	"standalone_domain",
			"sysDefaultDom":	"standalone_domain",
			"domains":	[{
					"domainName":	"zynq_fsbl",
					"domainDispName":	"zynq_fsbl",
					"domainDesc":	"FSBL Application BSP - Auto Generated.",
					"processors":	"ps7_cortexa9_0",
					"os":	"standalone",
					"sdxOs":	"standalone",
					"debugEnable":	"",
					"domRuntimes":	["cpp"],
					"swRepo":	"",
					"mssOsVer":	"7.6",
					"mssFile":	"",
					"md5Digest":	"e2251ebcbe8200a6d4e3e73814821fa2",
					"compatibleApp":	"zynq_fsbl",
					"domType":	"bootDomain",
					"arch":	"32-bit",
					"appSettings":	{
						"appCompilerFlags":	"",
						"appLinkerFlags":	""
					},
					"addedLibs":	["xilffs:4.6", "xilrsa:1.6"],
					"libOptions":	{
						"libsContainingOptions":	[]
					},
					"prebuiltLibs":	{
						"prebuiltIncPath":	[],
						"prebuiltLibPath":	[]
					},
					"isolation":	{
					}
				}, {
					"domainName":	"standalone_domain",
					"domainDispName":	"standalone on ps7_cortexa9_0",
					"domainDesc":	"standalone_domain",
					"processors":	"ps7_cortexa9_0",
					"os":	"standalone",
					"sdxOs":	"standalone",
					"qemuArgs":	"/tools/Xilinx/Vitis/2021.2/data/emulation/platforms/zynq/sw/a9_standalone/qemu/qemu_args.txt",
					"qemuData":	"/tools/Xilinx/Vitis/2021.2/data/emulation/platforms/zynq/sw/a9_standalone/qemu/",
					"debugEnable":	"False",
					"domRuntimes":	["cpp"],
					"swRepo":	"",
					"mssOsVer":	"7.6",
					"mssFile":	"",
					"md5Digest":	"216a5000c882570e032a223538a15408",
					"compatibleApp":	"",
					"domType":	"mssDomain",
					"appSettings":	{
						"appCompilerFlags":	"",
						"appLinkerFlags":	""
					},
					"addedLibs":	["xilflash:4.9"],
					"libOptions":	{
						"libsContainingOptions":	[]
					},
					"prebuiltLibs":	{
						"prebuiltIncPath":	[],
						"prebuiltLibPath":	[]
					},
					"isolation":	{
					}
				}]
		}]
}
TRACE::2023-05-30.14:31:58::SCWMssOS::Saving the mss changes /home/sam/project/vitis/frrt_pp/ps7_cortexa9_0/standalone_domain/bsp/system.mss
TRACE::2023-05-30.14:31:58::SCWMssOS::Found a swdesign opened with the mssfile.
TRACE::2023-05-30.14:31:58::SCWMssOS::Completed writemss as part of save.
TRACE::2023-05-30.14:31:58::SCWMssOS::Commit changes completed.
TRACE::2023-05-30.14:31:58::SCWPlatform::Trying to open the hw design at /home/sam/project/vitis/frrt_pp/hw/design_81_wrapper.xsa
TRACE::2023-05-30.14:31:58::SCWPlatform::DSA given /home/sam/project/vitis/frrt_pp/hw/design_81_wrapper.xsa
TRACE::2023-05-30.14:31:58::SCWPlatform::DSA absoulate path /home/sam/project/vitis/frrt_pp/hw/design_81_wrapper.xsa
TRACE::2023-05-30.14:31:58::SCWPlatform::DSA directory /home/sam/project/vitis/frrt_pp/hw
TRACE::2023-05-30.14:31:58::SCWPlatform:: Platform Path /home/sam/project/vitis/frrt_pp/hw/design_81_wrapper.xsa
TRACE::2023-05-30.14:31:58::SCWPlatform:: Unique name xilinx:zybo-z7-20::0.0
TRACE::2023-05-30.14:31:58::SCWPlatform::Trying to set the existing hwdb with name design_1_wrapper_1
TRACE::2023-05-30.14:31:58::SCWPlatform::Opened existing hwdb design_1_wrapper_1
TRACE::2023-05-30.14:31:58::SCWPlatform::Found the Hw Db part of the input DSA
TRACE::2023-05-30.14:31:58::SCWMssOS::Checking the sw design at  /home/sam/project/vitis/frrt_pp/ps7_cortexa9_0/standalone_domain/bsp/system.mss
TRACE::2023-05-30.14:31:58::SCWMssOS::DEBUG:  swdes dump  /home/sam/project/vitis/frrt_pp/ps7_cortexa9_0/standalone_domain/bsp/system.mss|system_0||
/home/sam/project/vitis/frrt_pp/zynq_fsbl/zynq_fsbl_bsp/system.mss|system||

TRACE::2023-05-30.14:31:58::SCWMssOS::Sw design exists and opened at  /home/sam/project/vitis/frrt_pp/ps7_cortexa9_0/standalone_domain/bsp/system.mss
TRACE::2023-05-30.14:31:58::SCWMssOS::Removing the swdes entry for  /home/sam/project/vitis/frrt_pp/ps7_cortexa9_0/standalone_domain/bsp/system.mss
TRACE::2023-05-30.14:31:58::SCWMssOS::In reload Mss file.
TRACE::2023-05-30.14:31:58::SCWPlatform::Trying to open the hw design at /home/sam/project/vitis/frrt_pp/hw/design_81_wrapper.xsa
TRACE::2023-05-30.14:31:58::SCWPlatform::DSA given /home/sam/project/vitis/frrt_pp/hw/design_81_wrapper.xsa
TRACE::2023-05-30.14:31:58::SCWPlatform::DSA absoulate path /home/sam/project/vitis/frrt_pp/hw/design_81_wrapper.xsa
TRACE::2023-05-30.14:31:58::SCWPlatform::DSA directory /home/sam/project/vitis/frrt_pp/hw
TRACE::2023-05-30.14:31:58::SCWPlatform:: Platform Path /home/sam/project/vitis/frrt_pp/hw/design_81_wrapper.xsa
TRACE::2023-05-30.14:31:58::SCWPlatform:: Unique name xilinx:zybo-z7-20::0.0
TRACE::2023-05-30.14:31:58::SCWPlatform::Trying to set the existing hwdb with name design_1_wrapper_1
TRACE::2023-05-30.14:31:58::SCWPlatform::Opened existing hwdb design_1_wrapper_1
TRACE::2023-05-30.14:31:58::SCWPlatform::Found the Hw Db part of the input DSA
TRACE::2023-05-30.14:31:58::SCWMssOS::Checking the sw design at  /home/sam/project/vitis/frrt_pp/ps7_cortexa9_0/standalone_domain/bsp/system.mss
TRACE::2023-05-30.14:31:58::SCWMssOS::DEBUG:  swdes dump  /home/sam/project/vitis/frrt_pp/zynq_fsbl/zynq_fsbl_bsp/system.mss|system||

TRACE::2023-05-30.14:31:58::SCWMssOS::No sw design opened at  /home/sam/project/vitis/frrt_pp/ps7_cortexa9_0/standalone_domain/bsp/system.mss
TRACE::2023-05-30.14:31:58::SCWMssOS::mss exists loading the mss file  /home/sam/project/vitis/frrt_pp/ps7_cortexa9_0/standalone_domain/bsp/system.mss
TRACE::2023-05-30.14:31:58::SCWMssOS::Opened the sw design from mss  /home/sam/project/vitis/frrt_pp/ps7_cortexa9_0/standalone_domain/bsp/system.mss
TRACE::2023-05-30.14:31:58::SCWMssOS::Adding the swdes entry /home/sam/project/vitis/frrt_pp/ps7_cortexa9_0/standalone_domain/bsp/system.mss with des name system_0
TRACE::2023-05-30.14:31:58::SCWMssOS::updating the scw layer about changes
TRACE::2023-05-30.14:31:58::SCWMssOS::Opened the sw design.  /home/sam/project/vitis/frrt_pp/ps7_cortexa9_0/standalone_domain/bsp/system.mss
TRACE::2023-05-30.14:31:58::SCWPlatform::Trying to open the hw design at /home/sam/project/vitis/frrt_pp/hw/design_81_wrapper.xsa
TRACE::2023-05-30.14:31:58::SCWPlatform::DSA given /home/sam/project/vitis/frrt_pp/hw/design_81_wrapper.xsa
TRACE::2023-05-30.14:31:58::SCWPlatform::DSA absoulate path /home/sam/project/vitis/frrt_pp/hw/design_81_wrapper.xsa
TRACE::2023-05-30.14:31:58::SCWPlatform::DSA directory /home/sam/project/vitis/frrt_pp/hw
TRACE::2023-05-30.14:31:58::SCWPlatform:: Platform Path /home/sam/project/vitis/frrt_pp/hw/design_81_wrapper.xsa
TRACE::2023-05-30.14:31:58::SCWPlatform:: Unique name xilinx:zybo-z7-20::0.0
TRACE::2023-05-30.14:31:58::SCWPlatform::Trying to set the existing hwdb with name design_1_wrapper_1
TRACE::2023-05-30.14:31:58::SCWPlatform::Opened existing hwdb design_1_wrapper_1
TRACE::2023-05-30.14:31:58::SCWPlatform::Found the Hw Db part of the input DSA
TRACE::2023-05-30.14:31:58::SCWMssOS::Checking the sw design at  /home/sam/project/vitis/frrt_pp/ps7_cortexa9_0/standalone_domain/bsp/system.mss
TRACE::2023-05-30.14:31:58::SCWMssOS::DEBUG:  swdes dump  /home/sam/project/vitis/frrt_pp/ps7_cortexa9_0/standalone_domain/bsp/system.mss|system_0||
/home/sam/project/vitis/frrt_pp/zynq_fsbl/zynq_fsbl_bsp/system.mss|system||

TRACE::2023-05-30.14:31:58::SCWMssOS::Sw design exists and opened at  /home/sam/project/vitis/frrt_pp/ps7_cortexa9_0/standalone_domain/bsp/system.mss
TRACE::2023-05-30.14:31:58::SCWMssOS:: library already available in sw design:  xilflash:4.9
TRACE::2023-05-30.14:31:58::SCWMssOS::Saving the mss changes /home/sam/project/vitis/frrt_pp/ps7_cortexa9_0/standalone_domain/bsp/system.mss
TRACE::2023-05-30.14:31:58::SCWMssOS::Found a swdesign opened with the mssfile.
TRACE::2023-05-30.14:31:58::SCWMssOS::Completed writemss as part of save.
TRACE::2023-05-30.14:31:58::SCWMssOS::Commit changes completed.
TRACE::2023-05-30.14:31:58::SCWPlatform::Trying to open the hw design at /home/sam/project/vitis/frrt_pp/hw/design_81_wrapper.xsa
TRACE::2023-05-30.14:31:58::SCWPlatform::DSA given /home/sam/project/vitis/frrt_pp/hw/design_81_wrapper.xsa
TRACE::2023-05-30.14:31:58::SCWPlatform::DSA absoulate path /home/sam/project/vitis/frrt_pp/hw/design_81_wrapper.xsa
TRACE::2023-05-30.14:31:58::SCWPlatform::DSA directory /home/sam/project/vitis/frrt_pp/hw
TRACE::2023-05-30.14:31:58::SCWPlatform:: Platform Path /home/sam/project/vitis/frrt_pp/hw/design_81_wrapper.xsa
TRACE::2023-05-30.14:31:58::SCWPlatform:: Unique name xilinx:zybo-z7-20::0.0
TRACE::2023-05-30.14:31:58::SCWPlatform::Trying to set the existing hwdb with name design_1_wrapper_1
TRACE::2023-05-30.14:31:58::SCWPlatform::Opened existing hwdb design_1_wrapper_1
TRACE::2023-05-30.14:31:58::SCWPlatform::Found the Hw Db part of the input DSA
TRACE::2023-05-30.14:31:58::SCWMssOS::Checking the sw design at  /home/sam/project/vitis/frrt_pp/ps7_cortexa9_0/standalone_domain/bsp/system.mss
TRACE::2023-05-30.14:31:58::SCWMssOS::DEBUG:  swdes dump  /home/sam/project/vitis/frrt_pp/ps7_cortexa9_0/standalone_domain/bsp/system.mss|system_0||
/home/sam/project/vitis/frrt_pp/zynq_fsbl/zynq_fsbl_bsp/system.mss|system||

TRACE::2023-05-30.14:31:58::SCWMssOS::Sw design exists and opened at  /home/sam/project/vitis/frrt_pp/ps7_cortexa9_0/standalone_domain/bsp/system.mss
TRACE::2023-05-30.14:31:58::SCWMssOS::Removing the swdes entry for  /home/sam/project/vitis/frrt_pp/ps7_cortexa9_0/standalone_domain/bsp/system.mss
TRACE::2023-05-30.14:31:58::SCWPlatform::Trying to open the hw design at /home/sam/project/vitis/frrt_pp/hw/design_81_wrapper.xsa
TRACE::2023-05-30.14:31:58::SCWPlatform::DSA given /home/sam/project/vitis/frrt_pp/hw/design_81_wrapper.xsa
TRACE::2023-05-30.14:31:58::SCWPlatform::DSA absoulate path /home/sam/project/vitis/frrt_pp/hw/design_81_wrapper.xsa
TRACE::2023-05-30.14:31:58::SCWPlatform::DSA directory /home/sam/project/vitis/frrt_pp/hw
TRACE::2023-05-30.14:31:58::SCWPlatform:: Platform Path /home/sam/project/vitis/frrt_pp/hw/design_81_wrapper.xsa
TRACE::2023-05-30.14:31:58::SCWPlatform:: Unique name xilinx:zybo-z7-20::0.0
TRACE::2023-05-30.14:31:58::SCWPlatform::Trying to set the existing hwdb with name design_1_wrapper_1
TRACE::2023-05-30.14:31:58::SCWPlatform::Opened existing hwdb design_1_wrapper_1
TRACE::2023-05-30.14:31:58::SCWPlatform::Found the Hw Db part of the input DSA
TRACE::2023-05-30.14:31:58::SCWMssOS::Checking the sw design at  /home/sam/project/vitis/frrt_pp/ps7_cortexa9_0/standalone_domain/bsp/system.mss
TRACE::2023-05-30.14:31:58::SCWMssOS::DEBUG:  swdes dump  /home/sam/project/vitis/frrt_pp/zynq_fsbl/zynq_fsbl_bsp/system.mss|system||

TRACE::2023-05-30.14:31:58::SCWMssOS::No sw design opened at  /home/sam/project/vitis/frrt_pp/ps7_cortexa9_0/standalone_domain/bsp/system.mss
TRACE::2023-05-30.14:31:58::SCWMssOS::mss exists loading the mss file  /home/sam/project/vitis/frrt_pp/ps7_cortexa9_0/standalone_domain/bsp/system.mss
TRACE::2023-05-30.14:31:58::SCWMssOS::Opened the sw design from mss  /home/sam/project/vitis/frrt_pp/ps7_cortexa9_0/standalone_domain/bsp/system.mss
TRACE::2023-05-30.14:31:58::SCWMssOS::Adding the swdes entry /home/sam/project/vitis/frrt_pp/ps7_cortexa9_0/standalone_domain/bsp/system.mss with des name system_0
TRACE::2023-05-30.14:31:58::SCWMssOS::updating the scw layer about changes
TRACE::2023-05-30.14:31:58::SCWMssOS::Opened the sw design.  /home/sam/project/vitis/frrt_pp/ps7_cortexa9_0/standalone_domain/bsp/system.mss
TRACE::2023-05-30.14:31:58::SCWMssOS::Completed writing the mss file at /home/sam/project/vitis/frrt_pp/ps7_cortexa9_0/standalone_domain/bsp
TRACE::2023-05-30.14:31:58::SCWMssOS::Forcing BSP Sources regeneration.
KEYINFO::2023-05-30.14:31:59::SCWMssOS::Removing file /home/sam/project/vitis/frrt_pp/ps7_cortexa9_0/standalone_domain/bsp/system_0.mss
LOG::2023-05-30.14:32:07::SCWPlatform::Started generating the artifacts platform frrt_pp
TRACE::2023-05-30.14:32:07::SCWPlatform::Sanity checking of platform is completed
LOG::2023-05-30.14:32:07::SCWPlatform::Started generating the artifacts for system configuration frrt_pp
LOG::2023-05-30.14:32:07::SCWSystem::Checking the domain zynq_fsbl
LOG::2023-05-30.14:32:07::SCWSystem::Doing application build for :  zynq_fsbl
TRACE::2023-05-30.14:32:07::SCWBDomain::Not a forced makefile updation, No changes are present. 
TRACE::2023-05-30.14:32:07::SCWDomain::Building the domain as part of full build :  zynq_fsbl
TRACE::2023-05-30.14:32:07::SCWPlatform::Trying to open the hw design at /home/sam/project/vitis/frrt_pp/hw/design_81_wrapper.xsa
TRACE::2023-05-30.14:32:07::SCWPlatform::DSA given /home/sam/project/vitis/frrt_pp/hw/design_81_wrapper.xsa
TRACE::2023-05-30.14:32:07::SCWPlatform::DSA absoulate path /home/sam/project/vitis/frrt_pp/hw/design_81_wrapper.xsa
TRACE::2023-05-30.14:32:07::SCWPlatform::DSA directory /home/sam/project/vitis/frrt_pp/hw
TRACE::2023-05-30.14:32:07::SCWPlatform:: Platform Path /home/sam/project/vitis/frrt_pp/hw/design_81_wrapper.xsa
TRACE::2023-05-30.14:32:07::SCWPlatform:: Unique name xilinx:zybo-z7-20::0.0
TRACE::2023-05-30.14:32:07::SCWPlatform::Trying to set the existing hwdb with name design_1_wrapper_1
TRACE::2023-05-30.14:32:07::SCWPlatform::Opened existing hwdb design_1_wrapper_1
TRACE::2023-05-30.14:32:07::SCWPlatform::Found the Hw Db part of the input DSA
TRACE::2023-05-30.14:32:07::SCWMssOS::Checking the sw design at  /home/sam/project/vitis/frrt_pp/zynq_fsbl/zynq_fsbl_bsp/system.mss
TRACE::2023-05-30.14:32:07::SCWMssOS::DEBUG:  swdes dump  /home/sam/project/vitis/frrt_pp/zynq_fsbl/zynq_fsbl_bsp/system.mss|system||

TRACE::2023-05-30.14:32:07::SCWMssOS::Sw design exists and opened at  /home/sam/project/vitis/frrt_pp/zynq_fsbl/zynq_fsbl_bsp/system.mss
TRACE::2023-05-30.14:32:07::SCWBDomain::Completed writing the mss file at /home/sam/project/vitis/frrt_pp/zynq_fsbl/zynq_fsbl_bsp
TRACE::2023-05-30.14:32:07::SCWBDomain::bsp generated is upto date with the mss file. Skipping bsp generation.
TRACE::2023-05-30.14:32:07::SCWBDomain::Not a forced makefile updation, No changes are present. 
TRACE::2023-05-30.14:32:07::SCWBDomain::System Command Ran  cd  /home/sam/project/vitis/frrt_pp/zynq_fsbl ; bash -c " make -C zynq_fsbl_bsp ; make  " 
TRACE::2023-05-30.14:32:07::SCWBDomain::make: Entering directory '/home/sam/project/vitis/frrt_pp/zynq_fsbl/zynq_fsbl_bsp'

TRACE::2023-05-30.14:32:07::SCWBDomain::make --no-print-directory seq_libs

TRACE::2023-05-30.14:32:07::SCWBDomain::Running Make include in ps7_cortexa9_0/libsrc/gpiops_v3_9/src

TRACE::2023-05-30.14:32:07::SCWBDomain::make -C ps7_cortexa9_0/libsrc/gpiops_v3_9/src -s include  "SHELL=/bin/sh" "COMPILER=arm-none-eabi-gcc" "ASSEMBLER=arm-none-eabi
TRACE::2023-05-30.14:32:07::SCWBDomain::-as" "ARCHIVER=arm-none-eabi-ar" "COMPILER_FLAGS=  -O2 -c" "EXTRA_COMPILER_FLAGS=-mcpu=cortex-a9 -mfpu=vfpv3 -mfloat-abi=hard -
TRACE::2023-05-30.14:32:07::SCWBDomain::nostartfiles -g -Wall -Wextra -fno-tree-loop-distribute-patterns"

TRACE::2023-05-30.14:32:07::SCWBDomain::Running Make include in ps7_cortexa9_0/libsrc/sdps_v3_13/src

TRACE::2023-05-30.14:32:07::SCWBDomain::make -C ps7_cortexa9_0/libsrc/sdps_v3_13/src -s include  "SHELL=/bin/sh" "COMPILER=arm-none-eabi-gcc" "ASSEMBLER=arm-none-eabi-
TRACE::2023-05-30.14:32:07::SCWBDomain::as" "ARCHIVER=arm-none-eabi-ar" "COMPILER_FLAGS=  -O2 -c" "EXTRA_COMPILER_FLAGS=-mcpu=cortex-a9 -mfpu=vfpv3 -mfloat-abi=hard -n
TRACE::2023-05-30.14:32:07::SCWBDomain::ostartfiles -g -Wall -Wextra -fno-tree-loop-distribute-patterns"

TRACE::2023-05-30.14:32:07::SCWBDomain::Running Make include in ps7_cortexa9_0/libsrc/scuwdt_v2_4/src

TRACE::2023-05-30.14:32:07::SCWBDomain::make -C ps7_cortexa9_0/libsrc/scuwdt_v2_4/src -s include  "SHELL=/bin/sh" "COMPILER=arm-none-eabi-gcc" "ASSEMBLER=arm-none-eabi
TRACE::2023-05-30.14:32:07::SCWBDomain::-as" "ARCHIVER=arm-none-eabi-ar" "COMPILER_FLAGS=  -O2 -c" "EXTRA_COMPILER_FLAGS=-mcpu=cortex-a9 -mfpu=vfpv3 -mfloat-abi=hard -
TRACE::2023-05-30.14:32:07::SCWBDomain::nostartfiles -g -Wall -Wextra -fno-tree-loop-distribute-patterns"

TRACE::2023-05-30.14:32:07::SCWBDomain::Running Make include in ps7_cortexa9_0/libsrc/xilrsa_v1_6/src

TRACE::2023-05-30.14:32:07::SCWBDomain::make -C ps7_cortexa9_0/libsrc/xilrsa_v1_6/src -s include  "SHELL=/bin/sh" "COMPILER=arm-none-eabi-gcc" "ASSEMBLER=arm-none-eabi
TRACE::2023-05-30.14:32:07::SCWBDomain::-as" "ARCHIVER=arm-none-eabi-ar" "COMPILER_FLAGS=  -O2 -c" "EXTRA_COMPILER_FLAGS=-mcpu=cortex-a9 -mfpu=vfpv3 -mfloat-abi=hard -
TRACE::2023-05-30.14:32:07::SCWBDomain::nostartfiles -g -Wall -Wextra -fno-tree-loop-distribute-patterns"

TRACE::2023-05-30.14:32:07::SCWBDomain::Running Make include in ps7_cortexa9_0/libsrc/devcfg_v3_7/src

TRACE::2023-05-30.14:32:07::SCWBDomain::make -C ps7_cortexa9_0/libsrc/devcfg_v3_7/src -s include  "SHELL=/bin/sh" "COMPILER=arm-none-eabi-gcc" "ASSEMBLER=arm-none-eabi
TRACE::2023-05-30.14:32:07::SCWBDomain::-as" "ARCHIVER=arm-none-eabi-ar" "COMPILER_FLAGS=  -O2 -c" "EXTRA_COMPILER_FLAGS=-mcpu=cortex-a9 -mfpu=vfpv3 -mfloat-abi=hard -
TRACE::2023-05-30.14:32:07::SCWBDomain::nostartfiles -g -Wall -Wextra -fno-tree-loop-distribute-patterns"

TRACE::2023-05-30.14:32:07::SCWBDomain::Running Make include in ps7_cortexa9_0/libsrc/scugic_v4_6/src

TRACE::2023-05-30.14:32:07::SCWBDomain::make -C ps7_cortexa9_0/libsrc/scugic_v4_6/src -s include  "SHELL=/bin/sh" "COMPILER=arm-none-eabi-gcc" "ASSEMBLER=arm-none-eabi
TRACE::2023-05-30.14:32:07::SCWBDomain::-as" "ARCHIVER=arm-none-eabi-ar" "COMPILER_FLAGS=  -O2 -c" "EXTRA_COMPILER_FLAGS=-mcpu=cortex-a9 -mfpu=vfpv3 -mfloat-abi=hard -
TRACE::2023-05-30.14:32:07::SCWBDomain::nostartfiles -g -Wall -Wextra -fno-tree-loop-distribute-patterns"

TRACE::2023-05-30.14:32:07::SCWBDomain::Running Make include in ps7_cortexa9_0/libsrc/emacps_v3_15/src

TRACE::2023-05-30.14:32:07::SCWBDomain::make -C ps7_cortexa9_0/libsrc/emacps_v3_15/src -s include  "SHELL=/bin/sh" "COMPILER=arm-none-eabi-gcc" "ASSEMBLER=arm-none-eab
TRACE::2023-05-30.14:32:07::SCWBDomain::i-as" "ARCHIVER=arm-none-eabi-ar" "COMPILER_FLAGS=  -O2 -c" "EXTRA_COMPILER_FLAGS=-mcpu=cortex-a9 -mfpu=vfpv3 -mfloat-abi=hard 
TRACE::2023-05-30.14:32:07::SCWBDomain::-nostartfiles -g -Wall -Wextra -fno-tree-loop-distribute-patterns"

TRACE::2023-05-30.14:32:07::SCWBDomain::Running Make include in ps7_cortexa9_0/libsrc/rrt_v1_0/src

TRACE::2023-05-30.14:32:07::SCWBDomain::make -C ps7_cortexa9_0/libsrc/rrt_v1_0/src -s include  "SHELL=/bin/sh" "COMPILER=arm-none-eabi-gcc" "ASSEMBLER=arm-none-eabi-as
TRACE::2023-05-30.14:32:07::SCWBDomain::" "ARCHIVER=arm-none-eabi-ar" "COMPILER_FLAGS=  -O2 -c" "EXTRA_COMPILER_FLAGS=-mcpu=cortex-a9 -mfpu=vfpv3 -mfloat-abi=hard -nos
TRACE::2023-05-30.14:32:07::SCWBDomain::tartfiles -g -Wall -Wextra -fno-tree-loop-distribute-patterns"

TRACE::2023-05-30.14:32:07::SCWBDomain::Running Make include in ps7_cortexa9_0/libsrc/uartps_v3_11/src

TRACE::2023-05-30.14:32:07::SCWBDomain::make -C ps7_cortexa9_0/libsrc/uartps_v3_11/src -s include  "SHELL=/bin/sh" "COMPILER=arm-none-eabi-gcc" "ASSEMBLER=arm-none-eab
TRACE::2023-05-30.14:32:07::SCWBDomain::i-as" "ARCHIVER=arm-none-eabi-ar" "COMPILER_FLAGS=  -O2 -c" "EXTRA_COMPILER_FLAGS=-mcpu=cortex-a9 -mfpu=vfpv3 -mfloat-abi=hard 
TRACE::2023-05-30.14:32:07::SCWBDomain::-nostartfiles -g -Wall -Wextra -fno-tree-loop-distribute-patterns"

TRACE::2023-05-30.14:32:07::SCWBDomain::Running Make include in ps7_cortexa9_0/libsrc/scutimer_v2_3/src

TRACE::2023-05-30.14:32:07::SCWBDomain::make -C ps7_cortexa9_0/libsrc/scutimer_v2_3/src -s include  "SHELL=/bin/sh" "COMPILER=arm-none-eabi-gcc" "ASSEMBLER=arm-none-ea
TRACE::2023-05-30.14:32:07::SCWBDomain::bi-as" "ARCHIVER=arm-none-eabi-ar" "COMPILER_FLAGS=  -O2 -c" "EXTRA_COMPILER_FLAGS=-mcpu=cortex-a9 -mfpu=vfpv3 -mfloat-abi=hard
TRACE::2023-05-30.14:32:07::SCWBDomain:: -nostartfiles -g -Wall -Wextra -fno-tree-loop-distribute-patterns"

TRACE::2023-05-30.14:32:07::SCWBDomain::Running Make include in ps7_cortexa9_0/libsrc/qspips_v3_9/src

TRACE::2023-05-30.14:32:07::SCWBDomain::make -C ps7_cortexa9_0/libsrc/qspips_v3_9/src -s include  "SHELL=/bin/sh" "COMPILER=arm-none-eabi-gcc" "ASSEMBLER=arm-none-eabi
TRACE::2023-05-30.14:32:07::SCWBDomain::-as" "ARCHIVER=arm-none-eabi-ar" "COMPILER_FLAGS=  -O2 -c" "EXTRA_COMPILER_FLAGS=-mcpu=cortex-a9 -mfpu=vfpv3 -mfloat-abi=hard -
TRACE::2023-05-30.14:32:07::SCWBDomain::nostartfiles -g -Wall -Wextra -fno-tree-loop-distribute-patterns"

TRACE::2023-05-30.14:32:07::SCWBDomain::Running Make include in ps7_cortexa9_0/libsrc/standalone_v7_6/src

TRACE::2023-05-30.14:32:07::SCWBDomain::make -C ps7_cortexa9_0/libsrc/standalone_v7_6/src -s include  "SHELL=/bin/sh" "COMPILER=arm-none-eabi-gcc" "ASSEMBLER=arm-none-
TRACE::2023-05-30.14:32:07::SCWBDomain::eabi-as" "ARCHIVER=arm-none-eabi-ar" "COMPILER_FLAGS=  -O2 -c" "EXTRA_COMPILER_FLAGS=-mcpu=cortex-a9 -mfpu=vfpv3 -mfloat-abi=ha
TRACE::2023-05-30.14:32:07::SCWBDomain::rd -nostartfiles -g -Wall -Wextra -fno-tree-loop-distribute-patterns"

TRACE::2023-05-30.14:32:08::SCWBDomain::Running Make include in ps7_cortexa9_0/libsrc/usbps_v2_7/src

TRACE::2023-05-30.14:32:08::SCWBDomain::make -C ps7_cortexa9_0/libsrc/usbps_v2_7/src -s include  "SHELL=/bin/sh" "COMPILER=arm-none-eabi-gcc" "ASSEMBLER=arm-none-eabi-
TRACE::2023-05-30.14:32:08::SCWBDomain::as" "ARCHIVER=arm-none-eabi-ar" "COMPILER_FLAGS=  -O2 -c" "EXTRA_COMPILER_FLAGS=-mcpu=cortex-a9 -mfpu=vfpv3 -mfloat-abi=hard -n
TRACE::2023-05-30.14:32:08::SCWBDomain::ostartfiles -g -Wall -Wextra -fno-tree-loop-distribute-patterns"

TRACE::2023-05-30.14:32:08::SCWBDomain::Running Make include in ps7_cortexa9_0/libsrc/coresightps_dcc_v1_8/src

TRACE::2023-05-30.14:32:08::SCWBDomain::make -C ps7_cortexa9_0/libsrc/coresightps_dcc_v1_8/src -s include  "SHELL=/bin/sh" "COMPILER=arm-none-eabi-gcc" "ASSEMBLER=arm-
TRACE::2023-05-30.14:32:08::SCWBDomain::none-eabi-as" "ARCHIVER=arm-none-eabi-ar" "COMPILER_FLAGS=  -O2 -c" "EXTRA_COMPILER_FLAGS=-mcpu=cortex-a9 -mfpu=vfpv3 -mfloat-a
TRACE::2023-05-30.14:32:08::SCWBDomain::bi=hard -nostartfiles -g -Wall -Wextra -fno-tree-loop-distribute-patterns"

TRACE::2023-05-30.14:32:08::SCWBDomain::Running Make include in ps7_cortexa9_0/libsrc/axidma_v9_13/src

TRACE::2023-05-30.14:32:08::SCWBDomain::make -C ps7_cortexa9_0/libsrc/axidma_v9_13/src -s include  "SHELL=/bin/sh" "COMPILER=arm-none-eabi-gcc" "ASSEMBLER=arm-none-eab
TRACE::2023-05-30.14:32:08::SCWBDomain::i-as" "ARCHIVER=arm-none-eabi-ar" "COMPILER_FLAGS=  -O2 -c" "EXTRA_COMPILER_FLAGS=-mcpu=cortex-a9 -mfpu=vfpv3 -mfloat-abi=hard 
TRACE::2023-05-30.14:32:08::SCWBDomain::-nostartfiles -g -Wall -Wextra -fno-tree-loop-distribute-patterns"

TRACE::2023-05-30.14:32:08::SCWBDomain::Running Make include in ps7_cortexa9_0/libsrc/ddrps_v1_2/src

TRACE::2023-05-30.14:32:08::SCWBDomain::make -C ps7_cortexa9_0/libsrc/ddrps_v1_2/src -s include  "SHELL=/bin/sh" "COMPILER=arm-none-eabi-gcc" "ASSEMBLER=arm-none-eabi-
TRACE::2023-05-30.14:32:08::SCWBDomain::as" "ARCHIVER=arm-none-eabi-ar" "COMPILER_FLAGS=  -O2 -c" "EXTRA_COMPILER_FLAGS=-mcpu=cortex-a9 -mfpu=vfpv3 -mfloat-abi=hard -n
TRACE::2023-05-30.14:32:08::SCWBDomain::ostartfiles -g -Wall -Wextra -fno-tree-loop-distribute-patterns"

TRACE::2023-05-30.14:32:08::SCWBDomain::Running Make include in ps7_cortexa9_0/libsrc/xadcps_v2_6/src

TRACE::2023-05-30.14:32:08::SCWBDomain::make -C ps7_cortexa9_0/libsrc/xadcps_v2_6/src -s include  "SHELL=/bin/sh" "COMPILER=arm-none-eabi-gcc" "ASSEMBLER=arm-none-eabi
TRACE::2023-05-30.14:32:08::SCWBDomain::-as" "ARCHIVER=arm-none-eabi-ar" "COMPILER_FLAGS=  -O2 -c" "EXTRA_COMPILER_FLAGS=-mcpu=cortex-a9 -mfpu=vfpv3 -mfloat-abi=hard -
TRACE::2023-05-30.14:32:08::SCWBDomain::nostartfiles -g -Wall -Wextra -fno-tree-loop-distribute-patterns"

TRACE::2023-05-30.14:32:08::SCWBDomain::Running Make include in ps7_cortexa9_0/libsrc/cpu_cortexa9_v2_11/src

TRACE::2023-05-30.14:32:08::SCWBDomain::make -C ps7_cortexa9_0/libsrc/cpu_cortexa9_v2_11/src -s include  "SHELL=/bin/sh" "COMPILER=arm-none-eabi-gcc" "ASSEMBLER=arm-no
TRACE::2023-05-30.14:32:08::SCWBDomain::ne-eabi-as" "ARCHIVER=arm-none-eabi-ar" "COMPILER_FLAGS=  -O2 -c" "EXTRA_COMPILER_FLAGS=-mcpu=cortex-a9 -mfpu=vfpv3 -mfloat-abi
TRACE::2023-05-30.14:32:08::SCWBDomain::=hard -nostartfiles -g -Wall -Wextra -fno-tree-loop-distribute-patterns"

TRACE::2023-05-30.14:32:08::SCWBDomain::Running Make include in ps7_cortexa9_0/libsrc/xilffs_v4_6/src

TRACE::2023-05-30.14:32:08::SCWBDomain::make -C ps7_cortexa9_0/libsrc/xilffs_v4_6/src -s include  "SHELL=/bin/sh" "COMPILER=arm-none-eabi-gcc" "ASSEMBLER=arm-none-eabi
TRACE::2023-05-30.14:32:08::SCWBDomain::-as" "ARCHIVER=arm-none-eabi-ar" "COMPILER_FLAGS=  -O2 -c" "EXTRA_COMPILER_FLAGS=-mcpu=cortex-a9 -mfpu=vfpv3 -mfloat-abi=hard -
TRACE::2023-05-30.14:32:08::SCWBDomain::nostartfiles -g -Wall -Wextra -fno-tree-loop-distribute-patterns"

TRACE::2023-05-30.14:32:08::SCWBDomain::Running Make include in ps7_cortexa9_0/libsrc/dmaps_v2_8/src

TRACE::2023-05-30.14:32:08::SCWBDomain::make -C ps7_cortexa9_0/libsrc/dmaps_v2_8/src -s include  "SHELL=/bin/sh" "COMPILER=arm-none-eabi-gcc" "ASSEMBLER=arm-none-eabi-
TRACE::2023-05-30.14:32:08::SCWBDomain::as" "ARCHIVER=arm-none-eabi-ar" "COMPILER_FLAGS=  -O2 -c" "EXTRA_COMPILER_FLAGS=-mcpu=cortex-a9 -mfpu=vfpv3 -mfloat-abi=hard -n
TRACE::2023-05-30.14:32:08::SCWBDomain::ostartfiles -g -Wall -Wextra -fno-tree-loop-distribute-patterns"

TRACE::2023-05-30.14:32:08::SCWBDomain::Running Make libs in ps7_cortexa9_0/libsrc/rrt_v1_0/src

TRACE::2023-05-30.14:32:08::SCWBDomain::make -C ps7_cortexa9_0/libsrc/rrt_v1_0/src -s libs  "SHELL=/bin/sh" "COMPILER=arm-none-eabi-gcc" "ASSEMBLER=arm-none-eabi-as" "
TRACE::2023-05-30.14:32:08::SCWBDomain::ARCHIVER=arm-none-eabi-ar" "COMPILER_FLAGS=  -O2 -c" "EXTRA_COMPILER_FLAGS=-mcpu=cortex-a9 -mfpu=vfpv3 -mfloat-abi=hard -nostar
TRACE::2023-05-30.14:32:08::SCWBDomain::tfiles -g -Wall -Wextra -fno-tree-loop-distribute-patterns"

TRACE::2023-05-30.14:32:08::SCWBDomain::Building rrt

TRACE::2023-05-30.14:32:08::SCWBDomain::Running Make libs in ps7_cortexa9_0/libsrc/xilrsa_v1_6/src

TRACE::2023-05-30.14:32:08::SCWBDomain::make -C ps7_cortexa9_0/libsrc/xilrsa_v1_6/src -s libs  "SHELL=/bin/sh" "COMPILER=arm-none-eabi-gcc" "ASSEMBLER=arm-none-eabi-as
TRACE::2023-05-30.14:32:08::SCWBDomain::" "ARCHIVER=arm-none-eabi-ar" "COMPILER_FLAGS=  -O2 -c" "EXTRA_COMPILER_FLAGS=-mcpu=cortex-a9 -mfpu=vfpv3 -mfloat-abi=hard -nos
TRACE::2023-05-30.14:32:08::SCWBDomain::tartfiles -g -Wall -Wextra -fno-tree-loop-distribute-patterns"

TRACE::2023-05-30.14:32:08::SCWBDomain::Finished building libraries sequentially.

TRACE::2023-05-30.14:32:08::SCWBDomain::make -j 6 --no-print-directory par_libs

TRACE::2023-05-30.14:32:08::SCWBDomain::Running Make include in ps7_cortexa9_0/libsrc/gpiops_v3_9/src

TRACE::2023-05-30.14:32:08::SCWBDomain::Running Make include in ps7_cortexa9_0/libsrc/sdps_v3_13/src

TRACE::2023-05-30.14:32:08::SCWBDomain::Running Make include in ps7_cortexa9_0/libsrc/scuwdt_v2_4/src

TRACE::2023-05-30.14:32:08::SCWBDomain::Running Make include in ps7_cortexa9_0/libsrc/devcfg_v3_7/src

TRACE::2023-05-30.14:32:08::SCWBDomain::Running Make include in ps7_cortexa9_0/libsrc/xilrsa_v1_6/src

TRACE::2023-05-30.14:32:08::SCWBDomain::make -C ps7_cortexa9_0/libsrc/gpiops_v3_9/src -s include  "SHELL=/bin/sh" "COMPILER=arm-none-eabi-gcc" "ASSEMBLER=arm-none-eabi
TRACE::2023-05-30.14:32:08::SCWBDomain::-as" "ARCHIVER=arm-none-eabi-ar" "COMPILER_FLAGS=  -O2 -c" "EXTRA_COMPILER_FLAGS=-mcpu=cortex-a9 -mfpu=vfpv3 -mfloat-abi=hard -
TRACE::2023-05-30.14:32:08::SCWBDomain::nostartfiles -g -Wall -Wextra -fno-tree-loop-distribute-patterns"

TRACE::2023-05-30.14:32:08::SCWBDomain::make -C ps7_cortexa9_0/libsrc/sdps_v3_13/src -s include  "SHELL=/bin/sh" "COMPILER=arm-none-eabi-gcc" "ASSEMBLER=arm-none-eabi-
TRACE::2023-05-30.14:32:08::SCWBDomain::as" "ARCHIVER=arm-none-eabi-ar" "COMPILER_FLAGS=  -O2 -c" "EXTRA_COMPILER_FLAGS=-mcpu=cortex-a9 -mfpu=vfpv3 -mfloat-abi=hard -n
TRACE::2023-05-30.14:32:08::SCWBDomain::ostartfiles -g -Wall -Wextra -fno-tree-loop-distribute-patterns"

TRACE::2023-05-30.14:32:08::SCWBDomain::Running Make include in ps7_cortexa9_0/libsrc/scugic_v4_6/src

TRACE::2023-05-30.14:32:08::SCWBDomain::make -C ps7_cortexa9_0/libsrc/scuwdt_v2_4/src -s include  "SHELL=/bin/sh" "COMPILER=arm-none-eabi-gcc" "ASSEMBLER=arm-none-eabi
TRACE::2023-05-30.14:32:08::SCWBDomain::-as" "ARCHIVER=arm-none-eabi-ar" "COMPILER_FLAGS=  -O2 -c" "EXTRA_COMPILER_FLAGS=-mcpu=cortex-a9 -mfpu=vfpv3 -mfloat-abi=hard -
TRACE::2023-05-30.14:32:08::SCWBDomain::nostartfiles -g -Wall -Wextra -fno-tree-loop-distribute-patterns"

TRACE::2023-05-30.14:32:08::SCWBDomain::make -C ps7_cortexa9_0/libsrc/xilrsa_v1_6/src -s include  "SHELL=/bin/sh" "COMPILER=arm-none-eabi-gcc" "ASSEMBLER=arm-none-eabi
TRACE::2023-05-30.14:32:08::SCWBDomain::-as" "ARCHIVER=arm-none-eabi-ar" "COMPILER_FLAGS=  -O2 -c" "EXTRA_COMPILER_FLAGS=-mcpu=cortex-a9 -mfpu=vfpv3 -mfloat-abi=hard -
TRACE::2023-05-30.14:32:08::SCWBDomain::nostartfiles -g -Wall -Wextra -fno-tree-loop-distribute-patterns"

TRACE::2023-05-30.14:32:08::SCWBDomain::make -C ps7_cortexa9_0/libsrc/devcfg_v3_7/src -s include  "SHELL=/bin/sh" "COMPILER=arm-none-eabi-gcc" "ASSEMBLER=arm-none-eabi
TRACE::2023-05-30.14:32:08::SCWBDomain::-as" "ARCHIVER=arm-none-eabi-ar" "COMPILER_FLAGS=  -O2 -c" "EXTRA_COMPILER_FLAGS=-mcpu=cortex-a9 -mfpu=vfpv3 -mfloat-abi=hard -
TRACE::2023-05-30.14:32:08::SCWBDomain::nostartfiles -g -Wall -Wextra -fno-tree-loop-distribute-patterns"

TRACE::2023-05-30.14:32:08::SCWBDomain::make -C ps7_cortexa9_0/libsrc/scugic_v4_6/src -s include  "SHELL=/bin/sh" "COMPILER=arm-none-eabi-gcc" "ASSEMBLER=arm-none-eabi
TRACE::2023-05-30.14:32:08::SCWBDomain::-as" "ARCHIVER=arm-none-eabi-ar" "COMPILER_FLAGS=  -O2 -c" "EXTRA_COMPILER_FLAGS=-mcpu=cortex-a9 -mfpu=vfpv3 -mfloat-abi=hard -
TRACE::2023-05-30.14:32:08::SCWBDomain::nostartfiles -g -Wall -Wextra -fno-tree-loop-distribute-patterns"

TRACE::2023-05-30.14:32:08::SCWBDomain::Running Make include in ps7_cortexa9_0/libsrc/emacps_v3_15/src

TRACE::2023-05-30.14:32:08::SCWBDomain::Running Make include in ps7_cortexa9_0/libsrc/rrt_v1_0/src

TRACE::2023-05-30.14:32:08::SCWBDomain::Running Make include in ps7_cortexa9_0/libsrc/uartps_v3_11/src

TRACE::2023-05-30.14:32:08::SCWBDomain::make -C ps7_cortexa9_0/libsrc/emacps_v3_15/src -s include  "SHELL=/bin/sh" "COMPILER=arm-none-eabi-gcc" "ASSEMBLER=arm-none-eab
TRACE::2023-05-30.14:32:08::SCWBDomain::i-as" "ARCHIVER=arm-none-eabi-ar" "COMPILER_FLAGS=  -O2 -c" "EXTRA_COMPILER_FLAGS=-mcpu=cortex-a9 -mfpu=vfpv3 -mfloat-abi=hard 
TRACE::2023-05-30.14:32:08::SCWBDomain::-nostartfiles -g -Wall -Wextra -fno-tree-loop-distribute-patterns"

TRACE::2023-05-30.14:32:08::SCWBDomain::make -C ps7_cortexa9_0/libsrc/rrt_v1_0/src -s include  "SHELL=/bin/sh" "COMPILER=arm-none-eabi-gcc" "ASSEMBLER=arm-none-eabi-as
TRACE::2023-05-30.14:32:08::SCWBDomain::" "ARCHIVER=arm-none-eabi-ar" "COMPILER_FLAGS=  -O2 -c" "EXTRA_COMPILER_FLAGS=-mcpu=cortex-a9 -mfpu=vfpv3 -mfloat-abi=hard -nos
TRACE::2023-05-30.14:32:08::SCWBDomain::tartfiles -g -Wall -Wextra -fno-tree-loop-distribute-patterns"

TRACE::2023-05-30.14:32:08::SCWBDomain::make -C ps7_cortexa9_0/libsrc/uartps_v3_11/src -s include  "SHELL=/bin/sh" "COMPILER=arm-none-eabi-gcc" "ASSEMBLER=arm-none-eab
TRACE::2023-05-30.14:32:08::SCWBDomain::i-as" "ARCHIVER=arm-none-eabi-ar" "COMPILER_FLAGS=  -O2 -c" "EXTRA_COMPILER_FLAGS=-mcpu=cortex-a9 -mfpu=vfpv3 -mfloat-abi=hard 
TRACE::2023-05-30.14:32:08::SCWBDomain::-nostartfiles -g -Wall -Wextra -fno-tree-loop-distribute-patterns"

TRACE::2023-05-30.14:32:08::SCWBDomain::Running Make include in ps7_cortexa9_0/libsrc/scutimer_v2_3/src

TRACE::2023-05-30.14:32:08::SCWBDomain::make -C ps7_cortexa9_0/libsrc/scutimer_v2_3/src -s include  "SHELL=/bin/sh" "COMPILER=arm-none-eabi-gcc" "ASSEMBLER=arm-none-ea
TRACE::2023-05-30.14:32:08::SCWBDomain::bi-as" "ARCHIVER=arm-none-eabi-ar" "COMPILER_FLAGS=  -O2 -c" "EXTRA_COMPILER_FLAGS=-mcpu=cortex-a9 -mfpu=vfpv3 -mfloat-abi=hard
TRACE::2023-05-30.14:32:08::SCWBDomain:: -nostartfiles -g -Wall -Wextra -fno-tree-loop-distribute-patterns"

TRACE::2023-05-30.14:32:08::SCWBDomain::Running Make include in ps7_cortexa9_0/libsrc/qspips_v3_9/src

TRACE::2023-05-30.14:32:08::SCWBDomain::make -C ps7_cortexa9_0/libsrc/qspips_v3_9/src -s include  "SHELL=/bin/sh" "COMPILER=arm-none-eabi-gcc" "ASSEMBLER=arm-none-eabi
TRACE::2023-05-30.14:32:08::SCWBDomain::-as" "ARCHIVER=arm-none-eabi-ar" "COMPILER_FLAGS=  -O2 -c" "EXTRA_COMPILER_FLAGS=-mcpu=cortex-a9 -mfpu=vfpv3 -mfloat-abi=hard -
TRACE::2023-05-30.14:32:08::SCWBDomain::nostartfiles -g -Wall -Wextra -fno-tree-loop-distribute-patterns"

TRACE::2023-05-30.14:32:08::SCWBDomain::Running Make include in ps7_cortexa9_0/libsrc/standalone_v7_6/src

TRACE::2023-05-30.14:32:08::SCWBDomain::make -C ps7_cortexa9_0/libsrc/standalone_v7_6/src -s include  "SHELL=/bin/sh" "COMPILER=arm-none-eabi-gcc" "ASSEMBLER=arm-none-
TRACE::2023-05-30.14:32:08::SCWBDomain::eabi-as" "ARCHIVER=arm-none-eabi-ar" "COMPILER_FLAGS=  -O2 -c" "EXTRA_COMPILER_FLAGS=-mcpu=cortex-a9 -mfpu=vfpv3 -mfloat-abi=ha
TRACE::2023-05-30.14:32:08::SCWBDomain::rd -nostartfiles -g -Wall -Wextra -fno-tree-loop-distribute-patterns"

TRACE::2023-05-30.14:32:08::SCWBDomain::Running Make include in ps7_cortexa9_0/libsrc/usbps_v2_7/src

TRACE::2023-05-30.14:32:08::SCWBDomain::make -C ps7_cortexa9_0/libsrc/usbps_v2_7/src -s include  "SHELL=/bin/sh" "COMPILER=arm-none-eabi-gcc" "ASSEMBLER=arm-none-eabi-
TRACE::2023-05-30.14:32:08::SCWBDomain::as" "ARCHIVER=arm-none-eabi-ar" "COMPILER_FLAGS=  -O2 -c" "EXTRA_COMPILER_FLAGS=-mcpu=cortex-a9 -mfpu=vfpv3 -mfloat-abi=hard -n
TRACE::2023-05-30.14:32:08::SCWBDomain::ostartfiles -g -Wall -Wextra -fno-tree-loop-distribute-patterns"

TRACE::2023-05-30.14:32:08::SCWBDomain::Running Make include in ps7_cortexa9_0/libsrc/coresightps_dcc_v1_8/src

TRACE::2023-05-30.14:32:08::SCWBDomain::Running Make include in ps7_cortexa9_0/libsrc/axidma_v9_13/src

TRACE::2023-05-30.14:32:08::SCWBDomain::make -C ps7_cortexa9_0/libsrc/coresightps_dcc_v1_8/src -s include  "SHELL=/bin/sh" "COMPILER=arm-none-eabi-gcc" "ASSEMBLER=arm-
TRACE::2023-05-30.14:32:08::SCWBDomain::none-eabi-as" "ARCHIVER=arm-none-eabi-ar" "COMPILER_FLAGS=  -O2 -c" "EXTRA_COMPILER_FLAGS=-mcpu=cortex-a9 -mfpu=vfpv3 -mfloat-a
TRACE::2023-05-30.14:32:08::SCWBDomain::bi=hard -nostartfiles -g -Wall -Wextra -fno-tree-loop-distribute-patterns"

TRACE::2023-05-30.14:32:08::SCWBDomain::make -C ps7_cortexa9_0/libsrc/axidma_v9_13/src -s include  "SHELL=/bin/sh" "COMPILER=arm-none-eabi-gcc" "ASSEMBLER=arm-none-eab
TRACE::2023-05-30.14:32:08::SCWBDomain::i-as" "ARCHIVER=arm-none-eabi-ar" "COMPILER_FLAGS=  -O2 -c" "EXTRA_COMPILER_FLAGS=-mcpu=cortex-a9 -mfpu=vfpv3 -mfloat-abi=hard 
TRACE::2023-05-30.14:32:08::SCWBDomain::-nostartfiles -g -Wall -Wextra -fno-tree-loop-distribute-patterns"

TRACE::2023-05-30.14:32:08::SCWBDomain::Running Make include in ps7_cortexa9_0/libsrc/ddrps_v1_2/src

TRACE::2023-05-30.14:32:08::SCWBDomain::make -C ps7_cortexa9_0/libsrc/ddrps_v1_2/src -s include  "SHELL=/bin/sh" "COMPILER=arm-none-eabi-gcc" "ASSEMBLER=arm-none-eabi-
TRACE::2023-05-30.14:32:08::SCWBDomain::as" "ARCHIVER=arm-none-eabi-ar" "COMPILER_FLAGS=  -O2 -c" "EXTRA_COMPILER_FLAGS=-mcpu=cortex-a9 -mfpu=vfpv3 -mfloat-abi=hard -n
TRACE::2023-05-30.14:32:08::SCWBDomain::ostartfiles -g -Wall -Wextra -fno-tree-loop-distribute-patterns"

TRACE::2023-05-30.14:32:08::SCWBDomain::Running Make include in ps7_cortexa9_0/libsrc/xadcps_v2_6/src

TRACE::2023-05-30.14:32:08::SCWBDomain::Running Make include in ps7_cortexa9_0/libsrc/cpu_cortexa9_v2_11/src

TRACE::2023-05-30.14:32:08::SCWBDomain::make -C ps7_cortexa9_0/libsrc/xadcps_v2_6/src -s include  "SHELL=/bin/sh" "COMPILER=arm-none-eabi-gcc" "ASSEMBLER=arm-none-eabi
TRACE::2023-05-30.14:32:08::SCWBDomain::-as" "ARCHIVER=arm-none-eabi-ar" "COMPILER_FLAGS=  -O2 -c" "EXTRA_COMPILER_FLAGS=-mcpu=cortex-a9 -mfpu=vfpv3 -mfloat-abi=hard -
TRACE::2023-05-30.14:32:08::SCWBDomain::nostartfiles -g -Wall -Wextra -fno-tree-loop-distribute-patterns"

TRACE::2023-05-30.14:32:08::SCWBDomain::make -C ps7_cortexa9_0/libsrc/cpu_cortexa9_v2_11/src -s include  "SHELL=/bin/sh" "COMPILER=arm-none-eabi-gcc" "ASSEMBLER=arm-no
TRACE::2023-05-30.14:32:08::SCWBDomain::ne-eabi-as" "ARCHIVER=arm-none-eabi-ar" "COMPILER_FLAGS=  -O2 -c" "EXTRA_COMPILER_FLAGS=-mcpu=cortex-a9 -mfpu=vfpv3 -mfloat-abi
TRACE::2023-05-30.14:32:08::SCWBDomain::=hard -nostartfiles -g -Wall -Wextra -fno-tree-loop-distribute-patterns"

TRACE::2023-05-30.14:32:08::SCWBDomain::Running Make include in ps7_cortexa9_0/libsrc/xilffs_v4_6/src

TRACE::2023-05-30.14:32:08::SCWBDomain::make -C ps7_cortexa9_0/libsrc/xilffs_v4_6/src -s include  "SHELL=/bin/sh" "COMPILER=arm-none-eabi-gcc" "ASSEMBLER=arm-none-eabi
TRACE::2023-05-30.14:32:08::SCWBDomain::-as" "ARCHIVER=arm-none-eabi-ar" "COMPILER_FLAGS=  -O2 -c" "EXTRA_COMPILER_FLAGS=-mcpu=cortex-a9 -mfpu=vfpv3 -mfloat-abi=hard -
TRACE::2023-05-30.14:32:08::SCWBDomain::nostartfiles -g -Wall -Wextra -fno-tree-loop-distribute-patterns"

TRACE::2023-05-30.14:32:08::SCWBDomain::Running Make include in ps7_cortexa9_0/libsrc/dmaps_v2_8/src

TRACE::2023-05-30.14:32:08::SCWBDomain::make -C ps7_cortexa9_0/libsrc/dmaps_v2_8/src -s include  "SHELL=/bin/sh" "COMPILER=arm-none-eabi-gcc" "ASSEMBLER=arm-none-eabi-
TRACE::2023-05-30.14:32:08::SCWBDomain::as" "ARCHIVER=arm-none-eabi-ar" "COMPILER_FLAGS=  -O2 -c" "EXTRA_COMPILER_FLAGS=-mcpu=cortex-a9 -mfpu=vfpv3 -mfloat-abi=hard -n
TRACE::2023-05-30.14:32:08::SCWBDomain::ostartfiles -g -Wall -Wextra -fno-tree-loop-distribute-patterns"

TRACE::2023-05-30.14:32:08::SCWBDomain::Running Make libs in ps7_cortexa9_0/libsrc/gpiops_v3_9/src

TRACE::2023-05-30.14:32:08::SCWBDomain::Running Make libs in ps7_cortexa9_0/libsrc/sdps_v3_13/src

TRACE::2023-05-30.14:32:08::SCWBDomain::make -C ps7_cortexa9_0/libsrc/gpiops_v3_9/src -s libs  "SHELL=/bin/sh" "COMPILER=arm-none-eabi-gcc" "ASSEMBLER=arm-none-eabi-as
TRACE::2023-05-30.14:32:08::SCWBDomain::" "ARCHIVER=arm-none-eabi-ar" "COMPILER_FLAGS=  -O2 -c" "EXTRA_COMPILER_FLAGS=-mcpu=cortex-a9 -mfpu=vfpv3 -mfloat-abi=hard -nos
TRACE::2023-05-30.14:32:08::SCWBDomain::tartfiles -g -Wall -Wextra -fno-tree-loop-distribute-patterns"

TRACE::2023-05-30.14:32:08::SCWBDomain::Running Make libs in ps7_cortexa9_0/libsrc/scuwdt_v2_4/src

TRACE::2023-05-30.14:32:08::SCWBDomain::make -C ps7_cortexa9_0/libsrc/sdps_v3_13/src -s libs  "SHELL=/bin/sh" "COMPILER=arm-none-eabi-gcc" "ASSEMBLER=arm-none-eabi-as"
TRACE::2023-05-30.14:32:08::SCWBDomain:: "ARCHIVER=arm-none-eabi-ar" "COMPILER_FLAGS=  -O2 -c" "EXTRA_COMPILER_FLAGS=-mcpu=cortex-a9 -mfpu=vfpv3 -mfloat-abi=hard -nost
TRACE::2023-05-30.14:32:08::SCWBDomain::artfiles -g -Wall -Wextra -fno-tree-loop-distribute-patterns"

TRACE::2023-05-30.14:32:08::SCWBDomain::make -C ps7_cortexa9_0/libsrc/scuwdt_v2_4/src -s libs  "SHELL=/bin/sh" "COMPILER=arm-none-eabi-gcc" "ASSEMBLER=arm-none-eabi-as
TRACE::2023-05-30.14:32:08::SCWBDomain::" "ARCHIVER=arm-none-eabi-ar" "COMPILER_FLAGS=  -O2 -c" "EXTRA_COMPILER_FLAGS=-mcpu=cortex-a9 -mfpu=vfpv3 -mfloat-abi=hard -nos
TRACE::2023-05-30.14:32:08::SCWBDomain::tartfiles -g -Wall -Wextra -fno-tree-loop-distribute-patterns"

TRACE::2023-05-30.14:32:08::SCWBDomain::Running Make libs in ps7_cortexa9_0/libsrc/devcfg_v3_7/src

TRACE::2023-05-30.14:32:08::SCWBDomain::make -C ps7_cortexa9_0/libsrc/devcfg_v3_7/src -s libs  "SHELL=/bin/sh" "COMPILER=arm-none-eabi-gcc" "ASSEMBLER=arm-none-eabi-as
TRACE::2023-05-30.14:32:08::SCWBDomain::" "ARCHIVER=arm-none-eabi-ar" "COMPILER_FLAGS=  -O2 -c" "EXTRA_COMPILER_FLAGS=-mcpu=cortex-a9 -mfpu=vfpv3 -mfloat-abi=hard -nos
TRACE::2023-05-30.14:32:08::SCWBDomain::tartfiles -g -Wall -Wextra -fno-tree-loop-distribute-patterns"

TRACE::2023-05-30.14:32:08::SCWBDomain::Running Make libs in ps7_cortexa9_0/libsrc/scugic_v4_6/src

TRACE::2023-05-30.14:32:08::SCWBDomain::make -C ps7_cortexa9_0/libsrc/scugic_v4_6/src -s libs  "SHELL=/bin/sh" "COMPILER=arm-none-eabi-gcc" "ASSEMBLER=arm-none-eabi-as
TRACE::2023-05-30.14:32:08::SCWBDomain::" "ARCHIVER=arm-none-eabi-ar" "COMPILER_FLAGS=  -O2 -c" "EXTRA_COMPILER_FLAGS=-mcpu=cortex-a9 -mfpu=vfpv3 -mfloat-abi=hard -nos
TRACE::2023-05-30.14:32:08::SCWBDomain::tartfiles -g -Wall -Wextra -fno-tree-loop-distribute-patterns"

TRACE::2023-05-30.14:32:08::SCWBDomain::Running Make libs in ps7_cortexa9_0/libsrc/emacps_v3_15/src

TRACE::2023-05-30.14:32:08::SCWBDomain::make -C ps7_cortexa9_0/libsrc/emacps_v3_15/src -s libs  "SHELL=/bin/sh" "COMPILER=arm-none-eabi-gcc" "ASSEMBLER=arm-none-eabi-a
TRACE::2023-05-30.14:32:08::SCWBDomain::s" "ARCHIVER=arm-none-eabi-ar" "COMPILER_FLAGS=  -O2 -c" "EXTRA_COMPILER_FLAGS=-mcpu=cortex-a9 -mfpu=vfpv3 -mfloat-abi=hard -no
TRACE::2023-05-30.14:32:08::SCWBDomain::startfiles -g -Wall -Wextra -fno-tree-loop-distribute-patterns"

TRACE::2023-05-30.14:32:09::SCWBDomain::Running Make libs in ps7_cortexa9_0/libsrc/uartps_v3_11/src

TRACE::2023-05-30.14:32:09::SCWBDomain::make -C ps7_cortexa9_0/libsrc/uartps_v3_11/src -s libs  "SHELL=/bin/sh" "COMPILER=arm-none-eabi-gcc" "ASSEMBLER=arm-none-eabi-a
TRACE::2023-05-30.14:32:09::SCWBDomain::s" "ARCHIVER=arm-none-eabi-ar" "COMPILER_FLAGS=  -O2 -c" "EXTRA_COMPILER_FLAGS=-mcpu=cortex-a9 -mfpu=vfpv3 -mfloat-abi=hard -no
TRACE::2023-05-30.14:32:09::SCWBDomain::startfiles -g -Wall -Wextra -fno-tree-loop-distribute-patterns"

TRACE::2023-05-30.14:32:09::SCWBDomain::Running Make libs in ps7_cortexa9_0/libsrc/scutimer_v2_3/src

TRACE::2023-05-30.14:32:09::SCWBDomain::make -C ps7_cortexa9_0/libsrc/scutimer_v2_3/src -s libs  "SHELL=/bin/sh" "COMPILER=arm-none-eabi-gcc" "ASSEMBLER=arm-none-eabi-
TRACE::2023-05-30.14:32:09::SCWBDomain::as" "ARCHIVER=arm-none-eabi-ar" "COMPILER_FLAGS=  -O2 -c" "EXTRA_COMPILER_FLAGS=-mcpu=cortex-a9 -mfpu=vfpv3 -mfloat-abi=hard -n
TRACE::2023-05-30.14:32:09::SCWBDomain::ostartfiles -g -Wall -Wextra -fno-tree-loop-distribute-patterns"

TRACE::2023-05-30.14:32:09::SCWBDomain::Running Make libs in ps7_cortexa9_0/libsrc/qspips_v3_9/src

TRACE::2023-05-30.14:32:09::SCWBDomain::make -C ps7_cortexa9_0/libsrc/qspips_v3_9/src -s libs  "SHELL=/bin/sh" "COMPILER=arm-none-eabi-gcc" "ASSEMBLER=arm-none-eabi-as
TRACE::2023-05-30.14:32:09::SCWBDomain::" "ARCHIVER=arm-none-eabi-ar" "COMPILER_FLAGS=  -O2 -c" "EXTRA_COMPILER_FLAGS=-mcpu=cortex-a9 -mfpu=vfpv3 -mfloat-abi=hard -nos
TRACE::2023-05-30.14:32:09::SCWBDomain::tartfiles -g -Wall -Wextra -fno-tree-loop-distribute-patterns"

TRACE::2023-05-30.14:32:09::SCWBDomain::Running Make libs in ps7_cortexa9_0/libsrc/standalone_v7_6/src

TRACE::2023-05-30.14:32:09::SCWBDomain::make -C ps7_cortexa9_0/libsrc/standalone_v7_6/src -s libs  "SHELL=/bin/sh" "COMPILER=arm-none-eabi-gcc" "ASSEMBLER=arm-none-eab
TRACE::2023-05-30.14:32:09::SCWBDomain::i-as" "ARCHIVER=arm-none-eabi-ar" "COMPILER_FLAGS=  -O2 -c" "EXTRA_COMPILER_FLAGS=-mcpu=cortex-a9 -mfpu=vfpv3 -mfloat-abi=hard 
TRACE::2023-05-30.14:32:09::SCWBDomain::-nostartfiles -g -Wall -Wextra -fno-tree-loop-distribute-patterns"

TRACE::2023-05-30.14:32:09::SCWBDomain::Running Make libs in ps7_cortexa9_0/libsrc/usbps_v2_7/src

TRACE::2023-05-30.14:32:09::SCWBDomain::make -C ps7_cortexa9_0/libsrc/usbps_v2_7/src -s libs  "SHELL=/bin/sh" "COMPILER=arm-none-eabi-gcc" "ASSEMBLER=arm-none-eabi-as"
TRACE::2023-05-30.14:32:09::SCWBDomain:: "ARCHIVER=arm-none-eabi-ar" "COMPILER_FLAGS=  -O2 -c" "EXTRA_COMPILER_FLAGS=-mcpu=cortex-a9 -mfpu=vfpv3 -mfloat-abi=hard -nost
TRACE::2023-05-30.14:32:09::SCWBDomain::artfiles -g -Wall -Wextra -fno-tree-loop-distribute-patterns"

TRACE::2023-05-30.14:32:09::SCWBDomain::Running Make libs in ps7_cortexa9_0/libsrc/coresightps_dcc_v1_8/src

TRACE::2023-05-30.14:32:09::SCWBDomain::make -C ps7_cortexa9_0/libsrc/coresightps_dcc_v1_8/src -s libs  "SHELL=/bin/sh" "COMPILER=arm-none-eabi-gcc" "ASSEMBLER=arm-non
TRACE::2023-05-30.14:32:09::SCWBDomain::e-eabi-as" "ARCHIVER=arm-none-eabi-ar" "COMPILER_FLAGS=  -O2 -c" "EXTRA_COMPILER_FLAGS=-mcpu=cortex-a9 -mfpu=vfpv3 -mfloat-abi=
TRACE::2023-05-30.14:32:09::SCWBDomain::hard -nostartfiles -g -Wall -Wextra -fno-tree-loop-distribute-patterns"

TRACE::2023-05-30.14:32:10::SCWBDomain::Running Make libs in ps7_cortexa9_0/libsrc/axidma_v9_13/src

TRACE::2023-05-30.14:32:10::SCWBDomain::make -C ps7_cortexa9_0/libsrc/axidma_v9_13/src -s libs  "SHELL=/bin/sh" "COMPILER=arm-none-eabi-gcc" "ASSEMBLER=arm-none-eabi-a
TRACE::2023-05-30.14:32:10::SCWBDomain::s" "ARCHIVER=arm-none-eabi-ar" "COMPILER_FLAGS=  -O2 -c" "EXTRA_COMPILER_FLAGS=-mcpu=cortex-a9 -mfpu=vfpv3 -mfloat-abi=hard -no
TRACE::2023-05-30.14:32:10::SCWBDomain::startfiles -g -Wall -Wextra -fno-tree-loop-distribute-patterns"

TRACE::2023-05-30.14:32:10::SCWBDomain::Running Make libs in ps7_cortexa9_0/libsrc/ddrps_v1_2/src

TRACE::2023-05-30.14:32:10::SCWBDomain::make -C ps7_cortexa9_0/libsrc/ddrps_v1_2/src -s libs  "SHELL=/bin/sh" "COMPILER=arm-none-eabi-gcc" "ASSEMBLER=arm-none-eabi-as"
TRACE::2023-05-30.14:32:10::SCWBDomain:: "ARCHIVER=arm-none-eabi-ar" "COMPILER_FLAGS=  -O2 -c" "EXTRA_COMPILER_FLAGS=-mcpu=cortex-a9 -mfpu=vfpv3 -mfloat-abi=hard -nost
TRACE::2023-05-30.14:32:10::SCWBDomain::artfiles -g -Wall -Wextra -fno-tree-loop-distribute-patterns"

TRACE::2023-05-30.14:32:10::SCWBDomain::Running Make libs in ps7_cortexa9_0/libsrc/xadcps_v2_6/src

TRACE::2023-05-30.14:32:10::SCWBDomain::make -C ps7_cortexa9_0/libsrc/xadcps_v2_6/src -s libs  "SHELL=/bin/sh" "COMPILER=arm-none-eabi-gcc" "ASSEMBLER=arm-none-eabi-as
TRACE::2023-05-30.14:32:10::SCWBDomain::" "ARCHIVER=arm-none-eabi-ar" "COMPILER_FLAGS=  -O2 -c" "EXTRA_COMPILER_FLAGS=-mcpu=cortex-a9 -mfpu=vfpv3 -mfloat-abi=hard -nos
TRACE::2023-05-30.14:32:10::SCWBDomain::tartfiles -g -Wall -Wextra -fno-tree-loop-distribute-patterns"

TRACE::2023-05-30.14:32:10::SCWBDomain::Running Make libs in ps7_cortexa9_0/libsrc/cpu_cortexa9_v2_11/src

TRACE::2023-05-30.14:32:10::SCWBDomain::make -C ps7_cortexa9_0/libsrc/cpu_cortexa9_v2_11/src -s libs  "SHELL=/bin/sh" "COMPILER=arm-none-eabi-gcc" "ASSEMBLER=arm-none-
TRACE::2023-05-30.14:32:10::SCWBDomain::eabi-as" "ARCHIVER=arm-none-eabi-ar" "COMPILER_FLAGS=  -O2 -c" "EXTRA_COMPILER_FLAGS=-mcpu=cortex-a9 -mfpu=vfpv3 -mfloat-abi=ha
TRACE::2023-05-30.14:32:10::SCWBDomain::rd -nostartfiles -g -Wall -Wextra -fno-tree-loop-distribute-patterns"

TRACE::2023-05-30.14:32:10::SCWBDomain::Running Make libs in ps7_cortexa9_0/libsrc/xilffs_v4_6/src

TRACE::2023-05-30.14:32:10::SCWBDomain::make -C ps7_cortexa9_0/libsrc/xilffs_v4_6/src -s libs  "SHELL=/bin/sh" "COMPILER=arm-none-eabi-gcc" "ASSEMBLER=arm-none-eabi-as
TRACE::2023-05-30.14:32:10::SCWBDomain::" "ARCHIVER=arm-none-eabi-ar" "COMPILER_FLAGS=  -O2 -c" "EXTRA_COMPILER_FLAGS=-mcpu=cortex-a9 -mfpu=vfpv3 -mfloat-abi=hard -nos
TRACE::2023-05-30.14:32:10::SCWBDomain::tartfiles -g -Wall -Wextra -fno-tree-loop-distribute-patterns"

TRACE::2023-05-30.14:32:10::SCWBDomain::Running Make libs in ps7_cortexa9_0/libsrc/dmaps_v2_8/src

TRACE::2023-05-30.14:32:10::SCWBDomain::make -C ps7_cortexa9_0/libsrc/dmaps_v2_8/src -s libs  "SHELL=/bin/sh" "COMPILER=arm-none-eabi-gcc" "ASSEMBLER=arm-none-eabi-as"
TRACE::2023-05-30.14:32:10::SCWBDomain:: "ARCHIVER=arm-none-eabi-ar" "COMPILER_FLAGS=  -O2 -c" "EXTRA_COMPILER_FLAGS=-mcpu=cortex-a9 -mfpu=vfpv3 -mfloat-abi=hard -nost
TRACE::2023-05-30.14:32:10::SCWBDomain::artfiles -g -Wall -Wextra -fno-tree-loop-distribute-patterns"

TRACE::2023-05-30.14:32:11::SCWBDomain::Finished building libraries parallelly.

TRACE::2023-05-30.14:32:11::SCWBDomain::make --no-print-directory archive

TRACE::2023-05-30.14:32:11::SCWBDomain::arm-none-eabi-ar -r  ps7_cortexa9_0/lib/libxil.a ps7_cortexa9_0/lib/xil_assert.o ps7_cortexa9_0/lib/putnum.o ps7_cortexa9_0/lib
TRACE::2023-05-30.14:32:11::SCWBDomain::/xrrt.o ps7_cortexa9_0/lib/xil_exception.o ps7_cortexa9_0/lib/xqspips_selftest.o ps7_cortexa9_0/lib/xsdps_sinit.o ps7_cortexa9_
TRACE::2023-05-30.14:32:11::SCWBDomain::0/lib/xusbps_endpoint.o ps7_cortexa9_0/lib/xgpiops.o ps7_cortexa9_0/lib/xqspips_g.o ps7_cortexa9_0/lib/xrrt_sinit.o ps7_cortexa
TRACE::2023-05-30.14:32:11::SCWBDomain::9_0/lib/xemacps_sinit.o ps7_cortexa9_0/lib/_sbrk.o ps7_cortexa9_0/lib/xrrt_g.o ps7_cortexa9_0/lib/xpm_counter.o ps7_cortexa9_0/
TRACE::2023-05-30.14:32:11::SCWBDomain::lib/xdevcfg_selftest.o ps7_cortexa9_0/lib/xil_mem.o ps7_cortexa9_0/lib/xgpiops_sinit.o ps7_cortexa9_0/lib/xdmaps.o ps7_cortexa9
TRACE::2023-05-30.14:32:11::SCWBDomain::_0/lib/xdevcfg_sinit.o ps7_cortexa9_0/lib/xil_testcache.o ps7_cortexa9_0/lib/getpid.o ps7_cortexa9_0/lib/xscugic_intr.o ps7_cor
TRACE::2023-05-30.14:32:11::SCWBDomain::texa9_0/lib/usleep.o ps7_cortexa9_0/lib/asm_vectors.o ps7_cortexa9_0/lib/xl2cc_counter.o ps7_cortexa9_0/lib/xusbps_hw.o ps7_cor
TRACE::2023-05-30.14:32:11::SCWBDomain::texa9_0/lib/xil_testmem.o ps7_cortexa9_0/lib/lseek.o ps7_cortexa9_0/lib/outbyte.o ps7_cortexa9_0/lib/xuartps_selftest.o ps7_cor
TRACE::2023-05-30.14:32:11::SCWBDomain::texa9_0/lib/xuartps_sinit.o ps7_cortexa9_0/lib/xadcps.o ps7_cortexa9_0/lib/xuartps_g.o ps7_cortexa9_0/lib/kill.o ps7_cortexa9_0
TRACE::2023-05-30.14:32:11::SCWBDomain::/lib/xil_printf.o ps7_cortexa9_0/lib/abort.o ps7_cortexa9_0/lib/xdmaps_sinit.o ps7_cortexa9_0/lib/time.o ps7_cortexa9_0/lib/xsc
TRACE::2023-05-30.14:32:11::SCWBDomain::uwdt.o ps7_cortexa9_0/lib/xgpiops_selftest.o ps7_cortexa9_0/lib/xusbps_sinit.o ps7_cortexa9_0/lib/xemacps_g.o ps7_cortexa9_0/li
TRACE::2023-05-30.14:32:11::SCWBDomain::b/close.o ps7_cortexa9_0/lib/xsdps.o ps7_cortexa9_0/lib/xusbps_g.o ps7_cortexa9_0/lib/xqspips_hw.o ps7_cortexa9_0/lib/xscutimer
TRACE::2023-05-30.14:32:11::SCWBDomain::_selftest.o ps7_cortexa9_0/lib/xdmaps_selftest.o ps7_cortexa9_0/lib/inbyte.o ps7_cortexa9_0/lib/xemacps_hw.o ps7_cortexa9_0/lib
TRACE::2023-05-30.14:32:11::SCWBDomain::/xscutimer_sinit.o ps7_cortexa9_0/lib/xil_misc_psreset_api.o ps7_cortexa9_0/lib/xsdps_options.o ps7_cortexa9_0/lib/xscutimer_g.
TRACE::2023-05-30.14:32:11::SCWBDomain::o ps7_cortexa9_0/lib/xdmaps_g.o ps7_cortexa9_0/lib/xqspips_options.o ps7_cortexa9_0/lib/xil_sleeptimer.o ps7_cortexa9_0/lib/xde
TRACE::2023-05-30.14:32:11::SCWBDomain::vcfg_hw.o ps7_cortexa9_0/lib/unlink.o ps7_cortexa9_0/lib/sleep.o ps7_cortexa9_0/lib/_exit.o ps7_cortexa9_0/lib/xil_mmu.o ps7_co
TRACE::2023-05-30.14:32:11::SCWBDomain::rtexa9_0/lib/xplatform_info.o ps7_cortexa9_0/lib/xadcps_selftest.o ps7_cortexa9_0/lib/xadcps_sinit.o ps7_cortexa9_0/lib/xqspips
TRACE::2023-05-30.14:32:11::SCWBDomain::_sinit.o ps7_cortexa9_0/lib/xrrt_linux.o ps7_cortexa9_0/lib/xaxidma_bdring.o ps7_cortexa9_0/lib/xadcps_g.o ps7_cortexa9_0/lib/x
TRACE::2023-05-30.14:32:11::SCWBDomain::scugic.o ps7_cortexa9_0/lib/xil-crt0.o ps7_cortexa9_0/lib/isatty.o ps7_cortexa9_0/lib/xscuwdt_selftest.o ps7_cortexa9_0/lib/xem
TRACE::2023-05-30.14:32:11::SCWBDomain::acps_intr.o ps7_cortexa9_0/lib/xil_clocking.o ps7_cortexa9_0/lib/xgpiops_g.o ps7_cortexa9_0/lib/xscuwdt_g.o ps7_cortexa9_0/lib/
TRACE::2023-05-30.14:32:11::SCWBDomain::vectors.o ps7_cortexa9_0/lib/xsdps_g.o ps7_cortexa9_0/lib/errno.o ps7_cortexa9_0/lib/xaxidma.o ps7_cortexa9_0/lib/fstat.o ps7_c
TRACE::2023-05-30.14:32:11::SCWBDomain::ortexa9_0/lib/xgpiops_hw.o ps7_cortexa9_0/lib/sbrk.o ps7_cortexa9_0/lib/xdmaps_hw.o ps7_cortexa9_0/lib/xsdps_card.o ps7_cortexa
TRACE::2023-05-30.14:32:11::SCWBDomain::9_0/lib/xuartps_intr.o ps7_cortexa9_0/lib/xil_util.o ps7_cortexa9_0/lib/xdevcfg_intr.o ps7_cortexa9_0/lib/xtime_l.o ps7_cortexa
TRACE::2023-05-30.14:32:11::SCWBDomain::9_0/lib/xscuwdt_sinit.o ps7_cortexa9_0/lib/xscugic_selftest.o ps7_cortexa9_0/lib/xdevcfg_g.o ps7_cortexa9_0/lib/open.o ps7_cort
TRACE::2023-05-30.14:32:11::SCWBDomain::exa9_0/lib/xscugic_sinit.o ps7_cortexa9_0/lib/xgpiops_intr.o ps7_cortexa9_0/lib/xscugic_g.o ps7_cortexa9_0/lib/xil_sleepcommon.
TRACE::2023-05-30.14:32:11::SCWBDomain::o ps7_cortexa9_0/lib/xaxidma_bd.o ps7_cortexa9_0/lib/xadcps_intr.o ps7_cortexa9_0/lib/cpu_init.o ps7_cortexa9_0/lib/xemacps_bdr
TRACE::2023-05-30.14:32:11::SCWBDomain::ing.o ps7_cortexa9_0/lib/boot.o ps7_cortexa9_0/lib/write.o ps7_cortexa9_0/lib/xaxidma_selftest.o ps7_cortexa9_0/lib/translation
TRACE::2023-05-30.14:32:11::SCWBDomain::_table.o ps7_cortexa9_0/lib/xil_spinlock.o ps7_cortexa9_0/lib/xaxidma_sinit.o ps7_cortexa9_0/lib/xusbps.o ps7_cortexa9_0/lib/xa
TRACE::2023-05-30.14:32:11::SCWBDomain::xidma_g.o ps7_cortexa9_0/lib/xuartps_options.o ps7_cortexa9_0/lib/xil_testio.o ps7_cortexa9_0/lib/xemacps_control.o ps7_cortexa
TRACE::2023-05-30.14:32:11::SCWBDomain::9_0/lib/xil_cache.o ps7_cortexa9_0/lib/xemacps.o ps7_cortexa9_0/lib/xcoresightpsdcc.o ps7_cortexa9_0/lib/xqspips.o ps7_cortexa9
TRACE::2023-05-30.14:32:11::SCWBDomain::_0/lib/xdevcfg.o ps7_cortexa9_0/lib/xuartps_hw.o ps7_cortexa9_0/lib/read.o ps7_cortexa9_0/lib/xscutimer.o ps7_cortexa9_0/lib/pr
TRACE::2023-05-30.14:32:11::SCWBDomain::int.o ps7_cortexa9_0/lib/fcntl.o ps7_cortexa9_0/lib/_open.o ps7_cortexa9_0/lib/cpputest_time.o ps7_cortexa9_0/lib/xuartps.o ps7
TRACE::2023-05-30.14:32:11::SCWBDomain::_cortexa9_0/lib/xscugic_hw.o ps7_cortexa9_0/lib/xsdps_host.o ps7_cortexa9_0/lib/xusbps_intr.o

TRACE::2023-05-30.14:32:11::SCWBDomain::Finished building libraries

TRACE::2023-05-30.14:32:11::SCWBDomain::make: Leaving directory '/home/sam/project/vitis/frrt_pp/zynq_fsbl/zynq_fsbl_bsp'

TRACE::2023-05-30.14:32:11::SCWBDomain::arm-none-eabi-gcc  -O2 -c -MMD -MP       -mcpu=cortex-a9 -mfpu=vfpv3 -mfloat-abi=hard  -c pcap.c -o pcap.o -Izynq_fsbl_bsp/ps7_
TRACE::2023-05-30.14:32:11::SCWBDomain::cortexa9_0/include -I.

TRACE::2023-05-30.14:32:11::SCWBDomain::arm-none-eabi-gcc  -O2 -c -MMD -MP       -mcpu=cortex-a9 -mfpu=vfpv3 -mfloat-abi=hard  -c ps7_init.c -o ps7_init.o -Izynq_fsbl_
TRACE::2023-05-30.14:32:11::SCWBDomain::bsp/ps7_cortexa9_0/include -I.

TRACE::2023-05-30.14:32:11::SCWBDomain::arm-none-eabi-gcc  -O2 -c -MMD -MP       -mcpu=cortex-a9 -mfpu=vfpv3 -mfloat-abi=hard  -c qspi.c -o qspi.o -Izynq_fsbl_bsp/ps7_
TRACE::2023-05-30.14:32:11::SCWBDomain::cortexa9_0/include -I.

TRACE::2023-05-30.14:32:11::SCWBDomain::arm-none-eabi-gcc  -O2 -c -MMD -MP       -mcpu=cortex-a9 -mfpu=vfpv3 -mfloat-abi=hard  -c rsa.c -o rsa.o -Izynq_fsbl_bsp/ps7_co
TRACE::2023-05-30.14:32:11::SCWBDomain::rtexa9_0/include -I.

TRACE::2023-05-30.14:32:11::SCWBDomain::arm-none-eabi-gcc  -O2 -c -MMD -MP       -mcpu=cortex-a9 -mfpu=vfpv3 -mfloat-abi=hard  -c main.c -o main.o -Izynq_fsbl_bsp/ps7_
TRACE::2023-05-30.14:32:11::SCWBDomain::cortexa9_0/include -I.

TRACE::2023-05-30.14:32:12::SCWBDomain::arm-none-eabi-gcc  -O2 -c -MMD -MP       -mcpu=cortex-a9 -mfpu=vfpv3 -mfloat-abi=hard  -c md5.c -o md5.o -Izynq_fsbl_bsp/ps7_co
TRACE::2023-05-30.14:32:12::SCWBDomain::rtexa9_0/include -I.

TRACE::2023-05-30.14:32:12::SCWBDomain::arm-none-eabi-gcc  -O2 -c -MMD -MP       -mcpu=cortex-a9 -mfpu=vfpv3 -mfloat-abi=hard  -c image_mover.c -o image_mover.o -Izynq
TRACE::2023-05-30.14:32:12::SCWBDomain::_fsbl_bsp/ps7_cortexa9_0/include -I.

TRACE::2023-05-30.14:32:12::SCWBDomain::arm-none-eabi-gcc  -O2 -c -MMD -MP       -mcpu=cortex-a9 -mfpu=vfpv3 -mfloat-abi=hard  -c nor.c -o nor.o -Izynq_fsbl_bsp/ps7_co
TRACE::2023-05-30.14:32:12::SCWBDomain::rtexa9_0/include -I.

TRACE::2023-05-30.14:32:12::SCWBDomain::arm-none-eabi-gcc  -O2 -c -MMD -MP       -mcpu=cortex-a9 -mfpu=vfpv3 -mfloat-abi=hard  -c nand.c -o nand.o -Izynq_fsbl_bsp/ps7_
TRACE::2023-05-30.14:32:12::SCWBDomain::cortexa9_0/include -I.

TRACE::2023-05-30.14:32:12::SCWBDomain::arm-none-eabi-gcc  -O2 -c -MMD -MP       -mcpu=cortex-a9 -mfpu=vfpv3 -mfloat-abi=hard  -c fsbl_hooks.c -o fsbl_hooks.o -Izynq_f
TRACE::2023-05-30.14:32:12::SCWBDomain::sbl_bsp/ps7_cortexa9_0/include -I.

TRACE::2023-05-30.14:32:12::SCWBDomain::arm-none-eabi-gcc  -O2 -c -MMD -MP       -mcpu=cortex-a9 -mfpu=vfpv3 -mfloat-abi=hard  -c sd.c -o sd.o -Izynq_fsbl_bsp/ps7_cort
TRACE::2023-05-30.14:32:12::SCWBDomain::exa9_0/include -I.

TRACE::2023-05-30.14:32:12::SCWBDomain::arm-none-eabi-gcc  -O2 -c -MMD -MP       -mcpu=cortex-a9 -mfpu=vfpv3 -mfloat-abi=hard  -c fsbl_handoff.S -o fsbl_handoff.o -Izy
TRACE::2023-05-30.14:32:12::SCWBDomain::nq_fsbl_bsp/ps7_cortexa9_0/include -I.

TRACE::2023-05-30.14:32:12::SCWBDomain::arm-none-eabi-gcc -o fsbl.elf fsbl_handoff.o fsbl_hooks.o image_mover.o main.o md5.o nand.o nor.o pcap.o ps7_init.o qspi.o rsa.
TRACE::2023-05-30.14:32:12::SCWBDomain::o sd.o -MMD -MP       -mcpu=cortex-a9 -mfpu=vfpv3 -mfloat-abi=hard   -mcpu=cortex-a9 -mfpu=vfpv3 -mfloat-abi=hard -Wl,-build-id
TRACE::2023-05-30.14:32:12::SCWBDomain::=none -specs=Xilinx.spec  -lrsa -Wl,--start-group,-lxil,-lgcc,-lc,--end-group -Wl,--start-group,-lxilffs,-lxil,-lgcc,-lc,--end-
TRACE::2023-05-30.14:32:12::SCWBDomain::group -Wl,--start-group,-lrsa,-lxil,-lgcc,-lc,--end-group                                     -Wl,--gc-sections -Lzynq_fsbl_bsp
TRACE::2023-05-30.14:32:12::SCWBDomain::/ps7_cortexa9_0/lib -L./ -Tlscript.ld

LOG::2023-05-30.14:32:12::SCWSystem::Checking the domain standalone_domain
LOG::2023-05-30.14:32:12::SCWSystem::Not a boot domain 
LOG::2023-05-30.14:32:12::SCWSystem::Started Processing the domain standalone_domain
TRACE::2023-05-30.14:32:12::SCWDomain::Generating domain artifcats
TRACE::2023-05-30.14:32:12::SCWMssOS::Generating standalone artifcats
TRACE::2023-05-30.14:32:12::SCWMssOS::Copying the qemu file from  /tools/Xilinx/Vitis/2021.2/data/emulation/platforms/zynq/sw/a9_standalone/qemu/qemu_args.txt To /home/sam/project/vitis/frrt_pp/export/frrt_pp/sw/frrt_pp/qemu/
TRACE::2023-05-30.14:32:12::SCWMssOS::Copying the qemu file from  /tools/Xilinx/Vitis/2021.2/data/emulation/platforms/zynq/sw/a9_standalone/qemu/qemu_args.txt To /home/sam/project/vitis/frrt_pp/export/frrt_pp/sw/frrt_pp/standalone_domain/qemu/
TRACE::2023-05-30.14:32:12::SCWMssOS:: Copying the user libraries. 
TRACE::2023-05-30.14:32:12::SCWPlatform::Trying to open the hw design at /home/sam/project/vitis/frrt_pp/hw/design_81_wrapper.xsa
TRACE::2023-05-30.14:32:12::SCWPlatform::DSA given /home/sam/project/vitis/frrt_pp/hw/design_81_wrapper.xsa
TRACE::2023-05-30.14:32:12::SCWPlatform::DSA absoulate path /home/sam/project/vitis/frrt_pp/hw/design_81_wrapper.xsa
TRACE::2023-05-30.14:32:12::SCWPlatform::DSA directory /home/sam/project/vitis/frrt_pp/hw
TRACE::2023-05-30.14:32:12::SCWPlatform:: Platform Path /home/sam/project/vitis/frrt_pp/hw/design_81_wrapper.xsa
TRACE::2023-05-30.14:32:12::SCWPlatform:: Unique name xilinx:zybo-z7-20::0.0
TRACE::2023-05-30.14:32:12::SCWPlatform::Trying to set the existing hwdb with name design_1_wrapper_1
TRACE::2023-05-30.14:32:12::SCWPlatform::Opened existing hwdb design_1_wrapper_1
TRACE::2023-05-30.14:32:12::SCWPlatform::Found the Hw Db part of the input DSA
TRACE::2023-05-30.14:32:12::SCWMssOS::Checking the sw design at  /home/sam/project/vitis/frrt_pp/ps7_cortexa9_0/standalone_domain/bsp/system.mss
TRACE::2023-05-30.14:32:12::SCWMssOS::DEBUG:  swdes dump  /home/sam/project/vitis/frrt_pp/zynq_fsbl/zynq_fsbl_bsp/system.mss|system||

TRACE::2023-05-30.14:32:12::SCWMssOS::No sw design opened at  /home/sam/project/vitis/frrt_pp/ps7_cortexa9_0/standalone_domain/bsp/system.mss
TRACE::2023-05-30.14:32:12::SCWMssOS::mss exists loading the mss file  /home/sam/project/vitis/frrt_pp/ps7_cortexa9_0/standalone_domain/bsp/system.mss
TRACE::2023-05-30.14:32:12::SCWMssOS::Opened the sw design from mss  /home/sam/project/vitis/frrt_pp/ps7_cortexa9_0/standalone_domain/bsp/system.mss
TRACE::2023-05-30.14:32:12::SCWMssOS::Adding the swdes entry /home/sam/project/vitis/frrt_pp/ps7_cortexa9_0/standalone_domain/bsp/system.mss with des name system_0
TRACE::2023-05-30.14:32:12::SCWMssOS::updating the scw layer about changes
TRACE::2023-05-30.14:32:12::SCWMssOS::Opened the sw design.  /home/sam/project/vitis/frrt_pp/ps7_cortexa9_0/standalone_domain/bsp/system.mss
TRACE::2023-05-30.14:32:12::SCWMssOS::Completed writing the mss file at /home/sam/project/vitis/frrt_pp/ps7_cortexa9_0/standalone_domain/bsp
TRACE::2023-05-30.14:32:12::SCWMssOS::Mss edits present, copying mssfile into export location /home/sam/project/vitis/frrt_pp/ps7_cortexa9_0/standalone_domain/bsp/system.mss
TRACE::2023-05-30.14:32:12::SCWMssOS::bsp generated is upto date with the mss file. Skipping bsp generation.
TRACE::2023-05-30.14:32:12::SCWMssOS::BSP is already built. skipping the bsp build ... 
TRACE::2023-05-30.14:32:12::SCWDomain::Building the domain as part of full build :  standalone_domain
TRACE::2023-05-30.14:32:12::SCWMssOS::doing bsp build ... 
TRACE::2023-05-30.14:32:12::SCWMssOS::System Command Ran  cd  /home/sam/project/vitis/frrt_pp/ps7_cortexa9_0/standalone_domain/bsp ; bash -c "make  " 
TRACE::2023-05-30.14:32:12::SCWMssOS::make --no-print-directory seq_libs

TRACE::2023-05-30.14:32:12::SCWMssOS::Running Make include in ps7_cortexa9_0/libsrc/gpiops_v3_9/src

TRACE::2023-05-30.14:32:12::SCWMssOS::make -C ps7_cortexa9_0/libsrc/gpiops_v3_9/src -s include  "SHELL=/bin/sh" "COMPILER=arm-none-eabi-gcc" "ASSEMBLER=arm-none-eabi
TRACE::2023-05-30.14:32:12::SCWMssOS::-as" "ARCHIVER=arm-none-eabi-ar" "COMPILER_FLAGS=  -O2 -c" "EXTRA_COMPILER_FLAGS=-mcpu=cortex-a9 -mfpu=vfpv3 -mfloat-abi=hard -
TRACE::2023-05-30.14:32:12::SCWMssOS::nostartfiles -g -Wall -Wextra -fno-tree-loop-distribute-patterns"

TRACE::2023-05-30.14:32:12::SCWMssOS::Running Make include in ps7_cortexa9_0/libsrc/sdps_v3_13/src

TRACE::2023-05-30.14:32:12::SCWMssOS::make -C ps7_cortexa9_0/libsrc/sdps_v3_13/src -s include  "SHELL=/bin/sh" "COMPILER=arm-none-eabi-gcc" "ASSEMBLER=arm-none-eabi-
TRACE::2023-05-30.14:32:12::SCWMssOS::as" "ARCHIVER=arm-none-eabi-ar" "COMPILER_FLAGS=  -O2 -c" "EXTRA_COMPILER_FLAGS=-mcpu=cortex-a9 -mfpu=vfpv3 -mfloat-abi=hard -n
TRACE::2023-05-30.14:32:12::SCWMssOS::ostartfiles -g -Wall -Wextra -fno-tree-loop-distribute-patterns"

TRACE::2023-05-30.14:32:12::SCWMssOS::Running Make include in ps7_cortexa9_0/libsrc/scuwdt_v2_4/src

TRACE::2023-05-30.14:32:12::SCWMssOS::make -C ps7_cortexa9_0/libsrc/scuwdt_v2_4/src -s include  "SHELL=/bin/sh" "COMPILER=arm-none-eabi-gcc" "ASSEMBLER=arm-none-eabi
TRACE::2023-05-30.14:32:12::SCWMssOS::-as" "ARCHIVER=arm-none-eabi-ar" "COMPILER_FLAGS=  -O2 -c" "EXTRA_COMPILER_FLAGS=-mcpu=cortex-a9 -mfpu=vfpv3 -mfloat-abi=hard -
TRACE::2023-05-30.14:32:12::SCWMssOS::nostartfiles -g -Wall -Wextra -fno-tree-loop-distribute-patterns"

TRACE::2023-05-30.14:32:12::SCWMssOS::Running Make include in ps7_cortexa9_0/libsrc/devcfg_v3_7/src

TRACE::2023-05-30.14:32:12::SCWMssOS::make -C ps7_cortexa9_0/libsrc/devcfg_v3_7/src -s include  "SHELL=/bin/sh" "COMPILER=arm-none-eabi-gcc" "ASSEMBLER=arm-none-eabi
TRACE::2023-05-30.14:32:12::SCWMssOS::-as" "ARCHIVER=arm-none-eabi-ar" "COMPILER_FLAGS=  -O2 -c" "EXTRA_COMPILER_FLAGS=-mcpu=cortex-a9 -mfpu=vfpv3 -mfloat-abi=hard -
TRACE::2023-05-30.14:32:12::SCWMssOS::nostartfiles -g -Wall -Wextra -fno-tree-loop-distribute-patterns"

TRACE::2023-05-30.14:32:12::SCWMssOS::Running Make include in ps7_cortexa9_0/libsrc/scugic_v4_6/src

TRACE::2023-05-30.14:32:12::SCWMssOS::make -C ps7_cortexa9_0/libsrc/scugic_v4_6/src -s include  "SHELL=/bin/sh" "COMPILER=arm-none-eabi-gcc" "ASSEMBLER=arm-none-eabi
TRACE::2023-05-30.14:32:12::SCWMssOS::-as" "ARCHIVER=arm-none-eabi-ar" "COMPILER_FLAGS=  -O2 -c" "EXTRA_COMPILER_FLAGS=-mcpu=cortex-a9 -mfpu=vfpv3 -mfloat-abi=hard -
TRACE::2023-05-30.14:32:12::SCWMssOS::nostartfiles -g -Wall -Wextra -fno-tree-loop-distribute-patterns"

TRACE::2023-05-30.14:32:12::SCWMssOS::Running Make include in ps7_cortexa9_0/libsrc/emacps_v3_15/src

TRACE::2023-05-30.14:32:12::SCWMssOS::make -C ps7_cortexa9_0/libsrc/emacps_v3_15/src -s include  "SHELL=/bin/sh" "COMPILER=arm-none-eabi-gcc" "ASSEMBLER=arm-none-eab
TRACE::2023-05-30.14:32:12::SCWMssOS::i-as" "ARCHIVER=arm-none-eabi-ar" "COMPILER_FLAGS=  -O2 -c" "EXTRA_COMPILER_FLAGS=-mcpu=cortex-a9 -mfpu=vfpv3 -mfloat-abi=hard 
TRACE::2023-05-30.14:32:12::SCWMssOS::-nostartfiles -g -Wall -Wextra -fno-tree-loop-distribute-patterns"

TRACE::2023-05-30.14:32:12::SCWMssOS::Running Make include in ps7_cortexa9_0/libsrc/rrt_v1_0/src

TRACE::2023-05-30.14:32:12::SCWMssOS::make -C ps7_cortexa9_0/libsrc/rrt_v1_0/src -s include  "SHELL=/bin/sh" "COMPILER=arm-none-eabi-gcc" "ASSEMBLER=arm-none-eabi-as
TRACE::2023-05-30.14:32:12::SCWMssOS::" "ARCHIVER=arm-none-eabi-ar" "COMPILER_FLAGS=  -O2 -c" "EXTRA_COMPILER_FLAGS=-mcpu=cortex-a9 -mfpu=vfpv3 -mfloat-abi=hard -nos
TRACE::2023-05-30.14:32:12::SCWMssOS::tartfiles -g -Wall -Wextra -fno-tree-loop-distribute-patterns"

TRACE::2023-05-30.14:32:12::SCWMssOS::Running Make include in ps7_cortexa9_0/libsrc/uartps_v3_11/src

TRACE::2023-05-30.14:32:12::SCWMssOS::make -C ps7_cortexa9_0/libsrc/uartps_v3_11/src -s include  "SHELL=/bin/sh" "COMPILER=arm-none-eabi-gcc" "ASSEMBLER=arm-none-eab
TRACE::2023-05-30.14:32:12::SCWMssOS::i-as" "ARCHIVER=arm-none-eabi-ar" "COMPILER_FLAGS=  -O2 -c" "EXTRA_COMPILER_FLAGS=-mcpu=cortex-a9 -mfpu=vfpv3 -mfloat-abi=hard 
TRACE::2023-05-30.14:32:12::SCWMssOS::-nostartfiles -g -Wall -Wextra -fno-tree-loop-distribute-patterns"

TRACE::2023-05-30.14:32:12::SCWMssOS::Running Make include in ps7_cortexa9_0/libsrc/scutimer_v2_3/src

TRACE::2023-05-30.14:32:12::SCWMssOS::make -C ps7_cortexa9_0/libsrc/scutimer_v2_3/src -s include  "SHELL=/bin/sh" "COMPILER=arm-none-eabi-gcc" "ASSEMBLER=arm-none-ea
TRACE::2023-05-30.14:32:12::SCWMssOS::bi-as" "ARCHIVER=arm-none-eabi-ar" "COMPILER_FLAGS=  -O2 -c" "EXTRA_COMPILER_FLAGS=-mcpu=cortex-a9 -mfpu=vfpv3 -mfloat-abi=hard
TRACE::2023-05-30.14:32:12::SCWMssOS:: -nostartfiles -g -Wall -Wextra -fno-tree-loop-distribute-patterns"

TRACE::2023-05-30.14:32:12::SCWMssOS::Running Make include in ps7_cortexa9_0/libsrc/xilflash_v4_9/src

TRACE::2023-05-30.14:32:12::SCWMssOS::make -C ps7_cortexa9_0/libsrc/xilflash_v4_9/src -s include  "SHELL=/bin/sh" "COMPILER=arm-none-eabi-gcc" "ASSEMBLER=arm-none-ea
TRACE::2023-05-30.14:32:12::SCWMssOS::bi-as" "ARCHIVER=arm-none-eabi-ar" "COMPILER_FLAGS=  -O2 -c" "EXTRA_COMPILER_FLAGS=-mcpu=cortex-a9 -mfpu=vfpv3 -mfloat-abi=hard
TRACE::2023-05-30.14:32:12::SCWMssOS:: -nostartfiles -g -Wall -Wextra -fno-tree-loop-distribute-patterns"

TRACE::2023-05-30.14:32:12::SCWMssOS::Running Make include in ps7_cortexa9_0/libsrc/standalone_v7_6/src

TRACE::2023-05-30.14:32:12::SCWMssOS::make -C ps7_cortexa9_0/libsrc/standalone_v7_6/src -s include  "SHELL=/bin/sh" "COMPILER=arm-none-eabi-gcc" "ASSEMBLER=arm-none-
TRACE::2023-05-30.14:32:12::SCWMssOS::eabi-as" "ARCHIVER=arm-none-eabi-ar" "COMPILER_FLAGS=  -O2 -c" "EXTRA_COMPILER_FLAGS=-mcpu=cortex-a9 -mfpu=vfpv3 -mfloat-abi=ha
TRACE::2023-05-30.14:32:12::SCWMssOS::rd -nostartfiles -g -Wall -Wextra -fno-tree-loop-distribute-patterns"

TRACE::2023-05-30.14:32:12::SCWMssOS::Running Make include in ps7_cortexa9_0/libsrc/usbps_v2_7/src

TRACE::2023-05-30.14:32:12::SCWMssOS::make -C ps7_cortexa9_0/libsrc/usbps_v2_7/src -s include  "SHELL=/bin/sh" "COMPILER=arm-none-eabi-gcc" "ASSEMBLER=arm-none-eabi-
TRACE::2023-05-30.14:32:12::SCWMssOS::as" "ARCHIVER=arm-none-eabi-ar" "COMPILER_FLAGS=  -O2 -c" "EXTRA_COMPILER_FLAGS=-mcpu=cortex-a9 -mfpu=vfpv3 -mfloat-abi=hard -n
TRACE::2023-05-30.14:32:12::SCWMssOS::ostartfiles -g -Wall -Wextra -fno-tree-loop-distribute-patterns"

TRACE::2023-05-30.14:32:12::SCWMssOS::Running Make include in ps7_cortexa9_0/libsrc/coresightps_dcc_v1_8/src

TRACE::2023-05-30.14:32:12::SCWMssOS::make -C ps7_cortexa9_0/libsrc/coresightps_dcc_v1_8/src -s include  "SHELL=/bin/sh" "COMPILER=arm-none-eabi-gcc" "ASSEMBLER=arm-
TRACE::2023-05-30.14:32:12::SCWMssOS::none-eabi-as" "ARCHIVER=arm-none-eabi-ar" "COMPILER_FLAGS=  -O2 -c" "EXTRA_COMPILER_FLAGS=-mcpu=cortex-a9 -mfpu=vfpv3 -mfloat-a
TRACE::2023-05-30.14:32:12::SCWMssOS::bi=hard -nostartfiles -g -Wall -Wextra -fno-tree-loop-distribute-patterns"

TRACE::2023-05-30.14:32:12::SCWMssOS::Running Make include in ps7_cortexa9_0/libsrc/axidma_v9_13/src

TRACE::2023-05-30.14:32:12::SCWMssOS::make -C ps7_cortexa9_0/libsrc/axidma_v9_13/src -s include  "SHELL=/bin/sh" "COMPILER=arm-none-eabi-gcc" "ASSEMBLER=arm-none-eab
TRACE::2023-05-30.14:32:12::SCWMssOS::i-as" "ARCHIVER=arm-none-eabi-ar" "COMPILER_FLAGS=  -O2 -c" "EXTRA_COMPILER_FLAGS=-mcpu=cortex-a9 -mfpu=vfpv3 -mfloat-abi=hard 
TRACE::2023-05-30.14:32:12::SCWMssOS::-nostartfiles -g -Wall -Wextra -fno-tree-loop-distribute-patterns"

TRACE::2023-05-30.14:32:12::SCWMssOS::Running Make include in ps7_cortexa9_0/libsrc/ddrps_v1_2/src

TRACE::2023-05-30.14:32:12::SCWMssOS::make -C ps7_cortexa9_0/libsrc/ddrps_v1_2/src -s include  "SHELL=/bin/sh" "COMPILER=arm-none-eabi-gcc" "ASSEMBLER=arm-none-eabi-
TRACE::2023-05-30.14:32:12::SCWMssOS::as" "ARCHIVER=arm-none-eabi-ar" "COMPILER_FLAGS=  -O2 -c" "EXTRA_COMPILER_FLAGS=-mcpu=cortex-a9 -mfpu=vfpv3 -mfloat-abi=hard -n
TRACE::2023-05-30.14:32:12::SCWMssOS::ostartfiles -g -Wall -Wextra -fno-tree-loop-distribute-patterns"

TRACE::2023-05-30.14:32:12::SCWMssOS::Running Make include in ps7_cortexa9_0/libsrc/xadcps_v2_6/src

TRACE::2023-05-30.14:32:12::SCWMssOS::make -C ps7_cortexa9_0/libsrc/xadcps_v2_6/src -s include  "SHELL=/bin/sh" "COMPILER=arm-none-eabi-gcc" "ASSEMBLER=arm-none-eabi
TRACE::2023-05-30.14:32:12::SCWMssOS::-as" "ARCHIVER=arm-none-eabi-ar" "COMPILER_FLAGS=  -O2 -c" "EXTRA_COMPILER_FLAGS=-mcpu=cortex-a9 -mfpu=vfpv3 -mfloat-abi=hard -
TRACE::2023-05-30.14:32:12::SCWMssOS::nostartfiles -g -Wall -Wextra -fno-tree-loop-distribute-patterns"

TRACE::2023-05-30.14:32:12::SCWMssOS::Running Make include in ps7_cortexa9_0/libsrc/cpu_cortexa9_v2_11/src

TRACE::2023-05-30.14:32:12::SCWMssOS::make -C ps7_cortexa9_0/libsrc/cpu_cortexa9_v2_11/src -s include  "SHELL=/bin/sh" "COMPILER=arm-none-eabi-gcc" "ASSEMBLER=arm-no
TRACE::2023-05-30.14:32:12::SCWMssOS::ne-eabi-as" "ARCHIVER=arm-none-eabi-ar" "COMPILER_FLAGS=  -O2 -c" "EXTRA_COMPILER_FLAGS=-mcpu=cortex-a9 -mfpu=vfpv3 -mfloat-abi
TRACE::2023-05-30.14:32:12::SCWMssOS::=hard -nostartfiles -g -Wall -Wextra -fno-tree-loop-distribute-patterns"

TRACE::2023-05-30.14:32:12::SCWMssOS::Running Make include in ps7_cortexa9_0/libsrc/qspips_v3_9/src

TRACE::2023-05-30.14:32:12::SCWMssOS::make -C ps7_cortexa9_0/libsrc/qspips_v3_9/src -s include  "SHELL=/bin/sh" "COMPILER=arm-none-eabi-gcc" "ASSEMBLER=arm-none-eabi
TRACE::2023-05-30.14:32:12::SCWMssOS::-as" "ARCHIVER=arm-none-eabi-ar" "COMPILER_FLAGS=  -O2 -c" "EXTRA_COMPILER_FLAGS=-mcpu=cortex-a9 -mfpu=vfpv3 -mfloat-abi=hard -
TRACE::2023-05-30.14:32:12::SCWMssOS::nostartfiles -g -Wall -Wextra -fno-tree-loop-distribute-patterns"

TRACE::2023-05-30.14:32:12::SCWMssOS::Running Make include in ps7_cortexa9_0/libsrc/dmaps_v2_8/src

TRACE::2023-05-30.14:32:12::SCWMssOS::make -C ps7_cortexa9_0/libsrc/dmaps_v2_8/src -s include  "SHELL=/bin/sh" "COMPILER=arm-none-eabi-gcc" "ASSEMBLER=arm-none-eabi-
TRACE::2023-05-30.14:32:12::SCWMssOS::as" "ARCHIVER=arm-none-eabi-ar" "COMPILER_FLAGS=  -O2 -c" "EXTRA_COMPILER_FLAGS=-mcpu=cortex-a9 -mfpu=vfpv3 -mfloat-abi=hard -n
TRACE::2023-05-30.14:32:12::SCWMssOS::ostartfiles -g -Wall -Wextra -fno-tree-loop-distribute-patterns"

TRACE::2023-05-30.14:32:12::SCWMssOS::Running Make libs in ps7_cortexa9_0/libsrc/rrt_v1_0/src

TRACE::2023-05-30.14:32:12::SCWMssOS::make -C ps7_cortexa9_0/libsrc/rrt_v1_0/src -s libs  "SHELL=/bin/sh" "COMPILER=arm-none-eabi-gcc" "ASSEMBLER=arm-none-eabi-as" "
TRACE::2023-05-30.14:32:12::SCWMssOS::ARCHIVER=arm-none-eabi-ar" "COMPILER_FLAGS=  -O2 -c" "EXTRA_COMPILER_FLAGS=-mcpu=cortex-a9 -mfpu=vfpv3 -mfloat-abi=hard -nostar
TRACE::2023-05-30.14:32:12::SCWMssOS::tfiles -g -Wall -Wextra -fno-tree-loop-distribute-patterns"

TRACE::2023-05-30.14:32:13::SCWMssOS::Building rrt

TRACE::2023-05-30.14:32:13::SCWMssOS::Running Make libs in ps7_cortexa9_0/libsrc/xilflash_v4_9/src

TRACE::2023-05-30.14:32:13::SCWMssOS::make -C ps7_cortexa9_0/libsrc/xilflash_v4_9/src -s libs  "SHELL=/bin/sh" "COMPILER=arm-none-eabi-gcc" "ASSEMBLER=arm-none-eabi-
TRACE::2023-05-30.14:32:13::SCWMssOS::as" "ARCHIVER=arm-none-eabi-ar" "COMPILER_FLAGS=  -O2 -c" "EXTRA_COMPILER_FLAGS=-mcpu=cortex-a9 -mfpu=vfpv3 -mfloat-abi=hard -n
TRACE::2023-05-30.14:32:13::SCWMssOS::ostartfiles -g -Wall -Wextra -fno-tree-loop-distribute-patterns"

TRACE::2023-05-30.14:32:13::SCWMssOS::Compiling XilFlash Library

TRACE::2023-05-30.14:32:13::SCWMssOS::Finished building libraries sequentially.

TRACE::2023-05-30.14:32:13::SCWMssOS::make -j 6 --no-print-directory par_libs

TRACE::2023-05-30.14:32:13::SCWMssOS::Running Make include in ps7_cortexa9_0/libsrc/gpiops_v3_9/src

TRACE::2023-05-30.14:32:13::SCWMssOS::make -C ps7_cortexa9_0/libsrc/gpiops_v3_9/src -s include  "SHELL=/bin/sh" "COMPILER=arm-none-eabi-gcc" "ASSEMBLER=arm-none-eabi
TRACE::2023-05-30.14:32:13::SCWMssOS::-as" "ARCHIVER=arm-none-eabi-ar" "COMPILER_FLAGS=  -O2 -c" "EXTRA_COMPILER_FLAGS=-mcpu=cortex-a9 -mfpu=vfpv3 -mfloat-abi=hard -
TRACE::2023-05-30.14:32:13::SCWMssOS::nostartfiles -g -Wall -Wextra -fno-tree-loop-distribute-patterns"

TRACE::2023-05-30.14:32:13::SCWMssOS::Running Make include in ps7_cortexa9_0/libsrc/sdps_v3_13/src

TRACE::2023-05-30.14:32:13::SCWMssOS::make -C ps7_cortexa9_0/libsrc/sdps_v3_13/src -s include  "SHELL=/bin/sh" "COMPILER=arm-none-eabi-gcc" "ASSEMBLER=arm-none-eabi-
TRACE::2023-05-30.14:32:13::SCWMssOS::as" "ARCHIVER=arm-none-eabi-ar" "COMPILER_FLAGS=  -O2 -c" "EXTRA_COMPILER_FLAGS=-mcpu=cortex-a9 -mfpu=vfpv3 -mfloat-abi=hard -n
TRACE::2023-05-30.14:32:13::SCWMssOS::ostartfiles -g -Wall -Wextra -fno-tree-loop-distribute-patterns"

TRACE::2023-05-30.14:32:13::SCWMssOS::Running Make include in ps7_cortexa9_0/libsrc/scuwdt_v2_4/src

TRACE::2023-05-30.14:32:13::SCWMssOS::make -C ps7_cortexa9_0/libsrc/scuwdt_v2_4/src -s include  "SHELL=/bin/sh" "COMPILER=arm-none-eabi-gcc" "ASSEMBLER=arm-none-eabi
TRACE::2023-05-30.14:32:13::SCWMssOS::-as" "ARCHIVER=arm-none-eabi-ar" "COMPILER_FLAGS=  -O2 -c" "EXTRA_COMPILER_FLAGS=-mcpu=cortex-a9 -mfpu=vfpv3 -mfloat-abi=hard -
TRACE::2023-05-30.14:32:13::SCWMssOS::nostartfiles -g -Wall -Wextra -fno-tree-loop-distribute-patterns"

TRACE::2023-05-30.14:32:13::SCWMssOS::Running Make include in ps7_cortexa9_0/libsrc/devcfg_v3_7/src

TRACE::2023-05-30.14:32:13::SCWMssOS::make -C ps7_cortexa9_0/libsrc/devcfg_v3_7/src -s include  "SHELL=/bin/sh" "COMPILER=arm-none-eabi-gcc" "ASSEMBLER=arm-none-eabi
TRACE::2023-05-30.14:32:13::SCWMssOS::-as" "ARCHIVER=arm-none-eabi-ar" "COMPILER_FLAGS=  -O2 -c" "EXTRA_COMPILER_FLAGS=-mcpu=cortex-a9 -mfpu=vfpv3 -mfloat-abi=hard -
TRACE::2023-05-30.14:32:13::SCWMssOS::nostartfiles -g -Wall -Wextra -fno-tree-loop-distribute-patterns"

TRACE::2023-05-30.14:32:13::SCWMssOS::Running Make include in ps7_cortexa9_0/libsrc/scugic_v4_6/src

TRACE::2023-05-30.14:32:13::SCWMssOS::Running Make include in ps7_cortexa9_0/libsrc/emacps_v3_15/src

TRACE::2023-05-30.14:32:13::SCWMssOS::make -C ps7_cortexa9_0/libsrc/scugic_v4_6/src -s include  "SHELL=/bin/sh" "COMPILER=arm-none-eabi-gcc" "ASSEMBLER=arm-none-eabi
TRACE::2023-05-30.14:32:13::SCWMssOS::-as" "ARCHIVER=arm-none-eabi-ar" "COMPILER_FLAGS=  -O2 -c" "EXTRA_COMPILER_FLAGS=-mcpu=cortex-a9 -mfpu=vfpv3 -mfloat-abi=hard -
TRACE::2023-05-30.14:32:13::SCWMssOS::nostartfiles -g -Wall -Wextra -fno-tree-loop-distribute-patterns"

TRACE::2023-05-30.14:32:13::SCWMssOS::make -C ps7_cortexa9_0/libsrc/emacps_v3_15/src -s include  "SHELL=/bin/sh" "COMPILER=arm-none-eabi-gcc" "ASSEMBLER=arm-none-eab
TRACE::2023-05-30.14:32:13::SCWMssOS::i-as" "ARCHIVER=arm-none-eabi-ar" "COMPILER_FLAGS=  -O2 -c" "EXTRA_COMPILER_FLAGS=-mcpu=cortex-a9 -mfpu=vfpv3 -mfloat-abi=hard 
TRACE::2023-05-30.14:32:13::SCWMssOS::-nostartfiles -g -Wall -Wextra -fno-tree-loop-distribute-patterns"

TRACE::2023-05-30.14:32:13::SCWMssOS::Running Make include in ps7_cortexa9_0/libsrc/rrt_v1_0/src

TRACE::2023-05-30.14:32:13::SCWMssOS::make -C ps7_cortexa9_0/libsrc/rrt_v1_0/src -s include  "SHELL=/bin/sh" "COMPILER=arm-none-eabi-gcc" "ASSEMBLER=arm-none-eabi-as
TRACE::2023-05-30.14:32:13::SCWMssOS::" "ARCHIVER=arm-none-eabi-ar" "COMPILER_FLAGS=  -O2 -c" "EXTRA_COMPILER_FLAGS=-mcpu=cortex-a9 -mfpu=vfpv3 -mfloat-abi=hard -nos
TRACE::2023-05-30.14:32:13::SCWMssOS::tartfiles -g -Wall -Wextra -fno-tree-loop-distribute-patterns"

TRACE::2023-05-30.14:32:13::SCWMssOS::Running Make include in ps7_cortexa9_0/libsrc/uartps_v3_11/src

TRACE::2023-05-30.14:32:13::SCWMssOS::make -C ps7_cortexa9_0/libsrc/uartps_v3_11/src -s include  "SHELL=/bin/sh" "COMPILER=arm-none-eabi-gcc" "ASSEMBLER=arm-none-eab
TRACE::2023-05-30.14:32:13::SCWMssOS::i-as" "ARCHIVER=arm-none-eabi-ar" "COMPILER_FLAGS=  -O2 -c" "EXTRA_COMPILER_FLAGS=-mcpu=cortex-a9 -mfpu=vfpv3 -mfloat-abi=hard 
TRACE::2023-05-30.14:32:13::SCWMssOS::-nostartfiles -g -Wall -Wextra -fno-tree-loop-distribute-patterns"

TRACE::2023-05-30.14:32:13::SCWMssOS::Running Make include in ps7_cortexa9_0/libsrc/scutimer_v2_3/src

TRACE::2023-05-30.14:32:13::SCWMssOS::make -C ps7_cortexa9_0/libsrc/scutimer_v2_3/src -s include  "SHELL=/bin/sh" "COMPILER=arm-none-eabi-gcc" "ASSEMBLER=arm-none-ea
TRACE::2023-05-30.14:32:13::SCWMssOS::bi-as" "ARCHIVER=arm-none-eabi-ar" "COMPILER_FLAGS=  -O2 -c" "EXTRA_COMPILER_FLAGS=-mcpu=cortex-a9 -mfpu=vfpv3 -mfloat-abi=hard
TRACE::2023-05-30.14:32:13::SCWMssOS:: -nostartfiles -g -Wall -Wextra -fno-tree-loop-distribute-patterns"

TRACE::2023-05-30.14:32:13::SCWMssOS::Running Make include in ps7_cortexa9_0/libsrc/xilflash_v4_9/src

TRACE::2023-05-30.14:32:13::SCWMssOS::make -C ps7_cortexa9_0/libsrc/xilflash_v4_9/src -s include  "SHELL=/bin/sh" "COMPILER=arm-none-eabi-gcc" "ASSEMBLER=arm-none-ea
TRACE::2023-05-30.14:32:13::SCWMssOS::bi-as" "ARCHIVER=arm-none-eabi-ar" "COMPILER_FLAGS=  -O2 -c" "EXTRA_COMPILER_FLAGS=-mcpu=cortex-a9 -mfpu=vfpv3 -mfloat-abi=hard
TRACE::2023-05-30.14:32:13::SCWMssOS:: -nostartfiles -g -Wall -Wextra -fno-tree-loop-distribute-patterns"

TRACE::2023-05-30.14:32:13::SCWMssOS::Running Make include in ps7_cortexa9_0/libsrc/standalone_v7_6/src

TRACE::2023-05-30.14:32:13::SCWMssOS::Running Make include in ps7_cortexa9_0/libsrc/usbps_v2_7/src

TRACE::2023-05-30.14:32:13::SCWMssOS::make -C ps7_cortexa9_0/libsrc/standalone_v7_6/src -s include  "SHELL=/bin/sh" "COMPILER=arm-none-eabi-gcc" "ASSEMBLER=arm-none-
TRACE::2023-05-30.14:32:13::SCWMssOS::eabi-as" "ARCHIVER=arm-none-eabi-ar" "COMPILER_FLAGS=  -O2 -c" "EXTRA_COMPILER_FLAGS=-mcpu=cortex-a9 -mfpu=vfpv3 -mfloat-abi=ha
TRACE::2023-05-30.14:32:13::SCWMssOS::rd -nostartfiles -g -Wall -Wextra -fno-tree-loop-distribute-patterns"

TRACE::2023-05-30.14:32:13::SCWMssOS::make -C ps7_cortexa9_0/libsrc/usbps_v2_7/src -s include  "SHELL=/bin/sh" "COMPILER=arm-none-eabi-gcc" "ASSEMBLER=arm-none-eabi-
TRACE::2023-05-30.14:32:13::SCWMssOS::as" "ARCHIVER=arm-none-eabi-ar" "COMPILER_FLAGS=  -O2 -c" "EXTRA_COMPILER_FLAGS=-mcpu=cortex-a9 -mfpu=vfpv3 -mfloat-abi=hard -n
TRACE::2023-05-30.14:32:13::SCWMssOS::ostartfiles -g -Wall -Wextra -fno-tree-loop-distribute-patterns"

TRACE::2023-05-30.14:32:13::SCWMssOS::Running Make include in ps7_cortexa9_0/libsrc/coresightps_dcc_v1_8/src

TRACE::2023-05-30.14:32:13::SCWMssOS::make -C ps7_cortexa9_0/libsrc/coresightps_dcc_v1_8/src -s include  "SHELL=/bin/sh" "COMPILER=arm-none-eabi-gcc" "ASSEMBLER=arm-
TRACE::2023-05-30.14:32:13::SCWMssOS::none-eabi-as" "ARCHIVER=arm-none-eabi-ar" "COMPILER_FLAGS=  -O2 -c" "EXTRA_COMPILER_FLAGS=-mcpu=cortex-a9 -mfpu=vfpv3 -mfloat-a
TRACE::2023-05-30.14:32:13::SCWMssOS::bi=hard -nostartfiles -g -Wall -Wextra -fno-tree-loop-distribute-patterns"

TRACE::2023-05-30.14:32:13::SCWMssOS::Running Make include in ps7_cortexa9_0/libsrc/axidma_v9_13/src

TRACE::2023-05-30.14:32:13::SCWMssOS::make -C ps7_cortexa9_0/libsrc/axidma_v9_13/src -s include  "SHELL=/bin/sh" "COMPILER=arm-none-eabi-gcc" "ASSEMBLER=arm-none-eab
TRACE::2023-05-30.14:32:13::SCWMssOS::i-as" "ARCHIVER=arm-none-eabi-ar" "COMPILER_FLAGS=  -O2 -c" "EXTRA_COMPILER_FLAGS=-mcpu=cortex-a9 -mfpu=vfpv3 -mfloat-abi=hard 
TRACE::2023-05-30.14:32:13::SCWMssOS::-nostartfiles -g -Wall -Wextra -fno-tree-loop-distribute-patterns"

TRACE::2023-05-30.14:32:13::SCWMssOS::Running Make include in ps7_cortexa9_0/libsrc/ddrps_v1_2/src

TRACE::2023-05-30.14:32:13::SCWMssOS::make -C ps7_cortexa9_0/libsrc/ddrps_v1_2/src -s include  "SHELL=/bin/sh" "COMPILER=arm-none-eabi-gcc" "ASSEMBLER=arm-none-eabi-
TRACE::2023-05-30.14:32:13::SCWMssOS::as" "ARCHIVER=arm-none-eabi-ar" "COMPILER_FLAGS=  -O2 -c" "EXTRA_COMPILER_FLAGS=-mcpu=cortex-a9 -mfpu=vfpv3 -mfloat-abi=hard -n
TRACE::2023-05-30.14:32:13::SCWMssOS::ostartfiles -g -Wall -Wextra -fno-tree-loop-distribute-patterns"

TRACE::2023-05-30.14:32:13::SCWMssOS::Running Make include in ps7_cortexa9_0/libsrc/xadcps_v2_6/src

TRACE::2023-05-30.14:32:13::SCWMssOS::make -C ps7_cortexa9_0/libsrc/xadcps_v2_6/src -s include  "SHELL=/bin/sh" "COMPILER=arm-none-eabi-gcc" "ASSEMBLER=arm-none-eabi
TRACE::2023-05-30.14:32:13::SCWMssOS::-as" "ARCHIVER=arm-none-eabi-ar" "COMPILER_FLAGS=  -O2 -c" "EXTRA_COMPILER_FLAGS=-mcpu=cortex-a9 -mfpu=vfpv3 -mfloat-abi=hard -
TRACE::2023-05-30.14:32:13::SCWMssOS::nostartfiles -g -Wall -Wextra -fno-tree-loop-distribute-patterns"

TRACE::2023-05-30.14:32:13::SCWMssOS::Running Make include in ps7_cortexa9_0/libsrc/cpu_cortexa9_v2_11/src

TRACE::2023-05-30.14:32:13::SCWMssOS::make -C ps7_cortexa9_0/libsrc/cpu_cortexa9_v2_11/src -s include  "SHELL=/bin/sh" "COMPILER=arm-none-eabi-gcc" "ASSEMBLER=arm-no
TRACE::2023-05-30.14:32:13::SCWMssOS::ne-eabi-as" "ARCHIVER=arm-none-eabi-ar" "COMPILER_FLAGS=  -O2 -c" "EXTRA_COMPILER_FLAGS=-mcpu=cortex-a9 -mfpu=vfpv3 -mfloat-abi
TRACE::2023-05-30.14:32:13::SCWMssOS::=hard -nostartfiles -g -Wall -Wextra -fno-tree-loop-distribute-patterns"

TRACE::2023-05-30.14:32:13::SCWMssOS::Running Make include in ps7_cortexa9_0/libsrc/qspips_v3_9/src

TRACE::2023-05-30.14:32:13::SCWMssOS::make -C ps7_cortexa9_0/libsrc/qspips_v3_9/src -s include  "SHELL=/bin/sh" "COMPILER=arm-none-eabi-gcc" "ASSEMBLER=arm-none-eabi
TRACE::2023-05-30.14:32:13::SCWMssOS::-as" "ARCHIVER=arm-none-eabi-ar" "COMPILER_FLAGS=  -O2 -c" "EXTRA_COMPILER_FLAGS=-mcpu=cortex-a9 -mfpu=vfpv3 -mfloat-abi=hard -
TRACE::2023-05-30.14:32:13::SCWMssOS::nostartfiles -g -Wall -Wextra -fno-tree-loop-distribute-patterns"

TRACE::2023-05-30.14:32:13::SCWMssOS::Running Make include in ps7_cortexa9_0/libsrc/dmaps_v2_8/src

TRACE::2023-05-30.14:32:13::SCWMssOS::make -C ps7_cortexa9_0/libsrc/dmaps_v2_8/src -s include  "SHELL=/bin/sh" "COMPILER=arm-none-eabi-gcc" "ASSEMBLER=arm-none-eabi-
TRACE::2023-05-30.14:32:13::SCWMssOS::as" "ARCHIVER=arm-none-eabi-ar" "COMPILER_FLAGS=  -O2 -c" "EXTRA_COMPILER_FLAGS=-mcpu=cortex-a9 -mfpu=vfpv3 -mfloat-abi=hard -n
TRACE::2023-05-30.14:32:13::SCWMssOS::ostartfiles -g -Wall -Wextra -fno-tree-loop-distribute-patterns"

TRACE::2023-05-30.14:32:13::SCWMssOS::Running Make libs in ps7_cortexa9_0/libsrc/gpiops_v3_9/src

TRACE::2023-05-30.14:32:13::SCWMssOS::make -C ps7_cortexa9_0/libsrc/gpiops_v3_9/src -s libs  "SHELL=/bin/sh" "COMPILER=arm-none-eabi-gcc" "ASSEMBLER=arm-none-eabi-as
TRACE::2023-05-30.14:32:13::SCWMssOS::" "ARCHIVER=arm-none-eabi-ar" "COMPILER_FLAGS=  -O2 -c" "EXTRA_COMPILER_FLAGS=-mcpu=cortex-a9 -mfpu=vfpv3 -mfloat-abi=hard -nos
TRACE::2023-05-30.14:32:13::SCWMssOS::tartfiles -g -Wall -Wextra -fno-tree-loop-distribute-patterns"

TRACE::2023-05-30.14:32:13::SCWMssOS::Running Make libs in ps7_cortexa9_0/libsrc/sdps_v3_13/src

TRACE::2023-05-30.14:32:13::SCWMssOS::Running Make libs in ps7_cortexa9_0/libsrc/scuwdt_v2_4/src

TRACE::2023-05-30.14:32:13::SCWMssOS::Running Make libs in ps7_cortexa9_0/libsrc/scugic_v4_6/src

TRACE::2023-05-30.14:32:13::SCWMssOS::Running Make libs in ps7_cortexa9_0/libsrc/devcfg_v3_7/src

TRACE::2023-05-30.14:32:13::SCWMssOS::Running Make libs in ps7_cortexa9_0/libsrc/emacps_v3_15/src

TRACE::2023-05-30.14:32:13::SCWMssOS::make -C ps7_cortexa9_0/libsrc/sdps_v3_13/src -s libs  "SHELL=/bin/sh" "COMPILER=arm-none-eabi-gcc" "ASSEMBLER=arm-none-eabi-as"
TRACE::2023-05-30.14:32:13::SCWMssOS:: "ARCHIVER=arm-none-eabi-ar" "COMPILER_FLAGS=  -O2 -c" "EXTRA_COMPILER_FLAGS=-mcpu=cortex-a9 -mfpu=vfpv3 -mfloat-abi=hard -nost
TRACE::2023-05-30.14:32:13::SCWMssOS::artfiles -g -Wall -Wextra -fno-tree-loop-distribute-patterns"

TRACE::2023-05-30.14:32:13::SCWMssOS::make -C ps7_cortexa9_0/libsrc/scuwdt_v2_4/src -s libs  "SHELL=/bin/sh" "COMPILER=arm-none-eabi-gcc" "ASSEMBLER=arm-none-eabi-as
TRACE::2023-05-30.14:32:13::SCWMssOS::" "ARCHIVER=arm-none-eabi-ar" "COMPILER_FLAGS=  -O2 -c" "EXTRA_COMPILER_FLAGS=-mcpu=cortex-a9 -mfpu=vfpv3 -mfloat-abi=hard -nos
TRACE::2023-05-30.14:32:13::SCWMssOS::tartfiles -g -Wall -Wextra -fno-tree-loop-distribute-patterns"

TRACE::2023-05-30.14:32:13::SCWMssOS::make -C ps7_cortexa9_0/libsrc/devcfg_v3_7/src -s libs  "SHELL=/bin/sh" "COMPILER=arm-none-eabi-gcc" "ASSEMBLER=arm-none-eabi-as
TRACE::2023-05-30.14:32:13::SCWMssOS::" "ARCHIVER=arm-none-eabi-ar" "COMPILER_FLAGS=  -O2 -c" "EXTRA_COMPILER_FLAGS=-mcpu=cortex-a9 -mfpu=vfpv3 -mfloat-abi=hard -nos
TRACE::2023-05-30.14:32:13::SCWMssOS::tartfiles -g -Wall -Wextra -fno-tree-loop-distribute-patterns"

TRACE::2023-05-30.14:32:13::SCWMssOS::make -C ps7_cortexa9_0/libsrc/scugic_v4_6/src -s libs  "SHELL=/bin/sh" "COMPILER=arm-none-eabi-gcc" "ASSEMBLER=arm-none-eabi-as
TRACE::2023-05-30.14:32:13::SCWMssOS::" "ARCHIVER=arm-none-eabi-ar" "COMPILER_FLAGS=  -O2 -c" "EXTRA_COMPILER_FLAGS=-mcpu=cortex-a9 -mfpu=vfpv3 -mfloat-abi=hard -nos
TRACE::2023-05-30.14:32:13::SCWMssOS::tartfiles -g -Wall -Wextra -fno-tree-loop-distribute-patterns"

TRACE::2023-05-30.14:32:13::SCWMssOS::make -C ps7_cortexa9_0/libsrc/emacps_v3_15/src -s libs  "SHELL=/bin/sh" "COMPILER=arm-none-eabi-gcc" "ASSEMBLER=arm-none-eabi-a
TRACE::2023-05-30.14:32:13::SCWMssOS::s" "ARCHIVER=arm-none-eabi-ar" "COMPILER_FLAGS=  -O2 -c" "EXTRA_COMPILER_FLAGS=-mcpu=cortex-a9 -mfpu=vfpv3 -mfloat-abi=hard -no
TRACE::2023-05-30.14:32:13::SCWMssOS::startfiles -g -Wall -Wextra -fno-tree-loop-distribute-patterns"

TRACE::2023-05-30.14:32:14::SCWMssOS::Running Make libs in ps7_cortexa9_0/libsrc/uartps_v3_11/src

TRACE::2023-05-30.14:32:14::SCWMssOS::make -C ps7_cortexa9_0/libsrc/uartps_v3_11/src -s libs  "SHELL=/bin/sh" "COMPILER=arm-none-eabi-gcc" "ASSEMBLER=arm-none-eabi-a
TRACE::2023-05-30.14:32:14::SCWMssOS::s" "ARCHIVER=arm-none-eabi-ar" "COMPILER_FLAGS=  -O2 -c" "EXTRA_COMPILER_FLAGS=-mcpu=cortex-a9 -mfpu=vfpv3 -mfloat-abi=hard -no
TRACE::2023-05-30.14:32:14::SCWMssOS::startfiles -g -Wall -Wextra -fno-tree-loop-distribute-patterns"

TRACE::2023-05-30.14:32:14::SCWMssOS::Running Make libs in ps7_cortexa9_0/libsrc/scutimer_v2_3/src

TRACE::2023-05-30.14:32:14::SCWMssOS::make -C ps7_cortexa9_0/libsrc/scutimer_v2_3/src -s libs  "SHELL=/bin/sh" "COMPILER=arm-none-eabi-gcc" "ASSEMBLER=arm-none-eabi-
TRACE::2023-05-30.14:32:14::SCWMssOS::as" "ARCHIVER=arm-none-eabi-ar" "COMPILER_FLAGS=  -O2 -c" "EXTRA_COMPILER_FLAGS=-mcpu=cortex-a9 -mfpu=vfpv3 -mfloat-abi=hard -n
TRACE::2023-05-30.14:32:14::SCWMssOS::ostartfiles -g -Wall -Wextra -fno-tree-loop-distribute-patterns"

TRACE::2023-05-30.14:32:14::SCWMssOS::Running Make libs in ps7_cortexa9_0/libsrc/standalone_v7_6/src

TRACE::2023-05-30.14:32:14::SCWMssOS::make -C ps7_cortexa9_0/libsrc/standalone_v7_6/src -s libs  "SHELL=/bin/sh" "COMPILER=arm-none-eabi-gcc" "ASSEMBLER=arm-none-eab
TRACE::2023-05-30.14:32:14::SCWMssOS::i-as" "ARCHIVER=arm-none-eabi-ar" "COMPILER_FLAGS=  -O2 -c" "EXTRA_COMPILER_FLAGS=-mcpu=cortex-a9 -mfpu=vfpv3 -mfloat-abi=hard 
TRACE::2023-05-30.14:32:14::SCWMssOS::-nostartfiles -g -Wall -Wextra -fno-tree-loop-distribute-patterns"

TRACE::2023-05-30.14:32:14::SCWMssOS::Running Make libs in ps7_cortexa9_0/libsrc/usbps_v2_7/src

TRACE::2023-05-30.14:32:14::SCWMssOS::make -C ps7_cortexa9_0/libsrc/usbps_v2_7/src -s libs  "SHELL=/bin/sh" "COMPILER=arm-none-eabi-gcc" "ASSEMBLER=arm-none-eabi-as"
TRACE::2023-05-30.14:32:14::SCWMssOS:: "ARCHIVER=arm-none-eabi-ar" "COMPILER_FLAGS=  -O2 -c" "EXTRA_COMPILER_FLAGS=-mcpu=cortex-a9 -mfpu=vfpv3 -mfloat-abi=hard -nost
TRACE::2023-05-30.14:32:14::SCWMssOS::artfiles -g -Wall -Wextra -fno-tree-loop-distribute-patterns"

TRACE::2023-05-30.14:32:14::SCWMssOS::Running Make libs in ps7_cortexa9_0/libsrc/coresightps_dcc_v1_8/src

TRACE::2023-05-30.14:32:14::SCWMssOS::make -C ps7_cortexa9_0/libsrc/coresightps_dcc_v1_8/src -s libs  "SHELL=/bin/sh" "COMPILER=arm-none-eabi-gcc" "ASSEMBLER=arm-non
TRACE::2023-05-30.14:32:14::SCWMssOS::e-eabi-as" "ARCHIVER=arm-none-eabi-ar" "COMPILER_FLAGS=  -O2 -c" "EXTRA_COMPILER_FLAGS=-mcpu=cortex-a9 -mfpu=vfpv3 -mfloat-abi=
TRACE::2023-05-30.14:32:14::SCWMssOS::hard -nostartfiles -g -Wall -Wextra -fno-tree-loop-distribute-patterns"

TRACE::2023-05-30.14:32:15::SCWMssOS::Running Make libs in ps7_cortexa9_0/libsrc/axidma_v9_13/src

TRACE::2023-05-30.14:32:15::SCWMssOS::make -C ps7_cortexa9_0/libsrc/axidma_v9_13/src -s libs  "SHELL=/bin/sh" "COMPILER=arm-none-eabi-gcc" "ASSEMBLER=arm-none-eabi-a
TRACE::2023-05-30.14:32:15::SCWMssOS::s" "ARCHIVER=arm-none-eabi-ar" "COMPILER_FLAGS=  -O2 -c" "EXTRA_COMPILER_FLAGS=-mcpu=cortex-a9 -mfpu=vfpv3 -mfloat-abi=hard -no
TRACE::2023-05-30.14:32:15::SCWMssOS::startfiles -g -Wall -Wextra -fno-tree-loop-distribute-patterns"

TRACE::2023-05-30.14:32:15::SCWMssOS::Running Make libs in ps7_cortexa9_0/libsrc/ddrps_v1_2/src

TRACE::2023-05-30.14:32:15::SCWMssOS::make -C ps7_cortexa9_0/libsrc/ddrps_v1_2/src -s libs  "SHELL=/bin/sh" "COMPILER=arm-none-eabi-gcc" "ASSEMBLER=arm-none-eabi-as"
TRACE::2023-05-30.14:32:15::SCWMssOS:: "ARCHIVER=arm-none-eabi-ar" "COMPILER_FLAGS=  -O2 -c" "EXTRA_COMPILER_FLAGS=-mcpu=cortex-a9 -mfpu=vfpv3 -mfloat-abi=hard -nost
TRACE::2023-05-30.14:32:15::SCWMssOS::artfiles -g -Wall -Wextra -fno-tree-loop-distribute-patterns"

TRACE::2023-05-30.14:32:15::SCWMssOS::Running Make libs in ps7_cortexa9_0/libsrc/xadcps_v2_6/src

TRACE::2023-05-30.14:32:15::SCWMssOS::make -C ps7_cortexa9_0/libsrc/xadcps_v2_6/src -s libs  "SHELL=/bin/sh" "COMPILER=arm-none-eabi-gcc" "ASSEMBLER=arm-none-eabi-as
TRACE::2023-05-30.14:32:15::SCWMssOS::" "ARCHIVER=arm-none-eabi-ar" "COMPILER_FLAGS=  -O2 -c" "EXTRA_COMPILER_FLAGS=-mcpu=cortex-a9 -mfpu=vfpv3 -mfloat-abi=hard -nos
TRACE::2023-05-30.14:32:15::SCWMssOS::tartfiles -g -Wall -Wextra -fno-tree-loop-distribute-patterns"

TRACE::2023-05-30.14:32:15::SCWMssOS::Running Make libs in ps7_cortexa9_0/libsrc/cpu_cortexa9_v2_11/src

TRACE::2023-05-30.14:32:15::SCWMssOS::make -C ps7_cortexa9_0/libsrc/cpu_cortexa9_v2_11/src -s libs  "SHELL=/bin/sh" "COMPILER=arm-none-eabi-gcc" "ASSEMBLER=arm-none-
TRACE::2023-05-30.14:32:15::SCWMssOS::eabi-as" "ARCHIVER=arm-none-eabi-ar" "COMPILER_FLAGS=  -O2 -c" "EXTRA_COMPILER_FLAGS=-mcpu=cortex-a9 -mfpu=vfpv3 -mfloat-abi=ha
TRACE::2023-05-30.14:32:15::SCWMssOS::rd -nostartfiles -g -Wall -Wextra -fno-tree-loop-distribute-patterns"

TRACE::2023-05-30.14:32:15::SCWMssOS::Running Make libs in ps7_cortexa9_0/libsrc/qspips_v3_9/src

TRACE::2023-05-30.14:32:15::SCWMssOS::make -C ps7_cortexa9_0/libsrc/qspips_v3_9/src -s libs  "SHELL=/bin/sh" "COMPILER=arm-none-eabi-gcc" "ASSEMBLER=arm-none-eabi-as
TRACE::2023-05-30.14:32:15::SCWMssOS::" "ARCHIVER=arm-none-eabi-ar" "COMPILER_FLAGS=  -O2 -c" "EXTRA_COMPILER_FLAGS=-mcpu=cortex-a9 -mfpu=vfpv3 -mfloat-abi=hard -nos
TRACE::2023-05-30.14:32:15::SCWMssOS::tartfiles -g -Wall -Wextra -fno-tree-loop-distribute-patterns"

TRACE::2023-05-30.14:32:15::SCWMssOS::Running Make libs in ps7_cortexa9_0/libsrc/dmaps_v2_8/src

TRACE::2023-05-30.14:32:15::SCWMssOS::make -C ps7_cortexa9_0/libsrc/dmaps_v2_8/src -s libs  "SHELL=/bin/sh" "COMPILER=arm-none-eabi-gcc" "ASSEMBLER=arm-none-eabi-as"
TRACE::2023-05-30.14:32:15::SCWMssOS:: "ARCHIVER=arm-none-eabi-ar" "COMPILER_FLAGS=  -O2 -c" "EXTRA_COMPILER_FLAGS=-mcpu=cortex-a9 -mfpu=vfpv3 -mfloat-abi=hard -nost
TRACE::2023-05-30.14:32:15::SCWMssOS::artfiles -g -Wall -Wextra -fno-tree-loop-distribute-patterns"

TRACE::2023-05-30.14:32:16::SCWMssOS::Finished building libraries parallelly.

TRACE::2023-05-30.14:32:16::SCWMssOS::make --no-print-directory archive

TRACE::2023-05-30.14:32:16::SCWMssOS::arm-none-eabi-ar -r  ps7_cortexa9_0/lib/libxil.a ps7_cortexa9_0/lib/xil_assert.o ps7_cortexa9_0/lib/putnum.o ps7_cortexa9_0/lib
TRACE::2023-05-30.14:32:16::SCWMssOS::/xrrt.o ps7_cortexa9_0/lib/xil_exception.o ps7_cortexa9_0/lib/xqspips_selftest.o ps7_cortexa9_0/lib/xsdps_sinit.o ps7_cortexa9_
TRACE::2023-05-30.14:32:16::SCWMssOS::0/lib/xusbps_endpoint.o ps7_cortexa9_0/lib/xgpiops.o ps7_cortexa9_0/lib/xqspips_g.o ps7_cortexa9_0/lib/xrrt_sinit.o ps7_cortexa
TRACE::2023-05-30.14:32:16::SCWMssOS::9_0/lib/xemacps_sinit.o ps7_cortexa9_0/lib/_sbrk.o ps7_cortexa9_0/lib/xrrt_g.o ps7_cortexa9_0/lib/xpm_counter.o ps7_cortexa9_0/
TRACE::2023-05-30.14:32:16::SCWMssOS::lib/xdevcfg_selftest.o ps7_cortexa9_0/lib/xgpiops_sinit.o ps7_cortexa9_0/lib/xdmaps.o ps7_cortexa9_0/lib/xdevcfg_sinit.o ps7_co
TRACE::2023-05-30.14:32:16::SCWMssOS::rtexa9_0/lib/xil_testcache.o ps7_cortexa9_0/lib/getpid.o ps7_cortexa9_0/lib/xscugic_intr.o ps7_cortexa9_0/lib/usleep.o ps7_cort
TRACE::2023-05-30.14:32:16::SCWMssOS::exa9_0/lib/asm_vectors.o ps7_cortexa9_0/lib/xl2cc_counter.o ps7_cortexa9_0/lib/xusbps_hw.o ps7_cortexa9_0/lib/xil_testmem.o ps7
TRACE::2023-05-30.14:32:16::SCWMssOS::_cortexa9_0/lib/lseek.o ps7_cortexa9_0/lib/outbyte.o ps7_cortexa9_0/lib/xuartps_selftest.o ps7_cortexa9_0/lib/xuartps_sinit.o p
TRACE::2023-05-30.14:32:16::SCWMssOS::s7_cortexa9_0/lib/xadcps.o ps7_cortexa9_0/lib/xuartps_g.o ps7_cortexa9_0/lib/kill.o ps7_cortexa9_0/lib/xil_printf.o ps7_cortexa
TRACE::2023-05-30.14:32:16::SCWMssOS::9_0/lib/abort.o ps7_cortexa9_0/lib/xdmaps_sinit.o ps7_cortexa9_0/lib/time.o ps7_cortexa9_0/lib/xil_mem.o ps7_cortexa9_0/lib/xsc
TRACE::2023-05-30.14:32:16::SCWMssOS::uwdt.o ps7_cortexa9_0/lib/xgpiops_selftest.o ps7_cortexa9_0/lib/xusbps_sinit.o ps7_cortexa9_0/lib/xemacps_g.o ps7_cortexa9_0/li
TRACE::2023-05-30.14:32:16::SCWMssOS::b/close.o ps7_cortexa9_0/lib/xsdps.o ps7_cortexa9_0/lib/xusbps_g.o ps7_cortexa9_0/lib/xqspips_hw.o ps7_cortexa9_0/lib/xscutimer
TRACE::2023-05-30.14:32:16::SCWMssOS::_selftest.o ps7_cortexa9_0/lib/xdmaps_selftest.o ps7_cortexa9_0/lib/inbyte.o ps7_cortexa9_0/lib/xemacps_hw.o ps7_cortexa9_0/lib
TRACE::2023-05-30.14:32:16::SCWMssOS::/xscutimer_sinit.o ps7_cortexa9_0/lib/xil_misc_psreset_api.o ps7_cortexa9_0/lib/xsdps_options.o ps7_cortexa9_0/lib/xscutimer_g.
TRACE::2023-05-30.14:32:16::SCWMssOS::o ps7_cortexa9_0/lib/xdmaps_g.o ps7_cortexa9_0/lib/xqspips_options.o ps7_cortexa9_0/lib/xil_sleeptimer.o ps7_cortexa9_0/lib/xde
TRACE::2023-05-30.14:32:16::SCWMssOS::vcfg_hw.o ps7_cortexa9_0/lib/unlink.o ps7_cortexa9_0/lib/sleep.o ps7_cortexa9_0/lib/_exit.o ps7_cortexa9_0/lib/xil_mmu.o ps7_co
TRACE::2023-05-30.14:32:16::SCWMssOS::rtexa9_0/lib/xplatform_info.o ps7_cortexa9_0/lib/xadcps_selftest.o ps7_cortexa9_0/lib/xadcps_sinit.o ps7_cortexa9_0/lib/xqspips
TRACE::2023-05-30.14:32:16::SCWMssOS::_sinit.o ps7_cortexa9_0/lib/xrrt_linux.o ps7_cortexa9_0/lib/xaxidma_bdring.o ps7_cortexa9_0/lib/xadcps_g.o ps7_cortexa9_0/lib/x
TRACE::2023-05-30.14:32:16::SCWMssOS::scugic.o ps7_cortexa9_0/lib/xil-crt0.o ps7_cortexa9_0/lib/isatty.o ps7_cortexa9_0/lib/xscuwdt_selftest.o ps7_cortexa9_0/lib/xem
TRACE::2023-05-30.14:32:16::SCWMssOS::acps_intr.o ps7_cortexa9_0/lib/xil_clocking.o ps7_cortexa9_0/lib/xgpiops_g.o ps7_cortexa9_0/lib/xscuwdt_g.o ps7_cortexa9_0/lib/
TRACE::2023-05-30.14:32:16::SCWMssOS::vectors.o ps7_cortexa9_0/lib/xsdps_g.o ps7_cortexa9_0/lib/errno.o ps7_cortexa9_0/lib/xaxidma.o ps7_cortexa9_0/lib/fstat.o ps7_c
TRACE::2023-05-30.14:32:16::SCWMssOS::ortexa9_0/lib/xgpiops_hw.o ps7_cortexa9_0/lib/sbrk.o ps7_cortexa9_0/lib/xdmaps_hw.o ps7_cortexa9_0/lib/xsdps_card.o ps7_cortexa
TRACE::2023-05-30.14:32:16::SCWMssOS::9_0/lib/xuartps_intr.o ps7_cortexa9_0/lib/xil_util.o ps7_cortexa9_0/lib/xdevcfg_intr.o ps7_cortexa9_0/lib/xtime_l.o ps7_cortexa
TRACE::2023-05-30.14:32:16::SCWMssOS::9_0/lib/xscuwdt_sinit.o ps7_cortexa9_0/lib/xscugic_selftest.o ps7_cortexa9_0/lib/xdevcfg_g.o ps7_cortexa9_0/lib/open.o ps7_cort
TRACE::2023-05-30.14:32:16::SCWMssOS::exa9_0/lib/xscugic_sinit.o ps7_cortexa9_0/lib/xgpiops_intr.o ps7_cortexa9_0/lib/xscugic_g.o ps7_cortexa9_0/lib/xil_sleepcommon.
TRACE::2023-05-30.14:32:16::SCWMssOS::o ps7_cortexa9_0/lib/xaxidma_bd.o ps7_cortexa9_0/lib/xadcps_intr.o ps7_cortexa9_0/lib/cpu_init.o ps7_cortexa9_0/lib/xemacps_bdr
TRACE::2023-05-30.14:32:16::SCWMssOS::ing.o ps7_cortexa9_0/lib/boot.o ps7_cortexa9_0/lib/write.o ps7_cortexa9_0/lib/xaxidma_selftest.o ps7_cortexa9_0/lib/translation
TRACE::2023-05-30.14:32:16::SCWMssOS::_table.o ps7_cortexa9_0/lib/xil_spinlock.o ps7_cortexa9_0/lib/xaxidma_sinit.o ps7_cortexa9_0/lib/xusbps.o ps7_cortexa9_0/lib/xa
TRACE::2023-05-30.14:32:16::SCWMssOS::xidma_g.o ps7_cortexa9_0/lib/xuartps_options.o ps7_cortexa9_0/lib/xil_testio.o ps7_cortexa9_0/lib/xemacps_control.o ps7_cortexa
TRACE::2023-05-30.14:32:16::SCWMssOS::9_0/lib/xil_cache.o ps7_cortexa9_0/lib/xemacps.o ps7_cortexa9_0/lib/xcoresightpsdcc.o ps7_cortexa9_0/lib/xqspips.o ps7_cortexa9
TRACE::2023-05-30.14:32:16::SCWMssOS::_0/lib/xdevcfg.o ps7_cortexa9_0/lib/xuartps_hw.o ps7_cortexa9_0/lib/read.o ps7_cortexa9_0/lib/xscutimer.o ps7_cortexa9_0/lib/pr
TRACE::2023-05-30.14:32:16::SCWMssOS::int.o ps7_cortexa9_0/lib/fcntl.o ps7_cortexa9_0/lib/_open.o ps7_cortexa9_0/lib/cpputest_time.o ps7_cortexa9_0/lib/xuartps.o ps7
TRACE::2023-05-30.14:32:16::SCWMssOS::_cortexa9_0/lib/xscugic_hw.o ps7_cortexa9_0/lib/xsdps_host.o ps7_cortexa9_0/lib/xusbps_intr.o

TRACE::2023-05-30.14:32:16::SCWMssOS::Finished building libraries

TRACE::2023-05-30.14:32:16::SCWMssOS::Copying to export directory.
TRACE::2023-05-30.14:32:16::SCWMssOS:: Checking if to create the Supporting Applications
TRACE::2023-05-30.14:32:16::SCWMssOS:: No Linux domain exists, trying to generate FSBL 
LOG::2023-05-30.14:32:16::SCWSystem::Completed Processing the domain standalone_domain
LOG::2023-05-30.14:32:16::SCWSystem::Completed Processing the sysconfig frrt_pp
LOG::2023-05-30.14:32:16::SCWPlatform::Completed generating the artifacts for system configuration frrt_pp
TRACE::2023-05-30.14:32:16::SCWPlatform::Started preparing the platform 
TRACE::2023-05-30.14:32:16::SCWSystem::Writing the bif file for system config frrt_pp
TRACE::2023-05-30.14:32:16::SCWSystem::dir created 
TRACE::2023-05-30.14:32:16::SCWSystem::Writing the bif 
TRACE::2023-05-30.14:32:16::SCWPlatform::Started writing the spfm file 
TRACE::2023-05-30.14:32:16::SCWPlatform::Started writing the xpfm file 
TRACE::2023-05-30.14:32:16::SCWPlatform::Completed generating the platform
TRACE::2023-05-30.14:32:16::SCWMssOS::Saving the mss changes /home/sam/project/vitis/frrt_pp/zynq_fsbl/zynq_fsbl_bsp/system.mss
TRACE::2023-05-30.14:32:16::SCWMssOS::Found a swdesign opened with the mssfile.
TRACE::2023-05-30.14:32:16::SCWMssOS::Completed writemss as part of save.
TRACE::2023-05-30.14:32:16::SCWMssOS::Commit changes completed.
TRACE::2023-05-30.14:32:16::SCWMssOS::Saving the mss changes /home/sam/project/vitis/frrt_pp/ps7_cortexa9_0/standalone_domain/bsp/system.mss
TRACE::2023-05-30.14:32:16::SCWMssOS::Found a swdesign opened with the mssfile.
TRACE::2023-05-30.14:32:16::SCWMssOS::Completed writemss as part of save.
TRACE::2023-05-30.14:32:16::SCWMssOS::Commit changes completed.
TRACE::2023-05-30.14:32:16::SCWPlatform::Trying to open the hw design at /home/sam/project/vitis/frrt_pp/hw/design_81_wrapper.xsa
TRACE::2023-05-30.14:32:16::SCWPlatform::DSA given /home/sam/project/vitis/frrt_pp/hw/design_81_wrapper.xsa
TRACE::2023-05-30.14:32:16::SCWPlatform::DSA absoulate path /home/sam/project/vitis/frrt_pp/hw/design_81_wrapper.xsa
TRACE::2023-05-30.14:32:16::SCWPlatform::DSA directory /home/sam/project/vitis/frrt_pp/hw
TRACE::2023-05-30.14:32:16::SCWPlatform:: Platform Path /home/sam/project/vitis/frrt_pp/hw/design_81_wrapper.xsa
TRACE::2023-05-30.14:32:16::SCWPlatform:: Unique name xilinx:zybo-z7-20::0.0
TRACE::2023-05-30.14:32:16::SCWPlatform::Trying to set the existing hwdb with name design_1_wrapper_1
TRACE::2023-05-30.14:32:16::SCWPlatform::Opened existing hwdb design_1_wrapper_1
TRACE::2023-05-30.14:32:16::SCWPlatform::Found the Hw Db part of the input DSA
TRACE::2023-05-30.14:32:16::SCWMssOS::Checking the sw design at  /home/sam/project/vitis/frrt_pp/zynq_fsbl/zynq_fsbl_bsp/system.mss
TRACE::2023-05-30.14:32:16::SCWMssOS::DEBUG:  swdes dump  /home/sam/project/vitis/frrt_pp/ps7_cortexa9_0/standalone_domain/bsp/system.mss|system_0||
/home/sam/project/vitis/frrt_pp/zynq_fsbl/zynq_fsbl_bsp/system.mss|system||

TRACE::2023-05-30.14:32:16::SCWMssOS::Sw design exists and opened at  /home/sam/project/vitis/frrt_pp/zynq_fsbl/zynq_fsbl_bsp/system.mss
TRACE::2023-05-30.14:32:16::SCWPlatform::Trying to open the hw design at /home/sam/project/vitis/frrt_pp/hw/design_81_wrapper.xsa
TRACE::2023-05-30.14:32:16::SCWPlatform::DSA given /home/sam/project/vitis/frrt_pp/hw/design_81_wrapper.xsa
TRACE::2023-05-30.14:32:16::SCWPlatform::DSA absoulate path /home/sam/project/vitis/frrt_pp/hw/design_81_wrapper.xsa
TRACE::2023-05-30.14:32:16::SCWPlatform::DSA directory /home/sam/project/vitis/frrt_pp/hw
TRACE::2023-05-30.14:32:16::SCWPlatform:: Platform Path /home/sam/project/vitis/frrt_pp/hw/design_81_wrapper.xsa
TRACE::2023-05-30.14:32:16::SCWPlatform:: Unique name xilinx:zybo-z7-20::0.0
TRACE::2023-05-30.14:32:16::SCWPlatform::Trying to set the existing hwdb with name design_1_wrapper_1
TRACE::2023-05-30.14:32:16::SCWPlatform::Opened existing hwdb design_1_wrapper_1
TRACE::2023-05-30.14:32:16::SCWPlatform::Found the Hw Db part of the input DSA
TRACE::2023-05-30.14:32:16::SCWMssOS::Checking the sw design at  /home/sam/project/vitis/frrt_pp/ps7_cortexa9_0/standalone_domain/bsp/system.mss
TRACE::2023-05-30.14:32:16::SCWMssOS::DEBUG:  swdes dump  /home/sam/project/vitis/frrt_pp/ps7_cortexa9_0/standalone_domain/bsp/system.mss|system_0||
/home/sam/project/vitis/frrt_pp/zynq_fsbl/zynq_fsbl_bsp/system.mss|system||

TRACE::2023-05-30.14:32:16::SCWMssOS::Sw design exists and opened at  /home/sam/project/vitis/frrt_pp/ps7_cortexa9_0/standalone_domain/bsp/system.mss
TRACE::2023-05-30.14:32:16::SCWWriter::formatted JSON is {
	"platformName":	"frrt_pp",
	"sprVersion":	"2.0",
	"mode":	"gui",
	"dsaType":	"Fixed",
	"platformDesc":	"frrt_pp",
	"platHandOff":	"/home/sam/project/vivado/rrt_pynq_fp32/design_81_wrapper.xsa",
	"platIntHandOff":	"<platformDir>/hw/design_81_wrapper.xsa",
	"deviceType":	"zynq",
	"platIsPrebuiltAutogen":	"false",
	"platIsNoBootBsp":	"false",
	"hasFsblMakeHasChanges":	"false",
	"hasPmufwMakeHasChanges":	"false",
	"fsblExtraCompilerFlags":	"-MMD -MP       -mcpu=cortex-a9 -mfpu=vfpv3 -mfloat-abi=hard ",
	"platPreBuiltFlag":	false,
	"platformSamplesDir":	"",
	"platActiveSys":	"frrt_pp",
	"systems":	[{
			"systemName":	"frrt_pp",
			"systemDesc":	"frrt_pp",
			"sysIsBootAutoGen":	"true",
			"systemDispName":	"frrt_pp",
			"sysActiveDom":	"standalone_domain",
			"sysDefaultDom":	"standalone_domain",
			"domains":	[{
					"domainName":	"zynq_fsbl",
					"domainDispName":	"zynq_fsbl",
					"domainDesc":	"FSBL Application BSP - Auto Generated.",
					"processors":	"ps7_cortexa9_0",
					"os":	"standalone",
					"sdxOs":	"standalone",
					"debugEnable":	"",
					"domRuntimes":	["cpp"],
					"swRepo":	"",
					"mssOsVer":	"7.6",
					"mssFile":	"",
					"md5Digest":	"e2251ebcbe8200a6d4e3e73814821fa2",
					"compatibleApp":	"zynq_fsbl",
					"domType":	"bootDomain",
					"arch":	"32-bit",
					"appSettings":	{
						"appCompilerFlags":	"",
						"appLinkerFlags":	""
					},
					"addedLibs":	["xilffs:4.6", "xilrsa:1.6"],
					"libOptions":	{
						"libsContainingOptions":	[]
					},
					"prebuiltLibs":	{
						"prebuiltIncPath":	[],
						"prebuiltLibPath":	[]
					},
					"isolation":	{
					}
				}, {
					"domainName":	"standalone_domain",
					"domainDispName":	"standalone on ps7_cortexa9_0",
					"domainDesc":	"standalone_domain",
					"processors":	"ps7_cortexa9_0",
					"os":	"standalone",
					"sdxOs":	"standalone",
					"qemuArgs":	"/tools/Xilinx/Vitis/2021.2/data/emulation/platforms/zynq/sw/a9_standalone/qemu/qemu_args.txt",
					"qemuData":	"/tools/Xilinx/Vitis/2021.2/data/emulation/platforms/zynq/sw/a9_standalone/qemu/",
					"debugEnable":	"False",
					"domRuntimes":	["cpp"],
					"swRepo":	"",
					"mssOsVer":	"7.6",
					"mssFile":	"",
					"md5Digest":	"223e0dbfd0753eae9c565e6cc629d9ce",
					"compatibleApp":	"",
					"domType":	"mssDomain",
					"appSettings":	{
						"appCompilerFlags":	"",
						"appLinkerFlags":	""
					},
					"addedLibs":	["xilflash:4.9"],
					"libOptions":	{
						"libsContainingOptions":	[]
					},
					"prebuiltLibs":	{
						"prebuiltIncPath":	[],
						"prebuiltLibPath":	[]
					},
					"isolation":	{
					}
				}]
		}]
}
KEYINFO::2023-05-30.14:32:16::SCWPlatform::updated the xpfm file.
TRACE::2023-05-30.14:32:16::SCWPlatform::Trying to open the hw design at /home/sam/project/vitis/frrt_pp/hw/design_81_wrapper.xsa
TRACE::2023-05-30.14:32:16::SCWPlatform::DSA given /home/sam/project/vitis/frrt_pp/hw/design_81_wrapper.xsa
TRACE::2023-05-30.14:32:16::SCWPlatform::DSA absoulate path /home/sam/project/vitis/frrt_pp/hw/design_81_wrapper.xsa
TRACE::2023-05-30.14:32:16::SCWPlatform::DSA directory /home/sam/project/vitis/frrt_pp/hw
TRACE::2023-05-30.14:32:16::SCWPlatform:: Platform Path /home/sam/project/vitis/frrt_pp/hw/design_81_wrapper.xsa
TRACE::2023-05-30.14:32:16::SCWPlatform:: Unique name xilinx:zybo-z7-20::0.0
TRACE::2023-05-30.14:32:16::SCWPlatform::Trying to set the existing hwdb with name design_1_wrapper_1
TRACE::2023-05-30.14:32:16::SCWPlatform::Opened existing hwdb design_1_wrapper_1
TRACE::2023-05-30.14:32:16::SCWPlatform::Found the Hw Db part of the input DSA
TRACE::2023-05-30.14:32:16::SCWMssOS::Checking the sw design at  /home/sam/project/vitis/frrt_pp/ps7_cortexa9_0/standalone_domain/bsp/system.mss
TRACE::2023-05-30.14:32:16::SCWMssOS::DEBUG:  swdes dump  /home/sam/project/vitis/frrt_pp/ps7_cortexa9_0/standalone_domain/bsp/system.mss|system_0||
/home/sam/project/vitis/frrt_pp/zynq_fsbl/zynq_fsbl_bsp/system.mss|system||

TRACE::2023-05-30.14:32:16::SCWMssOS::Sw design exists and opened at  /home/sam/project/vitis/frrt_pp/ps7_cortexa9_0/standalone_domain/bsp/system.mss
TRACE::2023-05-30.14:35:41::SCWPlatform::Trying to open the hw design at /home/sam/project/vitis/frrt_pp/hw/design_81_wrapper.xsa
TRACE::2023-05-30.14:35:41::SCWPlatform::DSA given /home/sam/project/vitis/frrt_pp/hw/design_81_wrapper.xsa
TRACE::2023-05-30.14:35:41::SCWPlatform::DSA absoulate path /home/sam/project/vitis/frrt_pp/hw/design_81_wrapper.xsa
TRACE::2023-05-30.14:35:41::SCWPlatform::DSA directory /home/sam/project/vitis/frrt_pp/hw
TRACE::2023-05-30.14:35:41::SCWPlatform:: Platform Path /home/sam/project/vitis/frrt_pp/hw/design_81_wrapper.xsa
TRACE::2023-05-30.14:35:41::SCWPlatform:: Unique name xilinx:zybo-z7-20::0.0
TRACE::2023-05-30.14:35:41::SCWPlatform::Trying to set the existing hwdb with name design_1_wrapper_1
TRACE::2023-05-30.14:35:41::SCWPlatform::Opened existing hwdb design_1_wrapper_1
TRACE::2023-05-30.14:35:41::SCWPlatform::Found the Hw Db part of the input DSA
TRACE::2023-05-30.14:35:41::SCWMssOS::Checking the sw design at  /home/sam/project/vitis/frrt_pp/ps7_cortexa9_0/standalone_domain/bsp/system.mss
TRACE::2023-05-30.14:35:41::SCWMssOS::DEBUG:  swdes dump  /home/sam/project/vitis/frrt_pp/ps7_cortexa9_0/standalone_domain/bsp/system.mss|system_0||
/home/sam/project/vitis/frrt_pp/zynq_fsbl/zynq_fsbl_bsp/system.mss|system||

TRACE::2023-05-30.14:35:41::SCWMssOS::Sw design exists and opened at  /home/sam/project/vitis/frrt_pp/ps7_cortexa9_0/standalone_domain/bsp/system.mss
TRACE::2023-05-30.14:35:45::SCWPlatform::Trying to open the hw design at /home/sam/project/vitis/frrt_pp/hw/design_81_wrapper.xsa
TRACE::2023-05-30.14:35:45::SCWPlatform::DSA given /home/sam/project/vitis/frrt_pp/hw/design_81_wrapper.xsa
TRACE::2023-05-30.14:35:45::SCWPlatform::DSA absoulate path /home/sam/project/vitis/frrt_pp/hw/design_81_wrapper.xsa
TRACE::2023-05-30.14:35:45::SCWPlatform::DSA directory /home/sam/project/vitis/frrt_pp/hw
TRACE::2023-05-30.14:35:45::SCWPlatform:: Platform Path /home/sam/project/vitis/frrt_pp/hw/design_81_wrapper.xsa
TRACE::2023-05-30.14:35:45::SCWPlatform:: Unique name xilinx:zybo-z7-20::0.0
TRACE::2023-05-30.14:35:45::SCWPlatform::Trying to set the existing hwdb with name design_1_wrapper_1
TRACE::2023-05-30.14:35:45::SCWPlatform::Opened existing hwdb design_1_wrapper_1
TRACE::2023-05-30.14:35:45::SCWPlatform::Found the Hw Db part of the input DSA
TRACE::2023-05-30.14:35:45::SCWMssOS::Checking the sw design at  /home/sam/project/vitis/frrt_pp/ps7_cortexa9_0/standalone_domain/bsp/system.mss
TRACE::2023-05-30.14:35:45::SCWMssOS::DEBUG:  swdes dump  /home/sam/project/vitis/frrt_pp/ps7_cortexa9_0/standalone_domain/bsp/system.mss|system_0||
/home/sam/project/vitis/frrt_pp/zynq_fsbl/zynq_fsbl_bsp/system.mss|system||

TRACE::2023-05-30.14:35:45::SCWMssOS::Sw design exists and opened at  /home/sam/project/vitis/frrt_pp/ps7_cortexa9_0/standalone_domain/bsp/system.mss
TRACE::2023-05-30.14:35:45::SCWMssOS::Adding Library:  xilffs:4.6
TRACE::2023-05-30.14:35:45::SCWMssOS::Added Library:  xilffs
TRACE::2023-05-30.14:35:45::SCWPlatform::Trying to open the hw design at /home/sam/project/vitis/frrt_pp/hw/design_81_wrapper.xsa
TRACE::2023-05-30.14:35:45::SCWPlatform::DSA given /home/sam/project/vitis/frrt_pp/hw/design_81_wrapper.xsa
TRACE::2023-05-30.14:35:45::SCWPlatform::DSA absoulate path /home/sam/project/vitis/frrt_pp/hw/design_81_wrapper.xsa
TRACE::2023-05-30.14:35:45::SCWPlatform::DSA directory /home/sam/project/vitis/frrt_pp/hw
TRACE::2023-05-30.14:35:45::SCWPlatform:: Platform Path /home/sam/project/vitis/frrt_pp/hw/design_81_wrapper.xsa
TRACE::2023-05-30.14:35:45::SCWPlatform:: Unique name xilinx:zybo-z7-20::0.0
TRACE::2023-05-30.14:35:45::SCWPlatform::Trying to set the existing hwdb with name design_1_wrapper_1
TRACE::2023-05-30.14:35:45::SCWPlatform::Opened existing hwdb design_1_wrapper_1
TRACE::2023-05-30.14:35:45::SCWPlatform::Found the Hw Db part of the input DSA
TRACE::2023-05-30.14:35:45::SCWMssOS::Checking the sw design at  /home/sam/project/vitis/frrt_pp/ps7_cortexa9_0/standalone_domain/bsp/system.mss
TRACE::2023-05-30.14:35:45::SCWMssOS::DEBUG:  swdes dump  /home/sam/project/vitis/frrt_pp/ps7_cortexa9_0/standalone_domain/bsp/system.mss|system_0||
/home/sam/project/vitis/frrt_pp/zynq_fsbl/zynq_fsbl_bsp/system.mss|system||

TRACE::2023-05-30.14:35:45::SCWMssOS::Sw design exists and opened at  /home/sam/project/vitis/frrt_pp/ps7_cortexa9_0/standalone_domain/bsp/system.mss
TRACE::2023-05-30.14:35:46::SCWPlatform::Trying to open the hw design at /home/sam/project/vitis/frrt_pp/hw/design_81_wrapper.xsa
TRACE::2023-05-30.14:35:46::SCWPlatform::DSA given /home/sam/project/vitis/frrt_pp/hw/design_81_wrapper.xsa
TRACE::2023-05-30.14:35:46::SCWPlatform::DSA absoulate path /home/sam/project/vitis/frrt_pp/hw/design_81_wrapper.xsa
TRACE::2023-05-30.14:35:46::SCWPlatform::DSA directory /home/sam/project/vitis/frrt_pp/hw
TRACE::2023-05-30.14:35:46::SCWPlatform:: Platform Path /home/sam/project/vitis/frrt_pp/hw/design_81_wrapper.xsa
TRACE::2023-05-30.14:35:46::SCWPlatform:: Unique name xilinx:zybo-z7-20::0.0
TRACE::2023-05-30.14:35:46::SCWPlatform::Trying to set the existing hwdb with name design_1_wrapper_1
TRACE::2023-05-30.14:35:46::SCWPlatform::Opened existing hwdb design_1_wrapper_1
TRACE::2023-05-30.14:35:46::SCWPlatform::Found the Hw Db part of the input DSA
TRACE::2023-05-30.14:35:46::SCWMssOS::Checking the sw design at  /home/sam/project/vitis/frrt_pp/ps7_cortexa9_0/standalone_domain/bsp/system.mss
TRACE::2023-05-30.14:35:46::SCWMssOS::DEBUG:  swdes dump  /home/sam/project/vitis/frrt_pp/ps7_cortexa9_0/standalone_domain/bsp/system.mss|system_0||
/home/sam/project/vitis/frrt_pp/zynq_fsbl/zynq_fsbl_bsp/system.mss|system||

TRACE::2023-05-30.14:35:46::SCWMssOS::Sw design exists and opened at  /home/sam/project/vitis/frrt_pp/ps7_cortexa9_0/standalone_domain/bsp/system.mss
TRACE::2023-05-30.14:35:48::SCWMssOS::Saving the mss changes /home/sam/project/vitis/frrt_pp/zynq_fsbl/zynq_fsbl_bsp/system.mss
TRACE::2023-05-30.14:35:48::SCWMssOS::Found a swdesign opened with the mssfile.
TRACE::2023-05-30.14:35:48::SCWMssOS::Completed writemss as part of save.
TRACE::2023-05-30.14:35:48::SCWMssOS::Commit changes completed.
TRACE::2023-05-30.14:35:48::SCWMssOS::Saving the mss changes /home/sam/project/vitis/frrt_pp/ps7_cortexa9_0/standalone_domain/bsp/system.mss
TRACE::2023-05-30.14:35:48::SCWMssOS::Found a swdesign opened with the mssfile.
TRACE::2023-05-30.14:35:48::SCWMssOS::Completed writemss as part of save.
TRACE::2023-05-30.14:35:48::SCWMssOS::Commit changes completed.
TRACE::2023-05-30.14:35:48::SCWPlatform::Trying to open the hw design at /home/sam/project/vitis/frrt_pp/hw/design_81_wrapper.xsa
TRACE::2023-05-30.14:35:48::SCWPlatform::DSA given /home/sam/project/vitis/frrt_pp/hw/design_81_wrapper.xsa
TRACE::2023-05-30.14:35:48::SCWPlatform::DSA absoulate path /home/sam/project/vitis/frrt_pp/hw/design_81_wrapper.xsa
TRACE::2023-05-30.14:35:48::SCWPlatform::DSA directory /home/sam/project/vitis/frrt_pp/hw
TRACE::2023-05-30.14:35:48::SCWPlatform:: Platform Path /home/sam/project/vitis/frrt_pp/hw/design_81_wrapper.xsa
TRACE::2023-05-30.14:35:48::SCWPlatform:: Unique name xilinx:zybo-z7-20::0.0
TRACE::2023-05-30.14:35:48::SCWPlatform::Trying to set the existing hwdb with name design_1_wrapper_1
TRACE::2023-05-30.14:35:48::SCWPlatform::Opened existing hwdb design_1_wrapper_1
TRACE::2023-05-30.14:35:48::SCWPlatform::Found the Hw Db part of the input DSA
TRACE::2023-05-30.14:35:48::SCWMssOS::Checking the sw design at  /home/sam/project/vitis/frrt_pp/zynq_fsbl/zynq_fsbl_bsp/system.mss
TRACE::2023-05-30.14:35:48::SCWMssOS::DEBUG:  swdes dump  /home/sam/project/vitis/frrt_pp/ps7_cortexa9_0/standalone_domain/bsp/system.mss|system_0||
/home/sam/project/vitis/frrt_pp/zynq_fsbl/zynq_fsbl_bsp/system.mss|system||

TRACE::2023-05-30.14:35:48::SCWMssOS::Sw design exists and opened at  /home/sam/project/vitis/frrt_pp/zynq_fsbl/zynq_fsbl_bsp/system.mss
TRACE::2023-05-30.14:35:48::SCWPlatform::Trying to open the hw design at /home/sam/project/vitis/frrt_pp/hw/design_81_wrapper.xsa
TRACE::2023-05-30.14:35:48::SCWPlatform::DSA given /home/sam/project/vitis/frrt_pp/hw/design_81_wrapper.xsa
TRACE::2023-05-30.14:35:48::SCWPlatform::DSA absoulate path /home/sam/project/vitis/frrt_pp/hw/design_81_wrapper.xsa
TRACE::2023-05-30.14:35:48::SCWPlatform::DSA directory /home/sam/project/vitis/frrt_pp/hw
TRACE::2023-05-30.14:35:48::SCWPlatform:: Platform Path /home/sam/project/vitis/frrt_pp/hw/design_81_wrapper.xsa
TRACE::2023-05-30.14:35:48::SCWPlatform:: Unique name xilinx:zybo-z7-20::0.0
TRACE::2023-05-30.14:35:48::SCWPlatform::Trying to set the existing hwdb with name design_1_wrapper_1
TRACE::2023-05-30.14:35:48::SCWPlatform::Opened existing hwdb design_1_wrapper_1
TRACE::2023-05-30.14:35:48::SCWPlatform::Found the Hw Db part of the input DSA
TRACE::2023-05-30.14:35:48::SCWMssOS::Checking the sw design at  /home/sam/project/vitis/frrt_pp/ps7_cortexa9_0/standalone_domain/bsp/system.mss
TRACE::2023-05-30.14:35:48::SCWMssOS::DEBUG:  swdes dump  /home/sam/project/vitis/frrt_pp/ps7_cortexa9_0/standalone_domain/bsp/system.mss|system_0||
/home/sam/project/vitis/frrt_pp/zynq_fsbl/zynq_fsbl_bsp/system.mss|system||

TRACE::2023-05-30.14:35:48::SCWMssOS::Sw design exists and opened at  /home/sam/project/vitis/frrt_pp/ps7_cortexa9_0/standalone_domain/bsp/system.mss
TRACE::2023-05-30.14:35:48::SCWWriter::formatted JSON is {
	"platformName":	"frrt_pp",
	"sprVersion":	"2.0",
	"mode":	"gui",
	"dsaType":	"Fixed",
	"platformDesc":	"frrt_pp",
	"platHandOff":	"/home/sam/project/vivado/rrt_pynq_fp32/design_81_wrapper.xsa",
	"platIntHandOff":	"<platformDir>/hw/design_81_wrapper.xsa",
	"deviceType":	"zynq",
	"platIsPrebuiltAutogen":	"false",
	"platIsNoBootBsp":	"false",
	"hasFsblMakeHasChanges":	"false",
	"hasPmufwMakeHasChanges":	"false",
	"fsblExtraCompilerFlags":	"-MMD -MP       -mcpu=cortex-a9 -mfpu=vfpv3 -mfloat-abi=hard ",
	"platPreBuiltFlag":	false,
	"platformSamplesDir":	"",
	"platActiveSys":	"frrt_pp",
	"systems":	[{
			"systemName":	"frrt_pp",
			"systemDesc":	"frrt_pp",
			"sysIsBootAutoGen":	"true",
			"systemDispName":	"frrt_pp",
			"sysActiveDom":	"standalone_domain",
			"sysDefaultDom":	"standalone_domain",
			"domains":	[{
					"domainName":	"zynq_fsbl",
					"domainDispName":	"zynq_fsbl",
					"domainDesc":	"FSBL Application BSP - Auto Generated.",
					"processors":	"ps7_cortexa9_0",
					"os":	"standalone",
					"sdxOs":	"standalone",
					"debugEnable":	"",
					"domRuntimes":	["cpp"],
					"swRepo":	"",
					"mssOsVer":	"7.6",
					"mssFile":	"",
					"md5Digest":	"e2251ebcbe8200a6d4e3e73814821fa2",
					"compatibleApp":	"zynq_fsbl",
					"domType":	"bootDomain",
					"arch":	"32-bit",
					"appSettings":	{
						"appCompilerFlags":	"",
						"appLinkerFlags":	""
					},
					"addedLibs":	["xilffs:4.6", "xilrsa:1.6"],
					"libOptions":	{
						"libsContainingOptions":	[]
					},
					"prebuiltLibs":	{
						"prebuiltIncPath":	[],
						"prebuiltLibPath":	[]
					},
					"isolation":	{
					}
				}, {
					"domainName":	"standalone_domain",
					"domainDispName":	"standalone on ps7_cortexa9_0",
					"domainDesc":	"standalone_domain",
					"processors":	"ps7_cortexa9_0",
					"os":	"standalone",
					"sdxOs":	"standalone",
					"qemuArgs":	"/tools/Xilinx/Vitis/2021.2/data/emulation/platforms/zynq/sw/a9_standalone/qemu/qemu_args.txt",
					"qemuData":	"/tools/Xilinx/Vitis/2021.2/data/emulation/platforms/zynq/sw/a9_standalone/qemu/",
					"debugEnable":	"False",
					"domRuntimes":	["cpp"],
					"swRepo":	"",
					"mssOsVer":	"7.6",
					"mssFile":	"",
					"md5Digest":	"223e0dbfd0753eae9c565e6cc629d9ce",
					"compatibleApp":	"",
					"domType":	"mssDomain",
					"appSettings":	{
						"appCompilerFlags":	"",
						"appLinkerFlags":	""
					},
					"addedLibs":	["xilffs:4.6"],
					"libOptions":	{
						"libsContainingOptions":	[]
					},
					"prebuiltLibs":	{
						"prebuiltIncPath":	[],
						"prebuiltLibPath":	[]
					},
					"isolation":	{
					}
				}]
		}]
}
TRACE::2023-05-30.14:35:48::SCWMssOS::Saving the mss changes /home/sam/project/vitis/frrt_pp/ps7_cortexa9_0/standalone_domain/bsp/system.mss
TRACE::2023-05-30.14:35:48::SCWMssOS::Found a swdesign opened with the mssfile.
TRACE::2023-05-30.14:35:48::SCWMssOS::Completed writemss as part of save.
TRACE::2023-05-30.14:35:48::SCWMssOS::Commit changes completed.
TRACE::2023-05-30.14:35:48::SCWPlatform::Trying to open the hw design at /home/sam/project/vitis/frrt_pp/hw/design_81_wrapper.xsa
TRACE::2023-05-30.14:35:48::SCWPlatform::DSA given /home/sam/project/vitis/frrt_pp/hw/design_81_wrapper.xsa
TRACE::2023-05-30.14:35:48::SCWPlatform::DSA absoulate path /home/sam/project/vitis/frrt_pp/hw/design_81_wrapper.xsa
TRACE::2023-05-30.14:35:48::SCWPlatform::DSA directory /home/sam/project/vitis/frrt_pp/hw
TRACE::2023-05-30.14:35:48::SCWPlatform:: Platform Path /home/sam/project/vitis/frrt_pp/hw/design_81_wrapper.xsa
TRACE::2023-05-30.14:35:48::SCWPlatform:: Unique name xilinx:zybo-z7-20::0.0
TRACE::2023-05-30.14:35:48::SCWPlatform::Trying to set the existing hwdb with name design_1_wrapper_1
TRACE::2023-05-30.14:35:48::SCWPlatform::Opened existing hwdb design_1_wrapper_1
TRACE::2023-05-30.14:35:48::SCWPlatform::Found the Hw Db part of the input DSA
TRACE::2023-05-30.14:35:48::SCWMssOS::Checking the sw design at  /home/sam/project/vitis/frrt_pp/ps7_cortexa9_0/standalone_domain/bsp/system.mss
TRACE::2023-05-30.14:35:48::SCWMssOS::DEBUG:  swdes dump  /home/sam/project/vitis/frrt_pp/ps7_cortexa9_0/standalone_domain/bsp/system.mss|system_0||
/home/sam/project/vitis/frrt_pp/zynq_fsbl/zynq_fsbl_bsp/system.mss|system||

TRACE::2023-05-30.14:35:48::SCWMssOS::Sw design exists and opened at  /home/sam/project/vitis/frrt_pp/ps7_cortexa9_0/standalone_domain/bsp/system.mss
TRACE::2023-05-30.14:35:48::SCWMssOS::Removing the swdes entry for  /home/sam/project/vitis/frrt_pp/ps7_cortexa9_0/standalone_domain/bsp/system.mss
TRACE::2023-05-30.14:35:48::SCWMssOS::In reload Mss file.
TRACE::2023-05-30.14:35:48::SCWPlatform::Trying to open the hw design at /home/sam/project/vitis/frrt_pp/hw/design_81_wrapper.xsa
TRACE::2023-05-30.14:35:48::SCWPlatform::DSA given /home/sam/project/vitis/frrt_pp/hw/design_81_wrapper.xsa
TRACE::2023-05-30.14:35:48::SCWPlatform::DSA absoulate path /home/sam/project/vitis/frrt_pp/hw/design_81_wrapper.xsa
TRACE::2023-05-30.14:35:48::SCWPlatform::DSA directory /home/sam/project/vitis/frrt_pp/hw
TRACE::2023-05-30.14:35:48::SCWPlatform:: Platform Path /home/sam/project/vitis/frrt_pp/hw/design_81_wrapper.xsa
TRACE::2023-05-30.14:35:48::SCWPlatform:: Unique name xilinx:zybo-z7-20::0.0
TRACE::2023-05-30.14:35:48::SCWPlatform::Trying to set the existing hwdb with name design_1_wrapper_1
TRACE::2023-05-30.14:35:48::SCWPlatform::Opened existing hwdb design_1_wrapper_1
TRACE::2023-05-30.14:35:48::SCWPlatform::Found the Hw Db part of the input DSA
TRACE::2023-05-30.14:35:48::SCWMssOS::Checking the sw design at  /home/sam/project/vitis/frrt_pp/ps7_cortexa9_0/standalone_domain/bsp/system.mss
TRACE::2023-05-30.14:35:48::SCWMssOS::DEBUG:  swdes dump  /home/sam/project/vitis/frrt_pp/zynq_fsbl/zynq_fsbl_bsp/system.mss|system||

TRACE::2023-05-30.14:35:48::SCWMssOS::No sw design opened at  /home/sam/project/vitis/frrt_pp/ps7_cortexa9_0/standalone_domain/bsp/system.mss
TRACE::2023-05-30.14:35:48::SCWMssOS::mss exists loading the mss file  /home/sam/project/vitis/frrt_pp/ps7_cortexa9_0/standalone_domain/bsp/system.mss
TRACE::2023-05-30.14:35:48::SCWMssOS::Opened the sw design from mss  /home/sam/project/vitis/frrt_pp/ps7_cortexa9_0/standalone_domain/bsp/system.mss
TRACE::2023-05-30.14:35:48::SCWMssOS::Adding the swdes entry /home/sam/project/vitis/frrt_pp/ps7_cortexa9_0/standalone_domain/bsp/system.mss with des name system_0
TRACE::2023-05-30.14:35:48::SCWMssOS::updating the scw layer about changes
TRACE::2023-05-30.14:35:48::SCWMssOS::Opened the sw design.  /home/sam/project/vitis/frrt_pp/ps7_cortexa9_0/standalone_domain/bsp/system.mss
TRACE::2023-05-30.14:35:48::SCWPlatform::Trying to open the hw design at /home/sam/project/vitis/frrt_pp/hw/design_81_wrapper.xsa
TRACE::2023-05-30.14:35:48::SCWPlatform::DSA given /home/sam/project/vitis/frrt_pp/hw/design_81_wrapper.xsa
TRACE::2023-05-30.14:35:48::SCWPlatform::DSA absoulate path /home/sam/project/vitis/frrt_pp/hw/design_81_wrapper.xsa
TRACE::2023-05-30.14:35:48::SCWPlatform::DSA directory /home/sam/project/vitis/frrt_pp/hw
TRACE::2023-05-30.14:35:48::SCWPlatform:: Platform Path /home/sam/project/vitis/frrt_pp/hw/design_81_wrapper.xsa
TRACE::2023-05-30.14:35:48::SCWPlatform:: Unique name xilinx:zybo-z7-20::0.0
TRACE::2023-05-30.14:35:48::SCWPlatform::Trying to set the existing hwdb with name design_1_wrapper_1
TRACE::2023-05-30.14:35:48::SCWPlatform::Opened existing hwdb design_1_wrapper_1
TRACE::2023-05-30.14:35:48::SCWPlatform::Found the Hw Db part of the input DSA
TRACE::2023-05-30.14:35:48::SCWMssOS::Checking the sw design at  /home/sam/project/vitis/frrt_pp/ps7_cortexa9_0/standalone_domain/bsp/system.mss
TRACE::2023-05-30.14:35:48::SCWMssOS::DEBUG:  swdes dump  /home/sam/project/vitis/frrt_pp/ps7_cortexa9_0/standalone_domain/bsp/system.mss|system_0||
/home/sam/project/vitis/frrt_pp/zynq_fsbl/zynq_fsbl_bsp/system.mss|system||

TRACE::2023-05-30.14:35:48::SCWMssOS::Sw design exists and opened at  /home/sam/project/vitis/frrt_pp/ps7_cortexa9_0/standalone_domain/bsp/system.mss
TRACE::2023-05-30.14:35:48::SCWMssOS:: library already available in sw design:  xilffs:4.6
TRACE::2023-05-30.14:35:48::SCWMssOS::Saving the mss changes /home/sam/project/vitis/frrt_pp/ps7_cortexa9_0/standalone_domain/bsp/system.mss
TRACE::2023-05-30.14:35:48::SCWMssOS::Found a swdesign opened with the mssfile.
TRACE::2023-05-30.14:35:48::SCWMssOS::Completed writemss as part of save.
TRACE::2023-05-30.14:35:48::SCWMssOS::Commit changes completed.
TRACE::2023-05-30.14:35:48::SCWPlatform::Trying to open the hw design at /home/sam/project/vitis/frrt_pp/hw/design_81_wrapper.xsa
TRACE::2023-05-30.14:35:48::SCWPlatform::DSA given /home/sam/project/vitis/frrt_pp/hw/design_81_wrapper.xsa
TRACE::2023-05-30.14:35:48::SCWPlatform::DSA absoulate path /home/sam/project/vitis/frrt_pp/hw/design_81_wrapper.xsa
TRACE::2023-05-30.14:35:48::SCWPlatform::DSA directory /home/sam/project/vitis/frrt_pp/hw
TRACE::2023-05-30.14:35:48::SCWPlatform:: Platform Path /home/sam/project/vitis/frrt_pp/hw/design_81_wrapper.xsa
TRACE::2023-05-30.14:35:48::SCWPlatform:: Unique name xilinx:zybo-z7-20::0.0
TRACE::2023-05-30.14:35:48::SCWPlatform::Trying to set the existing hwdb with name design_1_wrapper_1
TRACE::2023-05-30.14:35:48::SCWPlatform::Opened existing hwdb design_1_wrapper_1
TRACE::2023-05-30.14:35:48::SCWPlatform::Found the Hw Db part of the input DSA
TRACE::2023-05-30.14:35:48::SCWMssOS::Checking the sw design at  /home/sam/project/vitis/frrt_pp/ps7_cortexa9_0/standalone_domain/bsp/system.mss
TRACE::2023-05-30.14:35:48::SCWMssOS::DEBUG:  swdes dump  /home/sam/project/vitis/frrt_pp/ps7_cortexa9_0/standalone_domain/bsp/system.mss|system_0||
/home/sam/project/vitis/frrt_pp/zynq_fsbl/zynq_fsbl_bsp/system.mss|system||

TRACE::2023-05-30.14:35:48::SCWMssOS::Sw design exists and opened at  /home/sam/project/vitis/frrt_pp/ps7_cortexa9_0/standalone_domain/bsp/system.mss
TRACE::2023-05-30.14:35:48::SCWMssOS::Removing the swdes entry for  /home/sam/project/vitis/frrt_pp/ps7_cortexa9_0/standalone_domain/bsp/system.mss
TRACE::2023-05-30.14:35:48::SCWPlatform::Trying to open the hw design at /home/sam/project/vitis/frrt_pp/hw/design_81_wrapper.xsa
TRACE::2023-05-30.14:35:48::SCWPlatform::DSA given /home/sam/project/vitis/frrt_pp/hw/design_81_wrapper.xsa
TRACE::2023-05-30.14:35:48::SCWPlatform::DSA absoulate path /home/sam/project/vitis/frrt_pp/hw/design_81_wrapper.xsa
TRACE::2023-05-30.14:35:48::SCWPlatform::DSA directory /home/sam/project/vitis/frrt_pp/hw
TRACE::2023-05-30.14:35:48::SCWPlatform:: Platform Path /home/sam/project/vitis/frrt_pp/hw/design_81_wrapper.xsa
TRACE::2023-05-30.14:35:48::SCWPlatform:: Unique name xilinx:zybo-z7-20::0.0
TRACE::2023-05-30.14:35:48::SCWPlatform::Trying to set the existing hwdb with name design_1_wrapper_1
TRACE::2023-05-30.14:35:48::SCWPlatform::Opened existing hwdb design_1_wrapper_1
TRACE::2023-05-30.14:35:48::SCWPlatform::Found the Hw Db part of the input DSA
TRACE::2023-05-30.14:35:48::SCWMssOS::Checking the sw design at  /home/sam/project/vitis/frrt_pp/ps7_cortexa9_0/standalone_domain/bsp/system.mss
TRACE::2023-05-30.14:35:48::SCWMssOS::DEBUG:  swdes dump  /home/sam/project/vitis/frrt_pp/zynq_fsbl/zynq_fsbl_bsp/system.mss|system||

TRACE::2023-05-30.14:35:48::SCWMssOS::No sw design opened at  /home/sam/project/vitis/frrt_pp/ps7_cortexa9_0/standalone_domain/bsp/system.mss
TRACE::2023-05-30.14:35:48::SCWMssOS::mss exists loading the mss file  /home/sam/project/vitis/frrt_pp/ps7_cortexa9_0/standalone_domain/bsp/system.mss
TRACE::2023-05-30.14:35:48::SCWMssOS::Opened the sw design from mss  /home/sam/project/vitis/frrt_pp/ps7_cortexa9_0/standalone_domain/bsp/system.mss
TRACE::2023-05-30.14:35:48::SCWMssOS::Adding the swdes entry /home/sam/project/vitis/frrt_pp/ps7_cortexa9_0/standalone_domain/bsp/system.mss with des name system_0
TRACE::2023-05-30.14:35:48::SCWMssOS::updating the scw layer about changes
TRACE::2023-05-30.14:35:49::SCWMssOS::Opened the sw design.  /home/sam/project/vitis/frrt_pp/ps7_cortexa9_0/standalone_domain/bsp/system.mss
TRACE::2023-05-30.14:35:49::SCWMssOS::Completed writing the mss file at /home/sam/project/vitis/frrt_pp/ps7_cortexa9_0/standalone_domain/bsp
TRACE::2023-05-30.14:35:49::SCWMssOS::Forcing BSP Sources regeneration.
KEYINFO::2023-05-30.14:35:49::SCWMssOS::Removing file /home/sam/project/vitis/frrt_pp/ps7_cortexa9_0/standalone_domain/bsp/system_0.mss
LOG::2023-05-30.14:35:58::SCWPlatform::Started generating the artifacts platform frrt_pp
TRACE::2023-05-30.14:35:58::SCWPlatform::Sanity checking of platform is completed
LOG::2023-05-30.14:35:58::SCWPlatform::Started generating the artifacts for system configuration frrt_pp
LOG::2023-05-30.14:35:58::SCWSystem::Checking the domain zynq_fsbl
LOG::2023-05-30.14:35:58::SCWSystem::Doing application build for :  zynq_fsbl
TRACE::2023-05-30.14:35:58::SCWBDomain::Not a forced makefile updation, No changes are present. 
TRACE::2023-05-30.14:35:58::SCWDomain::Skipping the build for domain :  zynq_fsbl
LOG::2023-05-30.14:35:58::SCWSystem::Checking the domain standalone_domain
LOG::2023-05-30.14:35:58::SCWSystem::Not a boot domain 
LOG::2023-05-30.14:35:58::SCWSystem::Started Processing the domain standalone_domain
TRACE::2023-05-30.14:35:58::SCWDomain::Generating domain artifcats
TRACE::2023-05-30.14:35:58::SCWMssOS::Generating standalone artifcats
TRACE::2023-05-30.14:35:58::SCWMssOS::Copying the qemu file from  /tools/Xilinx/Vitis/2021.2/data/emulation/platforms/zynq/sw/a9_standalone/qemu/qemu_args.txt To /home/sam/project/vitis/frrt_pp/export/frrt_pp/sw/frrt_pp/qemu/
TRACE::2023-05-30.14:35:58::SCWMssOS::Copying the qemu file from  /tools/Xilinx/Vitis/2021.2/data/emulation/platforms/zynq/sw/a9_standalone/qemu/qemu_args.txt To /home/sam/project/vitis/frrt_pp/export/frrt_pp/sw/frrt_pp/standalone_domain/qemu/
TRACE::2023-05-30.14:35:58::SCWMssOS:: Copying the user libraries. 
TRACE::2023-05-30.14:35:58::SCWPlatform::Trying to open the hw design at /home/sam/project/vitis/frrt_pp/hw/design_81_wrapper.xsa
TRACE::2023-05-30.14:35:58::SCWPlatform::DSA given /home/sam/project/vitis/frrt_pp/hw/design_81_wrapper.xsa
TRACE::2023-05-30.14:35:58::SCWPlatform::DSA absoulate path /home/sam/project/vitis/frrt_pp/hw/design_81_wrapper.xsa
TRACE::2023-05-30.14:35:58::SCWPlatform::DSA directory /home/sam/project/vitis/frrt_pp/hw
TRACE::2023-05-30.14:35:58::SCWPlatform:: Platform Path /home/sam/project/vitis/frrt_pp/hw/design_81_wrapper.xsa
TRACE::2023-05-30.14:35:58::SCWPlatform:: Unique name xilinx:zybo-z7-20::0.0
TRACE::2023-05-30.14:35:58::SCWPlatform::Trying to set the existing hwdb with name design_1_wrapper_1
TRACE::2023-05-30.14:35:58::SCWPlatform::Opened existing hwdb design_1_wrapper_1
TRACE::2023-05-30.14:35:58::SCWPlatform::Found the Hw Db part of the input DSA
TRACE::2023-05-30.14:35:58::SCWMssOS::Checking the sw design at  /home/sam/project/vitis/frrt_pp/ps7_cortexa9_0/standalone_domain/bsp/system.mss
TRACE::2023-05-30.14:35:58::SCWMssOS::DEBUG:  swdes dump  /home/sam/project/vitis/frrt_pp/zynq_fsbl/zynq_fsbl_bsp/system.mss|system||

TRACE::2023-05-30.14:35:58::SCWMssOS::No sw design opened at  /home/sam/project/vitis/frrt_pp/ps7_cortexa9_0/standalone_domain/bsp/system.mss
TRACE::2023-05-30.14:35:58::SCWMssOS::mss exists loading the mss file  /home/sam/project/vitis/frrt_pp/ps7_cortexa9_0/standalone_domain/bsp/system.mss
TRACE::2023-05-30.14:35:58::SCWMssOS::Opened the sw design from mss  /home/sam/project/vitis/frrt_pp/ps7_cortexa9_0/standalone_domain/bsp/system.mss
TRACE::2023-05-30.14:35:58::SCWMssOS::Adding the swdes entry /home/sam/project/vitis/frrt_pp/ps7_cortexa9_0/standalone_domain/bsp/system.mss with des name system_0
TRACE::2023-05-30.14:35:58::SCWMssOS::updating the scw layer about changes
TRACE::2023-05-30.14:35:58::SCWMssOS::Opened the sw design.  /home/sam/project/vitis/frrt_pp/ps7_cortexa9_0/standalone_domain/bsp/system.mss
TRACE::2023-05-30.14:35:58::SCWMssOS::Completed writing the mss file at /home/sam/project/vitis/frrt_pp/ps7_cortexa9_0/standalone_domain/bsp
TRACE::2023-05-30.14:35:58::SCWMssOS::Mss edits present, copying mssfile into export location /home/sam/project/vitis/frrt_pp/ps7_cortexa9_0/standalone_domain/bsp/system.mss
TRACE::2023-05-30.14:35:58::SCWMssOS::bsp generated is upto date with the mss file. Skipping bsp generation.
TRACE::2023-05-30.14:35:58::SCWMssOS::BSP is already built. skipping the bsp build ... 
TRACE::2023-05-30.14:35:58::SCWDomain::Building the domain :  standalone_domain
TRACE::2023-05-30.14:35:58::SCWMssOS::doing bsp build ... 
TRACE::2023-05-30.14:35:58::SCWMssOS::System Command Ran  cd  /home/sam/project/vitis/frrt_pp/ps7_cortexa9_0/standalone_domain/bsp ; bash -c "make  " 
TRACE::2023-05-30.14:35:58::SCWMssOS::make --no-print-directory seq_libs

TRACE::2023-05-30.14:35:58::SCWMssOS::Running Make include in ps7_cortexa9_0/libsrc/gpiops_v3_9/src

TRACE::2023-05-30.14:35:58::SCWMssOS::make -C ps7_cortexa9_0/libsrc/gpiops_v3_9/src -s include  "SHELL=/bin/sh" "COMPILER=arm-none-eabi-gcc" "ASSEMBLER=arm-none-eabi
TRACE::2023-05-30.14:35:58::SCWMssOS::-as" "ARCHIVER=arm-none-eabi-ar" "COMPILER_FLAGS=  -O2 -c" "EXTRA_COMPILER_FLAGS=-mcpu=cortex-a9 -mfpu=vfpv3 -mfloat-abi=hard -
TRACE::2023-05-30.14:35:58::SCWMssOS::nostartfiles -g -Wall -Wextra -fno-tree-loop-distribute-patterns"

TRACE::2023-05-30.14:35:58::SCWMssOS::Running Make include in ps7_cortexa9_0/libsrc/sdps_v3_13/src

TRACE::2023-05-30.14:35:58::SCWMssOS::make -C ps7_cortexa9_0/libsrc/sdps_v3_13/src -s include  "SHELL=/bin/sh" "COMPILER=arm-none-eabi-gcc" "ASSEMBLER=arm-none-eabi-
TRACE::2023-05-30.14:35:58::SCWMssOS::as" "ARCHIVER=arm-none-eabi-ar" "COMPILER_FLAGS=  -O2 -c" "EXTRA_COMPILER_FLAGS=-mcpu=cortex-a9 -mfpu=vfpv3 -mfloat-abi=hard -n
TRACE::2023-05-30.14:35:58::SCWMssOS::ostartfiles -g -Wall -Wextra -fno-tree-loop-distribute-patterns"

TRACE::2023-05-30.14:35:58::SCWMssOS::Running Make include in ps7_cortexa9_0/libsrc/scuwdt_v2_4/src

TRACE::2023-05-30.14:35:58::SCWMssOS::make -C ps7_cortexa9_0/libsrc/scuwdt_v2_4/src -s include  "SHELL=/bin/sh" "COMPILER=arm-none-eabi-gcc" "ASSEMBLER=arm-none-eabi
TRACE::2023-05-30.14:35:58::SCWMssOS::-as" "ARCHIVER=arm-none-eabi-ar" "COMPILER_FLAGS=  -O2 -c" "EXTRA_COMPILER_FLAGS=-mcpu=cortex-a9 -mfpu=vfpv3 -mfloat-abi=hard -
TRACE::2023-05-30.14:35:58::SCWMssOS::nostartfiles -g -Wall -Wextra -fno-tree-loop-distribute-patterns"

TRACE::2023-05-30.14:35:58::SCWMssOS::Running Make include in ps7_cortexa9_0/libsrc/devcfg_v3_7/src

TRACE::2023-05-30.14:35:58::SCWMssOS::make -C ps7_cortexa9_0/libsrc/devcfg_v3_7/src -s include  "SHELL=/bin/sh" "COMPILER=arm-none-eabi-gcc" "ASSEMBLER=arm-none-eabi
TRACE::2023-05-30.14:35:58::SCWMssOS::-as" "ARCHIVER=arm-none-eabi-ar" "COMPILER_FLAGS=  -O2 -c" "EXTRA_COMPILER_FLAGS=-mcpu=cortex-a9 -mfpu=vfpv3 -mfloat-abi=hard -
TRACE::2023-05-30.14:35:58::SCWMssOS::nostartfiles -g -Wall -Wextra -fno-tree-loop-distribute-patterns"

TRACE::2023-05-30.14:35:58::SCWMssOS::Running Make include in ps7_cortexa9_0/libsrc/scugic_v4_6/src

TRACE::2023-05-30.14:35:58::SCWMssOS::make -C ps7_cortexa9_0/libsrc/scugic_v4_6/src -s include  "SHELL=/bin/sh" "COMPILER=arm-none-eabi-gcc" "ASSEMBLER=arm-none-eabi
TRACE::2023-05-30.14:35:58::SCWMssOS::-as" "ARCHIVER=arm-none-eabi-ar" "COMPILER_FLAGS=  -O2 -c" "EXTRA_COMPILER_FLAGS=-mcpu=cortex-a9 -mfpu=vfpv3 -mfloat-abi=hard -
TRACE::2023-05-30.14:35:58::SCWMssOS::nostartfiles -g -Wall -Wextra -fno-tree-loop-distribute-patterns"

TRACE::2023-05-30.14:35:58::SCWMssOS::Running Make include in ps7_cortexa9_0/libsrc/emacps_v3_15/src

TRACE::2023-05-30.14:35:58::SCWMssOS::make -C ps7_cortexa9_0/libsrc/emacps_v3_15/src -s include  "SHELL=/bin/sh" "COMPILER=arm-none-eabi-gcc" "ASSEMBLER=arm-none-eab
TRACE::2023-05-30.14:35:58::SCWMssOS::i-as" "ARCHIVER=arm-none-eabi-ar" "COMPILER_FLAGS=  -O2 -c" "EXTRA_COMPILER_FLAGS=-mcpu=cortex-a9 -mfpu=vfpv3 -mfloat-abi=hard 
TRACE::2023-05-30.14:35:58::SCWMssOS::-nostartfiles -g -Wall -Wextra -fno-tree-loop-distribute-patterns"

TRACE::2023-05-30.14:35:58::SCWMssOS::Running Make include in ps7_cortexa9_0/libsrc/rrt_v1_0/src

TRACE::2023-05-30.14:35:58::SCWMssOS::make -C ps7_cortexa9_0/libsrc/rrt_v1_0/src -s include  "SHELL=/bin/sh" "COMPILER=arm-none-eabi-gcc" "ASSEMBLER=arm-none-eabi-as
TRACE::2023-05-30.14:35:58::SCWMssOS::" "ARCHIVER=arm-none-eabi-ar" "COMPILER_FLAGS=  -O2 -c" "EXTRA_COMPILER_FLAGS=-mcpu=cortex-a9 -mfpu=vfpv3 -mfloat-abi=hard -nos
TRACE::2023-05-30.14:35:58::SCWMssOS::tartfiles -g -Wall -Wextra -fno-tree-loop-distribute-patterns"

TRACE::2023-05-30.14:35:58::SCWMssOS::Running Make include in ps7_cortexa9_0/libsrc/uartps_v3_11/src

TRACE::2023-05-30.14:35:58::SCWMssOS::make -C ps7_cortexa9_0/libsrc/uartps_v3_11/src -s include  "SHELL=/bin/sh" "COMPILER=arm-none-eabi-gcc" "ASSEMBLER=arm-none-eab
TRACE::2023-05-30.14:35:58::SCWMssOS::i-as" "ARCHIVER=arm-none-eabi-ar" "COMPILER_FLAGS=  -O2 -c" "EXTRA_COMPILER_FLAGS=-mcpu=cortex-a9 -mfpu=vfpv3 -mfloat-abi=hard 
TRACE::2023-05-30.14:35:58::SCWMssOS::-nostartfiles -g -Wall -Wextra -fno-tree-loop-distribute-patterns"

TRACE::2023-05-30.14:35:58::SCWMssOS::Running Make include in ps7_cortexa9_0/libsrc/scutimer_v2_3/src

TRACE::2023-05-30.14:35:58::SCWMssOS::make -C ps7_cortexa9_0/libsrc/scutimer_v2_3/src -s include  "SHELL=/bin/sh" "COMPILER=arm-none-eabi-gcc" "ASSEMBLER=arm-none-ea
TRACE::2023-05-30.14:35:58::SCWMssOS::bi-as" "ARCHIVER=arm-none-eabi-ar" "COMPILER_FLAGS=  -O2 -c" "EXTRA_COMPILER_FLAGS=-mcpu=cortex-a9 -mfpu=vfpv3 -mfloat-abi=hard
TRACE::2023-05-30.14:35:58::SCWMssOS:: -nostartfiles -g -Wall -Wextra -fno-tree-loop-distribute-patterns"

TRACE::2023-05-30.14:35:58::SCWMssOS::Running Make include in ps7_cortexa9_0/libsrc/qspips_v3_9/src

TRACE::2023-05-30.14:35:58::SCWMssOS::make -C ps7_cortexa9_0/libsrc/qspips_v3_9/src -s include  "SHELL=/bin/sh" "COMPILER=arm-none-eabi-gcc" "ASSEMBLER=arm-none-eabi
TRACE::2023-05-30.14:35:58::SCWMssOS::-as" "ARCHIVER=arm-none-eabi-ar" "COMPILER_FLAGS=  -O2 -c" "EXTRA_COMPILER_FLAGS=-mcpu=cortex-a9 -mfpu=vfpv3 -mfloat-abi=hard -
TRACE::2023-05-30.14:35:58::SCWMssOS::nostartfiles -g -Wall -Wextra -fno-tree-loop-distribute-patterns"

TRACE::2023-05-30.14:35:58::SCWMssOS::Running Make include in ps7_cortexa9_0/libsrc/standalone_v7_6/src

TRACE::2023-05-30.14:35:58::SCWMssOS::make -C ps7_cortexa9_0/libsrc/standalone_v7_6/src -s include  "SHELL=/bin/sh" "COMPILER=arm-none-eabi-gcc" "ASSEMBLER=arm-none-
TRACE::2023-05-30.14:35:58::SCWMssOS::eabi-as" "ARCHIVER=arm-none-eabi-ar" "COMPILER_FLAGS=  -O2 -c" "EXTRA_COMPILER_FLAGS=-mcpu=cortex-a9 -mfpu=vfpv3 -mfloat-abi=ha
TRACE::2023-05-30.14:35:58::SCWMssOS::rd -nostartfiles -g -Wall -Wextra -fno-tree-loop-distribute-patterns"

TRACE::2023-05-30.14:35:58::SCWMssOS::Running Make include in ps7_cortexa9_0/libsrc/usbps_v2_7/src

TRACE::2023-05-30.14:35:58::SCWMssOS::make -C ps7_cortexa9_0/libsrc/usbps_v2_7/src -s include  "SHELL=/bin/sh" "COMPILER=arm-none-eabi-gcc" "ASSEMBLER=arm-none-eabi-
TRACE::2023-05-30.14:35:58::SCWMssOS::as" "ARCHIVER=arm-none-eabi-ar" "COMPILER_FLAGS=  -O2 -c" "EXTRA_COMPILER_FLAGS=-mcpu=cortex-a9 -mfpu=vfpv3 -mfloat-abi=hard -n
TRACE::2023-05-30.14:35:58::SCWMssOS::ostartfiles -g -Wall -Wextra -fno-tree-loop-distribute-patterns"

TRACE::2023-05-30.14:35:58::SCWMssOS::Running Make include in ps7_cortexa9_0/libsrc/coresightps_dcc_v1_8/src

TRACE::2023-05-30.14:35:58::SCWMssOS::make -C ps7_cortexa9_0/libsrc/coresightps_dcc_v1_8/src -s include  "SHELL=/bin/sh" "COMPILER=arm-none-eabi-gcc" "ASSEMBLER=arm-
TRACE::2023-05-30.14:35:58::SCWMssOS::none-eabi-as" "ARCHIVER=arm-none-eabi-ar" "COMPILER_FLAGS=  -O2 -c" "EXTRA_COMPILER_FLAGS=-mcpu=cortex-a9 -mfpu=vfpv3 -mfloat-a
TRACE::2023-05-30.14:35:58::SCWMssOS::bi=hard -nostartfiles -g -Wall -Wextra -fno-tree-loop-distribute-patterns"

TRACE::2023-05-30.14:35:58::SCWMssOS::Running Make include in ps7_cortexa9_0/libsrc/axidma_v9_13/src

TRACE::2023-05-30.14:35:58::SCWMssOS::make -C ps7_cortexa9_0/libsrc/axidma_v9_13/src -s include  "SHELL=/bin/sh" "COMPILER=arm-none-eabi-gcc" "ASSEMBLER=arm-none-eab
TRACE::2023-05-30.14:35:58::SCWMssOS::i-as" "ARCHIVER=arm-none-eabi-ar" "COMPILER_FLAGS=  -O2 -c" "EXTRA_COMPILER_FLAGS=-mcpu=cortex-a9 -mfpu=vfpv3 -mfloat-abi=hard 
TRACE::2023-05-30.14:35:58::SCWMssOS::-nostartfiles -g -Wall -Wextra -fno-tree-loop-distribute-patterns"

TRACE::2023-05-30.14:35:58::SCWMssOS::Running Make include in ps7_cortexa9_0/libsrc/ddrps_v1_2/src

TRACE::2023-05-30.14:35:58::SCWMssOS::make -C ps7_cortexa9_0/libsrc/ddrps_v1_2/src -s include  "SHELL=/bin/sh" "COMPILER=arm-none-eabi-gcc" "ASSEMBLER=arm-none-eabi-
TRACE::2023-05-30.14:35:58::SCWMssOS::as" "ARCHIVER=arm-none-eabi-ar" "COMPILER_FLAGS=  -O2 -c" "EXTRA_COMPILER_FLAGS=-mcpu=cortex-a9 -mfpu=vfpv3 -mfloat-abi=hard -n
TRACE::2023-05-30.14:35:58::SCWMssOS::ostartfiles -g -Wall -Wextra -fno-tree-loop-distribute-patterns"

TRACE::2023-05-30.14:35:58::SCWMssOS::Running Make include in ps7_cortexa9_0/libsrc/xadcps_v2_6/src

TRACE::2023-05-30.14:35:58::SCWMssOS::make -C ps7_cortexa9_0/libsrc/xadcps_v2_6/src -s include  "SHELL=/bin/sh" "COMPILER=arm-none-eabi-gcc" "ASSEMBLER=arm-none-eabi
TRACE::2023-05-30.14:35:58::SCWMssOS::-as" "ARCHIVER=arm-none-eabi-ar" "COMPILER_FLAGS=  -O2 -c" "EXTRA_COMPILER_FLAGS=-mcpu=cortex-a9 -mfpu=vfpv3 -mfloat-abi=hard -
TRACE::2023-05-30.14:35:58::SCWMssOS::nostartfiles -g -Wall -Wextra -fno-tree-loop-distribute-patterns"

TRACE::2023-05-30.14:35:58::SCWMssOS::Running Make include in ps7_cortexa9_0/libsrc/cpu_cortexa9_v2_11/src

TRACE::2023-05-30.14:35:58::SCWMssOS::make -C ps7_cortexa9_0/libsrc/cpu_cortexa9_v2_11/src -s include  "SHELL=/bin/sh" "COMPILER=arm-none-eabi-gcc" "ASSEMBLER=arm-no
TRACE::2023-05-30.14:35:58::SCWMssOS::ne-eabi-as" "ARCHIVER=arm-none-eabi-ar" "COMPILER_FLAGS=  -O2 -c" "EXTRA_COMPILER_FLAGS=-mcpu=cortex-a9 -mfpu=vfpv3 -mfloat-abi
TRACE::2023-05-30.14:35:58::SCWMssOS::=hard -nostartfiles -g -Wall -Wextra -fno-tree-loop-distribute-patterns"

TRACE::2023-05-30.14:35:58::SCWMssOS::Running Make include in ps7_cortexa9_0/libsrc/xilffs_v4_6/src

TRACE::2023-05-30.14:35:58::SCWMssOS::make -C ps7_cortexa9_0/libsrc/xilffs_v4_6/src -s include  "SHELL=/bin/sh" "COMPILER=arm-none-eabi-gcc" "ASSEMBLER=arm-none-eabi
TRACE::2023-05-30.14:35:58::SCWMssOS::-as" "ARCHIVER=arm-none-eabi-ar" "COMPILER_FLAGS=  -O2 -c" "EXTRA_COMPILER_FLAGS=-mcpu=cortex-a9 -mfpu=vfpv3 -mfloat-abi=hard -
TRACE::2023-05-30.14:35:58::SCWMssOS::nostartfiles -g -Wall -Wextra -fno-tree-loop-distribute-patterns"

TRACE::2023-05-30.14:35:58::SCWMssOS::Running Make include in ps7_cortexa9_0/libsrc/dmaps_v2_8/src

TRACE::2023-05-30.14:35:58::SCWMssOS::make -C ps7_cortexa9_0/libsrc/dmaps_v2_8/src -s include  "SHELL=/bin/sh" "COMPILER=arm-none-eabi-gcc" "ASSEMBLER=arm-none-eabi-
TRACE::2023-05-30.14:35:58::SCWMssOS::as" "ARCHIVER=arm-none-eabi-ar" "COMPILER_FLAGS=  -O2 -c" "EXTRA_COMPILER_FLAGS=-mcpu=cortex-a9 -mfpu=vfpv3 -mfloat-abi=hard -n
TRACE::2023-05-30.14:35:58::SCWMssOS::ostartfiles -g -Wall -Wextra -fno-tree-loop-distribute-patterns"

TRACE::2023-05-30.14:35:58::SCWMssOS::Running Make libs in ps7_cortexa9_0/libsrc/rrt_v1_0/src

TRACE::2023-05-30.14:35:58::SCWMssOS::make -C ps7_cortexa9_0/libsrc/rrt_v1_0/src -s libs  "SHELL=/bin/sh" "COMPILER=arm-none-eabi-gcc" "ASSEMBLER=arm-none-eabi-as" "
TRACE::2023-05-30.14:35:58::SCWMssOS::ARCHIVER=arm-none-eabi-ar" "COMPILER_FLAGS=  -O2 -c" "EXTRA_COMPILER_FLAGS=-mcpu=cortex-a9 -mfpu=vfpv3 -mfloat-abi=hard -nostar
TRACE::2023-05-30.14:35:58::SCWMssOS::tfiles -g -Wall -Wextra -fno-tree-loop-distribute-patterns"

TRACE::2023-05-30.14:35:59::SCWMssOS::Building rrt

TRACE::2023-05-30.14:35:59::SCWMssOS::Finished building libraries sequentially.

TRACE::2023-05-30.14:35:59::SCWMssOS::make -j 6 --no-print-directory par_libs

TRACE::2023-05-30.14:35:59::SCWMssOS::Running Make include in ps7_cortexa9_0/libsrc/gpiops_v3_9/src

TRACE::2023-05-30.14:35:59::SCWMssOS::Running Make include in ps7_cortexa9_0/libsrc/sdps_v3_13/src

TRACE::2023-05-30.14:35:59::SCWMssOS::make -C ps7_cortexa9_0/libsrc/gpiops_v3_9/src -s include  "SHELL=/bin/sh" "COMPILER=arm-none-eabi-gcc" "ASSEMBLER=arm-none-eabi
TRACE::2023-05-30.14:35:59::SCWMssOS::-as" "ARCHIVER=arm-none-eabi-ar" "COMPILER_FLAGS=  -O2 -c" "EXTRA_COMPILER_FLAGS=-mcpu=cortex-a9 -mfpu=vfpv3 -mfloat-abi=hard -
TRACE::2023-05-30.14:35:59::SCWMssOS::nostartfiles -g -Wall -Wextra -fno-tree-loop-distribute-patterns"

TRACE::2023-05-30.14:35:59::SCWMssOS::Running Make include in ps7_cortexa9_0/libsrc/scuwdt_v2_4/src

TRACE::2023-05-30.14:35:59::SCWMssOS::make -C ps7_cortexa9_0/libsrc/sdps_v3_13/src -s include  "SHELL=/bin/sh" "COMPILER=arm-none-eabi-gcc" "ASSEMBLER=arm-none-eabi-
TRACE::2023-05-30.14:35:59::SCWMssOS::as" "ARCHIVER=arm-none-eabi-ar" "COMPILER_FLAGS=  -O2 -c" "EXTRA_COMPILER_FLAGS=-mcpu=cortex-a9 -mfpu=vfpv3 -mfloat-abi=hard -n
TRACE::2023-05-30.14:35:59::SCWMssOS::ostartfiles -g -Wall -Wextra -fno-tree-loop-distribute-patterns"

TRACE::2023-05-30.14:35:59::SCWMssOS::Running Make include in ps7_cortexa9_0/libsrc/devcfg_v3_7/src

TRACE::2023-05-30.14:35:59::SCWMssOS::make -C ps7_cortexa9_0/libsrc/scuwdt_v2_4/src -s include  "SHELL=/bin/sh" "COMPILER=arm-none-eabi-gcc" "ASSEMBLER=arm-none-eabi
TRACE::2023-05-30.14:35:59::SCWMssOS::-as" "ARCHIVER=arm-none-eabi-ar" "COMPILER_FLAGS=  -O2 -c" "EXTRA_COMPILER_FLAGS=-mcpu=cortex-a9 -mfpu=vfpv3 -mfloat-abi=hard -
TRACE::2023-05-30.14:35:59::SCWMssOS::nostartfiles -g -Wall -Wextra -fno-tree-loop-distribute-patterns"

TRACE::2023-05-30.14:35:59::SCWMssOS::make -C ps7_cortexa9_0/libsrc/devcfg_v3_7/src -s include  "SHELL=/bin/sh" "COMPILER=arm-none-eabi-gcc" "ASSEMBLER=arm-none-eabi
TRACE::2023-05-30.14:35:59::SCWMssOS::-as" "ARCHIVER=arm-none-eabi-ar" "COMPILER_FLAGS=  -O2 -c" "EXTRA_COMPILER_FLAGS=-mcpu=cortex-a9 -mfpu=vfpv3 -mfloat-abi=hard -
TRACE::2023-05-30.14:35:59::SCWMssOS::nostartfiles -g -Wall -Wextra -fno-tree-loop-distribute-patterns"

TRACE::2023-05-30.14:35:59::SCWMssOS::Running Make include in ps7_cortexa9_0/libsrc/scugic_v4_6/src

TRACE::2023-05-30.14:35:59::SCWMssOS::make -C ps7_cortexa9_0/libsrc/scugic_v4_6/src -s include  "SHELL=/bin/sh" "COMPILER=arm-none-eabi-gcc" "ASSEMBLER=arm-none-eabi
TRACE::2023-05-30.14:35:59::SCWMssOS::-as" "ARCHIVER=arm-none-eabi-ar" "COMPILER_FLAGS=  -O2 -c" "EXTRA_COMPILER_FLAGS=-mcpu=cortex-a9 -mfpu=vfpv3 -mfloat-abi=hard -
TRACE::2023-05-30.14:35:59::SCWMssOS::nostartfiles -g -Wall -Wextra -fno-tree-loop-distribute-patterns"

TRACE::2023-05-30.14:35:59::SCWMssOS::Running Make include in ps7_cortexa9_0/libsrc/emacps_v3_15/src

TRACE::2023-05-30.14:35:59::SCWMssOS::Running Make include in ps7_cortexa9_0/libsrc/rrt_v1_0/src

TRACE::2023-05-30.14:35:59::SCWMssOS::make -C ps7_cortexa9_0/libsrc/emacps_v3_15/src -s include  "SHELL=/bin/sh" "COMPILER=arm-none-eabi-gcc" "ASSEMBLER=arm-none-eab
TRACE::2023-05-30.14:35:59::SCWMssOS::i-as" "ARCHIVER=arm-none-eabi-ar" "COMPILER_FLAGS=  -O2 -c" "EXTRA_COMPILER_FLAGS=-mcpu=cortex-a9 -mfpu=vfpv3 -mfloat-abi=hard 
TRACE::2023-05-30.14:35:59::SCWMssOS::-nostartfiles -g -Wall -Wextra -fno-tree-loop-distribute-patterns"

TRACE::2023-05-30.14:35:59::SCWMssOS::make -C ps7_cortexa9_0/libsrc/rrt_v1_0/src -s include  "SHELL=/bin/sh" "COMPILER=arm-none-eabi-gcc" "ASSEMBLER=arm-none-eabi-as
TRACE::2023-05-30.14:35:59::SCWMssOS::" "ARCHIVER=arm-none-eabi-ar" "COMPILER_FLAGS=  -O2 -c" "EXTRA_COMPILER_FLAGS=-mcpu=cortex-a9 -mfpu=vfpv3 -mfloat-abi=hard -nos
TRACE::2023-05-30.14:35:59::SCWMssOS::tartfiles -g -Wall -Wextra -fno-tree-loop-distribute-patterns"

TRACE::2023-05-30.14:35:59::SCWMssOS::Running Make include in ps7_cortexa9_0/libsrc/uartps_v3_11/src

TRACE::2023-05-30.14:35:59::SCWMssOS::make -C ps7_cortexa9_0/libsrc/uartps_v3_11/src -s include  "SHELL=/bin/sh" "COMPILER=arm-none-eabi-gcc" "ASSEMBLER=arm-none-eab
TRACE::2023-05-30.14:35:59::SCWMssOS::i-as" "ARCHIVER=arm-none-eabi-ar" "COMPILER_FLAGS=  -O2 -c" "EXTRA_COMPILER_FLAGS=-mcpu=cortex-a9 -mfpu=vfpv3 -mfloat-abi=hard 
TRACE::2023-05-30.14:35:59::SCWMssOS::-nostartfiles -g -Wall -Wextra -fno-tree-loop-distribute-patterns"

TRACE::2023-05-30.14:35:59::SCWMssOS::Running Make include in ps7_cortexa9_0/libsrc/scutimer_v2_3/src

TRACE::2023-05-30.14:35:59::SCWMssOS::make -C ps7_cortexa9_0/libsrc/scutimer_v2_3/src -s include  "SHELL=/bin/sh" "COMPILER=arm-none-eabi-gcc" "ASSEMBLER=arm-none-ea
TRACE::2023-05-30.14:35:59::SCWMssOS::bi-as" "ARCHIVER=arm-none-eabi-ar" "COMPILER_FLAGS=  -O2 -c" "EXTRA_COMPILER_FLAGS=-mcpu=cortex-a9 -mfpu=vfpv3 -mfloat-abi=hard
TRACE::2023-05-30.14:35:59::SCWMssOS:: -nostartfiles -g -Wall -Wextra -fno-tree-loop-distribute-patterns"

TRACE::2023-05-30.14:35:59::SCWMssOS::Running Make include in ps7_cortexa9_0/libsrc/qspips_v3_9/src

TRACE::2023-05-30.14:35:59::SCWMssOS::make -C ps7_cortexa9_0/libsrc/qspips_v3_9/src -s include  "SHELL=/bin/sh" "COMPILER=arm-none-eabi-gcc" "ASSEMBLER=arm-none-eabi
TRACE::2023-05-30.14:35:59::SCWMssOS::-as" "ARCHIVER=arm-none-eabi-ar" "COMPILER_FLAGS=  -O2 -c" "EXTRA_COMPILER_FLAGS=-mcpu=cortex-a9 -mfpu=vfpv3 -mfloat-abi=hard -
TRACE::2023-05-30.14:35:59::SCWMssOS::nostartfiles -g -Wall -Wextra -fno-tree-loop-distribute-patterns"

TRACE::2023-05-30.14:35:59::SCWMssOS::Running Make include in ps7_cortexa9_0/libsrc/standalone_v7_6/src

TRACE::2023-05-30.14:35:59::SCWMssOS::make -C ps7_cortexa9_0/libsrc/standalone_v7_6/src -s include  "SHELL=/bin/sh" "COMPILER=arm-none-eabi-gcc" "ASSEMBLER=arm-none-
TRACE::2023-05-30.14:35:59::SCWMssOS::eabi-as" "ARCHIVER=arm-none-eabi-ar" "COMPILER_FLAGS=  -O2 -c" "EXTRA_COMPILER_FLAGS=-mcpu=cortex-a9 -mfpu=vfpv3 -mfloat-abi=ha
TRACE::2023-05-30.14:35:59::SCWMssOS::rd -nostartfiles -g -Wall -Wextra -fno-tree-loop-distribute-patterns"

TRACE::2023-05-30.14:35:59::SCWMssOS::Running Make include in ps7_cortexa9_0/libsrc/usbps_v2_7/src

TRACE::2023-05-30.14:35:59::SCWMssOS::make -C ps7_cortexa9_0/libsrc/usbps_v2_7/src -s include  "SHELL=/bin/sh" "COMPILER=arm-none-eabi-gcc" "ASSEMBLER=arm-none-eabi-
TRACE::2023-05-30.14:35:59::SCWMssOS::as" "ARCHIVER=arm-none-eabi-ar" "COMPILER_FLAGS=  -O2 -c" "EXTRA_COMPILER_FLAGS=-mcpu=cortex-a9 -mfpu=vfpv3 -mfloat-abi=hard -n
TRACE::2023-05-30.14:35:59::SCWMssOS::ostartfiles -g -Wall -Wextra -fno-tree-loop-distribute-patterns"

TRACE::2023-05-30.14:35:59::SCWMssOS::Running Make include in ps7_cortexa9_0/libsrc/coresightps_dcc_v1_8/src

TRACE::2023-05-30.14:35:59::SCWMssOS::make -C ps7_cortexa9_0/libsrc/coresightps_dcc_v1_8/src -s include  "SHELL=/bin/sh" "COMPILER=arm-none-eabi-gcc" "ASSEMBLER=arm-
TRACE::2023-05-30.14:35:59::SCWMssOS::none-eabi-as" "ARCHIVER=arm-none-eabi-ar" "COMPILER_FLAGS=  -O2 -c" "EXTRA_COMPILER_FLAGS=-mcpu=cortex-a9 -mfpu=vfpv3 -mfloat-a
TRACE::2023-05-30.14:35:59::SCWMssOS::bi=hard -nostartfiles -g -Wall -Wextra -fno-tree-loop-distribute-patterns"

TRACE::2023-05-30.14:35:59::SCWMssOS::Running Make include in ps7_cortexa9_0/libsrc/axidma_v9_13/src

TRACE::2023-05-30.14:35:59::SCWMssOS::make -C ps7_cortexa9_0/libsrc/axidma_v9_13/src -s include  "SHELL=/bin/sh" "COMPILER=arm-none-eabi-gcc" "ASSEMBLER=arm-none-eab
TRACE::2023-05-30.14:35:59::SCWMssOS::i-as" "ARCHIVER=arm-none-eabi-ar" "COMPILER_FLAGS=  -O2 -c" "EXTRA_COMPILER_FLAGS=-mcpu=cortex-a9 -mfpu=vfpv3 -mfloat-abi=hard 
TRACE::2023-05-30.14:35:59::SCWMssOS::-nostartfiles -g -Wall -Wextra -fno-tree-loop-distribute-patterns"

TRACE::2023-05-30.14:35:59::SCWMssOS::Running Make include in ps7_cortexa9_0/libsrc/ddrps_v1_2/src

TRACE::2023-05-30.14:35:59::SCWMssOS::make -C ps7_cortexa9_0/libsrc/ddrps_v1_2/src -s include  "SHELL=/bin/sh" "COMPILER=arm-none-eabi-gcc" "ASSEMBLER=arm-none-eabi-
TRACE::2023-05-30.14:35:59::SCWMssOS::as" "ARCHIVER=arm-none-eabi-ar" "COMPILER_FLAGS=  -O2 -c" "EXTRA_COMPILER_FLAGS=-mcpu=cortex-a9 -mfpu=vfpv3 -mfloat-abi=hard -n
TRACE::2023-05-30.14:35:59::SCWMssOS::ostartfiles -g -Wall -Wextra -fno-tree-loop-distribute-patterns"

TRACE::2023-05-30.14:35:59::SCWMssOS::Running Make include in ps7_cortexa9_0/libsrc/xadcps_v2_6/src

TRACE::2023-05-30.14:35:59::SCWMssOS::make -C ps7_cortexa9_0/libsrc/xadcps_v2_6/src -s include  "SHELL=/bin/sh" "COMPILER=arm-none-eabi-gcc" "ASSEMBLER=arm-none-eabi
TRACE::2023-05-30.14:35:59::SCWMssOS::-as" "ARCHIVER=arm-none-eabi-ar" "COMPILER_FLAGS=  -O2 -c" "EXTRA_COMPILER_FLAGS=-mcpu=cortex-a9 -mfpu=vfpv3 -mfloat-abi=hard -
TRACE::2023-05-30.14:35:59::SCWMssOS::nostartfiles -g -Wall -Wextra -fno-tree-loop-distribute-patterns"

TRACE::2023-05-30.14:35:59::SCWMssOS::Running Make include in ps7_cortexa9_0/libsrc/cpu_cortexa9_v2_11/src

TRACE::2023-05-30.14:35:59::SCWMssOS::make -C ps7_cortexa9_0/libsrc/cpu_cortexa9_v2_11/src -s include  "SHELL=/bin/sh" "COMPILER=arm-none-eabi-gcc" "ASSEMBLER=arm-no
TRACE::2023-05-30.14:35:59::SCWMssOS::ne-eabi-as" "ARCHIVER=arm-none-eabi-ar" "COMPILER_FLAGS=  -O2 -c" "EXTRA_COMPILER_FLAGS=-mcpu=cortex-a9 -mfpu=vfpv3 -mfloat-abi
TRACE::2023-05-30.14:35:59::SCWMssOS::=hard -nostartfiles -g -Wall -Wextra -fno-tree-loop-distribute-patterns"

TRACE::2023-05-30.14:35:59::SCWMssOS::Running Make include in ps7_cortexa9_0/libsrc/xilffs_v4_6/src

TRACE::2023-05-30.14:35:59::SCWMssOS::make -C ps7_cortexa9_0/libsrc/xilffs_v4_6/src -s include  "SHELL=/bin/sh" "COMPILER=arm-none-eabi-gcc" "ASSEMBLER=arm-none-eabi
TRACE::2023-05-30.14:35:59::SCWMssOS::-as" "ARCHIVER=arm-none-eabi-ar" "COMPILER_FLAGS=  -O2 -c" "EXTRA_COMPILER_FLAGS=-mcpu=cortex-a9 -mfpu=vfpv3 -mfloat-abi=hard -
TRACE::2023-05-30.14:35:59::SCWMssOS::nostartfiles -g -Wall -Wextra -fno-tree-loop-distribute-patterns"

TRACE::2023-05-30.14:35:59::SCWMssOS::Running Make include in ps7_cortexa9_0/libsrc/dmaps_v2_8/src

TRACE::2023-05-30.14:35:59::SCWMssOS::make -C ps7_cortexa9_0/libsrc/dmaps_v2_8/src -s include  "SHELL=/bin/sh" "COMPILER=arm-none-eabi-gcc" "ASSEMBLER=arm-none-eabi-
TRACE::2023-05-30.14:35:59::SCWMssOS::as" "ARCHIVER=arm-none-eabi-ar" "COMPILER_FLAGS=  -O2 -c" "EXTRA_COMPILER_FLAGS=-mcpu=cortex-a9 -mfpu=vfpv3 -mfloat-abi=hard -n
TRACE::2023-05-30.14:35:59::SCWMssOS::ostartfiles -g -Wall -Wextra -fno-tree-loop-distribute-patterns"

TRACE::2023-05-30.14:35:59::SCWMssOS::Running Make libs in ps7_cortexa9_0/libsrc/gpiops_v3_9/src

TRACE::2023-05-30.14:35:59::SCWMssOS::Running Make libs in ps7_cortexa9_0/libsrc/sdps_v3_13/src

TRACE::2023-05-30.14:35:59::SCWMssOS::Running Make libs in ps7_cortexa9_0/libsrc/scuwdt_v2_4/src

TRACE::2023-05-30.14:35:59::SCWMssOS::Running Make libs in ps7_cortexa9_0/libsrc/devcfg_v3_7/src

TRACE::2023-05-30.14:35:59::SCWMssOS::make -C ps7_cortexa9_0/libsrc/gpiops_v3_9/src -s libs  "SHELL=/bin/sh" "COMPILER=arm-none-eabi-gcc" "ASSEMBLER=arm-none-eabi-as
TRACE::2023-05-30.14:35:59::SCWMssOS::" "ARCHIVER=arm-none-eabi-ar" "COMPILER_FLAGS=  -O2 -c" "EXTRA_COMPILER_FLAGS=-mcpu=cortex-a9 -mfpu=vfpv3 -mfloat-abi=hard -nos
TRACE::2023-05-30.14:35:59::SCWMssOS::tartfiles -g -Wall -Wextra -fno-tree-loop-distribute-patterns"

TRACE::2023-05-30.14:35:59::SCWMssOS::make -C ps7_cortexa9_0/libsrc/sdps_v3_13/src -s libs  "SHELL=/bin/sh" "COMPILER=arm-none-eabi-gcc" "ASSEMBLER=arm-none-eabi-as"
TRACE::2023-05-30.14:35:59::SCWMssOS:: "ARCHIVER=arm-none-eabi-ar" "COMPILER_FLAGS=  -O2 -c" "EXTRA_COMPILER_FLAGS=-mcpu=cortex-a9 -mfpu=vfpv3 -mfloat-abi=hard -nost
TRACE::2023-05-30.14:35:59::SCWMssOS::artfiles -g -Wall -Wextra -fno-tree-loop-distribute-patterns"

TRACE::2023-05-30.14:35:59::SCWMssOS::make -C ps7_cortexa9_0/libsrc/scuwdt_v2_4/src -s libs  "SHELL=/bin/sh" "COMPILER=arm-none-eabi-gcc" "ASSEMBLER=arm-none-eabi-as
TRACE::2023-05-30.14:35:59::SCWMssOS::" "ARCHIVER=arm-none-eabi-ar" "COMPILER_FLAGS=  -O2 -c" "EXTRA_COMPILER_FLAGS=-mcpu=cortex-a9 -mfpu=vfpv3 -mfloat-abi=hard -nos
TRACE::2023-05-30.14:35:59::SCWMssOS::tartfiles -g -Wall -Wextra -fno-tree-loop-distribute-patterns"

TRACE::2023-05-30.14:35:59::SCWMssOS::make -C ps7_cortexa9_0/libsrc/devcfg_v3_7/src -s libs  "SHELL=/bin/sh" "COMPILER=arm-none-eabi-gcc" "ASSEMBLER=arm-none-eabi-as
TRACE::2023-05-30.14:35:59::SCWMssOS::" "ARCHIVER=arm-none-eabi-ar" "COMPILER_FLAGS=  -O2 -c" "EXTRA_COMPILER_FLAGS=-mcpu=cortex-a9 -mfpu=vfpv3 -mfloat-abi=hard -nos
TRACE::2023-05-30.14:35:59::SCWMssOS::tartfiles -g -Wall -Wextra -fno-tree-loop-distribute-patterns"

TRACE::2023-05-30.14:35:59::SCWMssOS::Running Make libs in ps7_cortexa9_0/libsrc/scugic_v4_6/src

TRACE::2023-05-30.14:35:59::SCWMssOS::make -C ps7_cortexa9_0/libsrc/scugic_v4_6/src -s libs  "SHELL=/bin/sh" "COMPILER=arm-none-eabi-gcc" "ASSEMBLER=arm-none-eabi-as
TRACE::2023-05-30.14:35:59::SCWMssOS::" "ARCHIVER=arm-none-eabi-ar" "COMPILER_FLAGS=  -O2 -c" "EXTRA_COMPILER_FLAGS=-mcpu=cortex-a9 -mfpu=vfpv3 -mfloat-abi=hard -nos
TRACE::2023-05-30.14:35:59::SCWMssOS::tartfiles -g -Wall -Wextra -fno-tree-loop-distribute-patterns"

TRACE::2023-05-30.14:35:59::SCWMssOS::Running Make libs in ps7_cortexa9_0/libsrc/emacps_v3_15/src

TRACE::2023-05-30.14:35:59::SCWMssOS::make -C ps7_cortexa9_0/libsrc/emacps_v3_15/src -s libs  "SHELL=/bin/sh" "COMPILER=arm-none-eabi-gcc" "ASSEMBLER=arm-none-eabi-a
TRACE::2023-05-30.14:35:59::SCWMssOS::s" "ARCHIVER=arm-none-eabi-ar" "COMPILER_FLAGS=  -O2 -c" "EXTRA_COMPILER_FLAGS=-mcpu=cortex-a9 -mfpu=vfpv3 -mfloat-abi=hard -no
TRACE::2023-05-30.14:35:59::SCWMssOS::startfiles -g -Wall -Wextra -fno-tree-loop-distribute-patterns"

TRACE::2023-05-30.14:36:00::SCWMssOS::Running Make libs in ps7_cortexa9_0/libsrc/uartps_v3_11/src

TRACE::2023-05-30.14:36:00::SCWMssOS::make -C ps7_cortexa9_0/libsrc/uartps_v3_11/src -s libs  "SHELL=/bin/sh" "COMPILER=arm-none-eabi-gcc" "ASSEMBLER=arm-none-eabi-a
TRACE::2023-05-30.14:36:00::SCWMssOS::s" "ARCHIVER=arm-none-eabi-ar" "COMPILER_FLAGS=  -O2 -c" "EXTRA_COMPILER_FLAGS=-mcpu=cortex-a9 -mfpu=vfpv3 -mfloat-abi=hard -no
TRACE::2023-05-30.14:36:00::SCWMssOS::startfiles -g -Wall -Wextra -fno-tree-loop-distribute-patterns"

TRACE::2023-05-30.14:36:00::SCWMssOS::Running Make libs in ps7_cortexa9_0/libsrc/scutimer_v2_3/src

TRACE::2023-05-30.14:36:00::SCWMssOS::make -C ps7_cortexa9_0/libsrc/scutimer_v2_3/src -s libs  "SHELL=/bin/sh" "COMPILER=arm-none-eabi-gcc" "ASSEMBLER=arm-none-eabi-
TRACE::2023-05-30.14:36:00::SCWMssOS::as" "ARCHIVER=arm-none-eabi-ar" "COMPILER_FLAGS=  -O2 -c" "EXTRA_COMPILER_FLAGS=-mcpu=cortex-a9 -mfpu=vfpv3 -mfloat-abi=hard -n
TRACE::2023-05-30.14:36:00::SCWMssOS::ostartfiles -g -Wall -Wextra -fno-tree-loop-distribute-patterns"

TRACE::2023-05-30.14:36:00::SCWMssOS::Running Make libs in ps7_cortexa9_0/libsrc/qspips_v3_9/src

TRACE::2023-05-30.14:36:00::SCWMssOS::make -C ps7_cortexa9_0/libsrc/qspips_v3_9/src -s libs  "SHELL=/bin/sh" "COMPILER=arm-none-eabi-gcc" "ASSEMBLER=arm-none-eabi-as
TRACE::2023-05-30.14:36:00::SCWMssOS::" "ARCHIVER=arm-none-eabi-ar" "COMPILER_FLAGS=  -O2 -c" "EXTRA_COMPILER_FLAGS=-mcpu=cortex-a9 -mfpu=vfpv3 -mfloat-abi=hard -nos
TRACE::2023-05-30.14:36:00::SCWMssOS::tartfiles -g -Wall -Wextra -fno-tree-loop-distribute-patterns"

TRACE::2023-05-30.14:36:00::SCWMssOS::Running Make libs in ps7_cortexa9_0/libsrc/standalone_v7_6/src

TRACE::2023-05-30.14:36:00::SCWMssOS::make -C ps7_cortexa9_0/libsrc/standalone_v7_6/src -s libs  "SHELL=/bin/sh" "COMPILER=arm-none-eabi-gcc" "ASSEMBLER=arm-none-eab
TRACE::2023-05-30.14:36:00::SCWMssOS::i-as" "ARCHIVER=arm-none-eabi-ar" "COMPILER_FLAGS=  -O2 -c" "EXTRA_COMPILER_FLAGS=-mcpu=cortex-a9 -mfpu=vfpv3 -mfloat-abi=hard 
TRACE::2023-05-30.14:36:00::SCWMssOS::-nostartfiles -g -Wall -Wextra -fno-tree-loop-distribute-patterns"

TRACE::2023-05-30.14:36:00::SCWMssOS::Running Make libs in ps7_cortexa9_0/libsrc/usbps_v2_7/src

TRACE::2023-05-30.14:36:00::SCWMssOS::make -C ps7_cortexa9_0/libsrc/usbps_v2_7/src -s libs  "SHELL=/bin/sh" "COMPILER=arm-none-eabi-gcc" "ASSEMBLER=arm-none-eabi-as"
TRACE::2023-05-30.14:36:00::SCWMssOS:: "ARCHIVER=arm-none-eabi-ar" "COMPILER_FLAGS=  -O2 -c" "EXTRA_COMPILER_FLAGS=-mcpu=cortex-a9 -mfpu=vfpv3 -mfloat-abi=hard -nost
TRACE::2023-05-30.14:36:00::SCWMssOS::artfiles -g -Wall -Wextra -fno-tree-loop-distribute-patterns"

TRACE::2023-05-30.14:36:00::SCWMssOS::Running Make libs in ps7_cortexa9_0/libsrc/coresightps_dcc_v1_8/src

TRACE::2023-05-30.14:36:00::SCWMssOS::make -C ps7_cortexa9_0/libsrc/coresightps_dcc_v1_8/src -s libs  "SHELL=/bin/sh" "COMPILER=arm-none-eabi-gcc" "ASSEMBLER=arm-non
TRACE::2023-05-30.14:36:00::SCWMssOS::e-eabi-as" "ARCHIVER=arm-none-eabi-ar" "COMPILER_FLAGS=  -O2 -c" "EXTRA_COMPILER_FLAGS=-mcpu=cortex-a9 -mfpu=vfpv3 -mfloat-abi=
TRACE::2023-05-30.14:36:00::SCWMssOS::hard -nostartfiles -g -Wall -Wextra -fno-tree-loop-distribute-patterns"

TRACE::2023-05-30.14:36:00::SCWMssOS::Running Make libs in ps7_cortexa9_0/libsrc/axidma_v9_13/src

TRACE::2023-05-30.14:36:00::SCWMssOS::make -C ps7_cortexa9_0/libsrc/axidma_v9_13/src -s libs  "SHELL=/bin/sh" "COMPILER=arm-none-eabi-gcc" "ASSEMBLER=arm-none-eabi-a
TRACE::2023-05-30.14:36:00::SCWMssOS::s" "ARCHIVER=arm-none-eabi-ar" "COMPILER_FLAGS=  -O2 -c" "EXTRA_COMPILER_FLAGS=-mcpu=cortex-a9 -mfpu=vfpv3 -mfloat-abi=hard -no
TRACE::2023-05-30.14:36:00::SCWMssOS::startfiles -g -Wall -Wextra -fno-tree-loop-distribute-patterns"

TRACE::2023-05-30.14:36:00::SCWMssOS::Running Make libs in ps7_cortexa9_0/libsrc/ddrps_v1_2/src

TRACE::2023-05-30.14:36:00::SCWMssOS::make -C ps7_cortexa9_0/libsrc/ddrps_v1_2/src -s libs  "SHELL=/bin/sh" "COMPILER=arm-none-eabi-gcc" "ASSEMBLER=arm-none-eabi-as"
TRACE::2023-05-30.14:36:00::SCWMssOS:: "ARCHIVER=arm-none-eabi-ar" "COMPILER_FLAGS=  -O2 -c" "EXTRA_COMPILER_FLAGS=-mcpu=cortex-a9 -mfpu=vfpv3 -mfloat-abi=hard -nost
TRACE::2023-05-30.14:36:00::SCWMssOS::artfiles -g -Wall -Wextra -fno-tree-loop-distribute-patterns"

TRACE::2023-05-30.14:36:01::SCWMssOS::Running Make libs in ps7_cortexa9_0/libsrc/xadcps_v2_6/src

TRACE::2023-05-30.14:36:01::SCWMssOS::make -C ps7_cortexa9_0/libsrc/xadcps_v2_6/src -s libs  "SHELL=/bin/sh" "COMPILER=arm-none-eabi-gcc" "ASSEMBLER=arm-none-eabi-as
TRACE::2023-05-30.14:36:01::SCWMssOS::" "ARCHIVER=arm-none-eabi-ar" "COMPILER_FLAGS=  -O2 -c" "EXTRA_COMPILER_FLAGS=-mcpu=cortex-a9 -mfpu=vfpv3 -mfloat-abi=hard -nos
TRACE::2023-05-30.14:36:01::SCWMssOS::tartfiles -g -Wall -Wextra -fno-tree-loop-distribute-patterns"

TRACE::2023-05-30.14:36:01::SCWMssOS::Running Make libs in ps7_cortexa9_0/libsrc/cpu_cortexa9_v2_11/src

TRACE::2023-05-30.14:36:01::SCWMssOS::make -C ps7_cortexa9_0/libsrc/cpu_cortexa9_v2_11/src -s libs  "SHELL=/bin/sh" "COMPILER=arm-none-eabi-gcc" "ASSEMBLER=arm-none-
TRACE::2023-05-30.14:36:01::SCWMssOS::eabi-as" "ARCHIVER=arm-none-eabi-ar" "COMPILER_FLAGS=  -O2 -c" "EXTRA_COMPILER_FLAGS=-mcpu=cortex-a9 -mfpu=vfpv3 -mfloat-abi=ha
TRACE::2023-05-30.14:36:01::SCWMssOS::rd -nostartfiles -g -Wall -Wextra -fno-tree-loop-distribute-patterns"

TRACE::2023-05-30.14:36:01::SCWMssOS::Running Make libs in ps7_cortexa9_0/libsrc/xilffs_v4_6/src

TRACE::2023-05-30.14:36:01::SCWMssOS::make -C ps7_cortexa9_0/libsrc/xilffs_v4_6/src -s libs  "SHELL=/bin/sh" "COMPILER=arm-none-eabi-gcc" "ASSEMBLER=arm-none-eabi-as
TRACE::2023-05-30.14:36:01::SCWMssOS::" "ARCHIVER=arm-none-eabi-ar" "COMPILER_FLAGS=  -O2 -c" "EXTRA_COMPILER_FLAGS=-mcpu=cortex-a9 -mfpu=vfpv3 -mfloat-abi=hard -nos
TRACE::2023-05-30.14:36:01::SCWMssOS::tartfiles -g -Wall -Wextra -fno-tree-loop-distribute-patterns"

TRACE::2023-05-30.14:36:01::SCWMssOS::Running Make libs in ps7_cortexa9_0/libsrc/dmaps_v2_8/src

TRACE::2023-05-30.14:36:01::SCWMssOS::make -C ps7_cortexa9_0/libsrc/dmaps_v2_8/src -s libs  "SHELL=/bin/sh" "COMPILER=arm-none-eabi-gcc" "ASSEMBLER=arm-none-eabi-as"
TRACE::2023-05-30.14:36:01::SCWMssOS:: "ARCHIVER=arm-none-eabi-ar" "COMPILER_FLAGS=  -O2 -c" "EXTRA_COMPILER_FLAGS=-mcpu=cortex-a9 -mfpu=vfpv3 -mfloat-abi=hard -nost
TRACE::2023-05-30.14:36:01::SCWMssOS::artfiles -g -Wall -Wextra -fno-tree-loop-distribute-patterns"

TRACE::2023-05-30.14:36:02::SCWMssOS::Finished building libraries parallelly.

TRACE::2023-05-30.14:36:02::SCWMssOS::make --no-print-directory archive

TRACE::2023-05-30.14:36:02::SCWMssOS::arm-none-eabi-ar -r  ps7_cortexa9_0/lib/libxil.a ps7_cortexa9_0/lib/xil_assert.o ps7_cortexa9_0/lib/putnum.o ps7_cortexa9_0/lib
TRACE::2023-05-30.14:36:02::SCWMssOS::/xrrt.o ps7_cortexa9_0/lib/xil_exception.o ps7_cortexa9_0/lib/xqspips_selftest.o ps7_cortexa9_0/lib/xsdps_sinit.o ps7_cortexa9_
TRACE::2023-05-30.14:36:02::SCWMssOS::0/lib/xusbps_endpoint.o ps7_cortexa9_0/lib/xgpiops.o ps7_cortexa9_0/lib/xqspips_g.o ps7_cortexa9_0/lib/xrrt_sinit.o ps7_cortexa
TRACE::2023-05-30.14:36:02::SCWMssOS::9_0/lib/xemacps_sinit.o ps7_cortexa9_0/lib/_sbrk.o ps7_cortexa9_0/lib/xrrt_g.o ps7_cortexa9_0/lib/xpm_counter.o ps7_cortexa9_0/
TRACE::2023-05-30.14:36:02::SCWMssOS::lib/xdevcfg_selftest.o ps7_cortexa9_0/lib/xgpiops_sinit.o ps7_cortexa9_0/lib/xdmaps.o ps7_cortexa9_0/lib/xdevcfg_sinit.o ps7_co
TRACE::2023-05-30.14:36:02::SCWMssOS::rtexa9_0/lib/xil_testcache.o ps7_cortexa9_0/lib/getpid.o ps7_cortexa9_0/lib/xscugic_intr.o ps7_cortexa9_0/lib/usleep.o ps7_cort
TRACE::2023-05-30.14:36:02::SCWMssOS::exa9_0/lib/asm_vectors.o ps7_cortexa9_0/lib/xl2cc_counter.o ps7_cortexa9_0/lib/xusbps_hw.o ps7_cortexa9_0/lib/xil_testmem.o ps7
TRACE::2023-05-30.14:36:02::SCWMssOS::_cortexa9_0/lib/lseek.o ps7_cortexa9_0/lib/outbyte.o ps7_cortexa9_0/lib/xuartps_selftest.o ps7_cortexa9_0/lib/xuartps_sinit.o p
TRACE::2023-05-30.14:36:02::SCWMssOS::s7_cortexa9_0/lib/xadcps.o ps7_cortexa9_0/lib/xuartps_g.o ps7_cortexa9_0/lib/kill.o ps7_cortexa9_0/lib/xil_printf.o ps7_cortexa
TRACE::2023-05-30.14:36:02::SCWMssOS::9_0/lib/abort.o ps7_cortexa9_0/lib/xdmaps_sinit.o ps7_cortexa9_0/lib/time.o ps7_cortexa9_0/lib/xil_mem.o ps7_cortexa9_0/lib/xsc
TRACE::2023-05-30.14:36:02::SCWMssOS::uwdt.o ps7_cortexa9_0/lib/xgpiops_selftest.o ps7_cortexa9_0/lib/xusbps_sinit.o ps7_cortexa9_0/lib/xemacps_g.o ps7_cortexa9_0/li
TRACE::2023-05-30.14:36:02::SCWMssOS::b/close.o ps7_cortexa9_0/lib/xsdps.o ps7_cortexa9_0/lib/xusbps_g.o ps7_cortexa9_0/lib/xqspips_hw.o ps7_cortexa9_0/lib/xscutimer
TRACE::2023-05-30.14:36:02::SCWMssOS::_selftest.o ps7_cortexa9_0/lib/xdmaps_selftest.o ps7_cortexa9_0/lib/inbyte.o ps7_cortexa9_0/lib/xemacps_hw.o ps7_cortexa9_0/lib
TRACE::2023-05-30.14:36:02::SCWMssOS::/xscutimer_sinit.o ps7_cortexa9_0/lib/xil_misc_psreset_api.o ps7_cortexa9_0/lib/xsdps_options.o ps7_cortexa9_0/lib/xscutimer_g.
TRACE::2023-05-30.14:36:02::SCWMssOS::o ps7_cortexa9_0/lib/xdmaps_g.o ps7_cortexa9_0/lib/xqspips_options.o ps7_cortexa9_0/lib/xil_sleeptimer.o ps7_cortexa9_0/lib/xde
TRACE::2023-05-30.14:36:02::SCWMssOS::vcfg_hw.o ps7_cortexa9_0/lib/unlink.o ps7_cortexa9_0/lib/sleep.o ps7_cortexa9_0/lib/_exit.o ps7_cortexa9_0/lib/xil_mmu.o ps7_co
TRACE::2023-05-30.14:36:02::SCWMssOS::rtexa9_0/lib/xplatform_info.o ps7_cortexa9_0/lib/xadcps_selftest.o ps7_cortexa9_0/lib/xadcps_sinit.o ps7_cortexa9_0/lib/xqspips
TRACE::2023-05-30.14:36:02::SCWMssOS::_sinit.o ps7_cortexa9_0/lib/xrrt_linux.o ps7_cortexa9_0/lib/xaxidma_bdring.o ps7_cortexa9_0/lib/xadcps_g.o ps7_cortexa9_0/lib/x
TRACE::2023-05-30.14:36:02::SCWMssOS::scugic.o ps7_cortexa9_0/lib/xil-crt0.o ps7_cortexa9_0/lib/isatty.o ps7_cortexa9_0/lib/xscuwdt_selftest.o ps7_cortexa9_0/lib/xem
TRACE::2023-05-30.14:36:02::SCWMssOS::acps_intr.o ps7_cortexa9_0/lib/xil_clocking.o ps7_cortexa9_0/lib/xgpiops_g.o ps7_cortexa9_0/lib/xscuwdt_g.o ps7_cortexa9_0/lib/
TRACE::2023-05-30.14:36:02::SCWMssOS::vectors.o ps7_cortexa9_0/lib/xsdps_g.o ps7_cortexa9_0/lib/errno.o ps7_cortexa9_0/lib/xaxidma.o ps7_cortexa9_0/lib/fstat.o ps7_c
TRACE::2023-05-30.14:36:02::SCWMssOS::ortexa9_0/lib/xgpiops_hw.o ps7_cortexa9_0/lib/sbrk.o ps7_cortexa9_0/lib/xdmaps_hw.o ps7_cortexa9_0/lib/xsdps_card.o ps7_cortexa
TRACE::2023-05-30.14:36:02::SCWMssOS::9_0/lib/xuartps_intr.o ps7_cortexa9_0/lib/xil_util.o ps7_cortexa9_0/lib/xdevcfg_intr.o ps7_cortexa9_0/lib/xtime_l.o ps7_cortexa
TRACE::2023-05-30.14:36:02::SCWMssOS::9_0/lib/xscuwdt_sinit.o ps7_cortexa9_0/lib/xscugic_selftest.o ps7_cortexa9_0/lib/xdevcfg_g.o ps7_cortexa9_0/lib/open.o ps7_cort
TRACE::2023-05-30.14:36:02::SCWMssOS::exa9_0/lib/xscugic_sinit.o ps7_cortexa9_0/lib/xgpiops_intr.o ps7_cortexa9_0/lib/xscugic_g.o ps7_cortexa9_0/lib/xil_sleepcommon.
TRACE::2023-05-30.14:36:02::SCWMssOS::o ps7_cortexa9_0/lib/xaxidma_bd.o ps7_cortexa9_0/lib/xadcps_intr.o ps7_cortexa9_0/lib/cpu_init.o ps7_cortexa9_0/lib/xemacps_bdr
TRACE::2023-05-30.14:36:02::SCWMssOS::ing.o ps7_cortexa9_0/lib/boot.o ps7_cortexa9_0/lib/write.o ps7_cortexa9_0/lib/xaxidma_selftest.o ps7_cortexa9_0/lib/translation
TRACE::2023-05-30.14:36:02::SCWMssOS::_table.o ps7_cortexa9_0/lib/xil_spinlock.o ps7_cortexa9_0/lib/xaxidma_sinit.o ps7_cortexa9_0/lib/xusbps.o ps7_cortexa9_0/lib/xa
TRACE::2023-05-30.14:36:02::SCWMssOS::xidma_g.o ps7_cortexa9_0/lib/xuartps_options.o ps7_cortexa9_0/lib/xil_testio.o ps7_cortexa9_0/lib/xemacps_control.o ps7_cortexa
TRACE::2023-05-30.14:36:02::SCWMssOS::9_0/lib/xil_cache.o ps7_cortexa9_0/lib/xemacps.o ps7_cortexa9_0/lib/xcoresightpsdcc.o ps7_cortexa9_0/lib/xqspips.o ps7_cortexa9
TRACE::2023-05-30.14:36:02::SCWMssOS::_0/lib/xdevcfg.o ps7_cortexa9_0/lib/xuartps_hw.o ps7_cortexa9_0/lib/read.o ps7_cortexa9_0/lib/xscutimer.o ps7_cortexa9_0/lib/pr
TRACE::2023-05-30.14:36:02::SCWMssOS::int.o ps7_cortexa9_0/lib/fcntl.o ps7_cortexa9_0/lib/_open.o ps7_cortexa9_0/lib/cpputest_time.o ps7_cortexa9_0/lib/xuartps.o ps7
TRACE::2023-05-30.14:36:02::SCWMssOS::_cortexa9_0/lib/xscugic_hw.o ps7_cortexa9_0/lib/xsdps_host.o ps7_cortexa9_0/lib/xusbps_intr.o

TRACE::2023-05-30.14:36:02::SCWMssOS::Finished building libraries

TRACE::2023-05-30.14:36:02::SCWMssOS::Copying to export directory.
TRACE::2023-05-30.14:36:02::SCWMssOS:: Checking if to create the Supporting Applications
TRACE::2023-05-30.14:36:02::SCWMssOS:: No Linux domain exists, trying to generate FSBL 
LOG::2023-05-30.14:36:02::SCWSystem::Completed Processing the domain standalone_domain
LOG::2023-05-30.14:36:02::SCWSystem::Completed Processing the sysconfig frrt_pp
LOG::2023-05-30.14:36:02::SCWPlatform::Completed generating the artifacts for system configuration frrt_pp
TRACE::2023-05-30.14:36:02::SCWPlatform::Started preparing the platform 
TRACE::2023-05-30.14:36:02::SCWSystem::Writing the bif file for system config frrt_pp
TRACE::2023-05-30.14:36:02::SCWSystem::dir created 
TRACE::2023-05-30.14:36:02::SCWSystem::Writing the bif 
TRACE::2023-05-30.14:36:02::SCWPlatform::Started writing the spfm file 
TRACE::2023-05-30.14:36:02::SCWPlatform::Started writing the xpfm file 
TRACE::2023-05-30.14:36:02::SCWPlatform::Completed generating the platform
TRACE::2023-05-30.14:36:02::SCWMssOS::Saving the mss changes /home/sam/project/vitis/frrt_pp/zynq_fsbl/zynq_fsbl_bsp/system.mss
TRACE::2023-05-30.14:36:02::SCWMssOS::Found a swdesign opened with the mssfile.
TRACE::2023-05-30.14:36:02::SCWMssOS::Completed writemss as part of save.
TRACE::2023-05-30.14:36:02::SCWMssOS::Commit changes completed.
TRACE::2023-05-30.14:36:02::SCWMssOS::Saving the mss changes /home/sam/project/vitis/frrt_pp/ps7_cortexa9_0/standalone_domain/bsp/system.mss
TRACE::2023-05-30.14:36:02::SCWMssOS::Found a swdesign opened with the mssfile.
TRACE::2023-05-30.14:36:02::SCWMssOS::Completed writemss as part of save.
TRACE::2023-05-30.14:36:02::SCWMssOS::Commit changes completed.
TRACE::2023-05-30.14:36:02::SCWPlatform::Trying to open the hw design at /home/sam/project/vitis/frrt_pp/hw/design_81_wrapper.xsa
TRACE::2023-05-30.14:36:02::SCWPlatform::DSA given /home/sam/project/vitis/frrt_pp/hw/design_81_wrapper.xsa
TRACE::2023-05-30.14:36:02::SCWPlatform::DSA absoulate path /home/sam/project/vitis/frrt_pp/hw/design_81_wrapper.xsa
TRACE::2023-05-30.14:36:02::SCWPlatform::DSA directory /home/sam/project/vitis/frrt_pp/hw
TRACE::2023-05-30.14:36:02::SCWPlatform:: Platform Path /home/sam/project/vitis/frrt_pp/hw/design_81_wrapper.xsa
TRACE::2023-05-30.14:36:02::SCWPlatform:: Unique name xilinx:zybo-z7-20::0.0
TRACE::2023-05-30.14:36:02::SCWPlatform::Trying to set the existing hwdb with name design_1_wrapper_1
TRACE::2023-05-30.14:36:02::SCWPlatform::Opened existing hwdb design_1_wrapper_1
TRACE::2023-05-30.14:36:02::SCWPlatform::Found the Hw Db part of the input DSA
TRACE::2023-05-30.14:36:02::SCWMssOS::Checking the sw design at  /home/sam/project/vitis/frrt_pp/zynq_fsbl/zynq_fsbl_bsp/system.mss
TRACE::2023-05-30.14:36:02::SCWMssOS::DEBUG:  swdes dump  /home/sam/project/vitis/frrt_pp/ps7_cortexa9_0/standalone_domain/bsp/system.mss|system_0||
/home/sam/project/vitis/frrt_pp/zynq_fsbl/zynq_fsbl_bsp/system.mss|system||

TRACE::2023-05-30.14:36:02::SCWMssOS::Sw design exists and opened at  /home/sam/project/vitis/frrt_pp/zynq_fsbl/zynq_fsbl_bsp/system.mss
TRACE::2023-05-30.14:36:02::SCWPlatform::Trying to open the hw design at /home/sam/project/vitis/frrt_pp/hw/design_81_wrapper.xsa
TRACE::2023-05-30.14:36:02::SCWPlatform::DSA given /home/sam/project/vitis/frrt_pp/hw/design_81_wrapper.xsa
TRACE::2023-05-30.14:36:02::SCWPlatform::DSA absoulate path /home/sam/project/vitis/frrt_pp/hw/design_81_wrapper.xsa
TRACE::2023-05-30.14:36:02::SCWPlatform::DSA directory /home/sam/project/vitis/frrt_pp/hw
TRACE::2023-05-30.14:36:02::SCWPlatform:: Platform Path /home/sam/project/vitis/frrt_pp/hw/design_81_wrapper.xsa
TRACE::2023-05-30.14:36:02::SCWPlatform:: Unique name xilinx:zybo-z7-20::0.0
TRACE::2023-05-30.14:36:02::SCWPlatform::Trying to set the existing hwdb with name design_1_wrapper_1
TRACE::2023-05-30.14:36:02::SCWPlatform::Opened existing hwdb design_1_wrapper_1
TRACE::2023-05-30.14:36:02::SCWPlatform::Found the Hw Db part of the input DSA
TRACE::2023-05-30.14:36:02::SCWMssOS::Checking the sw design at  /home/sam/project/vitis/frrt_pp/ps7_cortexa9_0/standalone_domain/bsp/system.mss
TRACE::2023-05-30.14:36:02::SCWMssOS::DEBUG:  swdes dump  /home/sam/project/vitis/frrt_pp/ps7_cortexa9_0/standalone_domain/bsp/system.mss|system_0||
/home/sam/project/vitis/frrt_pp/zynq_fsbl/zynq_fsbl_bsp/system.mss|system||

TRACE::2023-05-30.14:36:02::SCWMssOS::Sw design exists and opened at  /home/sam/project/vitis/frrt_pp/ps7_cortexa9_0/standalone_domain/bsp/system.mss
TRACE::2023-05-30.14:36:02::SCWWriter::formatted JSON is {
	"platformName":	"frrt_pp",
	"sprVersion":	"2.0",
	"mode":	"gui",
	"dsaType":	"Fixed",
	"platformDesc":	"frrt_pp",
	"platHandOff":	"/home/sam/project/vivado/rrt_pynq_fp32/design_81_wrapper.xsa",
	"platIntHandOff":	"<platformDir>/hw/design_81_wrapper.xsa",
	"deviceType":	"zynq",
	"platIsPrebuiltAutogen":	"false",
	"platIsNoBootBsp":	"false",
	"hasFsblMakeHasChanges":	"false",
	"hasPmufwMakeHasChanges":	"false",
	"fsblExtraCompilerFlags":	"-MMD -MP       -mcpu=cortex-a9 -mfpu=vfpv3 -mfloat-abi=hard ",
	"platPreBuiltFlag":	false,
	"platformSamplesDir":	"",
	"platActiveSys":	"frrt_pp",
	"systems":	[{
			"systemName":	"frrt_pp",
			"systemDesc":	"frrt_pp",
			"sysIsBootAutoGen":	"true",
			"systemDispName":	"frrt_pp",
			"sysActiveDom":	"standalone_domain",
			"sysDefaultDom":	"standalone_domain",
			"domains":	[{
					"domainName":	"zynq_fsbl",
					"domainDispName":	"zynq_fsbl",
					"domainDesc":	"FSBL Application BSP - Auto Generated.",
					"processors":	"ps7_cortexa9_0",
					"os":	"standalone",
					"sdxOs":	"standalone",
					"debugEnable":	"",
					"domRuntimes":	["cpp"],
					"swRepo":	"",
					"mssOsVer":	"7.6",
					"mssFile":	"",
					"md5Digest":	"e2251ebcbe8200a6d4e3e73814821fa2",
					"compatibleApp":	"zynq_fsbl",
					"domType":	"bootDomain",
					"arch":	"32-bit",
					"appSettings":	{
						"appCompilerFlags":	"",
						"appLinkerFlags":	""
					},
					"addedLibs":	["xilffs:4.6", "xilrsa:1.6"],
					"libOptions":	{
						"libsContainingOptions":	[]
					},
					"prebuiltLibs":	{
						"prebuiltIncPath":	[],
						"prebuiltLibPath":	[]
					},
					"isolation":	{
					}
				}, {
					"domainName":	"standalone_domain",
					"domainDispName":	"standalone on ps7_cortexa9_0",
					"domainDesc":	"standalone_domain",
					"processors":	"ps7_cortexa9_0",
					"os":	"standalone",
					"sdxOs":	"standalone",
					"qemuArgs":	"/tools/Xilinx/Vitis/2021.2/data/emulation/platforms/zynq/sw/a9_standalone/qemu/qemu_args.txt",
					"qemuData":	"/tools/Xilinx/Vitis/2021.2/data/emulation/platforms/zynq/sw/a9_standalone/qemu/",
					"debugEnable":	"False",
					"domRuntimes":	["cpp"],
					"swRepo":	"",
					"mssOsVer":	"7.6",
					"mssFile":	"",
					"md5Digest":	"5c4f3b2250e655d71b23d0f0d9829af9",
					"compatibleApp":	"",
					"domType":	"mssDomain",
					"appSettings":	{
						"appCompilerFlags":	"",
						"appLinkerFlags":	""
					},
					"addedLibs":	["xilffs:4.6"],
					"libOptions":	{
						"libsContainingOptions":	[]
					},
					"prebuiltLibs":	{
						"prebuiltIncPath":	[],
						"prebuiltLibPath":	[]
					},
					"isolation":	{
					}
				}]
		}]
}
KEYINFO::2023-05-30.14:36:02::SCWPlatform::updated the xpfm file.
TRACE::2023-05-30.14:36:02::SCWPlatform::Trying to open the hw design at /home/sam/project/vitis/frrt_pp/hw/design_81_wrapper.xsa
TRACE::2023-05-30.14:36:02::SCWPlatform::DSA given /home/sam/project/vitis/frrt_pp/hw/design_81_wrapper.xsa
TRACE::2023-05-30.14:36:02::SCWPlatform::DSA absoulate path /home/sam/project/vitis/frrt_pp/hw/design_81_wrapper.xsa
TRACE::2023-05-30.14:36:02::SCWPlatform::DSA directory /home/sam/project/vitis/frrt_pp/hw
TRACE::2023-05-30.14:36:02::SCWPlatform:: Platform Path /home/sam/project/vitis/frrt_pp/hw/design_81_wrapper.xsa
TRACE::2023-05-30.14:36:02::SCWPlatform:: Unique name xilinx:zybo-z7-20::0.0
TRACE::2023-05-30.14:36:02::SCWPlatform::Trying to set the existing hwdb with name design_1_wrapper_1
TRACE::2023-05-30.14:36:02::SCWPlatform::Opened existing hwdb design_1_wrapper_1
TRACE::2023-05-30.14:36:02::SCWPlatform::Found the Hw Db part of the input DSA
TRACE::2023-05-30.14:36:02::SCWMssOS::Checking the sw design at  /home/sam/project/vitis/frrt_pp/ps7_cortexa9_0/standalone_domain/bsp/system.mss
TRACE::2023-05-30.14:36:02::SCWMssOS::DEBUG:  swdes dump  /home/sam/project/vitis/frrt_pp/ps7_cortexa9_0/standalone_domain/bsp/system.mss|system_0||
/home/sam/project/vitis/frrt_pp/zynq_fsbl/zynq_fsbl_bsp/system.mss|system||

TRACE::2023-05-30.14:36:02::SCWMssOS::Sw design exists and opened at  /home/sam/project/vitis/frrt_pp/ps7_cortexa9_0/standalone_domain/bsp/system.mss
