==============================================================
Vitis HLS - High-Level Synthesis from C, C++ and OpenCL v2021.2 (64-bit)
Copyright 1986-2021 Xilinx, Inc. All Rights Reserved.
==============================================================
==============================================================
Vitis HLS - High-Level Synthesis from C, C++ and OpenCL v2021.2 (64-bit)
Copyright 1986-2021 Xilinx, Inc. All Rights Reserved.
==============================================================
==============================================================
Vitis HLS - High-Level Synthesis from C, C++ and OpenCL v2021.2 (64-bit)
Copyright 1986-2021 Xilinx, Inc. All Rights Reserved.
==============================================================
INFO: [SYN 201-201] Setting up clock 'default' with a period of 6.75ns.
INFO: [HLS 200-1611] Setting target device to 'xcvu11p-flga2577-1-e'
INFO: [HLS 200-1505] Using flow_target 'vivado'
INFO: [HLS 200-1510] Running: set_part xcvu11p-flga2577-1-e 
INFO: [HLS 200-1510] Running: create_clock -period 6.75 -name default 
INFO: [HLS 200-1510] Running: csynth_design 
INFO: [HLS 200-111] Finished File checks and directory preparation: CPU user time: 0.01 seconds. CPU system time: 0 seconds. Elapsed time: 0.01 seconds; current allocated memory: 1.194 GB.
INFO: [HLS 200-10] Analyzing design file 'new_fixedpoint2205/main.cpp' ... 
WARNING: [HLS 207-5287] unused parameter 'nn' (new_fixedpoint2205/Aux_Lib_hw.hpp:68:46)
WARNING: [HLS 207-5287] unused parameter 'i' (new_fixedpoint2205/Aux_Lib_hw.hpp:68:53)
WARNING: [HLS 207-5287] unused parameter 'nn' (new_fixedpoint2205/Aux_Lib_hw.hpp:101:55)
WARNING: [HLS 207-5287] unused parameter 'i' (new_fixedpoint2205/Aux_Lib_hw.hpp:101:62)
WARNING: [HLS 207-5287] unused parameter 'i' (new_fixedpoint2205/main.cpp:38:93)
INFO: [HLS 200-111] Finished Source Code Analysis and Preprocessing: CPU user time: 4.91 seconds. CPU system time: 0.46 seconds. Elapsed time: 4.2 seconds; current allocated memory: 285.203 MB.
INFO: [HLS 200-777] Using interface defaults for 'Vivado' flow target.
INFO: [HLS 214-284] Auto array partition mode is set into default.
INFO: [HLS 214-178] Inlining function 'Point_2hw::Point_2hw()' into 'Segment_3hw::Segment_3hw()' (new_fixedpoint2205/Aux_Lib_hw.hpp:45:0)
INFO: [HLS 214-178] Inlining function 'fp_struct<double>::fp_struct(double)' into 'int generic_cast_IEEE754<int, (ap_q_mode)6, double>(double, bool, hls::enable_if<std::numeric_limits<int>::is_signed, bool>::type)' (/wrk/ci/prod/2021.2/rdi_builds/continuous/2021_10_19_3367213/src/shared/hls/clib/hlsmath/include/FloatingPoint/hls_case_IEEE754.h:12:0)
INFO: [HLS 214-178] Inlining function 'fp_struct<double>::mantissa() const' into 'int generic_cast_IEEE754<int, (ap_q_mode)6, double>(double, bool, hls::enable_if<std::numeric_limits<int>::is_signed, bool>::type)' (/wrk/ci/prod/2021.2/rdi_builds/continuous/2021_10_19_3367213/src/shared/hls/clib/hlsmath/include/FloatingPoint/hls_case_IEEE754.h:12:0)
INFO: [HLS 214-178] Inlining function 'fp_struct<double>::expv() const' into 'int generic_cast_IEEE754<int, (ap_q_mode)6, double>(double, bool, hls::enable_if<std::numeric_limits<int>::is_signed, bool>::type)' (/wrk/ci/prod/2021.2/rdi_builds/continuous/2021_10_19_3367213/src/shared/hls/clib/hlsmath/include/FloatingPoint/hls_case_IEEE754.h:12:0)
INFO: [HLS 214-178] Inlining function 'fp_struct<double>::__signbit() const' into 'int generic_cast_IEEE754<int, (ap_q_mode)6, double>(double, bool, hls::enable_if<std::numeric_limits<int>::is_signed, bool>::type)' (/wrk/ci/prod/2021.2/rdi_builds/continuous/2021_10_19_3367213/src/shared/hls/clib/hlsmath/include/FloatingPoint/hls_case_IEEE754.h:12:0)
INFO: [HLS 214-178] Inlining function 'int generic_cast_IEEE754<int, (ap_q_mode)6, double>(double, bool, hls::enable_if<std::numeric_limits<int>::is_signed, bool>::type)' into 'int generic_cast_IEEE754<int, double>(double, bool)' (/wrk/ci/prod/2021.2/rdi_builds/continuous/2021_10_19_3367213/src/shared/hls/clib/hlsmath/include/FloatingPoint/hls_case_IEEE754.h:116:0)
INFO: [HLS 214-178] Inlining function 'int generic_cast_IEEE754<int, double>(double, bool)' into '__hls_fptosi_double_i32' (/wrk/ci/prod/2021.2/rdi_builds/continuous/2021_10_19_3367213/src/shared/hls/clib/hlsmath/src/lib_floatconversion.cpp:55:0)
INFO: [HLS 214-178] Inlining function '__hls_fptosi_double_i32' into 'int FloatToFixed<16ul>(float)' (new_fixedpoint2205/fixedpt.h:6:0)
INFO: [HLS 214-178] Inlining function 'fp_struct<float>::fp_struct(float)' into 'int generic_cast_IEEE754<int, (ap_q_mode)6, float>(float, bool, hls::enable_if<std::numeric_limits<int>::is_signed, bool>::type)' (/wrk/ci/prod/2021.2/rdi_builds/continuous/2021_10_19_3367213/src/shared/hls/clib/hlsmath/include/FloatingPoint/hls_case_IEEE754.h:12:0)
INFO: [HLS 214-178] Inlining function 'fp_struct<float>::mantissa() const' into 'int generic_cast_IEEE754<int, (ap_q_mode)6, float>(float, bool, hls::enable_if<std::numeric_limits<int>::is_signed, bool>::type)' (/wrk/ci/prod/2021.2/rdi_builds/continuous/2021_10_19_3367213/src/shared/hls/clib/hlsmath/include/FloatingPoint/hls_case_IEEE754.h:12:0)
INFO: [HLS 214-178] Inlining function 'fp_struct<float>::expv() const' into 'int generic_cast_IEEE754<int, (ap_q_mode)6, float>(float, bool, hls::enable_if<std::numeric_limits<int>::is_signed, bool>::type)' (/wrk/ci/prod/2021.2/rdi_builds/continuous/2021_10_19_3367213/src/shared/hls/clib/hlsmath/include/FloatingPoint/hls_case_IEEE754.h:12:0)
INFO: [HLS 214-178] Inlining function 'fp_struct<float>::__signbit() const' into 'int generic_cast_IEEE754<int, (ap_q_mode)6, float>(float, bool, hls::enable_if<std::numeric_limits<int>::is_signed, bool>::type)' (/wrk/ci/prod/2021.2/rdi_builds/continuous/2021_10_19_3367213/src/shared/hls/clib/hlsmath/include/FloatingPoint/hls_case_IEEE754.h:12:0)
INFO: [HLS 214-178] Inlining function 'int generic_cast_IEEE754<int, (ap_q_mode)6, float>(float, bool, hls::enable_if<std::numeric_limits<int>::is_signed, bool>::type)' into 'int generic_cast_IEEE754<int, float>(float, bool)' (/wrk/ci/prod/2021.2/rdi_builds/continuous/2021_10_19_3367213/src/shared/hls/clib/hlsmath/include/FloatingPoint/hls_case_IEEE754.h:116:0)
INFO: [HLS 214-178] Inlining function 'int generic_cast_IEEE754<int, float>(float, bool)' into '__hls_fptosi_float_i32' (/wrk/ci/prod/2021.2/rdi_builds/continuous/2021_10_19_3367213/src/shared/hls/clib/hlsmath/src/lib_floatconversion.cpp:51:0)
INFO: [HLS 214-178] Inlining function 'int FloatToFixed<16ul>(float)' into 'Position_Holonomic_hw::Position_Holonomic_hw() (.165)' (new_fixedpoint2205/RRT_Star_hw.hpp:13:0)
INFO: [HLS 214-178] Inlining function 'Position_Holonomic_hw::Position_Holonomic_hw() (.165)' into 'Node_RRT_Poshw::Node_RRT_Poshw() (.171.176)' (new_fixedpoint2205/RRT_Star_hw.hpp:85:0)
INFO: [HLS 214-178] Inlining function 'int FloatToFixed<16ul>(float)' into 'Node_RRT_Poshw::Node_RRT_Poshw() (.171.176)' (new_fixedpoint2205/RRT_Star_hw.hpp:85:0)
INFO: [HLS 214-178] Inlining function 'Position_Holonomic_hw::Position_Holonomic_hw() (.165)' into 'Node_Randhw::Node_Randhw()' (new_fixedpoint2205/RRT_Star_hw.hpp:66:0)
INFO: [HLS 214-178] Inlining function 'int FloatToFixed<16ul>(float)' into 'Position_Holonomic_hw::Position_Holonomic_hw()' (new_fixedpoint2205/RRT_Star_hw.hpp:13:0)
INFO: [HLS 214-178] Inlining function 'Position_Holonomic_hw::Position_Holonomic_hw()' into 'Node_RRT_Poshw::Node_RRT_Poshw()' (new_fixedpoint2205/RRT_Star_hw.hpp:85:0)
INFO: [HLS 214-178] Inlining function 'int FloatToFixed<16ul>(float)' into 'Node_RRT_Poshw::Node_RRT_Poshw()' (new_fixedpoint2205/RRT_Star_hw.hpp:85:0)
INFO: [HLS 214-178] Inlining function 'Point_2hw::x() const (.155)' into 'Point_2hw::squared_distance(Point_2hw&)' (new_fixedpoint2205/Aux_Lib_hw.hpp:34:0)
INFO: [HLS 214-178] Inlining function '__hls_fptosi_float_i32' into 'Point_2hw::squared_distance(Point_2hw&)' (new_fixedpoint2205/Aux_Lib_hw.hpp:34:0)
INFO: [HLS 214-178] Inlining function 'fp_mult(int, int)' into 'Point_2hw::squared_distance(Point_2hw&)' (new_fixedpoint2205/Aux_Lib_hw.hpp:34:0)
INFO: [HLS 214-178] Inlining function 'Point_2hw::y() const (.152)' into 'Point_2hw::squared_distance(Point_2hw&)' (new_fixedpoint2205/Aux_Lib_hw.hpp:34:0)
INFO: [HLS 214-178] Inlining function 'Point_2hw::Point_2hw(int, int)' into 'Cal_Squared_Disthw(Node_Randhw&, Node_RRT_Poshw&)' (new_fixedpoint2205/main.cpp:21:0)
INFO: [HLS 214-178] Inlining function 'Point_2hw::squared_distance(Point_2hw&)' into 'Cal_Squared_Disthw(Node_Randhw&, Node_RRT_Poshw&)' (new_fixedpoint2205/main.cpp:21:0)
INFO: [HLS 214-178] Inlining function 'Point_2hw::Point_2hw(int, int)' into 'Cal_Disthw(Node_RRT_Poshw&, Node_Randhw&)' (new_fixedpoint2205/main.cpp:8:0)
INFO: [HLS 214-178] Inlining function 'Point_2hw::squared_distance(Point_2hw&)' into 'Cal_Disthw(Node_RRT_Poshw&, Node_Randhw&)' (new_fixedpoint2205/main.cpp:8:0)
INFO: [HLS 214-178] Inlining function 'fp_sqrtt(int)' into 'Cal_Disthw(Node_RRT_Poshw&, Node_Randhw&)' (new_fixedpoint2205/main.cpp:8:0)
INFO: [HLS 214-178] Inlining function 'Node_RRT_Poshw::Node_RRT_Poshw() (.171.176)' into 'A_StreamReaderhw(Node_RRT_Poshw&, Node_Randhw&, int)' (new_fixedpoint2205/main.cpp:39:0)
INFO: [HLS 214-178] Inlining function 'int FloatToFixed<16ul>(float)' into 'A_StreamReaderhw(Node_RRT_Poshw&, Node_Randhw&, int)' (new_fixedpoint2205/main.cpp:39:0)
INFO: [HLS 214-178] Inlining function 'fp_div(int, int)' into 'A_StreamReaderhw(Node_RRT_Poshw&, Node_Randhw&, int)' (new_fixedpoint2205/main.cpp:39:0)
INFO: [HLS 214-178] Inlining function 'Position_Holonomic_hw::Insert_Position(int, int)' into 'A_StreamReaderhw(Node_RRT_Poshw&, Node_Randhw&, int)' (new_fixedpoint2205/main.cpp:39:0)
INFO: [HLS 214-178] Inlining function 'fp_mult(int, int)' into 'A_StreamReaderhw(Node_RRT_Poshw&, Node_Randhw&, int)' (new_fixedpoint2205/main.cpp:39:0)
INFO: [HLS 214-178] Inlining function 'fp_mult(int, int)' into 'Point_2hw::squared_distance(int, int)' (new_fixedpoint2205/Aux_Lib_hw.hpp:39:0)
INFO: [HLS 214-178] Inlining function 'Point_2hw::x() const' into 'Segment_3hw::squared_distance(int&, int&, int, int)' (new_fixedpoint2205/Aux_Lib_hw.hpp:102:0)
INFO: [HLS 214-178] Inlining function 'fp_mult(int, int)' into 'Segment_3hw::squared_distance(int&, int&, int, int)' (new_fixedpoint2205/Aux_Lib_hw.hpp:102:0)
INFO: [HLS 214-178] Inlining function 'Point_2hw::y() const' into 'Segment_3hw::squared_distance(int&, int&, int, int)' (new_fixedpoint2205/Aux_Lib_hw.hpp:102:0)
INFO: [HLS 214-178] Inlining function 'fp_div(int, int)' into 'Segment_3hw::squared_distance(int&, int&, int, int)' (new_fixedpoint2205/Aux_Lib_hw.hpp:102:0)
INFO: [HLS 214-178] Inlining function 'Point_2hw::squared_distance(int, int)' into 'Segment_3hw::squared_distance(int&, int&, int, int)' (new_fixedpoint2205/Aux_Lib_hw.hpp:102:0)
INFO: [HLS 214-178] Inlining function 'int FloatToFixed<16ul>(float)' into 'Collision_detectedhw(int&, int&, int, Segment_3hw*, int)' (new_fixedpoint2205/main.cpp:78:0)
INFO: [HLS 214-178] Inlining function 'Segment_3hw::squared_distance(int&, int&, int, int)' into 'Collision_detectedhw(int&, int&, int, Segment_3hw*, int)' (new_fixedpoint2205/main.cpp:78:0)
INFO: [HLS 214-178] Inlining function 'Position_Holonomic_hw::Position_Holonomic_hw() (.165)' into 'Obstacle_Freehw(Position_Holonomic_hw&, Position_Holonomic_hw&, int, Segment_3hw*, int)' (new_fixedpoint2205/main.cpp:98:0)
INFO: [HLS 214-178] Inlining function 'int FloatToFixed<16ul>(float)' into 'Obstacle_Freehw(Position_Holonomic_hw&, Position_Holonomic_hw&, int, Segment_3hw*, int)' (new_fixedpoint2205/main.cpp:98:0)
INFO: [HLS 214-178] Inlining function 'fp_div(int, int)' into 'Obstacle_Freehw(Position_Holonomic_hw&, Position_Holonomic_hw&, int, Segment_3hw*, int)' (new_fixedpoint2205/main.cpp:98:0)
INFO: [HLS 214-178] Inlining function 'fp_mult(int, int)' into 'Obstacle_Freehw(Position_Holonomic_hw&, Position_Holonomic_hw&, int, Segment_3hw*, int)' (new_fixedpoint2205/main.cpp:98:0)
INFO: [HLS 214-178] Inlining function 'Point_2hw::Point_2hw(int, int)' into 'Obstacle_Freehw(Position_Holonomic_hw&, Position_Holonomic_hw&, int, Segment_3hw*, int)' (new_fixedpoint2205/main.cpp:98:0)
INFO: [HLS 214-178] Inlining function 'Point_2hw::Point_2hw(int, int)' into 'Cal_Squared_Disthw(Node_RRT_Poshw&, Node_RRT_Poshw&)' (new_fixedpoint2205/main.cpp:31:0)
INFO: [HLS 214-178] Inlining function 'Point_2hw::squared_distance(Point_2hw&)' into 'Cal_Squared_Disthw(Node_RRT_Poshw&, Node_RRT_Poshw&)' (new_fixedpoint2205/main.cpp:31:0)
INFO: [HLS 214-178] Inlining function 'Cal_Squared_Disthw(Node_RRT_Poshw&, Node_RRT_Poshw&)' into 'Nearhw(int*, Node_RRT_Poshw*, Node_RRT_Poshw&, int, int, int&)' (new_fixedpoint2205/main.cpp:154:0)
INFO: [HLS 214-178] Inlining function 'fp_mult(int, int)' into 'Costhw(Position_Holonomic_hw&, Position_Holonomic_hw&)' (new_fixedpoint2205/main.cpp:175:0)
INFO: [HLS 214-178] Inlining function 'fp_sqrtt(int)' into 'Costhw(Position_Holonomic_hw&, Position_Holonomic_hw&)' (new_fixedpoint2205/main.cpp:175:0)
INFO: [HLS 214-178] Inlining function 'Segment_3hw::Segment_3hw()' into 'rrt(hls::stream<hls::axis<ap_int<64>, 2ul, 5ul, 6ul>, 0>&, float, float, int, float*, float, float, hls::stream<hls::axis<ap_int<32>, 2ul, 5ul, 6ul>, 0>&)' (new_fixedpoint2205/main.cpp:200:0)
INFO: [HLS 214-178] Inlining function 'Point_2hw::Point_2hw(int, int)' into 'rrt(hls::stream<hls::axis<ap_int<64>, 2ul, 5ul, 6ul>, 0>&, float, float, int, float*, float, float, hls::stream<hls::axis<ap_int<32>, 2ul, 5ul, 6ul>, 0>&)' (new_fixedpoint2205/main.cpp:200:0)
INFO: [HLS 214-178] Inlining function 'Point_2hw::y() const' into 'rrt(hls::stream<hls::axis<ap_int<64>, 2ul, 5ul, 6ul>, 0>&, float, float, int, float*, float, float, hls::stream<hls::axis<ap_int<32>, 2ul, 5ul, 6ul>, 0>&)' (new_fixedpoint2205/main.cpp:200:0)
INFO: [HLS 214-178] Inlining function '__hls_fptosi_float_i32' into 'rrt(hls::stream<hls::axis<ap_int<64>, 2ul, 5ul, 6ul>, 0>&, float, float, int, float*, float, float, hls::stream<hls::axis<ap_int<32>, 2ul, 5ul, 6ul>, 0>&)' (new_fixedpoint2205/main.cpp:200:0)
INFO: [HLS 214-178] Inlining function 'Point_2hw::x() const' into 'rrt(hls::stream<hls::axis<ap_int<64>, 2ul, 5ul, 6ul>, 0>&, float, float, int, float*, float, float, hls::stream<hls::axis<ap_int<32>, 2ul, 5ul, 6ul>, 0>&)' (new_fixedpoint2205/main.cpp:200:0)
INFO: [HLS 214-178] Inlining function 'fp_mult(int, int)' into 'rrt(hls::stream<hls::axis<ap_int<64>, 2ul, 5ul, 6ul>, 0>&, float, float, int, float*, float, float, hls::stream<hls::axis<ap_int<32>, 2ul, 5ul, 6ul>, 0>&)' (new_fixedpoint2205/main.cpp:200:0)
INFO: [HLS 214-178] Inlining function 'Node_RRT_Poshw::Node_RRT_Poshw() (.171.176)' into 'rrt(hls::stream<hls::axis<ap_int<64>, 2ul, 5ul, 6ul>, 0>&, float, float, int, float*, float, float, hls::stream<hls::axis<ap_int<32>, 2ul, 5ul, 6ul>, 0>&)' (new_fixedpoint2205/main.cpp:200:0)
INFO: [HLS 214-178] Inlining function 'Node_Randhw::Node_Randhw()' into 'rrt(hls::stream<hls::axis<ap_int<64>, 2ul, 5ul, 6ul>, 0>&, float, float, int, float*, float, float, hls::stream<hls::axis<ap_int<32>, 2ul, 5ul, 6ul>, 0>&)' (new_fixedpoint2205/main.cpp:200:0)
INFO: [HLS 214-178] Inlining function 'Node_RRT_Poshw::Node_RRT_Poshw()' into 'rrt(hls::stream<hls::axis<ap_int<64>, 2ul, 5ul, 6ul>, 0>&, float, float, int, float*, float, float, hls::stream<hls::axis<ap_int<32>, 2ul, 5ul, 6ul>, 0>&)' (new_fixedpoint2205/main.cpp:200:0)
INFO: [HLS 214-178] Inlining function 'Cal_Squared_Disthw(Node_Randhw&, Node_RRT_Poshw&)' into 'rrt(hls::stream<hls::axis<ap_int<64>, 2ul, 5ul, 6ul>, 0>&, float, float, int, float*, float, float, hls::stream<hls::axis<ap_int<32>, 2ul, 5ul, 6ul>, 0>&)' (new_fixedpoint2205/main.cpp:200:0)
INFO: [HLS 214-178] Inlining function 'float FixedToFloat<16ul>(int)' into 'rrt(hls::stream<hls::axis<ap_int<64>, 2ul, 5ul, 6ul>, 0>&, float, float, int, float*, float, float, hls::stream<hls::axis<ap_int<32>, 2ul, 5ul, 6ul>, 0>&)' (new_fixedpoint2205/main.cpp:200:0)
INFO: [HLS 214-178] Inlining function 'Costhw(Position_Holonomic_hw&, Position_Holonomic_hw&)' into 'rrt(hls::stream<hls::axis<ap_int<64>, 2ul, 5ul, 6ul>, 0>&, float, float, int, float*, float, float, hls::stream<hls::axis<ap_int<32>, 2ul, 5ul, 6ul>, 0>&)' (new_fixedpoint2205/main.cpp:200:0)
INFO: [HLS 214-270] Starting automatic array partition analysis...
INFO: [HLS 214-131] Inlining function '_llvm.fpga.unpack.none.s_struct.ap_int<64>s.i64' into 'rrt(hls::stream<hls::axis<ap_int<64>, 2ul, 5ul, 6ul>, 0>&, float, float, int, float*, float, float, hls::stream<hls::axis<ap_int<32>, 2ul, 5ul, 6ul>, 0>&)' (/tools/Xilinx/Vitis_HLS/2021.2/common/technology/autopilot/ap_axi_sdata.h:293:5)
INFO: [HLS 214-131] Inlining function '_llvm.fpga.pack.none.i6.s_struct.ap_uint<6>s' into 'rrt(hls::stream<hls::axis<ap_int<64>, 2ul, 5ul, 6ul>, 0>&, float, float, int, float*, float, float, hls::stream<hls::axis<ap_int<32>, 2ul, 5ul, 6ul>, 0>&)' (/tools/Xilinx/Vitis_HLS/2021.2/common/technology/autopilot/ap_axi_sdata.h:304:5)
INFO: [HLS 214-131] Inlining function '_llvm.fpga.pack.none.i5.s_struct.ap_uint<5>s' into 'rrt(hls::stream<hls::axis<ap_int<64>, 2ul, 5ul, 6ul>, 0>&, float, float, int, float*, float, float, hls::stream<hls::axis<ap_int<32>, 2ul, 5ul, 6ul>, 0>&)' (/tools/Xilinx/Vitis_HLS/2021.2/common/technology/autopilot/ap_axi_sdata.h:304:5)
INFO: [HLS 214-131] Inlining function '_llvm.fpga.pack.none.i1.s_struct.ap_uint<1>s' into 'rrt(hls::stream<hls::axis<ap_int<64>, 2ul, 5ul, 6ul>, 0>&, float, float, int, float*, float, float, hls::stream<hls::axis<ap_int<32>, 2ul, 5ul, 6ul>, 0>&)' (/tools/Xilinx/Vitis_HLS/2021.2/common/technology/autopilot/ap_axi_sdata.h:304:5)
INFO: [HLS 214-131] Inlining function '_llvm.fpga.pack.none.i2.s_struct.ap_uint<2>s' into 'rrt(hls::stream<hls::axis<ap_int<64>, 2ul, 5ul, 6ul>, 0>&, float, float, int, float*, float, float, hls::stream<hls::axis<ap_int<32>, 2ul, 5ul, 6ul>, 0>&)' (/tools/Xilinx/Vitis_HLS/2021.2/common/technology/autopilot/ap_axi_sdata.h:304:5)
INFO: [HLS 214-131] Inlining function '_llvm.fpga.pack.none.i4.s_struct.ap_uint<4>s' into 'rrt(hls::stream<hls::axis<ap_int<64>, 2ul, 5ul, 6ul>, 0>&, float, float, int, float*, float, float, hls::stream<hls::axis<ap_int<32>, 2ul, 5ul, 6ul>, 0>&)' (/tools/Xilinx/Vitis_HLS/2021.2/common/technology/autopilot/ap_axi_sdata.h:304:5)
INFO: [HLS 214-131] Inlining function '_llvm.fpga.pack.none.i32.s_struct.ap_int<32>s' into 'rrt(hls::stream<hls::axis<ap_int<64>, 2ul, 5ul, 6ul>, 0>&, float, float, int, float*, float, float, hls::stream<hls::axis<ap_int<32>, 2ul, 5ul, 6ul>, 0>&)' (/tools/Xilinx/Vitis_HLS/2021.2/common/technology/autopilot/ap_axi_sdata.h:304:5)
INFO: [HLS 214-131] Inlining function '_llvm.fpga.unpack.none.s_struct.ap_uint<8>s.i8' into 'rrt(hls::stream<hls::axis<ap_int<64>, 2ul, 5ul, 6ul>, 0>&, float, float, int, float*, float, float, hls::stream<hls::axis<ap_int<32>, 2ul, 5ul, 6ul>, 0>&)' (/tools/Xilinx/Vitis_HLS/2021.2/common/technology/autopilot/ap_axi_sdata.h:293:5)
INFO: [HLS 214-131] Inlining function '_llvm.fpga.unpack.none.s_struct.ap_uint<2>s.i2' into 'rrt(hls::stream<hls::axis<ap_int<64>, 2ul, 5ul, 6ul>, 0>&, float, float, int, float*, float, float, hls::stream<hls::axis<ap_int<32>, 2ul, 5ul, 6ul>, 0>&)' (/tools/Xilinx/Vitis_HLS/2021.2/common/technology/autopilot/ap_axi_sdata.h:293:5)
INFO: [HLS 214-131] Inlining function '_llvm.fpga.unpack.none.s_struct.ap_uint<1>s.i1' into 'rrt(hls::stream<hls::axis<ap_int<64>, 2ul, 5ul, 6ul>, 0>&, float, float, int, float*, float, float, hls::stream<hls::axis<ap_int<32>, 2ul, 5ul, 6ul>, 0>&)' (/tools/Xilinx/Vitis_HLS/2021.2/common/technology/autopilot/ap_axi_sdata.h:293:5)
INFO: [HLS 214-131] Inlining function '_llvm.fpga.unpack.none.s_struct.ap_uint<5>s.i5' into 'rrt(hls::stream<hls::axis<ap_int<64>, 2ul, 5ul, 6ul>, 0>&, float, float, int, float*, float, float, hls::stream<hls::axis<ap_int<32>, 2ul, 5ul, 6ul>, 0>&)' (/tools/Xilinx/Vitis_HLS/2021.2/common/technology/autopilot/ap_axi_sdata.h:293:5)
INFO: [HLS 214-131] Inlining function '_llvm.fpga.unpack.none.s_struct.ap_uint<6>s.i6' into 'rrt(hls::stream<hls::axis<ap_int<64>, 2ul, 5ul, 6ul>, 0>&, float, float, int, float*, float, float, hls::stream<hls::axis<ap_int<32>, 2ul, 5ul, 6ul>, 0>&)' (/tools/Xilinx/Vitis_HLS/2021.2/common/technology/autopilot/ap_axi_sdata.h:293:5)
INFO: [HLS 200-111] Finished Compiling Optimization and Transform: CPU user time: 3.62 seconds. CPU system time: 0.29 seconds. Elapsed time: 4.05 seconds; current allocated memory: 286.887 MB.
INFO: [HLS 200-111] Finished Checking Pragmas: CPU user time: 0 seconds. CPU system time: 0 seconds. Elapsed time: 0 seconds; current allocated memory: 286.887 MB.
INFO: [HLS 200-10] Starting code transformations ...
INFO: [HLS 200-111] Finished Standard Transforms: CPU user time: 0.35 seconds. CPU system time: 0.03 seconds. Elapsed time: 0.45 seconds; current allocated memory: 364.785 MB.
INFO: [HLS 200-10] Checking synthesizability ...
INFO: [XFORM 203-602] Inlining function 'Cal_Disthw' into 'A_StreamReaderhw' (new_fixedpoint2205/main.cpp:41) automatically.
INFO: [XFORM 203-602] Inlining function 'FloatToFixed<16ul>' into 'Collision_detectedhw' (new_fixedpoint2205/Aux_Lib_hw.hpp:115) automatically.
INFO: [XFORM 203-602] Inlining function '__hls_fptosi_float_i32' into 'Collision_detectedhw' (new_fixedpoint2205/Aux_Lib_hw.hpp:106) automatically.
INFO: [XFORM 203-602] Inlining function 'Obstacle_Freehw' into 'rrt' (new_fixedpoint2205/main.cpp:309) automatically.
INFO: [HLS 200-111] Finished Checking Synthesizability: CPU user time: 0.73 seconds. CPU system time: 0.03 seconds. Elapsed time: 0.76 seconds; current allocated memory: 459.051 MB.
INFO: [XFORM 203-510] Pipelining loop 'VITIS_LOOP_47_1' (new_fixedpoint2205/fixedpt.h:49) in function 'Cal_Disthw' automatically.
INFO: [XFORM 203-510] Pipelining loop 'VITIS_LOOP_121_1' (/wrk/ci/prod/2021.2/rdi_builds/continuous/2021_10_19_3367213/src/shared/hls/clib/hlsmath/include/FloatingPoint/hls_case_IEEE754.h:13) in function 'Obstacle_Freehw' automatically.
INFO: [XFORM 203-510] Pipelining loop 'VITIS_LOOP_159_1' (/wrk/ci/prod/2021.2/rdi_builds/continuous/2021_10_19_3367213/src/shared/hls/clib/hlsmath/include/FloatingPoint/hls_case_IEEE754.h:13) in function 'Nearhw' automatically.
INFO: [XFORM 203-510] Pipelining loop 'Loop-2' (new_fixedpoint2205/main.cpp:227) in function 'rrt' automatically.
INFO: [XFORM 203-510] Pipelining loop 'VITIS_LOOP_240_1' (/wrk/ci/prod/2021.2/rdi_builds/continuous/2021_10_19_3367213/src/shared/hls/clib/hlsmath/include/FloatingPoint/hls_case_IEEE754.h:13) in function 'rrt' automatically.
INFO: [XFORM 203-510] Pipelining loop 'Loop-4' (new_fixedpoint2205/main.cpp:264) in function 'rrt' automatically.
INFO: [XFORM 203-510] Pipelining loop 'VITIS_LOOP_47_1' (new_fixedpoint2205/fixedpt.h:49) in function 'rrt' automatically.
INFO: [XFORM 203-510] Pipelining loop 'VITIS_LOOP_325_3' (new_fixedpoint2205/main.cpp:325) in function 'rrt' automatically.
INFO: [XFORM 203-510] Pipelining loop 'VITIS_LOOP_349_4' (new_fixedpoint2205/main.cpp:222) in function 'rrt' automatically.
INFO: [XFORM 203-502] Unrolling all loops for pipelining in function 'Collision_detectedhw' (new_fixedpoint2205/main.cpp:27:37).
INFO: [HLS 200-489] Unrolling loop 'VITIS_LOOP_82_1' (new_fixedpoint2205/main.cpp:82) in function 'Collision_detectedhw' completely with a factor of 4.
INFO: [XFORM 203-102] Automatically partitioning small array 'Edges.Source._x' (new_fixedpoint2205/main.cpp:227) completely based on array size.
INFO: [XFORM 203-102] Automatically partitioning small array 'Edges.Source._y' (new_fixedpoint2205/main.cpp:227) completely based on array size.
INFO: [XFORM 203-102] Automatically partitioning small array 'Edges.Target._x' (new_fixedpoint2205/main.cpp:227) completely based on array size.
INFO: [XFORM 203-102] Automatically partitioning small array 'Edges.Target._y' (new_fixedpoint2205/main.cpp:227) completely based on array size.
INFO: [XFORM 203-102] Automatically partitioning small array 'Edges.AABB' (new_fixedpoint2205/main.cpp:227) completely based on array size.
INFO: [XFORM 203-101] Partitioning array 'Edges.Source._x' (new_fixedpoint2205/main.cpp:227) in dimension 1 completely.
INFO: [XFORM 203-101] Partitioning array 'Edges.Source._y' (new_fixedpoint2205/main.cpp:227) in dimension 1 completely.
INFO: [XFORM 203-101] Partitioning array 'Edges.Target._x' (new_fixedpoint2205/main.cpp:227) in dimension 1 completely.
INFO: [XFORM 203-101] Partitioning array 'Edges.Target._y' (new_fixedpoint2205/main.cpp:227) in dimension 1 completely.
INFO: [XFORM 203-101] Partitioning array 'Edges.AABB' (new_fixedpoint2205/main.cpp:227) in dimension 1 completely.
INFO: [XFORM 203-602] Inlining function 'Cal_Disthw' into 'A_StreamReaderhw' (new_fixedpoint2205/main.cpp:41) automatically.
INFO: [XFORM 203-602] Inlining function 'FloatToFixed<16ul>' into 'Collision_detectedhw' (new_fixedpoint2205/Aux_Lib_hw.hpp:115) automatically.
INFO: [XFORM 203-602] Inlining function 'Obstacle_Freehw' into 'rrt' (new_fixedpoint2205/main.cpp:309) automatically.
INFO: [XFORM 203-401] Performing if-conversion on hyperblock from (/wrk/ci/prod/2021.2/rdi_builds/continuous/2021_10_19_3367213/src/shared/hls/clib/hlsmath/include/FloatingPoint/hls_case_IEEE754.h:13:17) in function 'rrt'... converting 3 basic blocks.
INFO: [XFORM 203-401] Performing if-conversion on hyperblock from (new_fixedpoint2205/fixedpt.h:58:7) in function 'A_StreamReaderhw'... converting 3 basic blocks.
INFO: [XFORM 203-602] Inlining function 'A_StreamReaderhw' into 'rrt' (new_fixedpoint2205/main.cpp:299) automatically.
INFO: [HLS 200-111] Finished Loop, function and other optimizations: CPU user time: 0.88 seconds. CPU system time: 0.03 seconds. Elapsed time: 0.92 seconds; current allocated memory: 577.039 MB.
INFO: [XFORM 203-603] Evaluating the output(s) of a call to function 'FloatToFixed<16ul>' (new_fixedpoint2205/main.cpp:228:28) in function 'rrt' and propagating its result(s) since all actual argument(s) to the function are constants.
INFO: [XFORM 203-603] Evaluating the output(s) of a call to function 'FloatToFixed<16ul>' (new_fixedpoint2205/main.cpp:228:50) in function 'rrt' and propagating its result(s) since all actual argument(s) to the function are constants.
INFO: [HLS 200-472] Inferring partial write operation for 'X_near' (new_fixedpoint2205/main.cpp:169:24)
INFO: [HLS 200-472] Inferring partial write operation for 'RRT_Star.Position.x' (new_fixedpoint2205/RRT_Star_hw.hpp:14:5)
INFO: [HLS 200-472] Inferring partial write operation for 'RRT_Star.Position.y' (new_fixedpoint2205/RRT_Star_hw.hpp:15:5)
INFO: [HLS 200-472] Inferring partial write operation for 'RRT_Star.Location_List' (new_fixedpoint2205/RRT_Star_hw.hpp:87:17)
INFO: [HLS 200-472] Inferring partial write operation for 'RRT_Star.Position.x' (new_fixedpoint2205/main.cpp:277:25)
INFO: [HLS 200-472] Inferring partial write operation for 'RRT_Star.Position.y' (new_fixedpoint2205/main.cpp:278:25)
INFO: [HLS 200-472] Inferring partial write operation for 'RRT_Star.Location_List' (new_fixedpoint2205/main.cpp:279:28)
INFO: [XFORM 203-603] Evaluating the output(s) of a call to function '__hls_fptosi_float_i32' (new_fixedpoint2205/Aux_Lib_hw.hpp:106:42) in function 'Collision_detectedhw' and propagating its result(s) since all actual argument(s) to the function are constants.
INFO: [XFORM 203-603] Evaluating the output(s) of a call to function '__hls_fptosi_float_i32' (new_fixedpoint2205/Aux_Lib_hw.hpp:107:34) in function 'Collision_detectedhw' and propagating its result(s) since all actual argument(s) to the function are constants.
INFO: [HLS 200-111] Finished Architecture Synthesis: CPU user time: 0.51 seconds. CPU system time: 0.03 seconds. Elapsed time: 0.54 seconds; current allocated memory: 716.066 MB.
INFO: [HLS 200-10] Starting hardware synthesis ...
INFO: [HLS 200-10] Synthesizing 'rrt' ...
WARNING: [SYN 201-103] Legalizing function name 'FloatToFixed<16ul>' to 'FloatToFixed_16ul_s'.
WARNING: [SYN 201-103] Legalizing function name '__hls_fptosi_float_i32' to 'p_hls_fptosi_float_i32'.
INFO: [HLS 200-10] ----------------------------------------------------------------
INFO: [HLS 200-42] -- Implementing module 'rrt_Pipeline_VITIS_LOOP_240_1' 
INFO: [HLS 200-10] ----------------------------------------------------------------
INFO: [SCHED 204-11] Starting scheduling ...
INFO: [SCHED 204-61] Pipelining loop 'VITIS_LOOP_240_1'.
INFO: [HLS 200-1470] Pipelining result : Target II = NA, Final II = 1, Depth = 11, loop 'VITIS_LOOP_240_1'
INFO: [SCHED 204-11] Finished scheduling.
INFO: [HLS 200-111] Finished Scheduling: CPU user time: 0.19 seconds. CPU system time: 0.03 seconds. Elapsed time: 0.24 seconds; current allocated memory: 717.238 MB.
INFO: [BIND 205-100] Starting micro-architecture generation ...
INFO: [BIND 205-101] Performing variable lifetime analysis.
INFO: [BIND 205-101] Exploring resource sharing.
INFO: [BIND 205-101] Binding ...
INFO: [BIND 205-100] Finished micro-architecture generation.
INFO: [HLS 200-111] Finished Binding: CPU user time: 0.08 seconds. CPU system time: 0 seconds. Elapsed time: 0.08 seconds; current allocated memory: 717.238 MB.
INFO: [HLS 200-10] ----------------------------------------------------------------
INFO: [HLS 200-42] -- Implementing module 'FloatToFixed_16ul_s' 
INFO: [HLS 200-10] ----------------------------------------------------------------
INFO: [SCHED 204-11] Starting scheduling ...
INFO: [SCHED 204-61] Pipelining function 'FloatToFixed<16ul>'.
INFO: [HLS 200-1470] Pipelining result : Target II = NA, Final II = 1, Depth = 10, function 'FloatToFixed<16ul>'
INFO: [SCHED 204-11] Finished scheduling.
INFO: [HLS 200-111] Finished Scheduling: CPU user time: 0.11 seconds. CPU system time: 0 seconds. Elapsed time: 0.1 seconds; current allocated memory: 717.238 MB.
INFO: [BIND 205-100] Starting micro-architecture generation ...
INFO: [BIND 205-101] Performing variable lifetime analysis.
INFO: [BIND 205-101] Exploring resource sharing.
INFO: [BIND 205-101] Binding ...
INFO: [BIND 205-100] Finished micro-architecture generation.
INFO: [HLS 200-111] Finished Binding: CPU user time: 0.05 seconds. CPU system time: 0.01 seconds. Elapsed time: 0.06 seconds; current allocated memory: 717.238 MB.
INFO: [HLS 200-10] ----------------------------------------------------------------
INFO: [HLS 200-42] -- Implementing module 'rrt_Pipeline_2' 
INFO: [HLS 200-10] ----------------------------------------------------------------
INFO: [SCHED 204-11] Starting scheduling ...
INFO: [SCHED 204-61] Pipelining loop 'Loop 1'.
INFO: [HLS 200-1470] Pipelining result : Target II = NA, Final II = 1, Depth = 1, loop 'Loop 1'
INFO: [SCHED 204-11] Finished scheduling.
INFO: [HLS 200-111] Finished Scheduling: CPU user time: 0.06 seconds. CPU system time: 0 seconds. Elapsed time: 0.07 seconds; current allocated memory: 717.238 MB.
INFO: [BIND 205-100] Starting micro-architecture generation ...
INFO: [BIND 205-101] Performing variable lifetime analysis.
INFO: [BIND 205-101] Exploring resource sharing.
INFO: [BIND 205-101] Binding ...
INFO: [BIND 205-100] Finished micro-architecture generation.
INFO: [HLS 200-111] Finished Binding: CPU user time: 0.01 seconds. CPU system time: 0 seconds. Elapsed time: 0.01 seconds; current allocated memory: 717.238 MB.
INFO: [HLS 200-10] ----------------------------------------------------------------
INFO: [HLS 200-42] -- Implementing module 'rrt_Pipeline_VITIS_LOOP_271_2' 
INFO: [HLS 200-10] ----------------------------------------------------------------
INFO: [SCHED 204-11] Starting scheduling ...
INFO: [SCHED 204-61] Pipelining loop 'VITIS_LOOP_271_2'.
INFO: [HLS 200-1470] Pipelining result : Target II = NA, Final II = 1, Depth = 22, loop 'VITIS_LOOP_271_2'
INFO: [SCHED 204-11] Finished scheduling.
INFO: [HLS 200-111] Finished Scheduling: CPU user time: 0.08 seconds. CPU system time: 0 seconds. Elapsed time: 0.08 seconds; current allocated memory: 717.680 MB.
INFO: [BIND 205-100] Starting micro-architecture generation ...
INFO: [BIND 205-101] Performing variable lifetime analysis.
INFO: [BIND 205-101] Exploring resource sharing.
INFO: [BIND 205-101] Binding ...
INFO: [BIND 205-100] Finished micro-architecture generation.
INFO: [HLS 200-111] Finished Binding: CPU user time: 0.12 seconds. CPU system time: 0 seconds. Elapsed time: 0.13 seconds; current allocated memory: 717.680 MB.
INFO: [HLS 200-10] ----------------------------------------------------------------
INFO: [HLS 200-42] -- Implementing module 'rrt_Pipeline_VITIS_LOOP_47_1' 
INFO: [HLS 200-10] ----------------------------------------------------------------
INFO: [SCHED 204-11] Starting scheduling ...
INFO: [SCHED 204-61] Pipelining loop 'VITIS_LOOP_47_1'.
INFO: [HLS 200-1470] Pipelining result : Target II = NA, Final II = 1, Depth = 2, loop 'VITIS_LOOP_47_1'
INFO: [SCHED 204-11] Finished scheduling.
INFO: [HLS 200-111] Finished Scheduling: CPU user time: 0.16 seconds. CPU system time: 0.01 seconds. Elapsed time: 0.17 seconds; current allocated memory: 718.414 MB.
INFO: [BIND 205-100] Starting micro-architecture generation ...
INFO: [BIND 205-101] Performing variable lifetime analysis.
INFO: [BIND 205-101] Exploring resource sharing.
INFO: [BIND 205-101] Binding ...
INFO: [BIND 205-100] Finished micro-architecture generation.
INFO: [HLS 200-111] Finished Binding: CPU user time: 0.03 seconds. CPU system time: 0 seconds. Elapsed time: 0.02 seconds; current allocated memory: 718.414 MB.
INFO: [HLS 200-10] ----------------------------------------------------------------
INFO: [HLS 200-42] -- Implementing module 'p_hls_fptosi_float_i32' 
INFO: [HLS 200-10] ----------------------------------------------------------------
INFO: [SCHED 204-11] Starting scheduling ...
INFO: [SCHED 204-61] Pipelining function '__hls_fptosi_float_i32'.
INFO: [HLS 200-1470] Pipelining result : Target II = NA, Final II = 1, Depth = 1, function '__hls_fptosi_float_i32'
INFO: [SCHED 204-11] Finished scheduling.
INFO: [HLS 200-111] Finished Scheduling: CPU user time: 0.04 seconds. CPU system time: 0 seconds. Elapsed time: 0.04 seconds; current allocated memory: 718.414 MB.
INFO: [BIND 205-100] Starting micro-architecture generation ...
INFO: [BIND 205-101] Performing variable lifetime analysis.
INFO: [BIND 205-101] Exploring resource sharing.
INFO: [BIND 205-101] Binding ...
INFO: [BIND 205-100] Finished micro-architecture generation.
INFO: [HLS 200-111] Finished Binding: CPU user time: 0.02 seconds. CPU system time: 0 seconds. Elapsed time: 0.02 seconds; current allocated memory: 718.414 MB.
INFO: [HLS 200-10] ----------------------------------------------------------------
INFO: [HLS 200-42] -- Implementing module 'Collision_detectedhw' 
INFO: [HLS 200-10] ----------------------------------------------------------------
INFO: [SCHED 204-11] Starting scheduling ...
INFO: [SCHED 204-61] Pipelining function 'Collision_detectedhw'.
INFO: [HLS 200-1470] Pipelining result : Target II = NA, Final II = 1, Depth = 425, function 'Collision_detectedhw'
INFO: [SCHED 204-11] Finished scheduling.
INFO: [HLS 200-111] Finished Scheduling: CPU user time: 0.56 seconds. CPU system time: 0 seconds. Elapsed time: 0.57 seconds; current allocated memory: 721.062 MB.
INFO: [BIND 205-100] Starting micro-architecture generation ...
INFO: [BIND 205-101] Performing variable lifetime analysis.
INFO: [BIND 205-101] Exploring resource sharing.
INFO: [BIND 205-101] Binding ...
INFO: [BIND 205-100] Finished micro-architecture generation.
INFO: [HLS 200-111] Finished Binding: CPU user time: 1.3 seconds. CPU system time: 0.01 seconds. Elapsed time: 1.32 seconds; current allocated memory: 722.418 MB.
INFO: [HLS 200-10] ----------------------------------------------------------------
INFO: [HLS 200-42] -- Implementing module 'rrt_Pipeline_VITIS_LOOP_121_1' 
INFO: [HLS 200-10] ----------------------------------------------------------------
INFO: [SCHED 204-11] Starting scheduling ...
INFO: [SCHED 204-61] Pipelining loop 'VITIS_LOOP_121_1'.
WARNING: [HLS 200-878] Unable to schedule the loop exit test ('call' operation ('tmp_i', new_fixedpoint2205/main.cpp:142->new_fixedpoint2205/main.cpp:309) to 'Collision_detectedhw') in the first pipeline iteration (II = 1 cycles).
WARNING: [HLS 200-878] Unable to schedule the loop exit test ('call' operation ('tmp_i', new_fixedpoint2205/main.cpp:142->new_fixedpoint2205/main.cpp:309) to 'Collision_detectedhw') in the first pipeline iteration (II = 2 cycles).
WARNING: [HLS 200-878] Unable to schedule the loop exit test ('call' operation ('tmp_i', new_fixedpoint2205/main.cpp:142->new_fixedpoint2205/main.cpp:309) to 'Collision_detectedhw') in the first pipeline iteration (II = 3 cycles).
WARNING: [HLS 200-878] Unable to schedule the loop exit test ('call' operation ('tmp_i', new_fixedpoint2205/main.cpp:142->new_fixedpoint2205/main.cpp:309) to 'Collision_detectedhw') in the first pipeline iteration (II = 4 cycles).
WARNING: [HLS 200-878] Unable to schedule the loop exit test ('call' operation ('tmp_i', new_fixedpoint2205/main.cpp:142->new_fixedpoint2205/main.cpp:309) to 'Collision_detectedhw') in the first pipeline iteration (II = 130 cycles).
WARNING: [HLS 200-878] Unable to schedule the loop exit test ('call' operation ('tmp_i', new_fixedpoint2205/main.cpp:142->new_fixedpoint2205/main.cpp:309) to 'Collision_detectedhw') in the first pipeline iteration (II = 193 cycles).
WARNING: [HLS 200-878] Unable to schedule the loop exit test ('call' operation ('tmp_i', new_fixedpoint2205/main.cpp:142->new_fixedpoint2205/main.cpp:309) to 'Collision_detectedhw') in the first pipeline iteration (II = 225 cycles).
WARNING: [HLS 200-878] Unable to schedule the loop exit test ('call' operation ('tmp_i', new_fixedpoint2205/main.cpp:142->new_fixedpoint2205/main.cpp:309) to 'Collision_detectedhw') in the first pipeline iteration (II = 241 cycles).
WARNING: [HLS 200-878] Unable to schedule the loop exit test ('call' operation ('tmp_i', new_fixedpoint2205/main.cpp:142->new_fixedpoint2205/main.cpp:309) to 'Collision_detectedhw') in the first pipeline iteration (II = 249 cycles).
WARNING: [HLS 200-878] Unable to schedule the loop exit test ('call' operation ('tmp_i', new_fixedpoint2205/main.cpp:142->new_fixedpoint2205/main.cpp:309) to 'Collision_detectedhw') in the first pipeline iteration (II = 253 cycles).
WARNING: [HLS 200-878] Unable to schedule the loop exit test ('call' operation ('tmp_i', new_fixedpoint2205/main.cpp:142->new_fixedpoint2205/main.cpp:309) to 'Collision_detectedhw') in the first pipeline iteration (II = 255 cycles).
WARNING: [HLS 200-878] Unable to schedule the loop exit test ('call' operation ('tmp_i', new_fixedpoint2205/main.cpp:142->new_fixedpoint2205/main.cpp:309) to 'Collision_detectedhw') in the first pipeline iteration (II = 256 cycles).
INFO: [SCHED 204-61] Unable to satisfy pipeline directive for loop 'VITIS_LOOP_121_1': unable to pipeline.
INFO: [SCHED 204-11] Finished scheduling.
INFO: [HLS 200-111] Finished Scheduling: CPU user time: 1 seconds. CPU system time: 0 seconds. Elapsed time: 1 seconds; current allocated memory: 724.051 MB.
INFO: [BIND 205-100] Starting micro-architecture generation ...
INFO: [BIND 205-101] Performing variable lifetime analysis.
INFO: [BIND 205-101] Exploring resource sharing.
INFO: [BIND 205-101] Binding ...
INFO: [BIND 205-100] Finished micro-architecture generation.
INFO: [HLS 200-111] Finished Binding: CPU user time: 1.23 seconds. CPU system time: 0 seconds. Elapsed time: 1.23 seconds; current allocated memory: 726.664 MB.
INFO: [HLS 200-10] ----------------------------------------------------------------
INFO: [HLS 200-42] -- Implementing module 'rrt_Pipeline_VITIS_LOOP_349_4' 
INFO: [HLS 200-10] ----------------------------------------------------------------
INFO: [SCHED 204-11] Starting scheduling ...
INFO: [SCHED 204-61] Pipelining loop 'VITIS_LOOP_349_4'.
INFO: [HLS 200-1470] Pipelining result : Target II = NA, Final II = 1, Depth = 2, loop 'VITIS_LOOP_349_4'
INFO: [SCHED 204-11] Finished scheduling.
INFO: [HLS 200-111] Finished Scheduling: CPU user time: 0.44 seconds. CPU system time: 0 seconds. Elapsed time: 0.44 seconds; current allocated memory: 727.922 MB.
INFO: [BIND 205-100] Starting micro-architecture generation ...
INFO: [BIND 205-101] Performing variable lifetime analysis.
INFO: [BIND 205-101] Exploring resource sharing.
INFO: [BIND 205-101] Binding ...
INFO: [BIND 205-100] Finished micro-architecture generation.
INFO: [HLS 200-111] Finished Binding: CPU user time: 0.01 seconds. CPU system time: 0.01 seconds. Elapsed time: 0.02 seconds; current allocated memory: 727.922 MB.
INFO: [HLS 200-10] ----------------------------------------------------------------
INFO: [HLS 200-42] -- Implementing module 'Nearhw' 
INFO: [HLS 200-10] ----------------------------------------------------------------
INFO: [SCHED 204-11] Starting scheduling ...
INFO: [SCHED 204-61] Pipelining loop 'VITIS_LOOP_159_1'.
INFO: [HLS 200-1470] Pipelining result : Target II = NA, Final II = 1, Depth = 13, loop 'VITIS_LOOP_159_1'
INFO: [SCHED 204-11] Finished scheduling.
INFO: [HLS 200-111] Finished Scheduling: CPU user time: 0.08 seconds. CPU system time: 0 seconds. Elapsed time: 0.08 seconds; current allocated memory: 728.180 MB.
INFO: [BIND 205-100] Starting micro-architecture generation ...
INFO: [BIND 205-101] Performing variable lifetime analysis.
INFO: [BIND 205-101] Exploring resource sharing.
INFO: [BIND 205-101] Binding ...
INFO: [BIND 205-100] Finished micro-architecture generation.
INFO: [HLS 200-111] Finished Binding: CPU user time: 0.09 seconds. CPU system time: 0 seconds. Elapsed time: 0.1 seconds; current allocated memory: 728.180 MB.
INFO: [HLS 200-10] ----------------------------------------------------------------
INFO: [HLS 200-42] -- Implementing module 'rrt_Pipeline_VITIS_LOOP_47_12' 
INFO: [HLS 200-10] ----------------------------------------------------------------
INFO: [SCHED 204-11] Starting scheduling ...
INFO: [SCHED 204-61] Pipelining loop 'VITIS_LOOP_47_1'.
INFO: [HLS 200-1470] Pipelining result : Target II = NA, Final II = 1, Depth = 2, loop 'VITIS_LOOP_47_1'
INFO: [SCHED 204-11] Finished scheduling.
INFO: [HLS 200-111] Finished Scheduling: CPU user time: 0.11 seconds. CPU system time: 0 seconds. Elapsed time: 0.11 seconds; current allocated memory: 728.961 MB.
INFO: [BIND 205-100] Starting micro-architecture generation ...
INFO: [BIND 205-101] Performing variable lifetime analysis.
INFO: [BIND 205-101] Exploring resource sharing.
INFO: [BIND 205-101] Binding ...
INFO: [BIND 205-100] Finished micro-architecture generation.
INFO: [HLS 200-111] Finished Binding: CPU user time: 0.02 seconds. CPU system time: 0 seconds. Elapsed time: 0.03 seconds; current allocated memory: 728.961 MB.
INFO: [HLS 200-10] ----------------------------------------------------------------
INFO: [HLS 200-42] -- Implementing module 'rrt_Pipeline_VITIS_LOOP_325_3' 
INFO: [HLS 200-10] ----------------------------------------------------------------
INFO: [SCHED 204-11] Starting scheduling ...
INFO: [SCHED 204-61] Pipelining loop 'VITIS_LOOP_325_3'.
INFO: [HLS 200-1470] Pipelining result : Target II = NA, Final II = 1, Depth = 2, loop 'VITIS_LOOP_325_3'
INFO: [SCHED 204-11] Finished scheduling.
INFO: [HLS 200-111] Finished Scheduling: CPU user time: 0.04 seconds. CPU system time: 0 seconds. Elapsed time: 0.05 seconds; current allocated memory: 729.426 MB.
INFO: [BIND 205-100] Starting micro-architecture generation ...
INFO: [BIND 205-101] Performing variable lifetime analysis.
INFO: [BIND 205-101] Exploring resource sharing.
INFO: [BIND 205-101] Binding ...
INFO: [BIND 205-100] Finished micro-architecture generation.
INFO: [HLS 200-111] Finished Binding: CPU user time: 0.02 seconds. CPU system time: 0 seconds. Elapsed time: 0.02 seconds; current allocated memory: 729.426 MB.
INFO: [HLS 200-10] ----------------------------------------------------------------
INFO: [HLS 200-42] -- Implementing module 'rrt' 
INFO: [HLS 200-10] ----------------------------------------------------------------
INFO: [SCHED 204-11] Starting scheduling ...
INFO: [SCHED 204-11] Finished scheduling.
INFO: [HLS 200-111] Finished Scheduling: CPU user time: 0.21 seconds. CPU system time: 0 seconds. Elapsed time: 0.22 seconds; current allocated memory: 730.871 MB.
INFO: [BIND 205-100] Starting micro-architecture generation ...
INFO: [BIND 205-101] Performing variable lifetime analysis.
INFO: [BIND 205-101] Exploring resource sharing.
INFO: [BIND 205-101] Binding ...
INFO: [BIND 205-100] Finished micro-architecture generation.
INFO: [HLS 200-111] Finished Binding: CPU user time: 0.53 seconds. CPU system time: 0 seconds. Elapsed time: 0.53 seconds; current allocated memory: 730.871 MB.
INFO: [HLS 200-10] ----------------------------------------------------------------
INFO: [HLS 200-10] -- Generating RTL for module 'rrt_Pipeline_VITIS_LOOP_240_1' 
INFO: [HLS 200-10] ----------------------------------------------------------------
INFO: [HLS 200-1030] Apply Unified Pipeline Control on module 'rrt_Pipeline_VITIS_LOOP_240_1' pipeline 'VITIS_LOOP_240_1' pipeline type 'loop pipeline'
INFO: [RTGEN 206-100] Generating core module 'faddfsub_32ns_32ns_32_4_full_dsp_1': 2 instance(s).
INFO: [RTGEN 206-100] Generating core module 'mul_32s_32s_48_1_1': 2 instance(s).
INFO: [RTGEN 206-100] Generating core module 'mux_42_32_1_1': 3 instance(s).
INFO: [RTGEN 206-100] Generating core module 'sitofp_32ns_32_3_no_dsp_1': 3 instance(s).
INFO: [RTGEN 206-100] Finished creating RTL model for 'rrt_Pipeline_VITIS_LOOP_240_1'.
INFO: [HLS 200-111] Finished Creating RTL model: CPU user time: 0.78 seconds. CPU system time: 0 seconds. Elapsed time: 0.8 seconds; current allocated memory: 732.055 MB.
INFO: [HLS 200-10] ----------------------------------------------------------------
INFO: [HLS 200-10] -- Generating RTL for module 'FloatToFixed_16ul_s' 
INFO: [HLS 200-10] ----------------------------------------------------------------
INFO: [RTGEN 206-100] Generating core module 'dadd_64ns_64ns_64_5_full_dsp_0': 1 instance(s).
INFO: [RTGEN 206-100] Generating core module 'fcmp_32ns_32ns_1_2_no_dsp_0': 1 instance(s).
INFO: [RTGEN 206-100] Generating core module 'fmul_32ns_32ns_32_4_max_dsp_0': 1 instance(s).
INFO: [RTGEN 206-100] Generating core module 'fpext_32ns_64_2_no_dsp_0': 1 instance(s).
INFO: [RTGEN 206-100] Finished creating RTL model for 'FloatToFixed_16ul_s'.
INFO: [HLS 200-111] Finished Creating RTL model: CPU user time: 0.19 seconds. CPU system time: 0 seconds. Elapsed time: 0.21 seconds; current allocated memory: 734.246 MB.
INFO: [HLS 200-10] ----------------------------------------------------------------
INFO: [HLS 200-10] -- Generating RTL for module 'rrt_Pipeline_2' 
INFO: [HLS 200-10] ----------------------------------------------------------------
INFO: [RTGEN 206-100] Finished creating RTL model for 'rrt_Pipeline_2'.
INFO: [HLS 200-111] Finished Creating RTL model: CPU user time: 0.12 seconds. CPU system time: 0.01 seconds. Elapsed time: 0.12 seconds; current allocated memory: 735.320 MB.
INFO: [HLS 200-10] ----------------------------------------------------------------
INFO: [HLS 200-10] -- Generating RTL for module 'rrt_Pipeline_VITIS_LOOP_271_2' 
INFO: [HLS 200-10] ----------------------------------------------------------------
INFO: [HLS 200-1030] Apply Unified Pipeline Control on module 'rrt_Pipeline_VITIS_LOOP_271_2' pipeline 'VITIS_LOOP_271_2' pipeline type 'loop pipeline'
INFO: [RTGEN 206-100] Generating core module 'faddfsub_32ns_32ns_32_4_full_dsp_1': 2 instance(s).
INFO: [RTGEN 206-100] Generating core module 'hptosp_16ns_32_2_no_dsp_1': 2 instance(s).
INFO: [RTGEN 206-100] Generating core module 'mul_32s_32s_48_1_1': 2 instance(s).
INFO: [RTGEN 206-100] Generating core module 'sitofp_32ns_32_3_no_dsp_1': 2 instance(s).
INFO: [RTGEN 206-100] Finished creating RTL model for 'rrt_Pipeline_VITIS_LOOP_271_2'.
INFO: [HLS 200-111] Finished Creating RTL model: CPU user time: 0.06 seconds. CPU system time: 0.01 seconds. Elapsed time: 0.06 seconds; current allocated memory: 737.672 MB.
INFO: [HLS 200-10] ----------------------------------------------------------------
INFO: [HLS 200-10] -- Generating RTL for module 'rrt_Pipeline_VITIS_LOOP_47_1' 
INFO: [HLS 200-10] ----------------------------------------------------------------
INFO: [HLS 200-1030] Apply Unified Pipeline Control on module 'rrt_Pipeline_VITIS_LOOP_47_1' pipeline 'VITIS_LOOP_47_1' pipeline type 'loop pipeline'
INFO: [RTGEN 206-100] Finished creating RTL model for 'rrt_Pipeline_VITIS_LOOP_47_1'.
INFO: [HLS 200-111] Finished Creating RTL model: CPU user time: 0.29 seconds. CPU system time: 0 seconds. Elapsed time: 0.29 seconds; current allocated memory: 740.320 MB.
INFO: [HLS 200-10] ----------------------------------------------------------------
INFO: [HLS 200-10] -- Generating RTL for module 'p_hls_fptosi_float_i32' 
INFO: [HLS 200-10] ----------------------------------------------------------------
INFO: [RTGEN 206-100] Finished creating RTL model for 'p_hls_fptosi_float_i32'.
INFO: [HLS 200-111] Finished Creating RTL model: CPU user time: 0.08 seconds. CPU system time: 0 seconds. Elapsed time: 0.07 seconds; current allocated memory: 741.273 MB.
INFO: [HLS 200-10] ----------------------------------------------------------------
INFO: [HLS 200-10] -- Generating RTL for module 'Collision_detectedhw' 
INFO: [HLS 200-10] ----------------------------------------------------------------
INFO: [RTGEN 206-104] Estimated max fanout for 'Collision_detectedhw' is 142052 from HDL expression: (1'b0 == ap_block_pp0_stage0_11001)
INFO: [RTGEN 206-100] Generating core module 'fadd_32ns_32ns_32_4_full_dsp_1': 2 instance(s).
INFO: [RTGEN 206-100] Generating core module 'faddfsub_32ns_32ns_32_4_full_dsp_1': 2 instance(s).
INFO: [RTGEN 206-100] Generating core module 'mul_32s_32s_48_1_1': 18 instance(s).
INFO: [RTGEN 206-100] Generating core module 'sdiv_48ns_32s_32_52_1': 4 instance(s).
INFO: [RTGEN 206-100] Generating core module 'sdiv_48ns_32s_48_52_1': 4 instance(s).
INFO: [RTGEN 206-100] Generating core module 'sitofp_32ns_32_3_no_dsp_1': 2 instance(s).
INFO: [RTGEN 206-100] Finished creating RTL model for 'Collision_detectedhw'.
INFO: [HLS 200-111] Finished Creating RTL model: CPU user time: 0.34 seconds. CPU system time: 0 seconds. Elapsed time: 0.35 seconds; current allocated memory: 756.781 MB.
INFO: [HLS 200-10] ----------------------------------------------------------------
INFO: [HLS 200-10] -- Generating RTL for module 'rrt_Pipeline_VITIS_LOOP_121_1' 
INFO: [HLS 200-10] ----------------------------------------------------------------
INFO: [RTGEN 206-100] Generating core module 'dadd_64ns_64ns_64_5_full_dsp_0': 1 instance(s).
INFO: [RTGEN 206-100] Generating core module 'faddfsub_32ns_32ns_32_4_full_dsp_1': 2 instance(s).
INFO: [RTGEN 206-100] Generating core module 'fcmp_32ns_32ns_1_2_no_dsp_0': 1 instance(s).
INFO: [RTGEN 206-100] Generating core module 'fmul_32ns_32ns_32_4_max_dsp_0': 1 instance(s).
INFO: [RTGEN 206-100] Generating core module 'fpext_32ns_64_2_no_dsp_0': 1 instance(s).
INFO: [RTGEN 206-100] Generating core module 'mul_32s_48s_48_1_1': 2 instance(s).
INFO: [RTGEN 206-100] Generating core module 'sitofp_32ns_32_3_no_dsp_1': 3 instance(s).
INFO: [RTGEN 206-100] Finished creating RTL model for 'rrt_Pipeline_VITIS_LOOP_121_1'.
INFO: [HLS 200-111] Finished Creating RTL model: CPU user time: 1.41 seconds. CPU system time: 0.02 seconds. Elapsed time: 1.42 seconds; current allocated memory: 769.383 MB.
INFO: [HLS 200-10] ----------------------------------------------------------------
INFO: [HLS 200-10] -- Generating RTL for module 'rrt_Pipeline_VITIS_LOOP_349_4' 
INFO: [HLS 200-10] ----------------------------------------------------------------
INFO: [HLS 200-1030] Apply Unified Pipeline Control on module 'rrt_Pipeline_VITIS_LOOP_349_4' pipeline 'VITIS_LOOP_349_4' pipeline type 'loop pipeline'
INFO: [RTGEN 206-100] Finished creating RTL model for 'rrt_Pipeline_VITIS_LOOP_349_4'.
INFO: [HLS 200-111] Finished Creating RTL model: CPU user time: 0.55 seconds. CPU system time: 0.01 seconds. Elapsed time: 0.56 seconds; current allocated memory: 772.207 MB.
INFO: [HLS 200-10] ----------------------------------------------------------------
INFO: [HLS 200-10] -- Generating RTL for module 'Nearhw' 
INFO: [HLS 200-10] ----------------------------------------------------------------
INFO: [RTGEN 206-100] Generating core module 'faddfsub_32ns_32ns_32_4_full_dsp_1': 2 instance(s).
INFO: [RTGEN 206-100] Generating core module 'mul_32s_32s_48_1_1': 2 instance(s).
INFO: [RTGEN 206-100] Generating core module 'sitofp_32ns_32_3_no_dsp_1': 2 instance(s).
INFO: [RTGEN 206-100] Finished creating RTL model for 'Nearhw'.
INFO: [HLS 200-111] Finished Creating RTL model: CPU user time: 0.06 seconds. CPU system time: 0 seconds. Elapsed time: 0.06 seconds; current allocated memory: 773.668 MB.
INFO: [HLS 200-10] ----------------------------------------------------------------
INFO: [HLS 200-10] -- Generating RTL for module 'rrt_Pipeline_VITIS_LOOP_47_12' 
INFO: [HLS 200-10] ----------------------------------------------------------------
INFO: [HLS 200-1030] Apply Unified Pipeline Control on module 'rrt_Pipeline_VITIS_LOOP_47_12' pipeline 'VITIS_LOOP_47_1' pipeline type 'loop pipeline'
INFO: [RTGEN 206-100] Finished creating RTL model for 'rrt_Pipeline_VITIS_LOOP_47_12'.
INFO: [HLS 200-111] Finished Creating RTL model: CPU user time: 0.19 seconds. CPU system time: 0.01 seconds. Elapsed time: 0.2 seconds; current allocated memory: 775.781 MB.
INFO: [HLS 200-10] ----------------------------------------------------------------
INFO: [HLS 200-10] -- Generating RTL for module 'rrt_Pipeline_VITIS_LOOP_325_3' 
INFO: [HLS 200-10] ----------------------------------------------------------------
INFO: [HLS 200-1030] Apply Unified Pipeline Control on module 'rrt_Pipeline_VITIS_LOOP_325_3' pipeline 'VITIS_LOOP_325_3' pipeline type 'loop pipeline'
INFO: [RTGEN 206-100] Finished creating RTL model for 'rrt_Pipeline_VITIS_LOOP_325_3'.
INFO: [HLS 200-111] Finished Creating RTL model: CPU user time: 0.07 seconds. CPU system time: 0 seconds. Elapsed time: 0.08 seconds; current allocated memory: 776.840 MB.
INFO: [HLS 200-10] ----------------------------------------------------------------
INFO: [HLS 200-10] -- Generating RTL for module 'rrt' 
INFO: [HLS 200-10] ----------------------------------------------------------------
WARNING: [RTGEN 206-101] Design contains AXI ports. Reset is fixed to synchronous and active low.
INFO: [RTGEN 206-500] Setting interface mode on port 'rrt/dataInStream_V_data_V' to 'axis' (register, both mode).
INFO: [RTGEN 206-500] Setting interface mode on port 'rrt/dataInStream_V_keep_V' to 'axis' (register, both mode).
INFO: [RTGEN 206-500] Setting interface mode on port 'rrt/dataInStream_V_strb_V' to 'axis' (register, both mode).
INFO: [RTGEN 206-500] Setting interface mode on port 'rrt/dataInStream_V_user_V' to 'axis' (register, both mode).
INFO: [RTGEN 206-500] Setting interface mode on port 'rrt/dataInStream_V_last_V' to 'axis' (register, both mode).
INFO: [RTGEN 206-500] Setting interface mode on port 'rrt/dataInStream_V_id_V' to 'axis' (register, both mode).
INFO: [RTGEN 206-500] Setting interface mode on port 'rrt/dataInStream_V_dest_V' to 'axis' (register, both mode).
INFO: [RTGEN 206-500] Setting interface mode on port 'rrt/xrandx' to 's_axilite & ap_none'.
INFO: [RTGEN 206-500] Setting interface mode on port 'rrt/xrandy' to 's_axilite & ap_none'.
INFO: [RTGEN 206-500] Setting interface mode on port 'rrt/N' to 's_axilite & ap_none'.
INFO: [RTGEN 206-500] Setting interface mode on port 'rrt/oup' to 's_axilite & ap_memory'.
INFO: [RTGEN 206-500] Setting interface mode on port 'rrt/Squared_r_n' to 's_axilite & ap_none'.
INFO: [RTGEN 206-500] Setting interface mode on port 'rrt/Squared_R_Robot' to 's_axilite & ap_none'.
INFO: [RTGEN 206-500] Setting interface mode on port 'rrt/XNearStream_V_data_V' to 'axis' (register, both mode).
INFO: [RTGEN 206-500] Setting interface mode on port 'rrt/XNearStream_V_keep_V' to 'axis' (register, both mode).
INFO: [RTGEN 206-500] Setting interface mode on port 'rrt/XNearStream_V_strb_V' to 'axis' (register, both mode).
INFO: [RTGEN 206-500] Setting interface mode on port 'rrt/XNearStream_V_user_V' to 'axis' (register, both mode).
INFO: [RTGEN 206-500] Setting interface mode on port 'rrt/XNearStream_V_last_V' to 'axis' (register, both mode).
INFO: [RTGEN 206-500] Setting interface mode on port 'rrt/XNearStream_V_id_V' to 'axis' (register, both mode).
INFO: [RTGEN 206-500] Setting interface mode on port 'rrt/XNearStream_V_dest_V' to 'axis' (register, both mode).
INFO: [RTGEN 206-500] Setting interface mode on function 'rrt' to 's_axilite & ap_ctrl_hs'.
INFO: [RTGEN 206-100] Bundling port 'return', 'xrandx', 'xrandy', 'N', 'Squared_r_n', 'Squared_R_Robot', 'oup' and 'ap_local_deadlock' to AXI-Lite port CTRL_BUS.
INFO: [RTGEN 206-100] Generating core module 'faddfsub_32ns_32ns_32_4_full_dsp_1': 2 instance(s).
INFO: [RTGEN 206-100] Generating core module 'fmul_32ns_32ns_32_4_max_dsp_0': 1 instance(s).
INFO: [RTGEN 206-100] Generating core module 'mul_32s_32s_48_1_1': 6 instance(s).
INFO: [RTGEN 206-100] Generating core module 'mul_48s_50ns_97_1_1': 2 instance(s).
INFO: [RTGEN 206-100] Generating core module 'sitofp_32ns_32_3_no_dsp_1': 3 instance(s).
INFO: [RTGEN 206-100] Generating core module 'udiv_33s_24ns_32_37_seq_1': 1 instance(s).
INFO: [RTGEN 206-100] Finished creating RTL model for 'rrt'.
INFO: [HLS 200-111] Finished Creating RTL model: CPU user time: 0.17 seconds. CPU system time: 0.01 seconds. Elapsed time: 0.18 seconds; current allocated memory: 781.352 MB.
INFO: [RTMG 210-278] Implementing memory 'rrt_x_near_RAM_AUTO_1R1W_ram (RAM)' using auto RAMs.
INFO: [RTMG 210-278] Implementing memory 'rrt_RRT_Star_Position_x_RAM_AUTO_1R1W_ram (RAM)' using auto RAMs.
INFO: [RTMG 210-278] Implementing memory 'rrt_RRT_Star_Location_List_RAM_AUTO_1R1W_ram (RAM)' using auto RAMs.
INFO: [HLS 200-111] Finished Generating all RTL models: CPU user time: 1.83 seconds. CPU system time: 0.05 seconds. Elapsed time: 1.88 seconds; current allocated memory: 789.445 MB.
INFO: [HLS 200-111] Finished Updating report files: CPU user time: 0.52 seconds. CPU system time: 0.02 seconds. Elapsed time: 0.55 seconds; current allocated memory: 799.363 MB.
==============================================================
Vitis HLS - High-Level Synthesis from C, C++ and OpenCL v2021.2 (64-bit)
Copyright 1986-2021 Xilinx, Inc. All Rights Reserved.
==============================================================
==============================================================
Vitis HLS - High-Level Synthesis from C, C++ and OpenCL v2021.2 (64-bit)
Copyright 1986-2021 Xilinx, Inc. All Rights Reserved.
==============================================================
==============================================================
Vitis HLS - High-Level Synthesis from C, C++ and OpenCL v2021.2 (64-bit)
Copyright 1986-2021 Xilinx, Inc. All Rights Reserved.
==============================================================
INFO: [SYN 201-201] Setting up clock 'default' with a period of 6.75ns.
INFO: [HLS 200-1611] Setting target device to 'xc7z020-clg400-1'
INFO: [HLS 200-1505] Using flow_target 'vivado'
INFO: [HLS 200-1464] Running solution command: config_export -display_name=nfp01
INFO: [HLS 200-1510] Running: set_part xc7z020clg400-1 
INFO: [HLS 200-1510] Running: create_clock -period 6.75 -name default 
INFO: [SYN 201-201] Setting up clock 'default' with a period of 6.75ns.
INFO: [HLS 200-1510] Running: config_export -display_name nfp01 
INFO: [HLS 200-1510] Running: set_directive_top -name rrt rrt 
INFO: [HLS 200-1510] Running: csynth_design 
INFO: [HLS 200-111] Finished File checks and directory preparation: CPU user time: 0.01 seconds. CPU system time: 0 seconds. Elapsed time: 0.01 seconds; current allocated memory: 1.194 GB.
INFO: [HLS 200-10] Analyzing design file 'new_fixedpoint2205/main.cpp' ... 
WARNING: [HLS 207-5287] unused parameter 'nn' (new_fixedpoint2205/Aux_Lib_hw.hpp:68:46)
WARNING: [HLS 207-5287] unused parameter 'i' (new_fixedpoint2205/Aux_Lib_hw.hpp:68:53)
WARNING: [HLS 207-5287] unused parameter 'nn' (new_fixedpoint2205/Aux_Lib_hw.hpp:101:55)
WARNING: [HLS 207-5287] unused parameter 'i' (new_fixedpoint2205/Aux_Lib_hw.hpp:101:62)
WARNING: [HLS 207-5287] unused parameter 'i' (new_fixedpoint2205/main.cpp:38:93)
INFO: [HLS 200-111] Finished Source Code Analysis and Preprocessing: CPU user time: 4.57 seconds. CPU system time: 0.32 seconds. Elapsed time: 4.29 seconds; current allocated memory: 285.184 MB.
INFO: [HLS 200-777] Using interface defaults for 'Vivado' flow target.
INFO: [HLS 214-284] Auto array partition mode is set into default.
INFO: [HLS 214-178] Inlining function 'Point_2hw::Point_2hw()' into 'Segment_3hw::Segment_3hw()' (new_fixedpoint2205/Aux_Lib_hw.hpp:45:0)
INFO: [HLS 214-178] Inlining function 'fp_struct<double>::fp_struct(double)' into 'int generic_cast_IEEE754<int, (ap_q_mode)6, double>(double, bool, hls::enable_if<std::numeric_limits<int>::is_signed, bool>::type)' (/wrk/ci/prod/2021.2/rdi_builds/continuous/2021_10_19_3367213/src/shared/hls/clib/hlsmath/include/FloatingPoint/hls_case_IEEE754.h:12:0)
INFO: [HLS 214-178] Inlining function 'fp_struct<double>::mantissa() const' into 'int generic_cast_IEEE754<int, (ap_q_mode)6, double>(double, bool, hls::enable_if<std::numeric_limits<int>::is_signed, bool>::type)' (/wrk/ci/prod/2021.2/rdi_builds/continuous/2021_10_19_3367213/src/shared/hls/clib/hlsmath/include/FloatingPoint/hls_case_IEEE754.h:12:0)
INFO: [HLS 214-178] Inlining function 'fp_struct<double>::expv() const' into 'int generic_cast_IEEE754<int, (ap_q_mode)6, double>(double, bool, hls::enable_if<std::numeric_limits<int>::is_signed, bool>::type)' (/wrk/ci/prod/2021.2/rdi_builds/continuous/2021_10_19_3367213/src/shared/hls/clib/hlsmath/include/FloatingPoint/hls_case_IEEE754.h:12:0)
INFO: [HLS 214-178] Inlining function 'fp_struct<double>::__signbit() const' into 'int generic_cast_IEEE754<int, (ap_q_mode)6, double>(double, bool, hls::enable_if<std::numeric_limits<int>::is_signed, bool>::type)' (/wrk/ci/prod/2021.2/rdi_builds/continuous/2021_10_19_3367213/src/shared/hls/clib/hlsmath/include/FloatingPoint/hls_case_IEEE754.h:12:0)
INFO: [HLS 214-178] Inlining function 'int generic_cast_IEEE754<int, (ap_q_mode)6, double>(double, bool, hls::enable_if<std::numeric_limits<int>::is_signed, bool>::type)' into 'int generic_cast_IEEE754<int, double>(double, bool)' (/wrk/ci/prod/2021.2/rdi_builds/continuous/2021_10_19_3367213/src/shared/hls/clib/hlsmath/include/FloatingPoint/hls_case_IEEE754.h:116:0)
INFO: [HLS 214-178] Inlining function 'int generic_cast_IEEE754<int, double>(double, bool)' into '__hls_fptosi_double_i32' (/wrk/ci/prod/2021.2/rdi_builds/continuous/2021_10_19_3367213/src/shared/hls/clib/hlsmath/src/lib_floatconversion.cpp:55:0)
INFO: [HLS 214-178] Inlining function '__hls_fptosi_double_i32' into 'int FloatToFixed<16ul>(float)' (new_fixedpoint2205/fixedpt.h:6:0)
INFO: [HLS 214-178] Inlining function 'fp_struct<float>::fp_struct(float)' into 'int generic_cast_IEEE754<int, (ap_q_mode)6, float>(float, bool, hls::enable_if<std::numeric_limits<int>::is_signed, bool>::type)' (/wrk/ci/prod/2021.2/rdi_builds/continuous/2021_10_19_3367213/src/shared/hls/clib/hlsmath/include/FloatingPoint/hls_case_IEEE754.h:12:0)
INFO: [HLS 214-178] Inlining function 'fp_struct<float>::mantissa() const' into 'int generic_cast_IEEE754<int, (ap_q_mode)6, float>(float, bool, hls::enable_if<std::numeric_limits<int>::is_signed, bool>::type)' (/wrk/ci/prod/2021.2/rdi_builds/continuous/2021_10_19_3367213/src/shared/hls/clib/hlsmath/include/FloatingPoint/hls_case_IEEE754.h:12:0)
INFO: [HLS 214-178] Inlining function 'fp_struct<float>::expv() const' into 'int generic_cast_IEEE754<int, (ap_q_mode)6, float>(float, bool, hls::enable_if<std::numeric_limits<int>::is_signed, bool>::type)' (/wrk/ci/prod/2021.2/rdi_builds/continuous/2021_10_19_3367213/src/shared/hls/clib/hlsmath/include/FloatingPoint/hls_case_IEEE754.h:12:0)
INFO: [HLS 214-178] Inlining function 'fp_struct<float>::__signbit() const' into 'int generic_cast_IEEE754<int, (ap_q_mode)6, float>(float, bool, hls::enable_if<std::numeric_limits<int>::is_signed, bool>::type)' (/wrk/ci/prod/2021.2/rdi_builds/continuous/2021_10_19_3367213/src/shared/hls/clib/hlsmath/include/FloatingPoint/hls_case_IEEE754.h:12:0)
INFO: [HLS 214-178] Inlining function 'int generic_cast_IEEE754<int, (ap_q_mode)6, float>(float, bool, hls::enable_if<std::numeric_limits<int>::is_signed, bool>::type)' into 'int generic_cast_IEEE754<int, float>(float, bool)' (/wrk/ci/prod/2021.2/rdi_builds/continuous/2021_10_19_3367213/src/shared/hls/clib/hlsmath/include/FloatingPoint/hls_case_IEEE754.h:116:0)
INFO: [HLS 214-178] Inlining function 'int generic_cast_IEEE754<int, float>(float, bool)' into '__hls_fptosi_float_i32' (/wrk/ci/prod/2021.2/rdi_builds/continuous/2021_10_19_3367213/src/shared/hls/clib/hlsmath/src/lib_floatconversion.cpp:51:0)
INFO: [HLS 214-178] Inlining function 'int FloatToFixed<16ul>(float)' into 'Position_Holonomic_hw::Position_Holonomic_hw() (.165)' (new_fixedpoint2205/RRT_Star_hw.hpp:13:0)
INFO: [HLS 214-178] Inlining function 'Position_Holonomic_hw::Position_Holonomic_hw() (.165)' into 'Node_RRT_Poshw::Node_RRT_Poshw() (.171.176)' (new_fixedpoint2205/RRT_Star_hw.hpp:85:0)
INFO: [HLS 214-178] Inlining function 'int FloatToFixed<16ul>(float)' into 'Node_RRT_Poshw::Node_RRT_Poshw() (.171.176)' (new_fixedpoint2205/RRT_Star_hw.hpp:85:0)
INFO: [HLS 214-178] Inlining function 'Position_Holonomic_hw::Position_Holonomic_hw() (.165)' into 'Node_Randhw::Node_Randhw()' (new_fixedpoint2205/RRT_Star_hw.hpp:66:0)
INFO: [HLS 214-178] Inlining function 'int FloatToFixed<16ul>(float)' into 'Position_Holonomic_hw::Position_Holonomic_hw()' (new_fixedpoint2205/RRT_Star_hw.hpp:13:0)
INFO: [HLS 214-178] Inlining function 'Position_Holonomic_hw::Position_Holonomic_hw()' into 'Node_RRT_Poshw::Node_RRT_Poshw()' (new_fixedpoint2205/RRT_Star_hw.hpp:85:0)
INFO: [HLS 214-178] Inlining function 'int FloatToFixed<16ul>(float)' into 'Node_RRT_Poshw::Node_RRT_Poshw()' (new_fixedpoint2205/RRT_Star_hw.hpp:85:0)
INFO: [HLS 214-178] Inlining function 'Point_2hw::x() const (.155)' into 'Point_2hw::squared_distance(Point_2hw&)' (new_fixedpoint2205/Aux_Lib_hw.hpp:34:0)
INFO: [HLS 214-178] Inlining function '__hls_fptosi_float_i32' into 'Point_2hw::squared_distance(Point_2hw&)' (new_fixedpoint2205/Aux_Lib_hw.hpp:34:0)
INFO: [HLS 214-178] Inlining function 'fp_mult(int, int)' into 'Point_2hw::squared_distance(Point_2hw&)' (new_fixedpoint2205/Aux_Lib_hw.hpp:34:0)
INFO: [HLS 214-178] Inlining function 'Point_2hw::y() const (.152)' into 'Point_2hw::squared_distance(Point_2hw&)' (new_fixedpoint2205/Aux_Lib_hw.hpp:34:0)
INFO: [HLS 214-178] Inlining function 'Point_2hw::Point_2hw(int, int)' into 'Cal_Squared_Disthw(Node_Randhw&, Node_RRT_Poshw&)' (new_fixedpoint2205/main.cpp:21:0)
INFO: [HLS 214-178] Inlining function 'Point_2hw::squared_distance(Point_2hw&)' into 'Cal_Squared_Disthw(Node_Randhw&, Node_RRT_Poshw&)' (new_fixedpoint2205/main.cpp:21:0)
INFO: [HLS 214-178] Inlining function 'Point_2hw::Point_2hw(int, int)' into 'Cal_Disthw(Node_RRT_Poshw&, Node_Randhw&)' (new_fixedpoint2205/main.cpp:8:0)
INFO: [HLS 214-178] Inlining function 'Point_2hw::squared_distance(Point_2hw&)' into 'Cal_Disthw(Node_RRT_Poshw&, Node_Randhw&)' (new_fixedpoint2205/main.cpp:8:0)
INFO: [HLS 214-178] Inlining function 'fp_sqrtt(int)' into 'Cal_Disthw(Node_RRT_Poshw&, Node_Randhw&)' (new_fixedpoint2205/main.cpp:8:0)
INFO: [HLS 214-178] Inlining function 'Node_RRT_Poshw::Node_RRT_Poshw() (.171.176)' into 'A_StreamReaderhw(Node_RRT_Poshw&, Node_Randhw&, int)' (new_fixedpoint2205/main.cpp:39:0)
INFO: [HLS 214-178] Inlining function 'int FloatToFixed<16ul>(float)' into 'A_StreamReaderhw(Node_RRT_Poshw&, Node_Randhw&, int)' (new_fixedpoint2205/main.cpp:39:0)
INFO: [HLS 214-178] Inlining function 'fp_div(int, int)' into 'A_StreamReaderhw(Node_RRT_Poshw&, Node_Randhw&, int)' (new_fixedpoint2205/main.cpp:39:0)
INFO: [HLS 214-178] Inlining function 'Position_Holonomic_hw::Insert_Position(int, int)' into 'A_StreamReaderhw(Node_RRT_Poshw&, Node_Randhw&, int)' (new_fixedpoint2205/main.cpp:39:0)
INFO: [HLS 214-178] Inlining function 'fp_mult(int, int)' into 'A_StreamReaderhw(Node_RRT_Poshw&, Node_Randhw&, int)' (new_fixedpoint2205/main.cpp:39:0)
INFO: [HLS 214-178] Inlining function 'fp_mult(int, int)' into 'Point_2hw::squared_distance(int, int)' (new_fixedpoint2205/Aux_Lib_hw.hpp:39:0)
INFO: [HLS 214-178] Inlining function 'Point_2hw::x() const' into 'Segment_3hw::squared_distance(int&, int&, int, int)' (new_fixedpoint2205/Aux_Lib_hw.hpp:102:0)
INFO: [HLS 214-178] Inlining function 'fp_mult(int, int)' into 'Segment_3hw::squared_distance(int&, int&, int, int)' (new_fixedpoint2205/Aux_Lib_hw.hpp:102:0)
INFO: [HLS 214-178] Inlining function 'Point_2hw::y() const' into 'Segment_3hw::squared_distance(int&, int&, int, int)' (new_fixedpoint2205/Aux_Lib_hw.hpp:102:0)
INFO: [HLS 214-178] Inlining function 'fp_div(int, int)' into 'Segment_3hw::squared_distance(int&, int&, int, int)' (new_fixedpoint2205/Aux_Lib_hw.hpp:102:0)
INFO: [HLS 214-178] Inlining function 'Point_2hw::squared_distance(int, int)' into 'Segment_3hw::squared_distance(int&, int&, int, int)' (new_fixedpoint2205/Aux_Lib_hw.hpp:102:0)
INFO: [HLS 214-178] Inlining function 'int FloatToFixed<16ul>(float)' into 'Collision_detectedhw(int&, int&, int, Segment_3hw*, int)' (new_fixedpoint2205/main.cpp:78:0)
INFO: [HLS 214-178] Inlining function 'Segment_3hw::squared_distance(int&, int&, int, int)' into 'Collision_detectedhw(int&, int&, int, Segment_3hw*, int)' (new_fixedpoint2205/main.cpp:78:0)
INFO: [HLS 214-178] Inlining function 'Position_Holonomic_hw::Position_Holonomic_hw() (.165)' into 'Obstacle_Freehw(Position_Holonomic_hw&, Position_Holonomic_hw&, int, Segment_3hw*, int)' (new_fixedpoint2205/main.cpp:98:0)
INFO: [HLS 214-178] Inlining function 'int FloatToFixed<16ul>(float)' into 'Obstacle_Freehw(Position_Holonomic_hw&, Position_Holonomic_hw&, int, Segment_3hw*, int)' (new_fixedpoint2205/main.cpp:98:0)
INFO: [HLS 214-178] Inlining function 'fp_div(int, int)' into 'Obstacle_Freehw(Position_Holonomic_hw&, Position_Holonomic_hw&, int, Segment_3hw*, int)' (new_fixedpoint2205/main.cpp:98:0)
INFO: [HLS 214-178] Inlining function 'fp_mult(int, int)' into 'Obstacle_Freehw(Position_Holonomic_hw&, Position_Holonomic_hw&, int, Segment_3hw*, int)' (new_fixedpoint2205/main.cpp:98:0)
INFO: [HLS 214-178] Inlining function 'Point_2hw::Point_2hw(int, int)' into 'Obstacle_Freehw(Position_Holonomic_hw&, Position_Holonomic_hw&, int, Segment_3hw*, int)' (new_fixedpoint2205/main.cpp:98:0)
INFO: [HLS 214-178] Inlining function 'Point_2hw::Point_2hw(int, int)' into 'Cal_Squared_Disthw(Node_RRT_Poshw&, Node_RRT_Poshw&)' (new_fixedpoint2205/main.cpp:31:0)
INFO: [HLS 214-178] Inlining function 'Point_2hw::squared_distance(Point_2hw&)' into 'Cal_Squared_Disthw(Node_RRT_Poshw&, Node_RRT_Poshw&)' (new_fixedpoint2205/main.cpp:31:0)
INFO: [HLS 214-178] Inlining function 'Cal_Squared_Disthw(Node_RRT_Poshw&, Node_RRT_Poshw&)' into 'Nearhw(int*, Node_RRT_Poshw*, Node_RRT_Poshw&, int, int, int&)' (new_fixedpoint2205/main.cpp:154:0)
INFO: [HLS 214-178] Inlining function 'fp_mult(int, int)' into 'Costhw(Position_Holonomic_hw&, Position_Holonomic_hw&)' (new_fixedpoint2205/main.cpp:175:0)
INFO: [HLS 214-178] Inlining function 'fp_sqrtt(int)' into 'Costhw(Position_Holonomic_hw&, Position_Holonomic_hw&)' (new_fixedpoint2205/main.cpp:175:0)
INFO: [HLS 214-178] Inlining function 'Segment_3hw::Segment_3hw()' into 'rrt(hls::stream<hls::axis<ap_int<64>, 2ul, 5ul, 6ul>, 0>&, float, float, int, float*, float, float, hls::stream<hls::axis<ap_int<32>, 2ul, 5ul, 6ul>, 0>&)' (new_fixedpoint2205/main.cpp:200:0)
INFO: [HLS 214-178] Inlining function 'Point_2hw::Point_2hw(int, int)' into 'rrt(hls::stream<hls::axis<ap_int<64>, 2ul, 5ul, 6ul>, 0>&, float, float, int, float*, float, float, hls::stream<hls::axis<ap_int<32>, 2ul, 5ul, 6ul>, 0>&)' (new_fixedpoint2205/main.cpp:200:0)
INFO: [HLS 214-178] Inlining function 'Point_2hw::y() const' into 'rrt(hls::stream<hls::axis<ap_int<64>, 2ul, 5ul, 6ul>, 0>&, float, float, int, float*, float, float, hls::stream<hls::axis<ap_int<32>, 2ul, 5ul, 6ul>, 0>&)' (new_fixedpoint2205/main.cpp:200:0)
INFO: [HLS 214-178] Inlining function '__hls_fptosi_float_i32' into 'rrt(hls::stream<hls::axis<ap_int<64>, 2ul, 5ul, 6ul>, 0>&, float, float, int, float*, float, float, hls::stream<hls::axis<ap_int<32>, 2ul, 5ul, 6ul>, 0>&)' (new_fixedpoint2205/main.cpp:200:0)
INFO: [HLS 214-178] Inlining function 'Point_2hw::x() const' into 'rrt(hls::stream<hls::axis<ap_int<64>, 2ul, 5ul, 6ul>, 0>&, float, float, int, float*, float, float, hls::stream<hls::axis<ap_int<32>, 2ul, 5ul, 6ul>, 0>&)' (new_fixedpoint2205/main.cpp:200:0)
INFO: [HLS 214-178] Inlining function 'fp_mult(int, int)' into 'rrt(hls::stream<hls::axis<ap_int<64>, 2ul, 5ul, 6ul>, 0>&, float, float, int, float*, float, float, hls::stream<hls::axis<ap_int<32>, 2ul, 5ul, 6ul>, 0>&)' (new_fixedpoint2205/main.cpp:200:0)
INFO: [HLS 214-178] Inlining function 'Node_RRT_Poshw::Node_RRT_Poshw() (.171.176)' into 'rrt(hls::stream<hls::axis<ap_int<64>, 2ul, 5ul, 6ul>, 0>&, float, float, int, float*, float, float, hls::stream<hls::axis<ap_int<32>, 2ul, 5ul, 6ul>, 0>&)' (new_fixedpoint2205/main.cpp:200:0)
INFO: [HLS 214-178] Inlining function 'Node_Randhw::Node_Randhw()' into 'rrt(hls::stream<hls::axis<ap_int<64>, 2ul, 5ul, 6ul>, 0>&, float, float, int, float*, float, float, hls::stream<hls::axis<ap_int<32>, 2ul, 5ul, 6ul>, 0>&)' (new_fixedpoint2205/main.cpp:200:0)
INFO: [HLS 214-178] Inlining function 'Node_RRT_Poshw::Node_RRT_Poshw()' into 'rrt(hls::stream<hls::axis<ap_int<64>, 2ul, 5ul, 6ul>, 0>&, float, float, int, float*, float, float, hls::stream<hls::axis<ap_int<32>, 2ul, 5ul, 6ul>, 0>&)' (new_fixedpoint2205/main.cpp:200:0)
INFO: [HLS 214-178] Inlining function 'Cal_Squared_Disthw(Node_Randhw&, Node_RRT_Poshw&)' into 'rrt(hls::stream<hls::axis<ap_int<64>, 2ul, 5ul, 6ul>, 0>&, float, float, int, float*, float, float, hls::stream<hls::axis<ap_int<32>, 2ul, 5ul, 6ul>, 0>&)' (new_fixedpoint2205/main.cpp:200:0)
INFO: [HLS 214-178] Inlining function 'float FixedToFloat<16ul>(int)' into 'rrt(hls::stream<hls::axis<ap_int<64>, 2ul, 5ul, 6ul>, 0>&, float, float, int, float*, float, float, hls::stream<hls::axis<ap_int<32>, 2ul, 5ul, 6ul>, 0>&)' (new_fixedpoint2205/main.cpp:200:0)
INFO: [HLS 214-178] Inlining function 'Costhw(Position_Holonomic_hw&, Position_Holonomic_hw&)' into 'rrt(hls::stream<hls::axis<ap_int<64>, 2ul, 5ul, 6ul>, 0>&, float, float, int, float*, float, float, hls::stream<hls::axis<ap_int<32>, 2ul, 5ul, 6ul>, 0>&)' (new_fixedpoint2205/main.cpp:200:0)
INFO: [HLS 214-270] Starting automatic array partition analysis...
INFO: [HLS 214-131] Inlining function '_llvm.fpga.unpack.none.s_struct.ap_int<64>s.i64' into 'rrt(hls::stream<hls::axis<ap_int<64>, 2ul, 5ul, 6ul>, 0>&, float, float, int, float*, float, float, hls::stream<hls::axis<ap_int<32>, 2ul, 5ul, 6ul>, 0>&)' (/tools/Xilinx/Vitis_HLS/2021.2/common/technology/autopilot/ap_axi_sdata.h:293:5)
INFO: [HLS 214-131] Inlining function '_llvm.fpga.pack.none.i6.s_struct.ap_uint<6>s' into 'rrt(hls::stream<hls::axis<ap_int<64>, 2ul, 5ul, 6ul>, 0>&, float, float, int, float*, float, float, hls::stream<hls::axis<ap_int<32>, 2ul, 5ul, 6ul>, 0>&)' (/tools/Xilinx/Vitis_HLS/2021.2/common/technology/autopilot/ap_axi_sdata.h:304:5)
INFO: [HLS 214-131] Inlining function '_llvm.fpga.pack.none.i5.s_struct.ap_uint<5>s' into 'rrt(hls::stream<hls::axis<ap_int<64>, 2ul, 5ul, 6ul>, 0>&, float, float, int, float*, float, float, hls::stream<hls::axis<ap_int<32>, 2ul, 5ul, 6ul>, 0>&)' (/tools/Xilinx/Vitis_HLS/2021.2/common/technology/autopilot/ap_axi_sdata.h:304:5)
INFO: [HLS 214-131] Inlining function '_llvm.fpga.pack.none.i1.s_struct.ap_uint<1>s' into 'rrt(hls::stream<hls::axis<ap_int<64>, 2ul, 5ul, 6ul>, 0>&, float, float, int, float*, float, float, hls::stream<hls::axis<ap_int<32>, 2ul, 5ul, 6ul>, 0>&)' (/tools/Xilinx/Vitis_HLS/2021.2/common/technology/autopilot/ap_axi_sdata.h:304:5)
INFO: [HLS 214-131] Inlining function '_llvm.fpga.pack.none.i2.s_struct.ap_uint<2>s' into 'rrt(hls::stream<hls::axis<ap_int<64>, 2ul, 5ul, 6ul>, 0>&, float, float, int, float*, float, float, hls::stream<hls::axis<ap_int<32>, 2ul, 5ul, 6ul>, 0>&)' (/tools/Xilinx/Vitis_HLS/2021.2/common/technology/autopilot/ap_axi_sdata.h:304:5)
INFO: [HLS 214-131] Inlining function '_llvm.fpga.pack.none.i4.s_struct.ap_uint<4>s' into 'rrt(hls::stream<hls::axis<ap_int<64>, 2ul, 5ul, 6ul>, 0>&, float, float, int, float*, float, float, hls::stream<hls::axis<ap_int<32>, 2ul, 5ul, 6ul>, 0>&)' (/tools/Xilinx/Vitis_HLS/2021.2/common/technology/autopilot/ap_axi_sdata.h:304:5)
INFO: [HLS 214-131] Inlining function '_llvm.fpga.pack.none.i32.s_struct.ap_int<32>s' into 'rrt(hls::stream<hls::axis<ap_int<64>, 2ul, 5ul, 6ul>, 0>&, float, float, int, float*, float, float, hls::stream<hls::axis<ap_int<32>, 2ul, 5ul, 6ul>, 0>&)' (/tools/Xilinx/Vitis_HLS/2021.2/common/technology/autopilot/ap_axi_sdata.h:304:5)
INFO: [HLS 214-131] Inlining function '_llvm.fpga.unpack.none.s_struct.ap_uint<8>s.i8' into 'rrt(hls::stream<hls::axis<ap_int<64>, 2ul, 5ul, 6ul>, 0>&, float, float, int, float*, float, float, hls::stream<hls::axis<ap_int<32>, 2ul, 5ul, 6ul>, 0>&)' (/tools/Xilinx/Vitis_HLS/2021.2/common/technology/autopilot/ap_axi_sdata.h:293:5)
INFO: [HLS 214-131] Inlining function '_llvm.fpga.unpack.none.s_struct.ap_uint<2>s.i2' into 'rrt(hls::stream<hls::axis<ap_int<64>, 2ul, 5ul, 6ul>, 0>&, float, float, int, float*, float, float, hls::stream<hls::axis<ap_int<32>, 2ul, 5ul, 6ul>, 0>&)' (/tools/Xilinx/Vitis_HLS/2021.2/common/technology/autopilot/ap_axi_sdata.h:293:5)
INFO: [HLS 214-131] Inlining function '_llvm.fpga.unpack.none.s_struct.ap_uint<1>s.i1' into 'rrt(hls::stream<hls::axis<ap_int<64>, 2ul, 5ul, 6ul>, 0>&, float, float, int, float*, float, float, hls::stream<hls::axis<ap_int<32>, 2ul, 5ul, 6ul>, 0>&)' (/tools/Xilinx/Vitis_HLS/2021.2/common/technology/autopilot/ap_axi_sdata.h:293:5)
INFO: [HLS 214-131] Inlining function '_llvm.fpga.unpack.none.s_struct.ap_uint<5>s.i5' into 'rrt(hls::stream<hls::axis<ap_int<64>, 2ul, 5ul, 6ul>, 0>&, float, float, int, float*, float, float, hls::stream<hls::axis<ap_int<32>, 2ul, 5ul, 6ul>, 0>&)' (/tools/Xilinx/Vitis_HLS/2021.2/common/technology/autopilot/ap_axi_sdata.h:293:5)
INFO: [HLS 214-131] Inlining function '_llvm.fpga.unpack.none.s_struct.ap_uint<6>s.i6' into 'rrt(hls::stream<hls::axis<ap_int<64>, 2ul, 5ul, 6ul>, 0>&, float, float, int, float*, float, float, hls::stream<hls::axis<ap_int<32>, 2ul, 5ul, 6ul>, 0>&)' (/tools/Xilinx/Vitis_HLS/2021.2/common/technology/autopilot/ap_axi_sdata.h:293:5)
INFO: [HLS 200-111] Finished Compiling Optimization and Transform: CPU user time: 3.54 seconds. CPU system time: 0.27 seconds. Elapsed time: 3.97 seconds; current allocated memory: 287.004 MB.
INFO: [HLS 200-111] Finished Checking Pragmas: CPU user time: 0 seconds. CPU system time: 0 seconds. Elapsed time: 0 seconds; current allocated memory: 287.004 MB.
INFO: [HLS 200-10] Starting code transformations ...
INFO: [HLS 200-111] Finished Standard Transforms: CPU user time: 0.35 seconds. CPU system time: 0.04 seconds. Elapsed time: 0.44 seconds; current allocated memory: 365.848 MB.
INFO: [HLS 200-10] Checking synthesizability ...
INFO: [XFORM 203-602] Inlining function 'Cal_Disthw' into 'A_StreamReaderhw' (new_fixedpoint2205/main.cpp:41) automatically.
INFO: [XFORM 203-602] Inlining function 'FloatToFixed<16ul>' into 'Collision_detectedhw' (new_fixedpoint2205/Aux_Lib_hw.hpp:115) automatically.
INFO: [XFORM 203-602] Inlining function '__hls_fptosi_float_i32' into 'Collision_detectedhw' (new_fixedpoint2205/Aux_Lib_hw.hpp:106) automatically.
INFO: [XFORM 203-602] Inlining function 'Obstacle_Freehw' into 'rrt' (new_fixedpoint2205/main.cpp:309) automatically.
INFO: [HLS 200-111] Finished Checking Synthesizability: CPU user time: 0.71 seconds. CPU system time: 0.03 seconds. Elapsed time: 0.75 seconds; current allocated memory: 459.129 MB.
INFO: [XFORM 203-510] Pipelining loop 'VITIS_LOOP_47_1' (new_fixedpoint2205/fixedpt.h:49) in function 'Cal_Disthw' automatically.
INFO: [XFORM 203-510] Pipelining loop 'VITIS_LOOP_121_1' (/wrk/ci/prod/2021.2/rdi_builds/continuous/2021_10_19_3367213/src/shared/hls/clib/hlsmath/include/FloatingPoint/hls_case_IEEE754.h:13) in function 'Obstacle_Freehw' automatically.
INFO: [XFORM 203-510] Pipelining loop 'VITIS_LOOP_159_1' (/wrk/ci/prod/2021.2/rdi_builds/continuous/2021_10_19_3367213/src/shared/hls/clib/hlsmath/include/FloatingPoint/hls_case_IEEE754.h:13) in function 'Nearhw' automatically.
INFO: [XFORM 203-510] Pipelining loop 'Loop-2' (new_fixedpoint2205/main.cpp:227) in function 'rrt' automatically.
INFO: [XFORM 203-510] Pipelining loop 'VITIS_LOOP_240_1' (/wrk/ci/prod/2021.2/rdi_builds/continuous/2021_10_19_3367213/src/shared/hls/clib/hlsmath/include/FloatingPoint/hls_case_IEEE754.h:13) in function 'rrt' automatically.
INFO: [XFORM 203-510] Pipelining loop 'Loop-4' (new_fixedpoint2205/main.cpp:264) in function 'rrt' automatically.
INFO: [XFORM 203-510] Pipelining loop 'VITIS_LOOP_47_1' (new_fixedpoint2205/fixedpt.h:49) in function 'rrt' automatically.
INFO: [XFORM 203-510] Pipelining loop 'VITIS_LOOP_325_3' (new_fixedpoint2205/main.cpp:325) in function 'rrt' automatically.
INFO: [XFORM 203-510] Pipelining loop 'VITIS_LOOP_349_4' (new_fixedpoint2205/main.cpp:222) in function 'rrt' automatically.
INFO: [XFORM 203-502] Unrolling all loops for pipelining in function 'Collision_detectedhw' (new_fixedpoint2205/main.cpp:27:37).
INFO: [HLS 200-489] Unrolling loop 'VITIS_LOOP_82_1' (new_fixedpoint2205/main.cpp:82) in function 'Collision_detectedhw' completely with a factor of 4.
INFO: [XFORM 203-102] Automatically partitioning small array 'Edges.Source._x' (new_fixedpoint2205/main.cpp:227) completely based on array size.
INFO: [XFORM 203-102] Automatically partitioning small array 'Edges.Source._y' (new_fixedpoint2205/main.cpp:227) completely based on array size.
INFO: [XFORM 203-102] Automatically partitioning small array 'Edges.Target._x' (new_fixedpoint2205/main.cpp:227) completely based on array size.
INFO: [XFORM 203-102] Automatically partitioning small array 'Edges.Target._y' (new_fixedpoint2205/main.cpp:227) completely based on array size.
INFO: [XFORM 203-102] Automatically partitioning small array 'Edges.AABB' (new_fixedpoint2205/main.cpp:227) completely based on array size.
INFO: [XFORM 203-101] Partitioning array 'Edges.Source._x' (new_fixedpoint2205/main.cpp:227) in dimension 1 completely.
INFO: [XFORM 203-101] Partitioning array 'Edges.Source._y' (new_fixedpoint2205/main.cpp:227) in dimension 1 completely.
INFO: [XFORM 203-101] Partitioning array 'Edges.Target._x' (new_fixedpoint2205/main.cpp:227) in dimension 1 completely.
INFO: [XFORM 203-101] Partitioning array 'Edges.Target._y' (new_fixedpoint2205/main.cpp:227) in dimension 1 completely.
INFO: [XFORM 203-101] Partitioning array 'Edges.AABB' (new_fixedpoint2205/main.cpp:227) in dimension 1 completely.
INFO: [XFORM 203-602] Inlining function 'Cal_Disthw' into 'A_StreamReaderhw' (new_fixedpoint2205/main.cpp:41) automatically.
INFO: [XFORM 203-602] Inlining function 'FloatToFixed<16ul>' into 'Collision_detectedhw' (new_fixedpoint2205/Aux_Lib_hw.hpp:115) automatically.
INFO: [XFORM 203-602] Inlining function 'Obstacle_Freehw' into 'rrt' (new_fixedpoint2205/main.cpp:309) automatically.
INFO: [XFORM 203-401] Performing if-conversion on hyperblock from (/wrk/ci/prod/2021.2/rdi_builds/continuous/2021_10_19_3367213/src/shared/hls/clib/hlsmath/include/FloatingPoint/hls_case_IEEE754.h:13:17) in function 'rrt'... converting 3 basic blocks.
INFO: [XFORM 203-401] Performing if-conversion on hyperblock from (new_fixedpoint2205/fixedpt.h:58:7) in function 'A_StreamReaderhw'... converting 3 basic blocks.
INFO: [XFORM 203-602] Inlining function 'A_StreamReaderhw' into 'rrt' (new_fixedpoint2205/main.cpp:299) automatically.
INFO: [HLS 200-111] Finished Loop, function and other optimizations: CPU user time: 0.9 seconds. CPU system time: 0.03 seconds. Elapsed time: 0.94 seconds; current allocated memory: 577.117 MB.
INFO: [XFORM 203-603] Evaluating the output(s) of a call to function 'FloatToFixed<16ul>' (new_fixedpoint2205/main.cpp:228:28) in function 'rrt' and propagating its result(s) since all actual argument(s) to the function are constants.
INFO: [XFORM 203-603] Evaluating the output(s) of a call to function 'FloatToFixed<16ul>' (new_fixedpoint2205/main.cpp:228:50) in function 'rrt' and propagating its result(s) since all actual argument(s) to the function are constants.
INFO: [HLS 200-472] Inferring partial write operation for 'X_near' (new_fixedpoint2205/main.cpp:169:24)
INFO: [HLS 200-472] Inferring partial write operation for 'RRT_Star.Position.x' (new_fixedpoint2205/RRT_Star_hw.hpp:14:5)
INFO: [HLS 200-472] Inferring partial write operation for 'RRT_Star.Position.y' (new_fixedpoint2205/RRT_Star_hw.hpp:15:5)
INFO: [HLS 200-472] Inferring partial write operation for 'RRT_Star.Location_List' (new_fixedpoint2205/RRT_Star_hw.hpp:87:17)
INFO: [HLS 200-472] Inferring partial write operation for 'RRT_Star.Position.x' (new_fixedpoint2205/main.cpp:277:25)
INFO: [HLS 200-472] Inferring partial write operation for 'RRT_Star.Position.y' (new_fixedpoint2205/main.cpp:278:25)
INFO: [HLS 200-472] Inferring partial write operation for 'RRT_Star.Location_List' (new_fixedpoint2205/main.cpp:279:28)
INFO: [XFORM 203-603] Evaluating the output(s) of a call to function '__hls_fptosi_float_i32' (new_fixedpoint2205/Aux_Lib_hw.hpp:106:42) in function 'Collision_detectedhw' and propagating its result(s) since all actual argument(s) to the function are constants.
INFO: [XFORM 203-603] Evaluating the output(s) of a call to function '__hls_fptosi_float_i32' (new_fixedpoint2205/Aux_Lib_hw.hpp:107:34) in function 'Collision_detectedhw' and propagating its result(s) since all actual argument(s) to the function are constants.
INFO: [HLS 200-111] Finished Architecture Synthesis: CPU user time: 0.49 seconds. CPU system time: 0.03 seconds. Elapsed time: 0.55 seconds; current allocated memory: 716.609 MB.
INFO: [HLS 200-10] Starting hardware synthesis ...
INFO: [HLS 200-10] Synthesizing 'rrt' ...
WARNING: [SYN 201-103] Legalizing function name 'FloatToFixed<16ul>' to 'FloatToFixed_16ul_s'.
WARNING: [SYN 201-103] Legalizing function name '__hls_fptosi_float_i32' to 'p_hls_fptosi_float_i32'.
INFO: [HLS 200-10] ----------------------------------------------------------------
INFO: [HLS 200-42] -- Implementing module 'rrt_Pipeline_VITIS_LOOP_240_1' 
INFO: [HLS 200-10] ----------------------------------------------------------------
INFO: [SCHED 204-11] Starting scheduling ...
INFO: [SCHED 204-61] Pipelining loop 'VITIS_LOOP_240_1'.
INFO: [HLS 200-1470] Pipelining result : Target II = NA, Final II = 1, Depth = 26, loop 'VITIS_LOOP_240_1'
WARNING: [HLS 200-871] Estimated clock period (6.312ns) exceeds the target (target clock period: 6.75ns, clock uncertainty: 1.8225ns, effective delay budget: 4.9275ns).
WARNING: [HLS 200-1016] The critical path in module 'rrt_Pipeline_VITIS_LOOP_240_1' consists of the following:	'sitofp' operation ('conv_i', new_fixedpoint2205/Aux_Lib_hw.hpp:31) [23]  (6.31 ns)

INFO: [SCHED 204-11] Finished scheduling.
INFO: [HLS 200-111] Finished Scheduling: CPU user time: 0.19 seconds. CPU system time: 0.02 seconds. Elapsed time: 0.22 seconds; current allocated memory: 717.457 MB.
INFO: [BIND 205-100] Starting micro-architecture generation ...
INFO: [BIND 205-101] Performing variable lifetime analysis.
INFO: [BIND 205-101] Exploring resource sharing.
INFO: [BIND 205-101] Binding ...
INFO: [BIND 205-100] Finished micro-architecture generation.
INFO: [HLS 200-111] Finished Binding: CPU user time: 0.14 seconds. CPU system time: 0 seconds. Elapsed time: 0.14 seconds; current allocated memory: 717.457 MB.
INFO: [HLS 200-10] ----------------------------------------------------------------
INFO: [HLS 200-42] -- Implementing module 'FloatToFixed_16ul_s' 
INFO: [HLS 200-10] ----------------------------------------------------------------
INFO: [SCHED 204-11] Starting scheduling ...
INFO: [SCHED 204-61] Pipelining function 'FloatToFixed<16ul>'.
INFO: [HLS 200-1470] Pipelining result : Target II = NA, Final II = 1, Depth = 22, function 'FloatToFixed<16ul>'
INFO: [SCHED 204-11] Finished scheduling.
INFO: [HLS 200-111] Finished Scheduling: CPU user time: 0.14 seconds. CPU system time: 0.01 seconds. Elapsed time: 0.15 seconds; current allocated memory: 717.457 MB.
INFO: [BIND 205-100] Starting micro-architecture generation ...
INFO: [BIND 205-101] Performing variable lifetime analysis.
INFO: [BIND 205-101] Exploring resource sharing.
INFO: [BIND 205-101] Binding ...
INFO: [BIND 205-100] Finished micro-architecture generation.
INFO: [HLS 200-111] Finished Binding: CPU user time: 0.1 seconds. CPU system time: 0 seconds. Elapsed time: 0.09 seconds; current allocated memory: 717.457 MB.
INFO: [HLS 200-10] ----------------------------------------------------------------
INFO: [HLS 200-42] -- Implementing module 'rrt_Pipeline_2' 
INFO: [HLS 200-10] ----------------------------------------------------------------
INFO: [SCHED 204-11] Starting scheduling ...
INFO: [SCHED 204-61] Pipelining loop 'Loop 1'.
INFO: [HLS 200-1470] Pipelining result : Target II = NA, Final II = 1, Depth = 1, loop 'Loop 1'
INFO: [SCHED 204-11] Finished scheduling.
INFO: [HLS 200-111] Finished Scheduling: CPU user time: 0.08 seconds. CPU system time: 0 seconds. Elapsed time: 0.07 seconds; current allocated memory: 717.457 MB.
INFO: [BIND 205-100] Starting micro-architecture generation ...
INFO: [BIND 205-101] Performing variable lifetime analysis.
INFO: [BIND 205-101] Exploring resource sharing.
INFO: [BIND 205-101] Binding ...
INFO: [BIND 205-100] Finished micro-architecture generation.
INFO: [HLS 200-111] Finished Binding: CPU user time: 0 seconds. CPU system time: 0.01 seconds. Elapsed time: 0.02 seconds; current allocated memory: 717.457 MB.
INFO: [HLS 200-10] ----------------------------------------------------------------
INFO: [HLS 200-42] -- Implementing module 'rrt_Pipeline_VITIS_LOOP_271_2' 
INFO: [HLS 200-10] ----------------------------------------------------------------
INFO: [SCHED 204-11] Starting scheduling ...
INFO: [SCHED 204-61] Pipelining loop 'VITIS_LOOP_271_2'.
INFO: [HLS 200-1470] Pipelining result : Target II = NA, Final II = 1, Depth = 52, loop 'VITIS_LOOP_271_2'
WARNING: [HLS 200-871] Estimated clock period (6.312ns) exceeds the target (target clock period: 6.75ns, clock uncertainty: 1.8225ns, effective delay budget: 4.9275ns).
WARNING: [HLS 200-1016] The critical path in module 'rrt_Pipeline_VITIS_LOOP_271_2' consists of the following:	'sitofp' operation ('conv_i_i_i', new_fixedpoint2205/Aux_Lib_hw.hpp:27) [70]  (6.31 ns)

INFO: [SCHED 204-11] Finished scheduling.
INFO: [HLS 200-111] Finished Scheduling: CPU user time: 0.12 seconds. CPU system time: 0.01 seconds. Elapsed time: 0.12 seconds; current allocated memory: 717.922 MB.
INFO: [BIND 205-100] Starting micro-architecture generation ...
INFO: [BIND 205-101] Performing variable lifetime analysis.
INFO: [BIND 205-101] Exploring resource sharing.
INFO: [BIND 205-101] Binding ...
INFO: [BIND 205-100] Finished micro-architecture generation.
INFO: [HLS 200-111] Finished Binding: CPU user time: 0.22 seconds. CPU system time: 0 seconds. Elapsed time: 0.23 seconds; current allocated memory: 717.922 MB.
INFO: [HLS 200-10] ----------------------------------------------------------------
INFO: [HLS 200-42] -- Implementing module 'rrt_Pipeline_VITIS_LOOP_47_1' 
INFO: [HLS 200-10] ----------------------------------------------------------------
INFO: [SCHED 204-11] Starting scheduling ...
INFO: [SCHED 204-61] Pipelining loop 'VITIS_LOOP_47_1'.
WARNING: [HLS 200-880] The II Violation in module 'rrt_Pipeline_VITIS_LOOP_47_1' (loop 'VITIS_LOOP_47_1'): Unable to enforce a carried dependence constraint (II = 1, distance = 1, offset = 0) between 'store' operation ('q_1_write_ln47', new_fixedpoint2205/fixedpt.h:47->new_fixedpoint2205/main.cpp:299) of variable 'q', new_fixedpoint2205/fixedpt.h:50->new_fixedpoint2205/main.cpp:299 on local variable 'q' and 'load' operation ('q_1_load', new_fixedpoint2205/fixedpt.h:49->new_fixedpoint2205/main.cpp:299) on local variable 'q'.
INFO: [HLS 200-1470] Pipelining result : Target II = NA, Final II = 2, Depth = 4, loop 'VITIS_LOOP_47_1'
INFO: [SCHED 204-11] Finished scheduling.
INFO: [HLS 200-111] Finished Scheduling: CPU user time: 0.2 seconds. CPU system time: 0 seconds. Elapsed time: 0.21 seconds; current allocated memory: 718.969 MB.
INFO: [BIND 205-100] Starting micro-architecture generation ...
INFO: [BIND 205-101] Performing variable lifetime analysis.
INFO: [BIND 205-101] Exploring resource sharing.
INFO: [BIND 205-101] Binding ...
INFO: [BIND 205-100] Finished micro-architecture generation.
INFO: [HLS 200-111] Finished Binding: CPU user time: 0.04 seconds. CPU system time: 0 seconds. Elapsed time: 0.04 seconds; current allocated memory: 718.969 MB.
INFO: [HLS 200-10] ----------------------------------------------------------------
INFO: [HLS 200-42] -- Implementing module 'p_hls_fptosi_float_i32' 
INFO: [HLS 200-10] ----------------------------------------------------------------
INFO: [SCHED 204-11] Starting scheduling ...
INFO: [SCHED 204-61] Pipelining function '__hls_fptosi_float_i32'.
INFO: [HLS 200-1470] Pipelining result : Target II = NA, Final II = 1, Depth = 3, function '__hls_fptosi_float_i32'
INFO: [SCHED 204-11] Finished scheduling.
INFO: [HLS 200-111] Finished Scheduling: CPU user time: 0.05 seconds. CPU system time: 0 seconds. Elapsed time: 0.04 seconds; current allocated memory: 719.207 MB.
INFO: [BIND 205-100] Starting micro-architecture generation ...
INFO: [BIND 205-101] Performing variable lifetime analysis.
INFO: [BIND 205-101] Exploring resource sharing.
INFO: [BIND 205-101] Binding ...
INFO: [BIND 205-100] Finished micro-architecture generation.
INFO: [HLS 200-111] Finished Binding: CPU user time: 0.02 seconds. CPU system time: 0.01 seconds. Elapsed time: 0.02 seconds; current allocated memory: 719.207 MB.
INFO: [HLS 200-10] ----------------------------------------------------------------
INFO: [HLS 200-42] -- Implementing module 'Collision_detectedhw' 
INFO: [HLS 200-10] ----------------------------------------------------------------
INFO: [SCHED 204-11] Starting scheduling ...
INFO: [SCHED 204-61] Pipelining function 'Collision_detectedhw'.
INFO: [HLS 200-1470] Pipelining result : Target II = NA, Final II = 1, Depth = 473, function 'Collision_detectedhw'
WARNING: [HLS 200-871] Estimated clock period (6.312ns) exceeds the target (target clock period: 6.75ns, clock uncertainty: 1.8225ns, effective delay budget: 4.9275ns).
WARNING: [HLS 200-1016] The critical path in module 'Collision_detectedhw' consists of the following:	wire read operation ('x') on port 'p_read' [14]  (0 ns)
	'sitofp' operation ('conv_i') [16]  (6.31 ns)

INFO: [SCHED 204-11] Finished scheduling.
INFO: [HLS 200-111] Finished Scheduling: CPU user time: 0.61 seconds. CPU system time: 0.01 seconds. Elapsed time: 0.61 seconds; current allocated memory: 721.754 MB.
INFO: [BIND 205-100] Starting micro-architecture generation ...
INFO: [BIND 205-101] Performing variable lifetime analysis.
INFO: [BIND 205-101] Exploring resource sharing.
INFO: [BIND 205-101] Binding ...
INFO: [BIND 205-100] Finished micro-architecture generation.
INFO: [HLS 200-111] Finished Binding: CPU user time: 1.59 seconds. CPU system time: 0 seconds. Elapsed time: 1.6 seconds; current allocated memory: 723.742 MB.
INFO: [HLS 200-10] ----------------------------------------------------------------
INFO: [HLS 200-42] -- Implementing module 'rrt_Pipeline_VITIS_LOOP_121_1' 
INFO: [HLS 200-10] ----------------------------------------------------------------
INFO: [SCHED 204-11] Starting scheduling ...
INFO: [SCHED 204-61] Pipelining loop 'VITIS_LOOP_121_1'.
WARNING: [HLS 200-878] Unable to schedule the loop exit test ('call' operation ('tmp_i', new_fixedpoint2205/main.cpp:142->new_fixedpoint2205/main.cpp:309) to 'Collision_detectedhw') in the first pipeline iteration (II = 1 cycles).
WARNING: [HLS 200-878] Unable to schedule the loop exit test ('call' operation ('tmp_i', new_fixedpoint2205/main.cpp:142->new_fixedpoint2205/main.cpp:309) to 'Collision_detectedhw') in the first pipeline iteration (II = 2 cycles).
WARNING: [HLS 200-878] Unable to schedule the loop exit test ('call' operation ('tmp_i', new_fixedpoint2205/main.cpp:142->new_fixedpoint2205/main.cpp:309) to 'Collision_detectedhw') in the first pipeline iteration (II = 3 cycles).
WARNING: [HLS 200-878] Unable to schedule the loop exit test ('call' operation ('tmp_i', new_fixedpoint2205/main.cpp:142->new_fixedpoint2205/main.cpp:309) to 'Collision_detectedhw') in the first pipeline iteration (II = 4 cycles).
WARNING: [HLS 200-878] Unable to schedule the loop exit test ('call' operation ('tmp_i', new_fixedpoint2205/main.cpp:142->new_fixedpoint2205/main.cpp:309) to 'Collision_detectedhw') in the first pipeline iteration (II = 130 cycles).
WARNING: [HLS 200-878] Unable to schedule the loop exit test ('call' operation ('tmp_i', new_fixedpoint2205/main.cpp:142->new_fixedpoint2205/main.cpp:309) to 'Collision_detectedhw') in the first pipeline iteration (II = 193 cycles).
WARNING: [HLS 200-878] Unable to schedule the loop exit test ('call' operation ('tmp_i', new_fixedpoint2205/main.cpp:142->new_fixedpoint2205/main.cpp:309) to 'Collision_detectedhw') in the first pipeline iteration (II = 225 cycles).
WARNING: [HLS 200-878] Unable to schedule the loop exit test ('call' operation ('tmp_i', new_fixedpoint2205/main.cpp:142->new_fixedpoint2205/main.cpp:309) to 'Collision_detectedhw') in the first pipeline iteration (II = 241 cycles).
WARNING: [HLS 200-878] Unable to schedule the loop exit test ('call' operation ('tmp_i', new_fixedpoint2205/main.cpp:142->new_fixedpoint2205/main.cpp:309) to 'Collision_detectedhw') in the first pipeline iteration (II = 249 cycles).
WARNING: [HLS 200-878] Unable to schedule the loop exit test ('call' operation ('tmp_i', new_fixedpoint2205/main.cpp:142->new_fixedpoint2205/main.cpp:309) to 'Collision_detectedhw') in the first pipeline iteration (II = 253 cycles).
WARNING: [HLS 200-878] Unable to schedule the loop exit test ('call' operation ('tmp_i', new_fixedpoint2205/main.cpp:142->new_fixedpoint2205/main.cpp:309) to 'Collision_detectedhw') in the first pipeline iteration (II = 255 cycles).
WARNING: [HLS 200-878] Unable to schedule the loop exit test ('call' operation ('tmp_i', new_fixedpoint2205/main.cpp:142->new_fixedpoint2205/main.cpp:309) to 'Collision_detectedhw') in the first pipeline iteration (II = 256 cycles).
INFO: [SCHED 204-61] Unable to satisfy pipeline directive for loop 'VITIS_LOOP_121_1': unable to pipeline.
WARNING: [HLS 200-871] Estimated clock period (6.312ns) exceeds the target (target clock period: 6.75ns, clock uncertainty: 1.8225ns, effective delay budget: 4.9275ns).
WARNING: [HLS 200-1016] The critical path in module 'rrt_Pipeline_VITIS_LOOP_121_1' consists of the following:	'load' operation ('i', new_fixedpoint2205/main.cpp:121->new_fixedpoint2205/main.cpp:309) on local variable 'i' [25]  (0 ns)
	'sitofp' operation ('d', new_fixedpoint2205/main.cpp:124->new_fixedpoint2205/main.cpp:309) [34]  (6.31 ns)

INFO: [SCHED 204-11] Finished scheduling.
INFO: [HLS 200-111] Finished Scheduling: CPU user time: 1.23 seconds. CPU system time: 0 seconds. Elapsed time: 1.24 seconds; current allocated memory: 725.723 MB.
INFO: [BIND 205-100] Starting micro-architecture generation ...
INFO: [BIND 205-101] Performing variable lifetime analysis.
INFO: [BIND 205-101] Exploring resource sharing.
INFO: [BIND 205-101] Binding ...
INFO: [BIND 205-100] Finished micro-architecture generation.
INFO: [HLS 200-111] Finished Binding: CPU user time: 1.42 seconds. CPU system time: 0.01 seconds. Elapsed time: 1.43 seconds; current allocated memory: 728.613 MB.
INFO: [HLS 200-10] ----------------------------------------------------------------
INFO: [HLS 200-42] -- Implementing module 'rrt_Pipeline_VITIS_LOOP_349_4' 
INFO: [HLS 200-10] ----------------------------------------------------------------
INFO: [SCHED 204-11] Starting scheduling ...
INFO: [SCHED 204-61] Pipelining loop 'VITIS_LOOP_349_4'.
INFO: [HLS 200-1470] Pipelining result : Target II = NA, Final II = 1, Depth = 2, loop 'VITIS_LOOP_349_4'
INFO: [SCHED 204-11] Finished scheduling.
INFO: [HLS 200-111] Finished Scheduling: CPU user time: 0.48 seconds. CPU system time: 0 seconds. Elapsed time: 0.48 seconds; current allocated memory: 729.859 MB.
INFO: [BIND 205-100] Starting micro-architecture generation ...
INFO: [BIND 205-101] Performing variable lifetime analysis.
INFO: [BIND 205-101] Exploring resource sharing.
INFO: [BIND 205-101] Binding ...
INFO: [BIND 205-100] Finished micro-architecture generation.
INFO: [HLS 200-111] Finished Binding: CPU user time: 0.01 seconds. CPU system time: 0 seconds. Elapsed time: 0.02 seconds; current allocated memory: 729.859 MB.
INFO: [HLS 200-10] ----------------------------------------------------------------
INFO: [HLS 200-42] -- Implementing module 'Nearhw' 
INFO: [HLS 200-10] ----------------------------------------------------------------
INFO: [SCHED 204-11] Starting scheduling ...
INFO: [SCHED 204-61] Pipelining loop 'VITIS_LOOP_159_1'.
INFO: [HLS 200-1470] Pipelining result : Target II = NA, Final II = 1, Depth = 30, loop 'VITIS_LOOP_159_1'
WARNING: [HLS 200-871] Estimated clock period (6.312ns) exceeds the target (target clock period: 6.75ns, clock uncertainty: 1.8225ns, effective delay budget: 4.9275ns).
WARNING: [HLS 200-1016] The critical path in module 'Nearhw' consists of the following:	wire read operation ('p_read_2') on port 'p_read' [15]  (0 ns)
	'sitofp' operation ('conv_i_i') [16]  (6.31 ns)

INFO: [SCHED 204-11] Finished scheduling.
INFO: [HLS 200-111] Finished Scheduling: CPU user time: 0.09 seconds. CPU system time: 0 seconds. Elapsed time: 0.1 seconds; current allocated memory: 730.148 MB.
INFO: [BIND 205-100] Starting micro-architecture generation ...
INFO: [BIND 205-101] Performing variable lifetime analysis.
INFO: [BIND 205-101] Exploring resource sharing.
INFO: [BIND 205-101] Binding ...
INFO: [BIND 205-100] Finished micro-architecture generation.
INFO: [HLS 200-111] Finished Binding: CPU user time: 0.16 seconds. CPU system time: 0 seconds. Elapsed time: 0.17 seconds; current allocated memory: 730.148 MB.
INFO: [HLS 200-10] ----------------------------------------------------------------
INFO: [HLS 200-42] -- Implementing module 'rrt_Pipeline_VITIS_LOOP_47_12' 
INFO: [HLS 200-10] ----------------------------------------------------------------
INFO: [SCHED 204-11] Starting scheduling ...
INFO: [SCHED 204-61] Pipelining loop 'VITIS_LOOP_47_1'.
WARNING: [HLS 200-880] The II Violation in module 'rrt_Pipeline_VITIS_LOOP_47_12' (loop 'VITIS_LOOP_47_1'): Unable to enforce a carried dependence constraint (II = 1, distance = 1, offset = 0) between 'store' operation ('q_write_ln47', new_fixedpoint2205/fixedpt.h:47) of variable 'q', new_fixedpoint2205/fixedpt.h:50 on local variable 'q' and 'load' operation ('q_load', new_fixedpoint2205/fixedpt.h:49) on local variable 'q'.
INFO: [HLS 200-1470] Pipelining result : Target II = NA, Final II = 2, Depth = 4, loop 'VITIS_LOOP_47_1'
INFO: [SCHED 204-11] Finished scheduling.
INFO: [HLS 200-111] Finished Scheduling: CPU user time: 0.13 seconds. CPU system time: 0.01 seconds. Elapsed time: 0.14 seconds; current allocated memory: 731.191 MB.
INFO: [BIND 205-100] Starting micro-architecture generation ...
INFO: [BIND 205-101] Performing variable lifetime analysis.
INFO: [BIND 205-101] Exploring resource sharing.
INFO: [BIND 205-101] Binding ...
INFO: [BIND 205-100] Finished micro-architecture generation.
INFO: [HLS 200-111] Finished Binding: CPU user time: 0.03 seconds. CPU system time: 0 seconds. Elapsed time: 0.03 seconds; current allocated memory: 731.191 MB.
INFO: [HLS 200-10] ----------------------------------------------------------------
INFO: [HLS 200-42] -- Implementing module 'rrt_Pipeline_VITIS_LOOP_325_3' 
INFO: [HLS 200-10] ----------------------------------------------------------------
INFO: [SCHED 204-11] Starting scheduling ...
INFO: [SCHED 204-61] Pipelining loop 'VITIS_LOOP_325_3'.
INFO: [HLS 200-1470] Pipelining result : Target II = NA, Final II = 1, Depth = 2, loop 'VITIS_LOOP_325_3'
INFO: [SCHED 204-11] Finished scheduling.
INFO: [HLS 200-111] Finished Scheduling: CPU user time: 0.05 seconds. CPU system time: 0 seconds. Elapsed time: 0.04 seconds; current allocated memory: 731.473 MB.
INFO: [BIND 205-100] Starting micro-architecture generation ...
INFO: [BIND 205-101] Performing variable lifetime analysis.
INFO: [BIND 205-101] Exploring resource sharing.
INFO: [BIND 205-101] Binding ...
INFO: [BIND 205-100] Finished micro-architecture generation.
INFO: [HLS 200-111] Finished Binding: CPU user time: 0.02 seconds. CPU system time: 0 seconds. Elapsed time: 0.03 seconds; current allocated memory: 731.473 MB.
INFO: [HLS 200-10] ----------------------------------------------------------------
INFO: [HLS 200-42] -- Implementing module 'rrt' 
INFO: [HLS 200-10] ----------------------------------------------------------------
INFO: [SCHED 204-11] Starting scheduling ...
WARNING: [HLS 200-871] Estimated clock period (6.312ns) exceeds the target (target clock period: 6.75ns, clock uncertainty: 1.8225ns, effective delay budget: 4.9275ns).
WARNING: [HLS 200-1016] The critical path in module 'rrt' consists of the following:	'sitofp' operation ('conv_i_i', new_fixedpoint2205/main.cpp:250) [92]  (6.31 ns)

INFO: [SCHED 204-11] Finished scheduling.
INFO: [HLS 200-111] Finished Scheduling: CPU user time: 0.25 seconds. CPU system time: 0 seconds. Elapsed time: 0.25 seconds; current allocated memory: 733.020 MB.
INFO: [BIND 205-100] Starting micro-architecture generation ...
INFO: [BIND 205-101] Performing variable lifetime analysis.
INFO: [BIND 205-101] Exploring resource sharing.
INFO: [BIND 205-101] Binding ...
INFO: [BIND 205-100] Finished micro-architecture generation.
INFO: [HLS 200-111] Finished Binding: CPU user time: 0.73 seconds. CPU system time: 0 seconds. Elapsed time: 0.73 seconds; current allocated memory: 733.488 MB.
INFO: [HLS 200-10] ----------------------------------------------------------------
INFO: [HLS 200-10] -- Generating RTL for module 'rrt_Pipeline_VITIS_LOOP_240_1' 
INFO: [HLS 200-10] ----------------------------------------------------------------
INFO: [HLS 200-1030] Apply Unified Pipeline Control on module 'rrt_Pipeline_VITIS_LOOP_240_1' pipeline 'VITIS_LOOP_240_1' pipeline type 'loop pipeline'
INFO: [RTGEN 206-100] Generating core module 'faddfsub_32ns_32ns_32_9_full_dsp_1': 2 instance(s).
INFO: [RTGEN 206-100] Generating core module 'mul_32s_32s_48_5_1': 2 instance(s).
INFO: [RTGEN 206-100] Generating core module 'mux_42_32_1_1': 3 instance(s).
INFO: [RTGEN 206-100] Generating core module 'sitofp_32ns_32_7_no_dsp_1': 3 instance(s).
INFO: [RTGEN 206-100] Finished creating RTL model for 'rrt_Pipeline_VITIS_LOOP_240_1'.
INFO: [HLS 200-111] Finished Creating RTL model: CPU user time: 0.88 seconds. CPU system time: 0 seconds. Elapsed time: 0.89 seconds; current allocated memory: 735.133 MB.
INFO: [HLS 200-10] ----------------------------------------------------------------
INFO: [HLS 200-10] -- Generating RTL for module 'FloatToFixed_16ul_s' 
INFO: [HLS 200-10] ----------------------------------------------------------------
INFO: [RTGEN 206-100] Generating core module 'dadd_64ns_64ns_64_12_full_dsp_0': 1 instance(s).
INFO: [RTGEN 206-100] Generating core module 'fcmp_32ns_32ns_1_3_no_dsp_0': 1 instance(s).
INFO: [RTGEN 206-100] Generating core module 'fmul_32ns_32ns_32_5_max_dsp_0': 1 instance(s).
INFO: [RTGEN 206-100] Generating core module 'fpext_32ns_64_2_no_dsp_0': 1 instance(s).
INFO: [RTGEN 206-100] Finished creating RTL model for 'FloatToFixed_16ul_s'.
INFO: [HLS 200-111] Finished Creating RTL model: CPU user time: 0.22 seconds. CPU system time: 0 seconds. Elapsed time: 0.24 seconds; current allocated memory: 737.594 MB.
INFO: [HLS 200-10] ----------------------------------------------------------------
INFO: [HLS 200-10] -- Generating RTL for module 'rrt_Pipeline_2' 
INFO: [HLS 200-10] ----------------------------------------------------------------
INFO: [RTGEN 206-100] Finished creating RTL model for 'rrt_Pipeline_2'.
INFO: [HLS 200-111] Finished Creating RTL model: CPU user time: 0.15 seconds. CPU system time: 0 seconds. Elapsed time: 0.15 seconds; current allocated memory: 738.707 MB.
INFO: [HLS 200-10] ----------------------------------------------------------------
INFO: [HLS 200-10] -- Generating RTL for module 'rrt_Pipeline_VITIS_LOOP_271_2' 
INFO: [HLS 200-10] ----------------------------------------------------------------
INFO: [HLS 200-1030] Apply Unified Pipeline Control on module 'rrt_Pipeline_VITIS_LOOP_271_2' pipeline 'VITIS_LOOP_271_2' pipeline type 'loop pipeline'
INFO: [RTGEN 206-100] Generating core module 'faddfsub_32ns_32ns_32_9_full_dsp_1': 2 instance(s).
INFO: [RTGEN 206-100] Generating core module 'hptosp_16ns_32_2_no_dsp_1': 2 instance(s).
INFO: [RTGEN 206-100] Generating core module 'mul_32s_32s_48_5_1': 2 instance(s).
INFO: [RTGEN 206-100] Generating core module 'sitofp_32ns_32_7_no_dsp_1': 2 instance(s).
INFO: [RTGEN 206-100] Finished creating RTL model for 'rrt_Pipeline_VITIS_LOOP_271_2'.
INFO: [HLS 200-111] Finished Creating RTL model: CPU user time: 0.08 seconds. CPU system time: 0 seconds. Elapsed time: 0.09 seconds; current allocated memory: 742.215 MB.
INFO: [HLS 200-10] ----------------------------------------------------------------
INFO: [HLS 200-10] -- Generating RTL for module 'rrt_Pipeline_VITIS_LOOP_47_1' 
INFO: [HLS 200-10] ----------------------------------------------------------------
INFO: [HLS 200-1030] Apply Unified Pipeline Control on module 'rrt_Pipeline_VITIS_LOOP_47_1' pipeline 'VITIS_LOOP_47_1' pipeline type 'loop pipeline'
INFO: [RTGEN 206-100] Finished creating RTL model for 'rrt_Pipeline_VITIS_LOOP_47_1'.
INFO: [HLS 200-111] Finished Creating RTL model: CPU user time: 0.35 seconds. CPU system time: 0 seconds. Elapsed time: 0.34 seconds; current allocated memory: 745.160 MB.
INFO: [HLS 200-10] ----------------------------------------------------------------
INFO: [HLS 200-10] -- Generating RTL for module 'p_hls_fptosi_float_i32' 
INFO: [HLS 200-10] ----------------------------------------------------------------
INFO: [RTGEN 206-100] Finished creating RTL model for 'p_hls_fptosi_float_i32'.
INFO: [HLS 200-111] Finished Creating RTL model: CPU user time: 0.07 seconds. CPU system time: 0.01 seconds. Elapsed time: 0.08 seconds; current allocated memory: 746.277 MB.
INFO: [HLS 200-10] ----------------------------------------------------------------
INFO: [HLS 200-10] -- Generating RTL for module 'Collision_detectedhw' 
INFO: [HLS 200-10] ----------------------------------------------------------------
INFO: [RTGEN 206-104] Estimated max fanout for 'Collision_detectedhw' is 157685 from HDL expression: (1'b0 == ap_block_pp0_stage0_11001)
INFO: [RTGEN 206-100] Generating core module 'fadd_32ns_32ns_32_9_full_dsp_1': 2 instance(s).
INFO: [RTGEN 206-100] Generating core module 'faddfsub_32ns_32ns_32_9_full_dsp_1': 2 instance(s).
INFO: [RTGEN 206-100] Generating core module 'mul_32s_32s_48_5_1': 18 instance(s).
INFO: [RTGEN 206-100] Generating core module 'sdiv_48ns_32s_32_52_1': 4 instance(s).
INFO: [RTGEN 206-100] Generating core module 'sdiv_48ns_32s_48_52_1': 4 instance(s).
INFO: [RTGEN 206-100] Generating core module 'sitofp_32ns_32_7_no_dsp_1': 2 instance(s).
INFO: [RTGEN 206-100] Finished creating RTL model for 'Collision_detectedhw'.
INFO: [HLS 200-111] Finished Creating RTL model: CPU user time: 0.43 seconds. CPU system time: 0 seconds. Elapsed time: 0.43 seconds; current allocated memory: 766.871 MB.
INFO: [HLS 200-10] ----------------------------------------------------------------
INFO: [HLS 200-10] -- Generating RTL for module 'rrt_Pipeline_VITIS_LOOP_121_1' 
INFO: [HLS 200-10] ----------------------------------------------------------------
INFO: [RTGEN 206-100] Generating core module 'dadd_64ns_64ns_64_12_full_dsp_0': 1 instance(s).
INFO: [RTGEN 206-100] Generating core module 'faddfsub_32ns_32ns_32_9_full_dsp_1': 2 instance(s).
INFO: [RTGEN 206-100] Generating core module 'fcmp_32ns_32ns_1_3_no_dsp_0': 1 instance(s).
INFO: [RTGEN 206-100] Generating core module 'fmul_32ns_32ns_32_5_max_dsp_0': 1 instance(s).
INFO: [RTGEN 206-100] Generating core module 'fpext_32ns_64_2_no_dsp_0': 1 instance(s).
INFO: [RTGEN 206-100] Generating core module 'mul_32s_32s_48_5_1': 6 instance(s).
INFO: [RTGEN 206-100] Generating core module 'mul_32s_48s_48_3_1': 2 instance(s).
INFO: [RTGEN 206-100] Generating core module 'sitofp_32ns_32_7_no_dsp_1': 3 instance(s).
INFO: [RTGEN 206-100] Finished creating RTL model for 'rrt_Pipeline_VITIS_LOOP_121_1'.
INFO: [HLS 200-111] Finished Creating RTL model: CPU user time: 1.58 seconds. CPU system time: 0.02 seconds. Elapsed time: 1.59 seconds; current allocated memory: 780.734 MB.
INFO: [HLS 200-10] ----------------------------------------------------------------
INFO: [HLS 200-10] -- Generating RTL for module 'rrt_Pipeline_VITIS_LOOP_349_4' 
INFO: [HLS 200-10] ----------------------------------------------------------------
INFO: [HLS 200-1030] Apply Unified Pipeline Control on module 'rrt_Pipeline_VITIS_LOOP_349_4' pipeline 'VITIS_LOOP_349_4' pipeline type 'loop pipeline'
INFO: [RTGEN 206-100] Finished creating RTL model for 'rrt_Pipeline_VITIS_LOOP_349_4'.
INFO: [HLS 200-111] Finished Creating RTL model: CPU user time: 0.61 seconds. CPU system time: 0.01 seconds. Elapsed time: 0.62 seconds; current allocated memory: 783.805 MB.
INFO: [HLS 200-10] ----------------------------------------------------------------
INFO: [HLS 200-10] -- Generating RTL for module 'Nearhw' 
INFO: [HLS 200-10] ----------------------------------------------------------------
INFO: [RTGEN 206-100] Generating core module 'faddfsub_32ns_32ns_32_9_full_dsp_1': 2 instance(s).
INFO: [RTGEN 206-100] Generating core module 'mul_32s_32s_48_5_1': 2 instance(s).
INFO: [RTGEN 206-100] Generating core module 'sitofp_32ns_32_7_no_dsp_1': 2 instance(s).
INFO: [RTGEN 206-100] Finished creating RTL model for 'Nearhw'.
INFO: [HLS 200-111] Finished Creating RTL model: CPU user time: 0.07 seconds. CPU system time: 0 seconds. Elapsed time: 0.06 seconds; current allocated memory: 785.590 MB.
INFO: [HLS 200-10] ----------------------------------------------------------------
INFO: [HLS 200-10] -- Generating RTL for module 'rrt_Pipeline_VITIS_LOOP_47_12' 
INFO: [HLS 200-10] ----------------------------------------------------------------
INFO: [HLS 200-1030] Apply Unified Pipeline Control on module 'rrt_Pipeline_VITIS_LOOP_47_12' pipeline 'VITIS_LOOP_47_1' pipeline type 'loop pipeline'
INFO: [RTGEN 206-100] Finished creating RTL model for 'rrt_Pipeline_VITIS_LOOP_47_12'.
INFO: [HLS 200-111] Finished Creating RTL model: CPU user time: 0.23 seconds. CPU system time: 0 seconds. Elapsed time: 0.23 seconds; current allocated memory: 787.949 MB.
INFO: [HLS 200-10] ----------------------------------------------------------------
INFO: [HLS 200-10] -- Generating RTL for module 'rrt_Pipeline_VITIS_LOOP_325_3' 
INFO: [HLS 200-10] ----------------------------------------------------------------
INFO: [HLS 200-1030] Apply Unified Pipeline Control on module 'rrt_Pipeline_VITIS_LOOP_325_3' pipeline 'VITIS_LOOP_325_3' pipeline type 'loop pipeline'
INFO: [RTGEN 206-100] Finished creating RTL model for 'rrt_Pipeline_VITIS_LOOP_325_3'.
INFO: [HLS 200-111] Finished Creating RTL model: CPU user time: 0.08 seconds. CPU system time: 0 seconds. Elapsed time: 0.08 seconds; current allocated memory: 789.066 MB.
INFO: [HLS 200-10] ----------------------------------------------------------------
INFO: [HLS 200-10] -- Generating RTL for module 'rrt' 
INFO: [HLS 200-10] ----------------------------------------------------------------
WARNING: [RTGEN 206-101] Design contains AXI ports. Reset is fixed to synchronous and active low.
INFO: [RTGEN 206-500] Setting interface mode on port 'rrt/dataInStream_V_data_V' to 'axis' (register, both mode).
INFO: [RTGEN 206-500] Setting interface mode on port 'rrt/dataInStream_V_keep_V' to 'axis' (register, both mode).
INFO: [RTGEN 206-500] Setting interface mode on port 'rrt/dataInStream_V_strb_V' to 'axis' (register, both mode).
INFO: [RTGEN 206-500] Setting interface mode on port 'rrt/dataInStream_V_user_V' to 'axis' (register, both mode).
INFO: [RTGEN 206-500] Setting interface mode on port 'rrt/dataInStream_V_last_V' to 'axis' (register, both mode).
INFO: [RTGEN 206-500] Setting interface mode on port 'rrt/dataInStream_V_id_V' to 'axis' (register, both mode).
==============================================================
Vitis HLS - High-Level Synthesis from C, C++ and OpenCL v2021.2 (64-bit)
Copyright 1986-2021 Xilinx, Inc. All Rights Reserved.
==============================================================
==============================================================
Vitis HLS - High-Level Synthesis from C, C++ and OpenCL v2021.2 (64-bit)
Copyright 1986-2021 Xilinx, Inc. All Rights Reserved.
==============================================================
INFO: [SYN 201-201] Setting up clock 'default' with a period of 6.75ns.
INFO: [HLS 200-1611] Setting target device to 'xc7z020-clg400-1'
INFO: [HLS 200-1505] Using flow_target 'vivado'
INFO: [HLS 200-1464] Running solution command: config_export -display_name=nfp01
INFO: [HLS 200-1464] Running solution command: config_export -format=ip_catalog
INFO: [HLS 200-1464] Running solution command: config_export -rtl=verilog
INFO: [HLS 200-1510] Running: set_part xc7z020clg400-1 
INFO: [HLS 200-1510] Running: create_clock -period 6.75 -name default 
INFO: [HLS 200-1510] Running: config_export -display_name nfp01 -format ip_catalog -rtl verilog 
INFO: [HLS 200-1510] Running: set_directive_top -name rrt rrt 
INFO: [HLS 200-1510] Running: csynth_design 
INFO: [HLS 200-111] Finished File checks and directory preparation: CPU user time: 0.01 seconds. CPU system time: 0 seconds. Elapsed time: 0.01 seconds; current allocated memory: 1.194 GB.
INFO: [HLS 200-10] Analyzing design file 'new_fixedpoint2205/main.cpp' ... 
WARNING: [HLS 207-5287] unused parameter 'nn' (new_fixedpoint2205/Aux_Lib_hw.hpp:68:46)
WARNING: [HLS 207-5287] unused parameter 'i' (new_fixedpoint2205/Aux_Lib_hw.hpp:68:53)
WARNING: [HLS 207-5287] unused parameter 'nn' (new_fixedpoint2205/Aux_Lib_hw.hpp:101:55)
WARNING: [HLS 207-5287] unused parameter 'i' (new_fixedpoint2205/Aux_Lib_hw.hpp:101:62)
WARNING: [HLS 207-5287] unused parameter 'i' (new_fixedpoint2205/main.cpp:38:93)
INFO: [HLS 200-111] Finished Source Code Analysis and Preprocessing: CPU user time: 4.8 seconds. CPU system time: 0.6 seconds. Elapsed time: 4.57 seconds; current allocated memory: 285.426 MB.
INFO: [HLS 200-777] Using interface defaults for 'Vivado' flow target.
INFO: [HLS 214-284] Auto array partition mode is set into default.
INFO: [HLS 214-178] Inlining function 'Point_2hw::Point_2hw()' into 'Segment_3hw::Segment_3hw()' (new_fixedpoint2205/Aux_Lib_hw.hpp:45:0)
INFO: [HLS 214-178] Inlining function 'fp_struct<double>::fp_struct(double)' into 'int generic_cast_IEEE754<int, (ap_q_mode)6, double>(double, bool, hls::enable_if<std::numeric_limits<int>::is_signed, bool>::type)' (/wrk/ci/prod/2021.2/rdi_builds/continuous/2021_10_19_3367213/src/shared/hls/clib/hlsmath/include/FloatingPoint/hls_case_IEEE754.h:12:0)
INFO: [HLS 214-178] Inlining function 'fp_struct<double>::mantissa() const' into 'int generic_cast_IEEE754<int, (ap_q_mode)6, double>(double, bool, hls::enable_if<std::numeric_limits<int>::is_signed, bool>::type)' (/wrk/ci/prod/2021.2/rdi_builds/continuous/2021_10_19_3367213/src/shared/hls/clib/hlsmath/include/FloatingPoint/hls_case_IEEE754.h:12:0)
INFO: [HLS 214-178] Inlining function 'fp_struct<double>::expv() const' into 'int generic_cast_IEEE754<int, (ap_q_mode)6, double>(double, bool, hls::enable_if<std::numeric_limits<int>::is_signed, bool>::type)' (/wrk/ci/prod/2021.2/rdi_builds/continuous/2021_10_19_3367213/src/shared/hls/clib/hlsmath/include/FloatingPoint/hls_case_IEEE754.h:12:0)
INFO: [HLS 214-178] Inlining function 'fp_struct<double>::__signbit() const' into 'int generic_cast_IEEE754<int, (ap_q_mode)6, double>(double, bool, hls::enable_if<std::numeric_limits<int>::is_signed, bool>::type)' (/wrk/ci/prod/2021.2/rdi_builds/continuous/2021_10_19_3367213/src/shared/hls/clib/hlsmath/include/FloatingPoint/hls_case_IEEE754.h:12:0)
INFO: [HLS 214-178] Inlining function 'int generic_cast_IEEE754<int, (ap_q_mode)6, double>(double, bool, hls::enable_if<std::numeric_limits<int>::is_signed, bool>::type)' into 'int generic_cast_IEEE754<int, double>(double, bool)' (/wrk/ci/prod/2021.2/rdi_builds/continuous/2021_10_19_3367213/src/shared/hls/clib/hlsmath/include/FloatingPoint/hls_case_IEEE754.h:116:0)
INFO: [HLS 214-178] Inlining function 'int generic_cast_IEEE754<int, double>(double, bool)' into '__hls_fptosi_double_i32' (/wrk/ci/prod/2021.2/rdi_builds/continuous/2021_10_19_3367213/src/shared/hls/clib/hlsmath/src/lib_floatconversion.cpp:55:0)
INFO: [HLS 214-178] Inlining function '__hls_fptosi_double_i32' into 'int FloatToFixed<16ul>(float)' (new_fixedpoint2205/fixedpt.h:6:0)
INFO: [HLS 214-178] Inlining function 'fp_struct<float>::fp_struct(float)' into 'int generic_cast_IEEE754<int, (ap_q_mode)6, float>(float, bool, hls::enable_if<std::numeric_limits<int>::is_signed, bool>::type)' (/wrk/ci/prod/2021.2/rdi_builds/continuous/2021_10_19_3367213/src/shared/hls/clib/hlsmath/include/FloatingPoint/hls_case_IEEE754.h:12:0)
INFO: [HLS 214-178] Inlining function 'fp_struct<float>::mantissa() const' into 'int generic_cast_IEEE754<int, (ap_q_mode)6, float>(float, bool, hls::enable_if<std::numeric_limits<int>::is_signed, bool>::type)' (/wrk/ci/prod/2021.2/rdi_builds/continuous/2021_10_19_3367213/src/shared/hls/clib/hlsmath/include/FloatingPoint/hls_case_IEEE754.h:12:0)
INFO: [HLS 214-178] Inlining function 'fp_struct<float>::expv() const' into 'int generic_cast_IEEE754<int, (ap_q_mode)6, float>(float, bool, hls::enable_if<std::numeric_limits<int>::is_signed, bool>::type)' (/wrk/ci/prod/2021.2/rdi_builds/continuous/2021_10_19_3367213/src/shared/hls/clib/hlsmath/include/FloatingPoint/hls_case_IEEE754.h:12:0)
INFO: [HLS 214-178] Inlining function 'fp_struct<float>::__signbit() const' into 'int generic_cast_IEEE754<int, (ap_q_mode)6, float>(float, bool, hls::enable_if<std::numeric_limits<int>::is_signed, bool>::type)' (/wrk/ci/prod/2021.2/rdi_builds/continuous/2021_10_19_3367213/src/shared/hls/clib/hlsmath/include/FloatingPoint/hls_case_IEEE754.h:12:0)
INFO: [HLS 214-178] Inlining function 'int generic_cast_IEEE754<int, (ap_q_mode)6, float>(float, bool, hls::enable_if<std::numeric_limits<int>::is_signed, bool>::type)' into 'int generic_cast_IEEE754<int, float>(float, bool)' (/wrk/ci/prod/2021.2/rdi_builds/continuous/2021_10_19_3367213/src/shared/hls/clib/hlsmath/include/FloatingPoint/hls_case_IEEE754.h:116:0)
INFO: [HLS 214-178] Inlining function 'int generic_cast_IEEE754<int, float>(float, bool)' into '__hls_fptosi_float_i32' (/wrk/ci/prod/2021.2/rdi_builds/continuous/2021_10_19_3367213/src/shared/hls/clib/hlsmath/src/lib_floatconversion.cpp:51:0)
INFO: [HLS 214-178] Inlining function 'int FloatToFixed<16ul>(float)' into 'Position_Holonomic_hw::Position_Holonomic_hw() (.165)' (new_fixedpoint2205/RRT_Star_hw.hpp:13:0)
INFO: [HLS 214-178] Inlining function 'Position_Holonomic_hw::Position_Holonomic_hw() (.165)' into 'Node_RRT_Poshw::Node_RRT_Poshw() (.171.176)' (new_fixedpoint2205/RRT_Star_hw.hpp:85:0)
INFO: [HLS 214-178] Inlining function 'int FloatToFixed<16ul>(float)' into 'Node_RRT_Poshw::Node_RRT_Poshw() (.171.176)' (new_fixedpoint2205/RRT_Star_hw.hpp:85:0)
INFO: [HLS 214-178] Inlining function 'Position_Holonomic_hw::Position_Holonomic_hw() (.165)' into 'Node_Randhw::Node_Randhw()' (new_fixedpoint2205/RRT_Star_hw.hpp:66:0)
INFO: [HLS 214-178] Inlining function 'int FloatToFixed<16ul>(float)' into 'Position_Holonomic_hw::Position_Holonomic_hw()' (new_fixedpoint2205/RRT_Star_hw.hpp:13:0)
INFO: [HLS 214-178] Inlining function 'Position_Holonomic_hw::Position_Holonomic_hw()' into 'Node_RRT_Poshw::Node_RRT_Poshw()' (new_fixedpoint2205/RRT_Star_hw.hpp:85:0)
INFO: [HLS 214-178] Inlining function 'int FloatToFixed<16ul>(float)' into 'Node_RRT_Poshw::Node_RRT_Poshw()' (new_fixedpoint2205/RRT_Star_hw.hpp:85:0)
INFO: [HLS 214-178] Inlining function 'Point_2hw::x() const (.155)' into 'Point_2hw::squared_distance(Point_2hw&)' (new_fixedpoint2205/Aux_Lib_hw.hpp:34:0)
INFO: [HLS 214-178] Inlining function '__hls_fptosi_float_i32' into 'Point_2hw::squared_distance(Point_2hw&)' (new_fixedpoint2205/Aux_Lib_hw.hpp:34:0)
INFO: [HLS 214-178] Inlining function 'fp_mult(int, int)' into 'Point_2hw::squared_distance(Point_2hw&)' (new_fixedpoint2205/Aux_Lib_hw.hpp:34:0)
INFO: [HLS 214-178] Inlining function 'Point_2hw::y() const (.152)' into 'Point_2hw::squared_distance(Point_2hw&)' (new_fixedpoint2205/Aux_Lib_hw.hpp:34:0)
INFO: [HLS 214-178] Inlining function 'Point_2hw::Point_2hw(int, int)' into 'Cal_Squared_Disthw(Node_Randhw&, Node_RRT_Poshw&)' (new_fixedpoint2205/main.cpp:21:0)
INFO: [HLS 214-178] Inlining function 'Point_2hw::squared_distance(Point_2hw&)' into 'Cal_Squared_Disthw(Node_Randhw&, Node_RRT_Poshw&)' (new_fixedpoint2205/main.cpp:21:0)
INFO: [HLS 214-178] Inlining function 'Point_2hw::Point_2hw(int, int)' into 'Cal_Disthw(Node_RRT_Poshw&, Node_Randhw&)' (new_fixedpoint2205/main.cpp:8:0)
INFO: [HLS 214-178] Inlining function 'Point_2hw::squared_distance(Point_2hw&)' into 'Cal_Disthw(Node_RRT_Poshw&, Node_Randhw&)' (new_fixedpoint2205/main.cpp:8:0)
INFO: [HLS 214-178] Inlining function 'fp_sqrtt(int)' into 'Cal_Disthw(Node_RRT_Poshw&, Node_Randhw&)' (new_fixedpoint2205/main.cpp:8:0)
INFO: [HLS 214-178] Inlining function 'Node_RRT_Poshw::Node_RRT_Poshw() (.171.176)' into 'A_StreamReaderhw(Node_RRT_Poshw&, Node_Randhw&, int)' (new_fixedpoint2205/main.cpp:39:0)
INFO: [HLS 214-178] Inlining function 'int FloatToFixed<16ul>(float)' into 'A_StreamReaderhw(Node_RRT_Poshw&, Node_Randhw&, int)' (new_fixedpoint2205/main.cpp:39:0)
INFO: [HLS 214-178] Inlining function 'fp_div(int, int)' into 'A_StreamReaderhw(Node_RRT_Poshw&, Node_Randhw&, int)' (new_fixedpoint2205/main.cpp:39:0)
INFO: [HLS 214-178] Inlining function 'Position_Holonomic_hw::Insert_Position(int, int)' into 'A_StreamReaderhw(Node_RRT_Poshw&, Node_Randhw&, int)' (new_fixedpoint2205/main.cpp:39:0)
INFO: [HLS 214-178] Inlining function 'fp_mult(int, int)' into 'A_StreamReaderhw(Node_RRT_Poshw&, Node_Randhw&, int)' (new_fixedpoint2205/main.cpp:39:0)
INFO: [HLS 214-178] Inlining function 'fp_mult(int, int)' into 'Point_2hw::squared_distance(int, int)' (new_fixedpoint2205/Aux_Lib_hw.hpp:39:0)
INFO: [HLS 214-178] Inlining function 'Point_2hw::x() const' into 'Segment_3hw::squared_distance(int&, int&, int, int)' (new_fixedpoint2205/Aux_Lib_hw.hpp:102:0)
INFO: [HLS 214-178] Inlining function 'fp_mult(int, int)' into 'Segment_3hw::squared_distance(int&, int&, int, int)' (new_fixedpoint2205/Aux_Lib_hw.hpp:102:0)
INFO: [HLS 214-178] Inlining function 'Point_2hw::y() const' into 'Segment_3hw::squared_distance(int&, int&, int, int)' (new_fixedpoint2205/Aux_Lib_hw.hpp:102:0)
INFO: [HLS 214-178] Inlining function 'fp_div(int, int)' into 'Segment_3hw::squared_distance(int&, int&, int, int)' (new_fixedpoint2205/Aux_Lib_hw.hpp:102:0)
INFO: [HLS 214-178] Inlining function 'Point_2hw::squared_distance(int, int)' into 'Segment_3hw::squared_distance(int&, int&, int, int)' (new_fixedpoint2205/Aux_Lib_hw.hpp:102:0)
INFO: [HLS 214-178] Inlining function 'Segment_3hw::squared_distance(int&, int&, int, int)' into 'Collision_detectedhw(int&, int&, int, Segment_3hw*, int)' (new_fixedpoint2205/main.cpp:78:0)
INFO: [HLS 214-178] Inlining function 'Position_Holonomic_hw::Position_Holonomic_hw() (.165)' into 'Obstacle_Freehw(Position_Holonomic_hw&, Position_Holonomic_hw&, int, Segment_3hw*, int)' (new_fixedpoint2205/main.cpp:98:0)
INFO: [HLS 214-178] Inlining function 'int FloatToFixed<16ul>(float)' into 'Obstacle_Freehw(Position_Holonomic_hw&, Position_Holonomic_hw&, int, Segment_3hw*, int)' (new_fixedpoint2205/main.cpp:98:0)
INFO: [HLS 214-178] Inlining function 'fp_div(int, int)' into 'Obstacle_Freehw(Position_Holonomic_hw&, Position_Holonomic_hw&, int, Segment_3hw*, int)' (new_fixedpoint2205/main.cpp:98:0)
INFO: [HLS 214-178] Inlining function 'fp_mult(int, int)' into 'Obstacle_Freehw(Position_Holonomic_hw&, Position_Holonomic_hw&, int, Segment_3hw*, int)' (new_fixedpoint2205/main.cpp:98:0)
INFO: [HLS 214-178] Inlining function 'Point_2hw::Point_2hw(int, int)' into 'Obstacle_Freehw(Position_Holonomic_hw&, Position_Holonomic_hw&, int, Segment_3hw*, int)' (new_fixedpoint2205/main.cpp:98:0)
INFO: [HLS 214-178] Inlining function 'Point_2hw::Point_2hw(int, int)' into 'Cal_Squared_Disthw(Node_RRT_Poshw&, Node_RRT_Poshw&)' (new_fixedpoint2205/main.cpp:31:0)
INFO: [HLS 214-178] Inlining function 'Point_2hw::squared_distance(Point_2hw&)' into 'Cal_Squared_Disthw(Node_RRT_Poshw&, Node_RRT_Poshw&)' (new_fixedpoint2205/main.cpp:31:0)
INFO: [HLS 214-178] Inlining function 'Cal_Squared_Disthw(Node_RRT_Poshw&, Node_RRT_Poshw&)' into 'Nearhw(int*, Node_RRT_Poshw*, Node_RRT_Poshw&, int, int, int&)' (new_fixedpoint2205/main.cpp:154:0)
INFO: [HLS 214-178] Inlining function 'fp_mult(int, int)' into 'Costhw(Position_Holonomic_hw&, Position_Holonomic_hw&)' (new_fixedpoint2205/main.cpp:175:0)
INFO: [HLS 214-178] Inlining function 'fp_sqrtt(int)' into 'Costhw(Position_Holonomic_hw&, Position_Holonomic_hw&)' (new_fixedpoint2205/main.cpp:175:0)
INFO: [HLS 214-178] Inlining function 'Segment_3hw::Segment_3hw()' into 'rrt(hls::stream<hls::axis<ap_int<64>, 2ul, 5ul, 6ul>, 0>&, float, float, int, float*, float, float, hls::stream<hls::axis<ap_int<32>, 2ul, 5ul, 6ul>, 0>&)' (new_fixedpoint2205/main.cpp:200:0)
INFO: [HLS 214-178] Inlining function 'Point_2hw::Point_2hw(int, int)' into 'rrt(hls::stream<hls::axis<ap_int<64>, 2ul, 5ul, 6ul>, 0>&, float, float, int, float*, float, float, hls::stream<hls::axis<ap_int<32>, 2ul, 5ul, 6ul>, 0>&)' (new_fixedpoint2205/main.cpp:200:0)
INFO: [HLS 214-178] Inlining function 'Point_2hw::y() const' into 'rrt(hls::stream<hls::axis<ap_int<64>, 2ul, 5ul, 6ul>, 0>&, float, float, int, float*, float, float, hls::stream<hls::axis<ap_int<32>, 2ul, 5ul, 6ul>, 0>&)' (new_fixedpoint2205/main.cpp:200:0)
INFO: [HLS 214-178] Inlining function '__hls_fptosi_float_i32' into 'rrt(hls::stream<hls::axis<ap_int<64>, 2ul, 5ul, 6ul>, 0>&, float, float, int, float*, float, float, hls::stream<hls::axis<ap_int<32>, 2ul, 5ul, 6ul>, 0>&)' (new_fixedpoint2205/main.cpp:200:0)
INFO: [HLS 214-178] Inlining function 'Point_2hw::x() const' into 'rrt(hls::stream<hls::axis<ap_int<64>, 2ul, 5ul, 6ul>, 0>&, float, float, int, float*, float, float, hls::stream<hls::axis<ap_int<32>, 2ul, 5ul, 6ul>, 0>&)' (new_fixedpoint2205/main.cpp:200:0)
INFO: [HLS 214-178] Inlining function 'fp_mult(int, int)' into 'rrt(hls::stream<hls::axis<ap_int<64>, 2ul, 5ul, 6ul>, 0>&, float, float, int, float*, float, float, hls::stream<hls::axis<ap_int<32>, 2ul, 5ul, 6ul>, 0>&)' (new_fixedpoint2205/main.cpp:200:0)
INFO: [HLS 214-178] Inlining function 'Node_RRT_Poshw::Node_RRT_Poshw() (.171.176)' into 'rrt(hls::stream<hls::axis<ap_int<64>, 2ul, 5ul, 6ul>, 0>&, float, float, int, float*, float, float, hls::stream<hls::axis<ap_int<32>, 2ul, 5ul, 6ul>, 0>&)' (new_fixedpoint2205/main.cpp:200:0)
INFO: [HLS 214-178] Inlining function 'Node_Randhw::Node_Randhw()' into 'rrt(hls::stream<hls::axis<ap_int<64>, 2ul, 5ul, 6ul>, 0>&, float, float, int, float*, float, float, hls::stream<hls::axis<ap_int<32>, 2ul, 5ul, 6ul>, 0>&)' (new_fixedpoint2205/main.cpp:200:0)
INFO: [HLS 214-178] Inlining function 'Node_RRT_Poshw::Node_RRT_Poshw()' into 'rrt(hls::stream<hls::axis<ap_int<64>, 2ul, 5ul, 6ul>, 0>&, float, float, int, float*, float, float, hls::stream<hls::axis<ap_int<32>, 2ul, 5ul, 6ul>, 0>&)' (new_fixedpoint2205/main.cpp:200:0)
INFO: [HLS 214-178] Inlining function 'Cal_Squared_Disthw(Node_Randhw&, Node_RRT_Poshw&)' into 'rrt(hls::stream<hls::axis<ap_int<64>, 2ul, 5ul, 6ul>, 0>&, float, float, int, float*, float, float, hls::stream<hls::axis<ap_int<32>, 2ul, 5ul, 6ul>, 0>&)' (new_fixedpoint2205/main.cpp:200:0)
INFO: [HLS 214-178] Inlining function 'float FixedToFloat<16ul>(int)' into 'rrt(hls::stream<hls::axis<ap_int<64>, 2ul, 5ul, 6ul>, 0>&, float, float, int, float*, float, float, hls::stream<hls::axis<ap_int<32>, 2ul, 5ul, 6ul>, 0>&)' (new_fixedpoint2205/main.cpp:200:0)
INFO: [HLS 214-178] Inlining function 'Costhw(Position_Holonomic_hw&, Position_Holonomic_hw&)' into 'rrt(hls::stream<hls::axis<ap_int<64>, 2ul, 5ul, 6ul>, 0>&, float, float, int, float*, float, float, hls::stream<hls::axis<ap_int<32>, 2ul, 5ul, 6ul>, 0>&)' (new_fixedpoint2205/main.cpp:200:0)
INFO: [HLS 214-270] Starting automatic array partition analysis...
INFO: [HLS 214-131] Inlining function '_llvm.fpga.unpack.none.s_struct.ap_int<64>s.i64' into 'rrt(hls::stream<hls::axis<ap_int<64>, 2ul, 5ul, 6ul>, 0>&, float, float, int, float*, float, float, hls::stream<hls::axis<ap_int<32>, 2ul, 5ul, 6ul>, 0>&)' (/tools/Xilinx/Vitis_HLS/2021.2/common/technology/autopilot/ap_axi_sdata.h:293:5)
INFO: [HLS 214-131] Inlining function '_llvm.fpga.pack.none.i6.s_struct.ap_uint<6>s' into 'rrt(hls::stream<hls::axis<ap_int<64>, 2ul, 5ul, 6ul>, 0>&, float, float, int, float*, float, float, hls::stream<hls::axis<ap_int<32>, 2ul, 5ul, 6ul>, 0>&)' (/tools/Xilinx/Vitis_HLS/2021.2/common/technology/autopilot/ap_axi_sdata.h:304:5)
INFO: [HLS 214-131] Inlining function '_llvm.fpga.pack.none.i5.s_struct.ap_uint<5>s' into 'rrt(hls::stream<hls::axis<ap_int<64>, 2ul, 5ul, 6ul>, 0>&, float, float, int, float*, float, float, hls::stream<hls::axis<ap_int<32>, 2ul, 5ul, 6ul>, 0>&)' (/tools/Xilinx/Vitis_HLS/2021.2/common/technology/autopilot/ap_axi_sdata.h:304:5)
INFO: [HLS 214-131] Inlining function '_llvm.fpga.pack.none.i1.s_struct.ap_uint<1>s' into 'rrt(hls::stream<hls::axis<ap_int<64>, 2ul, 5ul, 6ul>, 0>&, float, float, int, float*, float, float, hls::stream<hls::axis<ap_int<32>, 2ul, 5ul, 6ul>, 0>&)' (/tools/Xilinx/Vitis_HLS/2021.2/common/technology/autopilot/ap_axi_sdata.h:304:5)
INFO: [HLS 214-131] Inlining function '_llvm.fpga.pack.none.i2.s_struct.ap_uint<2>s' into 'rrt(hls::stream<hls::axis<ap_int<64>, 2ul, 5ul, 6ul>, 0>&, float, float, int, float*, float, float, hls::stream<hls::axis<ap_int<32>, 2ul, 5ul, 6ul>, 0>&)' (/tools/Xilinx/Vitis_HLS/2021.2/common/technology/autopilot/ap_axi_sdata.h:304:5)
INFO: [HLS 214-131] Inlining function '_llvm.fpga.pack.none.i4.s_struct.ap_uint<4>s' into 'rrt(hls::stream<hls::axis<ap_int<64>, 2ul, 5ul, 6ul>, 0>&, float, float, int, float*, float, float, hls::stream<hls::axis<ap_int<32>, 2ul, 5ul, 6ul>, 0>&)' (/tools/Xilinx/Vitis_HLS/2021.2/common/technology/autopilot/ap_axi_sdata.h:304:5)
INFO: [HLS 214-131] Inlining function '_llvm.fpga.pack.none.i32.s_struct.ap_int<32>s' into 'rrt(hls::stream<hls::axis<ap_int<64>, 2ul, 5ul, 6ul>, 0>&, float, float, int, float*, float, float, hls::stream<hls::axis<ap_int<32>, 2ul, 5ul, 6ul>, 0>&)' (/tools/Xilinx/Vitis_HLS/2021.2/common/technology/autopilot/ap_axi_sdata.h:304:5)
INFO: [HLS 214-131] Inlining function '_llvm.fpga.unpack.none.s_struct.ap_uint<8>s.i8' into 'rrt(hls::stream<hls::axis<ap_int<64>, 2ul, 5ul, 6ul>, 0>&, float, float, int, float*, float, float, hls::stream<hls::axis<ap_int<32>, 2ul, 5ul, 6ul>, 0>&)' (/tools/Xilinx/Vitis_HLS/2021.2/common/technology/autopilot/ap_axi_sdata.h:293:5)
INFO: [HLS 214-131] Inlining function '_llvm.fpga.unpack.none.s_struct.ap_uint<2>s.i2' into 'rrt(hls::stream<hls::axis<ap_int<64>, 2ul, 5ul, 6ul>, 0>&, float, float, int, float*, float, float, hls::stream<hls::axis<ap_int<32>, 2ul, 5ul, 6ul>, 0>&)' (/tools/Xilinx/Vitis_HLS/2021.2/common/technology/autopilot/ap_axi_sdata.h:293:5)
INFO: [HLS 214-131] Inlining function '_llvm.fpga.unpack.none.s_struct.ap_uint<1>s.i1' into 'rrt(hls::stream<hls::axis<ap_int<64>, 2ul, 5ul, 6ul>, 0>&, float, float, int, float*, float, float, hls::stream<hls::axis<ap_int<32>, 2ul, 5ul, 6ul>, 0>&)' (/tools/Xilinx/Vitis_HLS/2021.2/common/technology/autopilot/ap_axi_sdata.h:293:5)
INFO: [HLS 214-131] Inlining function '_llvm.fpga.unpack.none.s_struct.ap_uint<5>s.i5' into 'rrt(hls::stream<hls::axis<ap_int<64>, 2ul, 5ul, 6ul>, 0>&, float, float, int, float*, float, float, hls::stream<hls::axis<ap_int<32>, 2ul, 5ul, 6ul>, 0>&)' (/tools/Xilinx/Vitis_HLS/2021.2/common/technology/autopilot/ap_axi_sdata.h:293:5)
INFO: [HLS 214-131] Inlining function '_llvm.fpga.unpack.none.s_struct.ap_uint<6>s.i6' into 'rrt(hls::stream<hls::axis<ap_int<64>, 2ul, 5ul, 6ul>, 0>&, float, float, int, float*, float, float, hls::stream<hls::axis<ap_int<32>, 2ul, 5ul, 6ul>, 0>&)' (/tools/Xilinx/Vitis_HLS/2021.2/common/technology/autopilot/ap_axi_sdata.h:293:5)
INFO: [HLS 200-111] Finished Compiling Optimization and Transform: CPU user time: 3.73 seconds. CPU system time: 0.35 seconds. Elapsed time: 4.22 seconds; current allocated memory: 287.297 MB.
INFO: [HLS 200-111] Finished Checking Pragmas: CPU user time: 0 seconds. CPU system time: 0 seconds. Elapsed time: 0 seconds; current allocated memory: 287.297 MB.
INFO: [HLS 200-10] Starting code transformations ...
INFO: [HLS 200-111] Finished Standard Transforms: CPU user time: 0.35 seconds. CPU system time: 0.03 seconds. Elapsed time: 0.43 seconds; current allocated memory: 366.223 MB.
INFO: [HLS 200-10] Checking synthesizability ...
INFO: [XFORM 203-602] Inlining function 'Cal_Disthw' into 'A_StreamReaderhw' (new_fixedpoint2205/main.cpp:41) automatically.
INFO: [XFORM 203-602] Inlining function 'FloatToFixed<16ul>' into 'Collision_detectedhw' (new_fixedpoint2205/Aux_Lib_hw.hpp:115) automatically.
INFO: [XFORM 203-602] Inlining function '__hls_fptosi_float_i32' into 'Collision_detectedhw' (new_fixedpoint2205/Aux_Lib_hw.hpp:106) automatically.
INFO: [HLS 200-111] Finished Checking Synthesizability: CPU user time: 0.71 seconds. CPU system time: 0.03 seconds. Elapsed time: 0.75 seconds; current allocated memory: 459.469 MB.
INFO: [XFORM 203-510] Pipelining loop 'VITIS_LOOP_47_1' (new_fixedpoint2205/fixedpt.h:49) in function 'Cal_Disthw' automatically.
INFO: [XFORM 203-510] Pipelining loop 'VITIS_LOOP_121_1' (/wrk/ci/prod/2021.2/rdi_builds/continuous/2021_10_19_3367213/src/shared/hls/clib/hlsmath/include/FloatingPoint/hls_case_IEEE754.h:13) in function 'Obstacle_Freehw' automatically.
INFO: [XFORM 203-510] Pipelining loop 'VITIS_LOOP_159_1' (/wrk/ci/prod/2021.2/rdi_builds/continuous/2021_10_19_3367213/src/shared/hls/clib/hlsmath/include/FloatingPoint/hls_case_IEEE754.h:13) in function 'Nearhw' automatically.
INFO: [XFORM 203-510] Pipelining loop 'Loop-2' (new_fixedpoint2205/main.cpp:227) in function 'rrt' automatically.
INFO: [XFORM 203-510] Pipelining loop 'VITIS_LOOP_240_1' (/wrk/ci/prod/2021.2/rdi_builds/continuous/2021_10_19_3367213/src/shared/hls/clib/hlsmath/include/FloatingPoint/hls_case_IEEE754.h:13) in function 'rrt' automatically.
INFO: [XFORM 203-510] Pipelining loop 'Loop-4' (new_fixedpoint2205/main.cpp:264) in function 'rrt' automatically.
INFO: [XFORM 203-510] Pipelining loop 'VITIS_LOOP_47_1' (new_fixedpoint2205/fixedpt.h:49) in function 'rrt' automatically.
INFO: [XFORM 203-510] Pipelining loop 'VITIS_LOOP_325_3' (new_fixedpoint2205/main.cpp:325) in function 'rrt' automatically.
INFO: [XFORM 203-510] Pipelining loop 'VITIS_LOOP_349_4' (new_fixedpoint2205/main.cpp:222) in function 'rrt' automatically.
INFO: [XFORM 203-502] Unrolling all loops for pipelining in function 'Collision_detectedhw' (new_fixedpoint2205/Aux_Lib_hw.hpp:27:5).
INFO: [HLS 200-489] Unrolling loop 'VITIS_LOOP_82_1' (new_fixedpoint2205/main.cpp:82) in function 'Collision_detectedhw' completely with a factor of 4.
INFO: [XFORM 203-102] Partitioning array 'Bool' (new_fixedpoint2205/main.cpp:81) automatically.
INFO: [XFORM 203-102] Automatically partitioning small array 'Edges.Source._x' (new_fixedpoint2205/main.cpp:227) completely based on array size.
INFO: [XFORM 203-102] Automatically partitioning small array 'Edges.Source._y' (new_fixedpoint2205/main.cpp:227) completely based on array size.
INFO: [XFORM 203-102] Automatically partitioning small array 'Edges.Target._x' (new_fixedpoint2205/main.cpp:227) completely based on array size.
INFO: [XFORM 203-102] Automatically partitioning small array 'Edges.Target._y' (new_fixedpoint2205/main.cpp:227) completely based on array size.
INFO: [XFORM 203-102] Automatically partitioning small array 'Edges.AABB' (new_fixedpoint2205/main.cpp:227) completely based on array size.
INFO: [XFORM 203-101] Partitioning array 'Edges.Source._x' (new_fixedpoint2205/main.cpp:227) in dimension 1 completely.
INFO: [XFORM 203-101] Partitioning array 'Edges.Source._y' (new_fixedpoint2205/main.cpp:227) in dimension 1 completely.
INFO: [XFORM 203-101] Partitioning array 'Edges.Target._x' (new_fixedpoint2205/main.cpp:227) in dimension 1 completely.
INFO: [XFORM 203-101] Partitioning array 'Edges.Target._y' (new_fixedpoint2205/main.cpp:227) in dimension 1 completely.
INFO: [XFORM 203-101] Partitioning array 'Edges.AABB' (new_fixedpoint2205/main.cpp:227) in dimension 1 completely.
INFO: [XFORM 203-602] Inlining function 'Cal_Disthw' into 'A_StreamReaderhw' (new_fixedpoint2205/main.cpp:41) automatically.
INFO: [XFORM 203-602] Inlining function 'FloatToFixed<16ul>' into 'Collision_detectedhw' (new_fixedpoint2205/Aux_Lib_hw.hpp:115) automatically.
INFO: [XFORM 203-602] Inlining function 'Obstacle_Freehw' into 'rrt' (new_fixedpoint2205/main.cpp:309) automatically.
INFO: [XFORM 203-401] Performing if-conversion on hyperblock from (/wrk/ci/prod/2021.2/rdi_builds/continuous/2021_10_19_3367213/src/shared/hls/clib/hlsmath/include/FloatingPoint/hls_case_IEEE754.h:13:17) in function 'rrt'... converting 3 basic blocks.
INFO: [XFORM 203-401] Performing if-conversion on hyperblock from (new_fixedpoint2205/fixedpt.h:58:7) in function 'A_StreamReaderhw'... converting 3 basic blocks.
INFO: [XFORM 203-602] Inlining function 'A_StreamReaderhw' into 'rrt' (new_fixedpoint2205/main.cpp:299) automatically.
INFO: [XFORM 203-11] Balancing expressions in function 'rrt' (new_fixedpoint2205/main.cpp:7:47)...9 expression(s) balanced.
INFO: [XFORM 203-11] Balancing expressions in function 'Collision_detectedhw' (new_fixedpoint2205/Aux_Lib_hw.hpp:27:5)...3 expression(s) balanced.
INFO: [HLS 200-111] Finished Loop, function and other optimizations: CPU user time: 0.89 seconds. CPU system time: 0.04 seconds. Elapsed time: 0.94 seconds; current allocated memory: 577.273 MB.
INFO: [XFORM 203-603] Evaluating the output(s) of a call to function 'FloatToFixed<16ul>' (new_fixedpoint2205/main.cpp:228:28) in function 'rrt' and propagating its result(s) since all actual argument(s) to the function are constants.
INFO: [XFORM 203-603] Evaluating the output(s) of a call to function 'FloatToFixed<16ul>' (new_fixedpoint2205/main.cpp:228:50) in function 'rrt' and propagating its result(s) since all actual argument(s) to the function are constants.
INFO: [HLS 200-472] Inferring partial write operation for 'X_near' (new_fixedpoint2205/main.cpp:169:24)
INFO: [HLS 200-472] Inferring partial write operation for 'RRT_Star.Position.x' (new_fixedpoint2205/RRT_Star_hw.hpp:14:5)
INFO: [HLS 200-472] Inferring partial write operation for 'RRT_Star.Position.y' (new_fixedpoint2205/RRT_Star_hw.hpp:15:5)
INFO: [HLS 200-472] Inferring partial write operation for 'RRT_Star.Location_List' (new_fixedpoint2205/RRT_Star_hw.hpp:87:17)
INFO: [HLS 200-472] Inferring partial write operation for 'RRT_Star.Position.x' (new_fixedpoint2205/main.cpp:277:25)
INFO: [HLS 200-472] Inferring partial write operation for 'RRT_Star.Position.y' (new_fixedpoint2205/main.cpp:278:25)
INFO: [HLS 200-472] Inferring partial write operation for 'RRT_Star.Location_List' (new_fixedpoint2205/main.cpp:279:28)
INFO: [HLS 200-472] Inferring partial write operation for 'Bool' (new_fixedpoint2205/main.cpp:133:10)
INFO: [XFORM 203-603] Evaluating the output(s) of a call to function '__hls_fptosi_float_i32' (new_fixedpoint2205/Aux_Lib_hw.hpp:106:42) in function 'Collision_detectedhw' and propagating its result(s) since all actual argument(s) to the function are constants.
INFO: [XFORM 203-603] Evaluating the output(s) of a call to function '__hls_fptosi_float_i32' (new_fixedpoint2205/Aux_Lib_hw.hpp:107:34) in function 'Collision_detectedhw' and propagating its result(s) since all actual argument(s) to the function are constants.
INFO: [HLS 200-111] Finished Architecture Synthesis: CPU user time: 0.5 seconds. CPU system time: 0.04 seconds. Elapsed time: 0.56 seconds; current allocated memory: 716.793 MB.
INFO: [HLS 200-10] Starting hardware synthesis ...
INFO: [HLS 200-10] Synthesizing 'rrt' ...
WARNING: [SYN 201-103] Legalizing function name 'FloatToFixed<16ul>' to 'FloatToFixed_16ul_s'.
WARNING: [SYN 201-103] Legalizing function name '__hls_fptosi_float_i32' to 'p_hls_fptosi_float_i32'.
INFO: [HLS 200-10] ----------------------------------------------------------------
INFO: [HLS 200-42] -- Implementing module 'rrt_Pipeline_VITIS_LOOP_240_1' 
INFO: [HLS 200-10] ----------------------------------------------------------------
INFO: [SCHED 204-11] Starting scheduling ...
INFO: [SCHED 204-61] Pipelining loop 'VITIS_LOOP_240_1'.
INFO: [HLS 200-1470] Pipelining result : Target II = NA, Final II = 1, Depth = 26, loop 'VITIS_LOOP_240_1'
WARNING: [HLS 200-871] Estimated clock period (6.312ns) exceeds the target (target clock period: 6.75ns, clock uncertainty: 1.8225ns, effective delay budget: 4.9275ns).
WARNING: [HLS 200-1016] The critical path in module 'rrt_Pipeline_VITIS_LOOP_240_1' consists of the following:	'sitofp' operation ('conv_i', new_fixedpoint2205/Aux_Lib_hw.hpp:31) [23]  (6.31 ns)

INFO: [SCHED 204-11] Finished scheduling.
INFO: [HLS 200-111] Finished Scheduling: CPU user time: 0.24 seconds. CPU system time: 0.04 seconds. Elapsed time: 0.28 seconds; current allocated memory: 717.641 MB.
INFO: [BIND 205-100] Starting micro-architecture generation ...
INFO: [BIND 205-101] Performing variable lifetime analysis.
INFO: [BIND 205-101] Exploring resource sharing.
INFO: [BIND 205-101] Binding ...
INFO: [BIND 205-100] Finished micro-architecture generation.
INFO: [HLS 200-111] Finished Binding: CPU user time: 0.13 seconds. CPU system time: 0 seconds. Elapsed time: 0.14 seconds; current allocated memory: 717.641 MB.
INFO: [HLS 200-10] ----------------------------------------------------------------
INFO: [HLS 200-42] -- Implementing module 'FloatToFixed_16ul_s' 
INFO: [HLS 200-10] ----------------------------------------------------------------
INFO: [SCHED 204-11] Starting scheduling ...
INFO: [SCHED 204-61] Pipelining function 'FloatToFixed<16ul>'.
INFO: [HLS 200-1470] Pipelining result : Target II = NA, Final II = 1, Depth = 22, function 'FloatToFixed<16ul>'
INFO: [SCHED 204-11] Finished scheduling.
INFO: [HLS 200-111] Finished Scheduling: CPU user time: 0.15 seconds. CPU system time: 0.01 seconds. Elapsed time: 0.16 seconds; current allocated memory: 717.641 MB.
INFO: [BIND 205-100] Starting micro-architecture generation ...
INFO: [BIND 205-101] Performing variable lifetime analysis.
INFO: [BIND 205-101] Exploring resource sharing.
INFO: [BIND 205-101] Binding ...
INFO: [BIND 205-100] Finished micro-architecture generation.
INFO: [HLS 200-111] Finished Binding: CPU user time: 0.1 seconds. CPU system time: 0 seconds. Elapsed time: 0.1 seconds; current allocated memory: 717.641 MB.
INFO: [HLS 200-10] ----------------------------------------------------------------
INFO: [HLS 200-42] -- Implementing module 'rrt_Pipeline_2' 
INFO: [HLS 200-10] ----------------------------------------------------------------
INFO: [SCHED 204-11] Starting scheduling ...
INFO: [SCHED 204-61] Pipelining loop 'Loop 1'.
INFO: [HLS 200-1470] Pipelining result : Target II = NA, Final II = 1, Depth = 1, loop 'Loop 1'
INFO: [SCHED 204-11] Finished scheduling.
INFO: [HLS 200-111] Finished Scheduling: CPU user time: 0.08 seconds. CPU system time: 0 seconds. Elapsed time: 0.08 seconds; current allocated memory: 717.727 MB.
INFO: [BIND 205-100] Starting micro-architecture generation ...
INFO: [BIND 205-101] Performing variable lifetime analysis.
INFO: [BIND 205-101] Exploring resource sharing.
INFO: [BIND 205-101] Binding ...
INFO: [BIND 205-100] Finished micro-architecture generation.
INFO: [HLS 200-111] Finished Binding: CPU user time: 0.01 seconds. CPU system time: 0 seconds. Elapsed time: 0.02 seconds; current allocated memory: 717.727 MB.
INFO: [HLS 200-10] ----------------------------------------------------------------
INFO: [HLS 200-42] -- Implementing module 'rrt_Pipeline_VITIS_LOOP_271_2' 
INFO: [HLS 200-10] ----------------------------------------------------------------
INFO: [SCHED 204-11] Starting scheduling ...
INFO: [SCHED 204-61] Pipelining loop 'VITIS_LOOP_271_2'.
INFO: [HLS 200-1470] Pipelining result : Target II = NA, Final II = 1, Depth = 52, loop 'VITIS_LOOP_271_2'
WARNING: [HLS 200-871] Estimated clock period (6.312ns) exceeds the target (target clock period: 6.75ns, clock uncertainty: 1.8225ns, effective delay budget: 4.9275ns).
WARNING: [HLS 200-1016] The critical path in module 'rrt_Pipeline_VITIS_LOOP_271_2' consists of the following:	'sitofp' operation ('conv_i_i_i', new_fixedpoint2205/Aux_Lib_hw.hpp:27) [70]  (6.31 ns)

INFO: [SCHED 204-11] Finished scheduling.
INFO: [HLS 200-111] Finished Scheduling: CPU user time: 0.12 seconds. CPU system time: 0.01 seconds. Elapsed time: 0.12 seconds; current allocated memory: 718.453 MB.
INFO: [BIND 205-100] Starting micro-architecture generation ...
INFO: [BIND 205-101] Performing variable lifetime analysis.
INFO: [BIND 205-101] Exploring resource sharing.
INFO: [BIND 205-101] Binding ...
INFO: [BIND 205-100] Finished micro-architecture generation.
INFO: [HLS 200-111] Finished Binding: CPU user time: 0.23 seconds. CPU system time: 0 seconds. Elapsed time: 0.23 seconds; current allocated memory: 718.453 MB.
INFO: [HLS 200-10] ----------------------------------------------------------------
INFO: [HLS 200-42] -- Implementing module 'rrt_Pipeline_VITIS_LOOP_47_1' 
INFO: [HLS 200-10] ----------------------------------------------------------------
INFO: [SCHED 204-11] Starting scheduling ...
INFO: [SCHED 204-61] Pipelining loop 'VITIS_LOOP_47_1'.
WARNING: [HLS 200-880] The II Violation in module 'rrt_Pipeline_VITIS_LOOP_47_1' (loop 'VITIS_LOOP_47_1'): Unable to enforce a carried dependence constraint (II = 1, distance = 1, offset = 0) between 'store' operation ('q_1_write_ln47', new_fixedpoint2205/fixedpt.h:47->new_fixedpoint2205/main.cpp:299) of variable 'q', new_fixedpoint2205/fixedpt.h:50->new_fixedpoint2205/main.cpp:299 on local variable 'q' and 'load' operation ('q_1_load', new_fixedpoint2205/fixedpt.h:49->new_fixedpoint2205/main.cpp:299) on local variable 'q'.
INFO: [HLS 200-1470] Pipelining result : Target II = NA, Final II = 2, Depth = 4, loop 'VITIS_LOOP_47_1'
INFO: [SCHED 204-11] Finished scheduling.
INFO: [HLS 200-111] Finished Scheduling: CPU user time: 0.2 seconds. CPU system time: 0 seconds. Elapsed time: 0.2 seconds; current allocated memory: 719.457 MB.
INFO: [BIND 205-100] Starting micro-architecture generation ...
INFO: [BIND 205-101] Performing variable lifetime analysis.
INFO: [BIND 205-101] Exploring resource sharing.
INFO: [BIND 205-101] Binding ...
INFO: [BIND 205-100] Finished micro-architecture generation.
INFO: [HLS 200-111] Finished Binding: CPU user time: 0.03 seconds. CPU system time: 0 seconds. Elapsed time: 0.03 seconds; current allocated memory: 719.457 MB.
INFO: [HLS 200-10] ----------------------------------------------------------------
INFO: [HLS 200-42] -- Implementing module 'p_hls_fptosi_float_i32' 
INFO: [HLS 200-10] ----------------------------------------------------------------
INFO: [SCHED 204-11] Starting scheduling ...
INFO: [SCHED 204-61] Pipelining function '__hls_fptosi_float_i32'.
INFO: [HLS 200-1470] Pipelining result : Target II = NA, Final II = 1, Depth = 3, function '__hls_fptosi_float_i32'
INFO: [SCHED 204-11] Finished scheduling.
INFO: [HLS 200-111] Finished Scheduling: CPU user time: 0.06 seconds. CPU system time: 0.01 seconds. Elapsed time: 0.06 seconds; current allocated memory: 719.715 MB.
INFO: [BIND 205-100] Starting micro-architecture generation ...
INFO: [BIND 205-101] Performing variable lifetime analysis.
INFO: [BIND 205-101] Exploring resource sharing.
INFO: [BIND 205-101] Binding ...
INFO: [BIND 205-100] Finished micro-architecture generation.
INFO: [HLS 200-111] Finished Binding: CPU user time: 0.03 seconds. CPU system time: 0 seconds. Elapsed time: 0.03 seconds; current allocated memory: 719.715 MB.
INFO: [HLS 200-10] ----------------------------------------------------------------
INFO: [HLS 200-42] -- Implementing module 'Collision_detectedhw' 
INFO: [HLS 200-10] ----------------------------------------------------------------
INFO: [SCHED 204-11] Starting scheduling ...
INFO: [SCHED 204-61] Pipelining function 'Collision_detectedhw'.
INFO: [HLS 200-1470] Pipelining result : Target II = NA, Final II = 1, Depth = 135, function 'Collision_detectedhw'
WARNING: [HLS 200-871] Estimated clock period (6.312ns) exceeds the target (target clock period: 6.75ns, clock uncertainty: 1.8225ns, effective delay budget: 4.9275ns).
WARNING: [HLS 200-1016] The critical path in module 'Collision_detectedhw' consists of the following:	wire read operation ('x') on port 'p_read' [14]  (0 ns)
	'sitofp' operation ('conv_i') [15]  (6.31 ns)

INFO: [SCHED 204-11] Finished scheduling.
INFO: [HLS 200-111] Finished Scheduling: CPU user time: 0.28 seconds. CPU system time: 0 seconds. Elapsed time: 0.29 seconds; current allocated memory: 721.902 MB.
INFO: [BIND 205-100] Starting micro-architecture generation ...
INFO: [BIND 205-101] Performing variable lifetime analysis.
INFO: [BIND 205-101] Exploring resource sharing.
INFO: [BIND 205-101] Binding ...
INFO: [BIND 205-100] Finished micro-architecture generation.
INFO: [HLS 200-111] Finished Binding: CPU user time: 0.61 seconds. CPU system time: 0 seconds. Elapsed time: 0.61 seconds; current allocated memory: 722.555 MB.
INFO: [HLS 200-10] ----------------------------------------------------------------
INFO: [HLS 200-42] -- Implementing module 'rrt_Pipeline_VITIS_LOOP_121_1' 
INFO: [HLS 200-10] ----------------------------------------------------------------
INFO: [SCHED 204-11] Starting scheduling ...
INFO: [SCHED 204-61] Pipelining loop 'VITIS_LOOP_121_1'.
INFO: [HLS 200-1470] Pipelining result : Target II = NA, Final II = 1, Depth = 170, loop 'VITIS_LOOP_121_1'
WARNING: [HLS 200-871] Estimated clock period (6.312ns) exceeds the target (target clock period: 6.75ns, clock uncertainty: 1.8225ns, effective delay budget: 4.9275ns).
WARNING: [HLS 200-1016] The critical path in module 'rrt_Pipeline_VITIS_LOOP_121_1' consists of the following:	'alloca' operation ('i') [11]  (0 ns)
	'load' operation ('i', new_fixedpoint2205/main.cpp:121->new_fixedpoint2205/main.cpp:309) on local variable 'i' [24]  (0 ns)
	'sitofp' operation ('d', new_fixedpoint2205/main.cpp:124->new_fixedpoint2205/main.cpp:309) [34]  (6.31 ns)

INFO: [SCHED 204-11] Finished scheduling.
INFO: [HLS 200-111] Finished Scheduling: CPU user time: 0.82 seconds. CPU system time: 0 seconds. Elapsed time: 0.83 seconds; current allocated memory: 723.832 MB.
INFO: [BIND 205-100] Starting micro-architecture generation ...
INFO: [BIND 205-101] Performing variable lifetime analysis.
INFO: [BIND 205-101] Exploring resource sharing.
INFO: [BIND 205-101] Binding ...
INFO: [BIND 205-100] Finished micro-architecture generation.
INFO: [HLS 200-111] Finished Binding: CPU user time: 0.55 seconds. CPU system time: 0.01 seconds. Elapsed time: 0.55 seconds; current allocated memory: 724.449 MB.
INFO: [HLS 200-10] ----------------------------------------------------------------
INFO: [HLS 200-42] -- Implementing module 'rrt_Pipeline_VITIS_LOOP_349_4' 
INFO: [HLS 200-10] ----------------------------------------------------------------
INFO: [SCHED 204-11] Starting scheduling ...
INFO: [SCHED 204-61] Pipelining loop 'VITIS_LOOP_349_4'.
INFO: [HLS 200-1470] Pipelining result : Target II = NA, Final II = 1, Depth = 2, loop 'VITIS_LOOP_349_4'
INFO: [SCHED 204-11] Finished scheduling.
INFO: [HLS 200-111] Finished Scheduling: CPU user time: 0.35 seconds. CPU system time: 0.01 seconds. Elapsed time: 0.36 seconds; current allocated memory: 725.598 MB.
INFO: [BIND 205-100] Starting micro-architecture generation ...
INFO: [BIND 205-101] Performing variable lifetime analysis.
INFO: [BIND 205-101] Exploring resource sharing.
INFO: [BIND 205-101] Binding ...
INFO: [BIND 205-100] Finished micro-architecture generation.
INFO: [HLS 200-111] Finished Binding: CPU user time: 0.02 seconds. CPU system time: 0 seconds. Elapsed time: 0.02 seconds; current allocated memory: 725.598 MB.
INFO: [HLS 200-10] ----------------------------------------------------------------
INFO: [HLS 200-42] -- Implementing module 'Nearhw' 
INFO: [HLS 200-10] ----------------------------------------------------------------
INFO: [SCHED 204-11] Starting scheduling ...
INFO: [SCHED 204-61] Pipelining loop 'VITIS_LOOP_159_1'.
INFO: [HLS 200-1470] Pipelining result : Target II = NA, Final II = 1, Depth = 30, loop 'VITIS_LOOP_159_1'
WARNING: [HLS 200-871] Estimated clock period (6.312ns) exceeds the target (target clock period: 6.75ns, clock uncertainty: 1.8225ns, effective delay budget: 4.9275ns).
WARNING: [HLS 200-1016] The critical path in module 'Nearhw' consists of the following:	wire read operation ('p_read_2') on port 'p_read' [15]  (0 ns)
	'sitofp' operation ('conv_i_i') [16]  (6.31 ns)

INFO: [SCHED 204-11] Finished scheduling.
INFO: [HLS 200-111] Finished Scheduling: CPU user time: 0.12 seconds. CPU system time: 0 seconds. Elapsed time: 0.12 seconds; current allocated memory: 725.871 MB.
INFO: [BIND 205-100] Starting micro-architecture generation ...
INFO: [BIND 205-101] Performing variable lifetime analysis.
INFO: [BIND 205-101] Exploring resource sharing.
INFO: [BIND 205-101] Binding ...
INFO: [BIND 205-100] Finished micro-architecture generation.
INFO: [HLS 200-111] Finished Binding: CPU user time: 0.2 seconds. CPU system time: 0 seconds. Elapsed time: 0.2 seconds; current allocated memory: 725.871 MB.
INFO: [HLS 200-10] ----------------------------------------------------------------
INFO: [HLS 200-42] -- Implementing module 'rrt_Pipeline_VITIS_LOOP_47_12' 
INFO: [HLS 200-10] ----------------------------------------------------------------
INFO: [SCHED 204-11] Starting scheduling ...
INFO: [SCHED 204-61] Pipelining loop 'VITIS_LOOP_47_1'.
WARNING: [HLS 200-880] The II Violation in module 'rrt_Pipeline_VITIS_LOOP_47_12' (loop 'VITIS_LOOP_47_1'): Unable to enforce a carried dependence constraint (II = 1, distance = 1, offset = 0) between 'store' operation ('q_write_ln47', new_fixedpoint2205/fixedpt.h:47) of variable 'q', new_fixedpoint2205/fixedpt.h:50 on local variable 'q' and 'load' operation ('q_load', new_fixedpoint2205/fixedpt.h:49) on local variable 'q'.
INFO: [HLS 200-1470] Pipelining result : Target II = NA, Final II = 2, Depth = 4, loop 'VITIS_LOOP_47_1'
INFO: [SCHED 204-11] Finished scheduling.
INFO: [HLS 200-111] Finished Scheduling: CPU user time: 0.13 seconds. CPU system time: 0 seconds. Elapsed time: 0.14 seconds; current allocated memory: 726.969 MB.
INFO: [BIND 205-100] Starting micro-architecture generation ...
INFO: [BIND 205-101] Performing variable lifetime analysis.
INFO: [BIND 205-101] Exploring resource sharing.
INFO: [BIND 205-101] Binding ...
INFO: [BIND 205-100] Finished micro-architecture generation.
INFO: [HLS 200-111] Finished Binding: CPU user time: 0.03 seconds. CPU system time: 0 seconds. Elapsed time: 0.03 seconds; current allocated memory: 726.969 MB.
INFO: [HLS 200-10] ----------------------------------------------------------------
INFO: [HLS 200-42] -- Implementing module 'rrt_Pipeline_VITIS_LOOP_325_3' 
INFO: [HLS 200-10] ----------------------------------------------------------------
INFO: [SCHED 204-11] Starting scheduling ...
INFO: [SCHED 204-61] Pipelining loop 'VITIS_LOOP_325_3'.
INFO: [HLS 200-1470] Pipelining result : Target II = NA, Final II = 1, Depth = 2, loop 'VITIS_LOOP_325_3'
INFO: [SCHED 204-11] Finished scheduling.
INFO: [HLS 200-111] Finished Scheduling: CPU user time: 0.05 seconds. CPU system time: 0 seconds. Elapsed time: 0.05 seconds; current allocated memory: 727.395 MB.
INFO: [BIND 205-100] Starting micro-architecture generation ...
INFO: [BIND 205-101] Performing variable lifetime analysis.
INFO: [BIND 205-101] Exploring resource sharing.
INFO: [BIND 205-101] Binding ...
INFO: [BIND 205-100] Finished micro-architecture generation.
INFO: [HLS 200-111] Finished Binding: CPU user time: 0.02 seconds. CPU system time: 0 seconds. Elapsed time: 0.03 seconds; current allocated memory: 727.395 MB.
INFO: [HLS 200-10] ----------------------------------------------------------------
INFO: [HLS 200-42] -- Implementing module 'rrt' 
INFO: [HLS 200-10] ----------------------------------------------------------------
INFO: [SCHED 204-11] Starting scheduling ...
WARNING: [HLS 200-871] Estimated clock period (6.312ns) exceeds the target (target clock period: 6.75ns, clock uncertainty: 1.8225ns, effective delay budget: 4.9275ns).
WARNING: [HLS 200-1016] The critical path in module 'rrt' consists of the following:	'sitofp' operation ('conv_i_i', new_fixedpoint2205/main.cpp:250) [95]  (6.31 ns)

INFO: [SCHED 204-11] Finished scheduling.
INFO: [HLS 200-111] Finished Scheduling: CPU user time: 0.27 seconds. CPU system time: 0 seconds. Elapsed time: 0.27 seconds; current allocated memory: 728.980 MB.
INFO: [BIND 205-100] Starting micro-architecture generation ...
INFO: [BIND 205-101] Performing variable lifetime analysis.
INFO: [BIND 205-101] Exploring resource sharing.
INFO: [BIND 205-101] Binding ...
INFO: [BIND 205-100] Finished micro-architecture generation.
INFO: [HLS 200-111] Finished Binding: CPU user time: 0.76 seconds. CPU system time: 0 seconds. Elapsed time: 0.76 seconds; current allocated memory: 729.363 MB.
INFO: [HLS 200-10] ----------------------------------------------------------------
INFO: [HLS 200-10] -- Generating RTL for module 'rrt_Pipeline_VITIS_LOOP_240_1' 
INFO: [HLS 200-10] ----------------------------------------------------------------
INFO: [HLS 200-1030] Apply Unified Pipeline Control on module 'rrt_Pipeline_VITIS_LOOP_240_1' pipeline 'VITIS_LOOP_240_1' pipeline type 'loop pipeline'
INFO: [RTGEN 206-100] Generating core module 'fsub_32ns_32ns_32_9_full_dsp_1': 2 instance(s).
INFO: [RTGEN 206-100] Generating core module 'mul_32s_32s_48_5_1': 2 instance(s).
INFO: [RTGEN 206-100] Generating core module 'mux_42_32_1_1': 3 instance(s).
INFO: [RTGEN 206-100] Generating core module 'sitofp_32ns_32_7_no_dsp_1': 3 instance(s).
INFO: [RTGEN 206-100] Finished creating RTL model for 'rrt_Pipeline_VITIS_LOOP_240_1'.
INFO: [HLS 200-111] Finished Creating RTL model: CPU user time: 0.86 seconds. CPU system time: 0 seconds. Elapsed time: 0.87 seconds; current allocated memory: 731.016 MB.
INFO: [HLS 200-10] ----------------------------------------------------------------
INFO: [HLS 200-10] -- Generating RTL for module 'FloatToFixed_16ul_s' 
INFO: [HLS 200-10] ----------------------------------------------------------------
INFO: [RTGEN 206-100] Generating core module 'dadd_64ns_64ns_64_12_full_dsp_0': 1 instance(s).
INFO: [RTGEN 206-100] Generating core module 'fcmp_32ns_32ns_1_3_no_dsp_0': 1 instance(s).
INFO: [RTGEN 206-100] Generating core module 'fmul_32ns_32ns_32_5_max_dsp_0': 1 instance(s).
INFO: [RTGEN 206-100] Generating core module 'fpext_32ns_64_2_no_dsp_0': 1 instance(s).
INFO: [RTGEN 206-100] Finished creating RTL model for 'FloatToFixed_16ul_s'.
INFO: [HLS 200-111] Finished Creating RTL model: CPU user time: 0.21 seconds. CPU system time: 0.01 seconds. Elapsed time: 0.24 seconds; current allocated memory: 733.469 MB.
INFO: [HLS 200-10] ----------------------------------------------------------------
INFO: [HLS 200-10] -- Generating RTL for module 'rrt_Pipeline_2' 
INFO: [HLS 200-10] ----------------------------------------------------------------
INFO: [RTGEN 206-100] Finished creating RTL model for 'rrt_Pipeline_2'.
INFO: [HLS 200-111] Finished Creating RTL model: CPU user time: 0.14 seconds. CPU system time: 0 seconds. Elapsed time: 0.14 seconds; current allocated memory: 734.582 MB.
INFO: [HLS 200-10] ----------------------------------------------------------------
INFO: [HLS 200-10] -- Generating RTL for module 'rrt_Pipeline_VITIS_LOOP_271_2' 
INFO: [HLS 200-10] ----------------------------------------------------------------
INFO: [HLS 200-1030] Apply Unified Pipeline Control on module 'rrt_Pipeline_VITIS_LOOP_271_2' pipeline 'VITIS_LOOP_271_2' pipeline type 'loop pipeline'
INFO: [RTGEN 206-100] Generating core module 'fsub_32ns_32ns_32_9_full_dsp_1': 2 instance(s).
INFO: [RTGEN 206-100] Generating core module 'hptosp_16ns_32_2_no_dsp_1': 2 instance(s).
INFO: [RTGEN 206-100] Generating core module 'mul_32s_32s_48_5_1': 2 instance(s).
INFO: [RTGEN 206-100] Generating core module 'sitofp_32ns_32_7_no_dsp_1': 2 instance(s).
INFO: [RTGEN 206-100] Finished creating RTL model for 'rrt_Pipeline_VITIS_LOOP_271_2'.
INFO: [HLS 200-111] Finished Creating RTL model: CPU user time: 0.09 seconds. CPU system time: 0 seconds. Elapsed time: 0.08 seconds; current allocated memory: 738.113 MB.
INFO: [HLS 200-10] ----------------------------------------------------------------
INFO: [HLS 200-10] -- Generating RTL for module 'rrt_Pipeline_VITIS_LOOP_47_1' 
INFO: [HLS 200-10] ----------------------------------------------------------------
INFO: [HLS 200-1030] Apply Unified Pipeline Control on module 'rrt_Pipeline_VITIS_LOOP_47_1' pipeline 'VITIS_LOOP_47_1' pipeline type 'loop pipeline'
INFO: [RTGEN 206-100] Finished creating RTL model for 'rrt_Pipeline_VITIS_LOOP_47_1'.
INFO: [HLS 200-111] Finished Creating RTL model: CPU user time: 0.33 seconds. CPU system time: 0.01 seconds. Elapsed time: 0.33 seconds; current allocated memory: 741.020 MB.
INFO: [HLS 200-10] ----------------------------------------------------------------
INFO: [HLS 200-10] -- Generating RTL for module 'p_hls_fptosi_float_i32' 
INFO: [HLS 200-10] ----------------------------------------------------------------
INFO: [RTGEN 206-100] Finished creating RTL model for 'p_hls_fptosi_float_i32'.
INFO: [HLS 200-111] Finished Creating RTL model: CPU user time: 0.08 seconds. CPU system time: 0 seconds. Elapsed time: 0.08 seconds; current allocated memory: 742.230 MB.
INFO: [HLS 200-10] ----------------------------------------------------------------
INFO: [HLS 200-10] -- Generating RTL for module 'Collision_detectedhw' 
INFO: [HLS 200-10] ----------------------------------------------------------------
WARNING: [RTGEN 206-101] RTL name 'sitofp_32ns_32_7_no_dsp_1' is changed to 'sitofp_32ns_32_7_no_dsp_1_x' due to conflict.
WARNING: [RTGEN 206-101] RTL name 'mul_32s_32s_48_5_1' is changed to 'mul_32s_32s_48_5_1_x' due to conflict.
INFO: [RTGEN 206-104] Estimated max fanout for 'Collision_detectedhw' is 57635 from HDL expression: (1'b0 == ap_block_pp0_stage0_11001)
INFO: [RTGEN 206-100] Generating core module 'fadd_32ns_32ns_32_9_full_dsp_1': 4 instance(s).
INFO: [RTGEN 206-100] Generating core module 'mul_32s_32s_48_5_1_x': 18 instance(s).
INFO: [RTGEN 206-100] Generating core module 'sdiv_48ns_32s_32_52_1': 4 instance(s).
INFO: [RTGEN 206-100] Generating core module 'sdiv_48ns_32s_48_52_1': 4 instance(s).
INFO: [RTGEN 206-100] Generating core module 'sitofp_32ns_32_7_no_dsp_1_x': 2 instance(s).
INFO: [RTGEN 206-100] Finished creating RTL model for 'Collision_detectedhw'.
INFO: [HLS 200-111] Finished Creating RTL model: CPU user time: 0.24 seconds. CPU system time: 0 seconds. Elapsed time: 0.24 seconds; current allocated memory: 751.059 MB.
INFO: [HLS 200-10] ----------------------------------------------------------------
INFO: [HLS 200-10] -- Generating RTL for module 'rrt_Pipeline_VITIS_LOOP_121_1' 
INFO: [HLS 200-10] ----------------------------------------------------------------
INFO: [HLS 200-1030] Apply Unified Pipeline Control on module 'rrt_Pipeline_VITIS_LOOP_121_1' pipeline 'VITIS_LOOP_121_1' pipeline type 'loop pipeline'
INFO: [RTGEN 206-100] Generating core module 'dadd_64ns_64ns_64_12_full_dsp_0': 1 instance(s).
INFO: [RTGEN 206-100] Generating core module 'fcmp_32ns_32ns_1_3_no_dsp_0': 1 instance(s).
INFO: [RTGEN 206-100] Generating core module 'fmul_32ns_32ns_32_5_max_dsp_0': 1 instance(s).
INFO: [RTGEN 206-100] Generating core module 'fpext_32ns_64_2_no_dsp_0': 1 instance(s).
INFO: [RTGEN 206-100] Generating core module 'mul_32s_48s_48_3_1': 2 instance(s).
INFO: [RTGEN 206-100] Generating core module 'sitofp_32ns_32_7_no_dsp_1': 1 instance(s).
INFO: [RTGEN 206-100] Finished creating RTL model for 'rrt_Pipeline_VITIS_LOOP_121_1'.
INFO: [HLS 200-111] Finished Creating RTL model: CPU user time: 1.15 seconds. CPU system time: 0.01 seconds. Elapsed time: 1.16 seconds; current allocated memory: 762.406 MB.
INFO: [HLS 200-10] ----------------------------------------------------------------
INFO: [HLS 200-10] -- Generating RTL for module 'rrt_Pipeline_VITIS_LOOP_349_4' 
INFO: [HLS 200-10] ----------------------------------------------------------------
INFO: [HLS 200-1030] Apply Unified Pipeline Control on module 'rrt_Pipeline_VITIS_LOOP_349_4' pipeline 'VITIS_LOOP_349_4' pipeline type 'loop pipeline'
INFO: [RTGEN 206-100] Finished creating RTL model for 'rrt_Pipeline_VITIS_LOOP_349_4'.
INFO: [HLS 200-111] Finished Creating RTL model: CPU user time: 0.51 seconds. CPU system time: 0 seconds. Elapsed time: 0.52 seconds; current allocated memory: 765.008 MB.
INFO: [HLS 200-10] ----------------------------------------------------------------
INFO: [HLS 200-10] -- Generating RTL for module 'Nearhw' 
INFO: [HLS 200-10] ----------------------------------------------------------------
INFO: [RTGEN 206-100] Generating core module 'fsub_32ns_32ns_32_9_full_dsp_1': 2 instance(s).
INFO: [RTGEN 206-100] Generating core module 'mul_32s_32s_48_5_1': 2 instance(s).
INFO: [RTGEN 206-100] Generating core module 'sitofp_32ns_32_7_no_dsp_1': 2 instance(s).
INFO: [RTGEN 206-100] Finished creating RTL model for 'Nearhw'.
INFO: [HLS 200-111] Finished Creating RTL model: CPU user time: 0.06 seconds. CPU system time: 0.01 seconds. Elapsed time: 0.06 seconds; current allocated memory: 766.809 MB.
INFO: [HLS 200-10] ----------------------------------------------------------------
INFO: [HLS 200-10] -- Generating RTL for module 'rrt_Pipeline_VITIS_LOOP_47_12' 
INFO: [HLS 200-10] ----------------------------------------------------------------
INFO: [HLS 200-1030] Apply Unified Pipeline Control on module 'rrt_Pipeline_VITIS_LOOP_47_12' pipeline 'VITIS_LOOP_47_1' pipeline type 'loop pipeline'
INFO: [RTGEN 206-100] Finished creating RTL model for 'rrt_Pipeline_VITIS_LOOP_47_12'.
INFO: [HLS 200-111] Finished Creating RTL model: CPU user time: 0.22 seconds. CPU system time: 0 seconds. Elapsed time: 0.22 seconds; current allocated memory: 769.160 MB.
INFO: [HLS 200-10] ----------------------------------------------------------------
INFO: [HLS 200-10] -- Generating RTL for module 'rrt_Pipeline_VITIS_LOOP_325_3' 
INFO: [HLS 200-10] ----------------------------------------------------------------
INFO: [HLS 200-1030] Apply Unified Pipeline Control on module 'rrt_Pipeline_VITIS_LOOP_325_3' pipeline 'VITIS_LOOP_325_3' pipeline type 'loop pipeline'
INFO: [RTGEN 206-100] Finished creating RTL model for 'rrt_Pipeline_VITIS_LOOP_325_3'.
INFO: [HLS 200-111] Finished Creating RTL model: CPU user time: 0.08 seconds. CPU system time: 0 seconds. Elapsed time: 0.09 seconds; current allocated memory: 770.309 MB.
INFO: [HLS 200-10] ----------------------------------------------------------------
INFO: [HLS 200-10] -- Generating RTL for module 'rrt' 
INFO: [HLS 200-10] ----------------------------------------------------------------
WARNING: [RTGEN 206-101] Design contains AXI ports. Reset is fixed to synchronous and active low.
INFO: [RTGEN 206-500] Setting interface mode on port 'rrt/dataInStream_V_data_V' to 'axis' (register, both mode).
INFO: [RTGEN 206-500] Setting interface mode on port 'rrt/dataInStream_V_keep_V' to 'axis' (register, both mode).
INFO: [RTGEN 206-500] Setting interface mode on port 'rrt/dataInStream_V_strb_V' to 'axis' (register, both mode).
INFO: [RTGEN 206-500] Setting interface mode on port 'rrt/dataInStream_V_user_V' to 'axis' (register, both mode).
INFO: [RTGEN 206-500] Setting interface mode on port 'rrt/dataInStream_V_last_V' to 'axis' (register, both mode).
INFO: [RTGEN 206-500] Setting interface mode on port 'rrt/dataInStream_V_id_V' to 'axis' (register, both mode).
INFO: [RTGEN 206-500] Setting interface mode on port 'rrt/dataInStream_V_dest_V' to 'axis' (register, both mode).
INFO: [RTGEN 206-500] Setting interface mode on port 'rrt/xrandx' to 's_axilite & ap_none'.
INFO: [RTGEN 206-500] Setting interface mode on port 'rrt/xrandy' to 's_axilite & ap_none'.
INFO: [RTGEN 206-500] Setting interface mode on port 'rrt/N' to 's_axilite & ap_none'.
INFO: [RTGEN 206-500] Setting interface mode on port 'rrt/oup' to 's_axilite & ap_memory'.
INFO: [RTGEN 206-500] Setting interface mode on port 'rrt/Squared_r_n' to 's_axilite & ap_none'.
INFO: [RTGEN 206-500] Setting interface mode on port 'rrt/Squared_R_Robot' to 's_axilite & ap_none'.
INFO: [RTGEN 206-500] Setting interface mode on port 'rrt/XNearStream_V_data_V' to 'axis' (register, both mode).
INFO: [RTGEN 206-500] Setting interface mode on port 'rrt/XNearStream_V_keep_V' to 'axis' (register, both mode).
INFO: [RTGEN 206-500] Setting interface mode on port 'rrt/XNearStream_V_strb_V' to 'axis' (register, both mode).
INFO: [RTGEN 206-500] Setting interface mode on port 'rrt/XNearStream_V_user_V' to 'axis' (register, both mode).
INFO: [RTGEN 206-500] Setting interface mode on port 'rrt/XNearStream_V_last_V' to 'axis' (register, both mode).
INFO: [RTGEN 206-500] Setting interface mode on port 'rrt/XNearStream_V_id_V' to 'axis' (register, both mode).
INFO: [RTGEN 206-500] Setting interface mode on port 'rrt/XNearStream_V_dest_V' to 'axis' (register, both mode).
INFO: [RTGEN 206-500] Setting interface mode on function 'rrt' to 's_axilite & ap_ctrl_hs'.
INFO: [RTGEN 206-100] Bundling port 'return', 'xrandx', 'xrandy', 'N', 'Squared_r_n', 'Squared_R_Robot', 'oup' and 'ap_local_deadlock' to AXI-Lite port CTRL_BUS.
INFO: [RTGEN 206-100]==============================================================
Vitis HLS - High-Level Synthesis from C, C++ and OpenCL v2021.2 (64-bit)
Copyright 1986-2021 Xilinx, Inc. All Rights Reserved.
==============================================================
==============================================================
Vitis HLS - High-Level Synthesis from C, C++ and OpenCL v2021.2 (64-bit)
Copyright 1986-2021 Xilinx, Inc. All Rights Reserved.
==============================================================
INFO: [SYN 201-201] Setting up clock 'default' with a period of 6.75ns.
INFO: [HLS 200-1611] Setting target device to 'xc7z020-clg400-1'
INFO: [HLS 200-1505] Using flow_target 'vivado'
INFO: [HLS 200-1464] Running solution command: config_export -display_name=nfp02
INFO: [HLS 200-1464] Running solution command: config_export -format=ip_catalog
INFO: [HLS 200-1464] Running solution command: config_export -rtl=verilog
INFO: [HLS 200-1510] Running: set_part xc7z020-clg400-1 
INFO: [HLS 200-1510] Running: create_clock -period 6.75 -name default 
INFO: [HLS 200-1510] Running: config_export -display_name nfp02 -format ip_catalog -rtl verilog 
INFO: [HLS 200-1510] Running: set_directive_top -name rrt rrt 
INFO: [HLS 200-1510] Running: csynth_design 
INFO: [HLS 200-111] Finished File checks and directory preparation: CPU user time: 0.02 seconds. CPU system time: 0 seconds. Elapsed time: 0.01 seconds; current allocated memory: 1.194 GB.
INFO: [HLS 200-10] Analyzing design file 'new_fixedpoint2205/main.cpp' ... 
WARNING: [HLS 207-5287] unused parameter 'nn' (new_fixedpoint2205/Aux_Lib_hw.hpp:68:46)
WARNING: [HLS 207-5287] unused parameter 'i' (new_fixedpoint2205/Aux_Lib_hw.hpp:68:53)
WARNING: [HLS 207-5287] unused parameter 'nn' (new_fixedpoint2205/Aux_Lib_hw.hpp:101:55)
WARNING: [HLS 207-5287] unused parameter 'i' (new_fixedpoint2205/Aux_Lib_hw.hpp:101:62)
WARNING: [HLS 207-5287] unused parameter 'i' (new_fixedpoint2205/main.cpp:38:93)
INFO: [HLS 200-111] Finished Source Code Analysis and Preprocessing: CPU user time: 5.59 seconds. CPU system time: 0.58 seconds. Elapsed time: 5.62 seconds; current allocated memory: 285.469 MB.
INFO: [HLS 200-777] Using interface defaults for 'Vivado' flow target.
INFO: [HLS 214-284] Auto array partition mode is set into default.
INFO: [HLS 214-178] Inlining function 'Point_2hw::Point_2hw()' into 'Segment_3hw::Segment_3hw()' (new_fixedpoint2205/Aux_Lib_hw.hpp:45:0)
INFO: [HLS 214-178] Inlining function 'fp_struct<double>::fp_struct(double)' into 'int generic_cast_IEEE754<int, (ap_q_mode)6, double>(double, bool, hls::enable_if<std::numeric_limits<int>::is_signed, bool>::type)' (/wrk/ci/prod/2021.2/rdi_builds/continuous/2021_10_19_3367213/src/shared/hls/clib/hlsmath/include/FloatingPoint/hls_case_IEEE754.h:12:0)
INFO: [HLS 214-178] Inlining function 'fp_struct<double>::mantissa() const' into 'int generic_cast_IEEE754<int, (ap_q_mode)6, double>(double, bool, hls::enable_if<std::numeric_limits<int>::is_signed, bool>::type)' (/wrk/ci/prod/2021.2/rdi_builds/continuous/2021_10_19_3367213/src/shared/hls/clib/hlsmath/include/FloatingPoint/hls_case_IEEE754.h:12:0)
INFO: [HLS 214-178] Inlining function 'fp_struct<double>::expv() const' into 'int generic_cast_IEEE754<int, (ap_q_mode)6, double>(double, bool, hls::enable_if<std::numeric_limits<int>::is_signed, bool>::type)' (/wrk/ci/prod/2021.2/rdi_builds/continuous/2021_10_19_3367213/src/shared/hls/clib/hlsmath/include/FloatingPoint/hls_case_IEEE754.h:12:0)
INFO: [HLS 214-178] Inlining function 'fp_struct<double>::__signbit() const' into 'int generic_cast_IEEE754<int, (ap_q_mode)6, double>(double, bool, hls::enable_if<std::numeric_limits<int>::is_signed, bool>::type)' (/wrk/ci/prod/2021.2/rdi_builds/continuous/2021_10_19_3367213/src/shared/hls/clib/hlsmath/include/FloatingPoint/hls_case_IEEE754.h:12:0)
INFO: [HLS 214-178] Inlining function 'int generic_cast_IEEE754<int, (ap_q_mode)6, double>(double, bool, hls::enable_if<std::numeric_limits<int>::is_signed, bool>::type)' into 'int generic_cast_IEEE754<int, double>(double, bool)' (/wrk/ci/prod/2021.2/rdi_builds/continuous/2021_10_19_3367213/src/shared/hls/clib/hlsmath/include/FloatingPoint/hls_case_IEEE754.h:116:0)
INFO: [HLS 214-178] Inlining function 'int generic_cast_IEEE754<int, double>(double, bool)' into '__hls_fptosi_double_i32' (/wrk/ci/prod/2021.2/rdi_builds/continuous/2021_10_19_3367213/src/shared/hls/clib/hlsmath/src/lib_floatconversion.cpp:55:0)
INFO: [HLS 214-178] Inlining function '__hls_fptosi_double_i32' into 'int FloatToFixed<16ul>(float)' (new_fixedpoint2205/fixedpt.h:6:0)
INFO: [HLS 214-178] Inlining function 'fp_struct<float>::fp_struct(float)' into 'int generic_cast_IEEE754<int, (ap_q_mode)6, float>(float, bool, hls::enable_if<std::numeric_limits<int>::is_signed, bool>::type)' (/wrk/ci/prod/2021.2/rdi_builds/continuous/2021_10_19_3367213/src/shared/hls/clib/hlsmath/include/FloatingPoint/hls_case_IEEE754.h:12:0)
INFO: [HLS 214-178] Inlining function 'fp_struct<float>::mantissa() const' into 'int generic_cast_IEEE754<int, (ap_q_mode)6, float>(float, bool, hls::enable_if<std::numeric_limits<int>::is_signed, bool>::type)' (/wrk/ci/prod/2021.2/rdi_builds/continuous/2021_10_19_3367213/src/shared/hls/clib/hlsmath/include/FloatingPoint/hls_case_IEEE754.h:12:0)
INFO: [HLS 214-178] Inlining function 'fp_struct<float>::expv() const' into 'int generic_cast_IEEE754<int, (ap_q_mode)6, float>(float, bool, hls::enable_if<std::numeric_limits<int>::is_signed, bool>::type)' (/wrk/ci/prod/2021.2/rdi_builds/continuous/2021_10_19_3367213/src/shared/hls/clib/hlsmath/include/FloatingPoint/hls_case_IEEE754.h:12:0)
INFO: [HLS 214-178] Inlining function 'fp_struct<float>::__signbit() const' into 'int generic_cast_IEEE754<int, (ap_q_mode)6, float>(float, bool, hls::enable_if<std::numeric_limits<int>::is_signed, bool>::type)' (/wrk/ci/prod/2021.2/rdi_builds/continuous/2021_10_19_3367213/src/shared/hls/clib/hlsmath/include/FloatingPoint/hls_case_IEEE754.h:12:0)
INFO: [HLS 214-178] Inlining function 'int generic_cast_IEEE754<int, (ap_q_mode)6, float>(float, bool, hls::enable_if<std::numeric_limits<int>::is_signed, bool>::type)' into 'int generic_cast_IEEE754<int, float>(float, bool)' (/wrk/ci/prod/2021.2/rdi_builds/continuous/2021_10_19_3367213/src/shared/hls/clib/hlsmath/include/FloatingPoint/hls_case_IEEE754.h:116:0)
INFO: [HLS 214-178] Inlining function 'int generic_cast_IEEE754<int, float>(float, bool)' into '__hls_fptosi_float_i32' (/wrk/ci/prod/2021.2/rdi_builds/continuous/2021_10_19_3367213/src/shared/hls/clib/hlsmath/src/lib_floatconversion.cpp:51:0)
INFO: [HLS 214-178] Inlining function 'int FloatToFixed<16ul>(float)' into 'Position_Holonomic_hw::Position_Holonomic_hw() (.165)' (new_fixedpoint2205/RRT_Star_hw.hpp:13:0)
INFO: [HLS 214-178] Inlining function 'Position_Holonomic_hw::Position_Holonomic_hw() (.165)' into 'Node_RRT_Poshw::Node_RRT_Poshw() (.171.176)' (new_fixedpoint2205/RRT_Star_hw.hpp:85:0)
INFO: [HLS 214-178] Inlining function 'int FloatToFixed<16ul>(float)' into 'Node_RRT_Poshw::Node_RRT_Poshw() (.171.176)' (new_fixedpoint2205/RRT_Star_hw.hpp:85:0)
INFO: [HLS 214-178] Inlining function 'Position_Holonomic_hw::Position_Holonomic_hw() (.165)' into 'Node_Randhw::Node_Randhw()' (new_fixedpoint2205/RRT_Star_hw.hpp:66:0)
INFO: [HLS 214-178] Inlining function 'int FloatToFixed<16ul>(float)' into 'Position_Holonomic_hw::Position_Holonomic_hw()' (new_fixedpoint2205/RRT_Star_hw.hpp:13:0)
INFO: [HLS 214-178] Inlining function 'Position_Holonomic_hw::Position_Holonomic_hw()' into 'Node_RRT_Poshw::Node_RRT_Poshw()' (new_fixedpoint2205/RRT_Star_hw.hpp:85:0)
INFO: [HLS 214-178] Inlining function 'int FloatToFixed<16ul>(float)' into 'Node_RRT_Poshw::Node_RRT_Poshw()' (new_fixedpoint2205/RRT_Star_hw.hpp:85:0)
INFO: [HLS 214-178] Inlining function 'Point_2hw::x() const (.155)' into 'Point_2hw::squared_distance(Point_2hw&)' (new_fixedpoint2205/Aux_Lib_hw.hpp:34:0)
INFO: [HLS 214-178] Inlining function '__hls_fptosi_float_i32' into 'Point_2hw::squared_distance(Point_2hw&)' (new_fixedpoint2205/Aux_Lib_hw.hpp:34:0)
INFO: [HLS 214-178] Inlining function 'fp_mult(int, int)' into 'Point_2hw::squared_distance(Point_2hw&)' (new_fixedpoint2205/Aux_Lib_hw.hpp:34:0)
INFO: [HLS 214-178] Inlining function 'Point_2hw::y() const (.152)' into 'Point_2hw::squared_distance(Point_2hw&)' (new_fixedpoint2205/Aux_Lib_hw.hpp:34:0)
INFO: [HLS 214-178] Inlining function 'Point_2hw::Point_2hw(int, int)' into 'Cal_Squared_Disthw(Node_Randhw&, Node_RRT_Poshw&)' (new_fixedpoint2205/main.cpp:21:0)
INFO: [HLS 214-178] Inlining function 'Point_2hw::squared_distance(Point_2hw&)' into 'Cal_Squared_Disthw(Node_Randhw&, Node_RRT_Poshw&)' (new_fixedpoint2205/main.cpp:21:0)
INFO: [HLS 214-178] Inlining function 'Point_2hw::Point_2hw(int, int)' into 'Cal_Disthw(Node_RRT_Poshw&, Node_Randhw&)' (new_fixedpoint2205/main.cpp:8:0)
INFO: [HLS 214-178] Inlining function 'Point_2hw::squared_distance(Point_2hw&)' into 'Cal_Disthw(Node_RRT_Poshw&, Node_Randhw&)' (new_fixedpoint2205/main.cpp:8:0)
INFO: [HLS 214-178] Inlining function 'fp_sqrtt(int)' into 'Cal_Disthw(Node_RRT_Poshw&, Node_Randhw&)' (new_fixedpoint2205/main.cpp:8:0)
INFO: [HLS 214-178] Inlining function 'Node_RRT_Poshw::Node_RRT_Poshw() (.171.176)' into 'A_StreamReaderhw(Node_RRT_Poshw&, Node_Randhw&, int)' (new_fixedpoint2205/main.cpp:39:0)
INFO: [HLS 214-178] Inlining function 'int FloatToFixed<16ul>(float)' into 'A_StreamReaderhw(Node_RRT_Poshw&, Node_Randhw&, int)' (new_fixedpoint2205/main.cpp:39:0)
INFO: [HLS 214-178] Inlining function 'fp_div(int, int)' into 'A_StreamReaderhw(Node_RRT_Poshw&, Node_Randhw&, int)' (new_fixedpoint2205/main.cpp:39:0)
INFO: [HLS 214-178] Inlining function 'Position_Holonomic_hw::Insert_Position(int, int)' into 'A_StreamReaderhw(Node_RRT_Poshw&, Node_Randhw&, int)' (new_fixedpoint2205/main.cpp:39:0)
INFO: [HLS 214-178] Inlining function 'fp_mult(int, int)' into 'A_StreamReaderhw(Node_RRT_Poshw&, Node_Randhw&, int)' (new_fixedpoint2205/main.cpp:39:0)
INFO: [HLS 214-178] Inlining function 'fp_mult(int, int)' into 'Point_2hw::squared_distance(int, int)' (new_fixedpoint2205/Aux_Lib_hw.hpp:39:0)
INFO: [HLS 214-178] Inlining function 'Point_2hw::x() const' into 'Segment_3hw::squared_distance(int&, int&, int, int)' (new_fixedpoint2205/Aux_Lib_hw.hpp:102:0)
INFO: [HLS 214-178] Inlining function 'fp_mult(int, int)' into 'Segment_3hw::squared_distance(int&, int&, int, int)' (new_fixedpoint2205/Aux_Lib_hw.hpp:102:0)
INFO: [HLS 214-178] Inlining function 'Point_2hw::y() const' into 'Segment_3hw::squared_distance(int&, int&, int, int)' (new_fixedpoint2205/Aux_Lib_hw.hpp:102:0)
INFO: [HLS 214-178] Inlining function 'fp_div(int, int)' into 'Segment_3hw::squared_distance(int&, int&, int, int)' (new_fixedpoint2205/Aux_Lib_hw.hpp:102:0)
INFO: [HLS 214-178] Inlining function 'Point_2hw::squared_distance(int, int)' into 'Segment_3hw::squared_distance(int&, int&, int, int)' (new_fixedpoint2205/Aux_Lib_hw.hpp:102:0)
INFO: [HLS 214-178] Inlining function 'Segment_3hw::squared_distance(int&, int&, int, int)' into 'Collision_detectedhw(int&, int&, int, Segment_3hw*, int)' (new_fixedpoint2205/main.cpp:78:0)
INFO: [HLS 214-178] Inlining function 'Position_Holonomic_hw::Position_Holonomic_hw() (.165)' into 'Obstacle_Freehw(Position_Holonomic_hw&, Position_Holonomic_hw&, int, Segment_3hw*, int)' (new_fixedpoint2205/main.cpp:98:0)
INFO: [HLS 214-178] Inlining function 'int FloatToFixed<16ul>(float)' into 'Obstacle_Freehw(Position_Holonomic_hw&, Position_Holonomic_hw&, int, Segment_3hw*, int)' (new_fixedpoint2205/main.cpp:98:0)
INFO: [HLS 214-178] Inlining function 'fp_div(int, int)' into 'Obstacle_Freehw(Position_Holonomic_hw&, Position_Holonomic_hw&, int, Segment_3hw*, int)' (new_fixedpoint2205/main.cpp:98:0)
INFO: [HLS 214-178] Inlining function 'fp_mult(int, int)' into 'Obstacle_Freehw(Position_Holonomic_hw&, Position_Holonomic_hw&, int, Segment_3hw*, int)' (new_fixedpoint2205/main.cpp:98:0)
INFO: [HLS 214-178] Inlining function 'Point_2hw::Point_2hw(int, int)' into 'Obstacle_Freehw(Position_Holonomic_hw&, Position_Holonomic_hw&, int, Segment_3hw*, int)' (new_fixedpoint2205/main.cpp:98:0)
INFO: [HLS 214-178] Inlining function 'Point_2hw::Point_2hw(int, int)' into 'Cal_Squared_Disthw(Node_RRT_Poshw&, Node_RRT_Poshw&)' (new_fixedpoint2205/main.cpp:31:0)
INFO: [HLS 214-178] Inlining function 'Point_2hw::squared_distance(Point_2hw&)' into 'Cal_Squared_Disthw(Node_RRT_Poshw&, Node_RRT_Poshw&)' (new_fixedpoint2205/main.cpp:31:0)
INFO: [HLS 214-178] Inlining function 'Cal_Squared_Disthw(Node_RRT_Poshw&, Node_RRT_Poshw&)' into 'Nearhw(int*, Node_RRT_Poshw*, Node_RRT_Poshw&, int, int, int&)' (new_fixedpoint2205/main.cpp:154:0)
INFO: [HLS 214-178] Inlining function 'fp_mult(int, int)' into 'Costhw(Position_Holonomic_hw&, Position_Holonomic_hw&)' (new_fixedpoint2205/main.cpp:175:0)
INFO: [HLS 214-178] Inlining function 'fp_sqrtt(int)' into 'Costhw(Position_Holonomic_hw&, Position_Holonomic_hw&)' (new_fixedpoint2205/main.cpp:175:0)
INFO: [HLS 214-178] Inlining function 'Segment_3hw::Segment_3hw()' into 'rrt(hls::stream<hls::axis<ap_int<64>, 2ul, 5ul, 6ul>, 0>&, float, float, int, float*, float, float, hls::stream<hls::axis<ap_int<32>, 2ul, 5ul, 6ul>, 0>&)' (new_fixedpoint2205/main.cpp:200:0)
INFO: [HLS 214-178] Inlining function 'Point_2hw::Point_2hw(int, int)' into 'rrt(hls::stream<hls::axis<ap_int<64>, 2ul, 5ul, 6ul>, 0>&, float, float, int, float*, float, float, hls::stream<hls::axis<ap_int<32>, 2ul, 5ul, 6ul>, 0>&)' (new_fixedpoint2205/main.cpp:200:0)
INFO: [HLS 214-178] Inlining function 'Point_2hw::y() const' into 'rrt(hls::stream<hls::axis<ap_int<64>, 2ul, 5ul, 6ul>, 0>&, float, float, int, float*, float, float, hls::stream<hls::axis<ap_int<32>, 2ul, 5ul, 6ul>, 0>&)' (new_fixedpoint2205/main.cpp:200:0)
INFO: [HLS 214-178] Inlining function '__hls_fptosi_float_i32' into 'rrt(hls::stream<hls::axis<ap_int<64>, 2ul, 5ul, 6ul>, 0>&, float, float, int, float*, float, float, hls::stream<hls::axis<ap_int<32>, 2ul, 5ul, 6ul>, 0>&)' (new_fixedpoint2205/main.cpp:200:0)
INFO: [HLS 214-178] Inlining function 'Point_2hw::x() const' into 'rrt(hls::stream<hls::axis<ap_int<64>, 2ul, 5ul, 6ul>, 0>&, float, float, int, float*, float, float, hls::stream<hls::axis<ap_int<32>, 2ul, 5ul, 6ul>, 0>&)' (new_fixedpoint2205/main.cpp:200:0)
INFO: [HLS 214-178] Inlining function 'fp_mult(int, int)' into 'rrt(hls::stream<hls::axis<ap_int<64>, 2ul, 5ul, 6ul>, 0>&, float, float, int, float*, float, float, hls::stream<hls::axis<ap_int<32>, 2ul, 5ul, 6ul>, 0>&)' (new_fixedpoint2205/main.cpp:200:0)
INFO: [HLS 214-178] Inlining function 'Node_RRT_Poshw::Node_RRT_Poshw() (.171.176)' into 'rrt(hls::stream<hls::axis<ap_int<64>, 2ul, 5ul, 6ul>, 0>&, float, float, int, float*, float, float, hls::stream<hls::axis<ap_int<32>, 2ul, 5ul, 6ul>, 0>&)' (new_fixedpoint2205/main.cpp:200:0)
INFO: [HLS 214-178] Inlining function 'Node_Randhw::Node_Randhw()' into 'rrt(hls::stream<hls::axis<ap_int<64>, 2ul, 5ul, 6ul>, 0>&, float, float, int, float*, float, float, hls::stream<hls::axis<ap_int<32>, 2ul, 5ul, 6ul>, 0>&)' (new_fixedpoint2205/main.cpp:200:0)
INFO: [HLS 214-178] Inlining function 'Node_RRT_Poshw::Node_RRT_Poshw()' into 'rrt(hls::stream<hls::axis<ap_int<64>, 2ul, 5ul, 6ul>, 0>&, float, float, int, float*, float, float, hls::stream<hls::axis<ap_int<32>, 2ul, 5ul, 6ul>, 0>&)' (new_fixedpoint2205/main.cpp:200:0)
INFO: [HLS 214-178] Inlining function 'Cal_Squared_Disthw(Node_Randhw&, Node_RRT_Poshw&)' into 'rrt(hls::stream<hls::axis<ap_int<64>, 2ul, 5ul, 6ul>, 0>&, float, float, int, float*, float, float, hls::stream<hls::axis<ap_int<32>, 2ul, 5ul, 6ul>, 0>&)' (new_fixedpoint2205/main.cpp:200:0)
INFO: [HLS 214-178] Inlining function 'float FixedToFloat<16ul>(int)' into 'rrt(hls::stream<hls::axis<ap_int<64>, 2ul, 5ul, 6ul>, 0>&, float, float, int, float*, float, float, hls::stream<hls::axis<ap_int<32>, 2ul, 5ul, 6ul>, 0>&)' (new_fixedpoint2205/main.cpp:200:0)
INFO: [HLS 214-178] Inlining function 'Costhw(Position_Holonomic_hw&, Position_Holonomic_hw&)' into 'rrt(hls::stream<hls::axis<ap_int<64>, 2ul, 5ul, 6ul>, 0>&, float, float, int, float*, float, float, hls::stream<hls::axis<ap_int<32>, 2ul, 5ul, 6ul>, 0>&)' (new_fixedpoint2205/main.cpp:200:0)
INFO: [HLS 214-270] Starting automatic array partition analysis...
INFO: [HLS 214-131] Inlining function '_llvm.fpga.unpack.none.s_struct.ap_int<64>s.i64' into 'rrt(hls::stream<hls::axis<ap_int<64>, 2ul, 5ul, 6ul>, 0>&, float, float, int, float*, float, float, hls::stream<hls::axis<ap_int<32>, 2ul, 5ul, 6ul>, 0>&)' (/tools/Xilinx/Vitis_HLS/2021.2/common/technology/autopilot/ap_axi_sdata.h:293:5)
INFO: [HLS 214-131] Inlining function '_llvm.fpga.pack.none.i6.s_struct.ap_uint<6>s' into 'rrt(hls::stream<hls::axis<ap_int<64>, 2ul, 5ul, 6ul>, 0>&, float, float, int, float*, float, float, hls::stream<hls::axis<ap_int<32>, 2ul, 5ul, 6ul>, 0>&)' (/tools/Xilinx/Vitis_HLS/2021.2/common/technology/autopilot/ap_axi_sdata.h:304:5)
INFO: [HLS 214-131] Inlining function '_llvm.fpga.pack.none.i5.s_struct.ap_uint<5>s' into 'rrt(hls::stream<hls::axis<ap_int<64>, 2ul, 5ul, 6ul>, 0>&, float, float, int, float*, float, float, hls::stream<hls::axis<ap_int<32>, 2ul, 5ul, 6ul>, 0>&)' (/tools/Xilinx/Vitis_HLS/2021.2/common/technology/autopilot/ap_axi_sdata.h:304:5)
INFO: [HLS 214-131] Inlining function '_llvm.fpga.pack.none.i1.s_struct.ap_uint<1>s' into 'rrt(hls::stream<hls::axis<ap_int<64>, 2ul, 5ul, 6ul>, 0>&, float, float, int, float*, float, float, hls::stream<hls::axis<ap_int<32>, 2ul, 5ul, 6ul>, 0>&)' (/tools/Xilinx/Vitis_HLS/2021.2/common/technology/autopilot/ap_axi_sdata.h:304:5)
INFO: [HLS 214-131] Inlining function '_llvm.fpga.pack.none.i2.s_struct.ap_uint<2>s' into 'rrt(hls::stream<hls::axis<ap_int<64>, 2ul, 5ul, 6ul>, 0>&, float, float, int, float*, float, float, hls::stream<hls::axis<ap_int<32>, 2ul, 5ul, 6ul>, 0>&)' (/tools/Xilinx/Vitis_HLS/2021.2/common/technology/autopilot/ap_axi_sdata.h:304:5)
INFO: [HLS 214-131] Inlining function '_llvm.fpga.pack.none.i4.s_struct.ap_uint<4>s' into 'rrt(hls::stream<hls::axis<ap_int<64>, 2ul, 5ul, 6ul>, 0>&, float, float, int, float*, float, float, hls::stream<hls::axis<ap_int<32>, 2ul, 5ul, 6ul>, 0>&)' (/tools/Xilinx/Vitis_HLS/2021.2/common/technology/autopilot/ap_axi_sdata.h:304:5)
INFO: [HLS 214-131] Inlining function '_llvm.fpga.pack.none.i32.s_struct.ap_int<32>s' into 'rrt(hls::stream<hls::axis<ap_int<64>, 2ul, 5ul, 6ul>, 0>&, float, float, int, float*, float, float, hls::stream<hls::axis<ap_int<32>, 2ul, 5ul, 6ul>, 0>&)' (/tools/Xilinx/Vitis_HLS/2021.2/common/technology/autopilot/ap_axi_sdata.h:304:5)
INFO: [HLS 214-131] Inlining function '_llvm.fpga.unpack.none.s_struct.ap_uint<8>s.i8' into 'rrt(hls::stream<hls::axis<ap_int<64>, 2ul, 5ul, 6ul>, 0>&, float, float, int, float*, float, float, hls::stream<hls::axis<ap_int<32>, 2ul, 5ul, 6ul>, 0>&)' (/tools/Xilinx/Vitis_HLS/2021.2/common/technology/autopilot/ap_axi_sdata.h:293:5)
INFO: [HLS 214-131] Inlining function '_llvm.fpga.unpack.none.s_struct.ap_uint<2>s.i2' into 'rrt(hls::stream<hls::axis<ap_int<64>, 2ul, 5ul, 6ul>, 0>&, float, float, int, float*, float, float, hls::stream<hls::axis<ap_int<32>, 2ul, 5ul, 6ul>, 0>&)' (/tools/Xilinx/Vitis_HLS/2021.2/common/technology/autopilot/ap_axi_sdata.h:293:5)
INFO: [HLS 214-131] Inlining function '_llvm.fpga.unpack.none.s_struct.ap_uint<1>s.i1' into 'rrt(hls::stream<hls::axis<ap_int<64>, 2ul, 5ul, 6ul>, 0>&, float, float, int, float*, float, float, hls::stream<hls::axis<ap_int<32>, 2ul, 5ul, 6ul>, 0>&)' (/tools/Xilinx/Vitis_HLS/2021.2/common/technology/autopilot/ap_axi_sdata.h:293:5)
INFO: [HLS 214-131] Inlining function '_llvm.fpga.unpack.none.s_struct.ap_uint<5>s.i5' into 'rrt(hls::stream<hls::axis<ap_int<64>, 2ul, 5ul, 6ul>, 0>&, float, float, int, float*, float, float, hls::stream<hls::axis<ap_int<32>, 2ul, 5ul, 6ul>, 0>&)' (/tools/Xilinx/Vitis_HLS/2021.2/common/technology/autopilot/ap_axi_sdata.h:293:5)
INFO: [HLS 214-131] Inlining function '_llvm.fpga.unpack.none.s_struct.ap_uint<6>s.i6' into 'rrt(hls::stream<hls::axis<ap_int<64>, 2ul, 5ul, 6ul>, 0>&, float, float, int, float*, float, float, hls::stream<hls::axis<ap_int<32>, 2ul, 5ul, 6ul>, 0>&)' (/tools/Xilinx/Vitis_HLS/2021.2/common/technology/autopilot/ap_axi_sdata.h:293:5)
INFO: [HLS 200-111] Finished Compiling Optimization and Transform: CPU user time: 4.74 seconds. CPU system time: 0.35 seconds. Elapsed time: 5.25 seconds; current allocated memory: 287.266 MB.
INFO: [HLS 200-111] Finished Checking Pragmas: CPU user time: 0 seconds. CPU system time: 0 seconds. Elapsed time: 0.01 seconds; current allocated memory: 287.266 MB.
INFO: [HLS 200-10] Starting code transformations ...
INFO: [HLS 200-111] Finished Standard Transforms: CPU user time: 1.23 seconds. CPU system time: 0.05 seconds. Elapsed time: 1.33 seconds; current allocated memory: 447.781 MB.
INFO: [HLS 200-10] Checking synthesizability ...
INFO: [XFORM 203-602] Inlining function 'Cal_Disthw' into 'A_StreamReaderhw' (new_fixedpoint2205/main.cpp:41) automatically.
INFO: [XFORM 203-602] Inlining function 'FloatToFixed<16ul>' into 'Collision_detectedhw' (new_fixedpoint2205/Aux_Lib_hw.hpp:115) automatically.
INFO: [XFORM 203-602] Inlining function '__hls_fptosi_float_i32' into 'Collision_detectedhw' (new_fixedpoint2205/Aux_Lib_hw.hpp:106) automatically.
INFO: [HLS 200-111] Finished Checking Synthesizability: CPU user time: 1.97 seconds. CPU system time: 0.04 seconds. Elapsed time: 2.01 seconds; current allocated memory: 516.480 MB.
INFO: [XFORM 203-510] Pipelining loop 'VITIS_LOOP_47_1' (new_fixedpoint2205/fixedpt.h:49) in function 'Cal_Disthw' automatically.
INFO: [XFORM 203-510] Pipelining loop 'VITIS_LOOP_121_1' (/wrk/ci/prod/2021.2/rdi_builds/continuous/2021_10_19_3367213/src/shared/hls/clib/hlsmath/include/FloatingPoint/hls_case_IEEE754.h:13) in function 'Obstacle_Freehw' automatically.
INFO: [XFORM 203-510] Pipelining loop 'VITIS_LOOP_159_1' (/wrk/ci/prod/2021.2/rdi_builds/continuous/2021_10_19_3367213/src/shared/hls/clib/hlsmath/include/FloatingPoint/hls_case_IEEE754.h:13) in function 'Nearhw' automatically.
INFO: [XFORM 203-510] Pipelining loop 'Loop-2' (new_fixedpoint2205/main.cpp:227) in function 'rrt' automatically.
INFO: [XFORM 203-510] Pipelining loop 'VITIS_LOOP_240_1' (/wrk/ci/prod/2021.2/rdi_builds/continuous/2021_10_19_3367213/src/shared/hls/clib/hlsmath/include/FloatingPoint/hls_case_IEEE754.h:13) in function 'rrt' automatically.
INFO: [XFORM 203-510] Pipelining loop 'Loop-4' (new_fixedpoint2205/main.cpp:264) in function 'rrt' automatically.
INFO: [XFORM 203-510] Pipelining loop 'VITIS_LOOP_47_1' (new_fixedpoint2205/fixedpt.h:49) in function 'rrt' automatically.
INFO: [XFORM 203-510] Pipelining loop 'VITIS_LOOP_325_3' (new_fixedpoint2205/main.cpp:325) in function 'rrt' automatically.
INFO: [XFORM 203-510] Pipelining loop 'VITIS_LOOP_349_4' (new_fixedpoint2205/main.cpp:222) in function 'rrt' automatically.
INFO: [XFORM 203-502] Unrolling all loops for pipelining in function 'Collision_detectedhw' (new_fixedpoint2205/Aux_Lib_hw.hpp:27:5).
INFO: [HLS 200-489] Unrolling loop 'VITIS_LOOP_82_1' (new_fixedpoint2205/main.cpp:82) in function 'Collision_detectedhw' completely with a factor of 4.
INFO: [XFORM 203-102] Partitioning array 'Bool' (new_fixedpoint2205/main.cpp:81) automatically.
INFO: [XFORM 203-102] Automatically partitioning small array 'Edges.Source._x' (new_fixedpoint2205/main.cpp:227) completely based on array size.
INFO: [XFORM 203-102] Automatically partitioning small array 'Edges.Source._y' (new_fixedpoint2205/main.cpp:227) completely based on array size.
INFO: [XFORM 203-102] Automatically partitioning small array 'Edges.Target._x' (new_fixedpoint2205/main.cpp:227) completely based on array size.
INFO: [XFORM 203-102] Automatically partitioning small array 'Edges.Target._y' (new_fixedpoint2205/main.cpp:227) completely based on array size.
INFO: [XFORM 203-102] Automatically partitioning small array 'Edges.AABB' (new_fixedpoint2205/main.cpp:227) completely based on array size.
INFO: [XFORM 203-101] Partitioning array 'Edges.Source._x' (new_fixedpoint2205/main.cpp:227) in dimension 1 completely.
INFO: [XFORM 203-101] Partitioning array 'Edges.Source._y' (new_fixedpoint2205/main.cpp:227) in dimension 1 completely.
INFO: [XFORM 203-101] Partitioning array 'Edges.Target._x' (new_fixedpoint2205/main.cpp:227) in dimension 1 completely.
INFO: [XFORM 203-101] Partitioning array 'Edges.Target._y' (new_fixedpoint2205/main.cpp:227) in dimension 1 completely.
INFO: [XFORM 203-101] Partitioning array 'Edges.AABB' (new_fixedpoint2205/main.cpp:227) in dimension 1 completely.
INFO: [XFORM 203-602] Inlining function 'Cal_Disthw' into 'A_StreamReaderhw' (new_fixedpoint2205/main.cpp:41) automatically.
INFO: [XFORM 203-602] Inlining function 'FloatToFixed<16ul>' into 'Collision_detectedhw' (new_fixedpoint2205/Aux_Lib_hw.hpp:115) automatically.
INFO: [XFORM 203-602] Inlining function 'Obstacle_Freehw' into 'rrt' (new_fixedpoint2205/main.cpp:309) automatically.
INFO: [XFORM 203-401] Performing if-conversion on hyperblock from (/wrk/ci/prod/2021.2/rdi_builds/continuous/2021_10_19_3367213/src/shared/hls/clib/hlsmath/include/FloatingPoint/hls_case_IEEE754.h:13:17) in function 'rrt'... converting 3 basic blocks.
INFO: [XFORM 203-401] Performing if-conversion on hyperblock from (new_fixedpoint2205/fixedpt.h:58:7) in function 'A_StreamReaderhw'... converting 3 basic blocks.
INFO: [XFORM 203-602] Inlining function 'A_StreamReaderhw' into 'rrt' (new_fixedpoint2205/main.cpp:299) automatically.
INFO: [XFORM 203-11] Balancing expressions in function 'rrt' (new_fixedpoint2205/main.cpp:7:47)...9 expression(s) balanced.
INFO: [XFORM 203-11] Balancing expressions in function 'Collision_detectedhw' (new_fixedpoint2205/Aux_Lib_hw.hpp:27:5)...3 expression(s) balanced.
INFO: [HLS 200-111] Finished Loop, function and other optimizations: CPU user time: 4.09 seconds. CPU system time: 0.04 seconds. Elapsed time: 4.16 seconds; current allocated memory: 613.656 MB.
INFO: [XFORM 203-603] Evaluating the output(s) of a call to function 'FloatToFixed<16ul>' (new_fixedpoint2205/main.cpp:228:28) in function 'rrt' and propagating its result(s) since all actual argument(s) to the function are constants.
INFO: [XFORM 203-603] Evaluating the output(s) of a call to function 'FloatToFixed<16ul>' (new_fixedpoint2205/main.cpp:228:50) in function 'rrt' and propagating its result(s) since all actual argument(s) to the function are constants.
INFO: [HLS 200-472] Inferring partial write operation for 'X_near' (new_fixedpoint2205/main.cpp:169:24)
INFO: [HLS 200-472] Inferring partial write operation for 'RRT_Star.Position.x' (new_fixedpoint2205/RRT_Star_hw.hpp:14:5)
INFO: [HLS 200-472] Inferring partial write operation for 'RRT_Star.Position.y' (new_fixedpoint2205/RRT_Star_hw.hpp:15:5)
INFO: [HLS 200-472] Inferring partial write operation for 'RRT_Star.Location_List' (new_fixedpoint2205/RRT_Star_hw.hpp:87:17)
INFO: [HLS 200-472] Inferring partial write operation for 'RRT_Star.Position.x' (new_fixedpoint2205/main.cpp:277:25)
INFO: [HLS 200-472] Inferring partial write operation for 'RRT_Star.Position.y' (new_fixedpoint2205/main.cpp:278:25)
INFO: [HLS 200-472] Inferring partial write operation for 'RRT_Star.Location_List' (new_fixedpoint2205/main.cpp:279:28)
INFO: [HLS 200-472] Inferring partial write operation for 'Bool' (new_fixedpoint2205/main.cpp:133:10)
INFO: [XFORM 203-603] Evaluating the output(s) of a call to function '__hls_fptosi_float_i32' (new_fixedpoint2205/Aux_Lib_hw.hpp:106:42) in function 'Collision_detectedhw' and propagating its result(s) since all actual argument(s) to the function are constants.
INFO: [XFORM 203-603] Evaluating the output(s) of a call to function '__hls_fptosi_float_i32' (new_fixedpoint2205/Aux_Lib_hw.hpp:107:34) in function 'Collision_detectedhw' and propagating its result(s) since all actual argument(s) to the function are constants.
INFO: [HLS 200-111] Finished Architecture Synthesis: CPU user time: 0.99 seconds. CPU system time: 0.04 seconds. Elapsed time: 1.06 seconds; current allocated memory: 760.801 MB.
INFO: [HLS 200-10] Starting hardware synthesis ...
INFO: [HLS 200-10] Synthesizing 'rrt' ...
WARNING: [SYN 201-103] Legalizing function name 'FloatToFixed<16ul>' to 'FloatToFixed_16ul_s'.
WARNING: [SYN 201-103] Legalizing function name '__hls_fptosi_float_i32' to 'p_hls_fptosi_float_i32'.
INFO: [HLS 200-10] ----------------------------------------------------------------
INFO: [HLS 200-42] -- Implementing module 'rrt_Pipeline_VITIS_LOOP_240_1' 
INFO: [HLS 200-10] ----------------------------------------------------------------
INFO: [SCHED 204-11] Starting scheduling ...
INFO: [SCHED 204-61] Pipelining loop 'VITIS_LOOP_240_1'.
INFO: [HLS 200-1470] Pipelining result : Target II = NA, Final II = 1, Depth = 26, loop 'VITIS_LOOP_240_1'
WARNING: [HLS 200-871] Estimated clock period (6.312ns) exceeds the target (target clock period: 6.75ns, clock uncertainty: 1.8225ns, effective delay budget: 4.9275ns).
WARNING: [HLS 200-1016] The critical path in module 'rrt_Pipeline_VITIS_LOOP_240_1' consists of the following:	'sitofp' operation ('conv_i', new_fixedpoint2205/Aux_Lib_hw.hpp:31) [23]  (6.31 ns)

INFO: [SCHED 204-11] Finished scheduling.
INFO: [HLS 200-111] Finished Scheduling: CPU user time: 0.27 seconds. CPU system time: 0.04 seconds. Elapsed time: 0.35 seconds; current allocated memory: 762.312 MB.
INFO: [BIND 205-100] Starting micro-architecture generation ...
INFO: [BIND 205-101] Performing variable lifetime analysis.
INFO: [BIND 205-101] Exploring resource sharing.
INFO: [BIND 205-101] Binding ...
INFO: [BIND 205-100] Finished micro-architecture generation.
INFO: [HLS 200-111] Finished Binding: CPU user time: 0.23 seconds. CPU system time: 0.01 seconds. Elapsed time: 0.26 seconds; current allocated memory: 762.312 MB.
INFO: [HLS 200-10] ----------------------------------------------------------------
INFO: [HLS 200-42] -- Implementing module 'FloatToFixed_16ul_s' 
INFO: [HLS 200-10] ----------------------------------------------------------------
INFO: [SCHED 204-11] Starting scheduling ...
INFO: [SCHED 204-61] Pipelining function 'FloatToFixed<16ul>'.
INFO: [HLS 200-1470] Pipelining result : Target II = NA, Final II = 1, Depth = 22, function 'FloatToFixed<16ul>'
INFO: [SCHED 204-11] Finished scheduling.
INFO: [HLS 200-111] Finished Scheduling: CPU user time: 0.25 seconds. CPU system time: 0 seconds. Elapsed time: 0.25 seconds; current allocated memory: 763.078 MB.
INFO: [BIND 205-100] Starting micro-architecture generation ...
INFO: [BIND 205-101] Performing variable lifetime analysis.
INFO: [BIND 205-101] Exploring resource sharing.
INFO: [BIND 205-101] Binding ...
INFO: [BIND 205-100] Finished micro-architecture generation.
INFO: [HLS 200-111] Finished Binding: CPU user time: 0.12 seconds. CPU system time: 0 seconds. Elapsed time: 0.13 seconds; current allocated memory: 763.078 MB.
INFO: [HLS 200-10] ----------------------------------------------------------------
INFO: [HLS 200-42] -- Implementing module 'rrt_Pipeline_2' 
INFO: [HLS 200-10] ----------------------------------------------------------------
INFO: [SCHED 204-11] Starting scheduling ...
INFO: [SCHED 204-61] Pipelining loop 'Loop 1'.
INFO: [HLS 200-1470] Pipelining result : Target II = NA, Final II = 1, Depth = 1, loop 'Loop 1'
INFO: [SCHED 204-11] Finished scheduling.
INFO: [HLS 200-111] Finished Scheduling: CPU user time: 0.09 seconds. CPU system time: 0 seconds. Elapsed time: 0.09 seconds; current allocated memory: 763.465 MB.
INFO: [BIND 205-100] Starting micro-architecture generation ...
INFO: [BIND 205-101] Performing variable lifetime analysis.
INFO: [BIND 205-101] Exploring resource sharing.
INFO: [BIND 205-101] Binding ...
INFO: [BIND 205-100] Finished micro-architecture generation.
INFO: [HLS 200-111] Finished Binding: CPU user time: 0.02 seconds. CPU system time: 0 seconds. Elapsed time: 0.02 seconds; current allocated memory: 763.465 MB.
INFO: [HLS 200-10] ----------------------------------------------------------------
INFO: [HLS 200-42] -- Implementing module 'rrt_Pipeline_VITIS_LOOP_271_2' 
INFO: [HLS 200-10] ----------------------------------------------------------------
INFO: [SCHED 204-11] Starting scheduling ...
INFO: [SCHED 204-61] Pipelining loop 'VITIS_LOOP_271_2'.
INFO: [HLS 200-1470] Pipelining result : Target II = NA, Final II = 1, Depth = 52, loop 'VITIS_LOOP_271_2'
WARNING: [HLS 200-871] Estimated clock period (6.312ns) exceeds the target (target clock period: 6.75ns, clock uncertainty: 1.8225ns, effective delay budget: 4.9275ns).
WARNING: [HLS 200-1016] The critical path in module 'rrt_Pipeline_VITIS_LOOP_271_2' consists of the following:	'sitofp' operation ('conv_i_i_i', new_fixedpoint2205/Aux_Lib_hw.hpp:27) [70]  (6.31 ns)

INFO: [SCHED 204-11] Finished scheduling.
INFO: [HLS 200-111] Finished Scheduling: CPU user time: 0.14 seconds. CPU system time: 0.01 seconds. Elapsed time: 0.16 seconds; current allocated memory: 764.219 MB.
INFO: [BIND 205-100] Starting micro-architecture generation ...
INFO: [BIND 205-101] Performing variable lifetime analysis.
INFO: [BIND 205-101] Exploring resource sharing.
INFO: [BIND 205-101] Binding ...
INFO: [BIND 205-100] Finished micro-architecture generation.
INFO: [HLS 200-111] Finished Binding: CPU user time: 0.32 seconds. CPU system time: 0 seconds. Elapsed time: 0.32 seconds; current allocated memory: 764.219 MB.
INFO: [HLS 200-10] ----------------------------------------------------------------
INFO: [HLS 200-42] -- Implementing module 'rrt_Pipeline_VITIS_LOOP_47_1' 
INFO: [HLS 200-10] ----------------------------------------------------------------
INFO: [SCHED 204-11] Starting scheduling ...
INFO: [SCHED 204-61] Pipelining loop 'VITIS_LOOP_47_1'.
WARNING: [HLS 200-880] The II Violation in module 'rrt_Pipeline_VITIS_LOOP_47_1' (loop 'VITIS_LOOP_47_1'): Unable to enforce a carried dependence constraint (II = 1, distance = 1, offset = 0) between 'store' operation ('q_1_write_ln47', new_fixedpoint2205/fixedpt.h:47->new_fixedpoint2205/main.cpp:299) of variable 'q', new_fixedpoint2205/fixedpt.h:50->new_fixedpoint2205/main.cpp:299 on local variable 'q' and 'load' operation ('q_1_load', new_fixedpoint2205/fixedpt.h:49->new_fixedpoint2205/main.cpp:299) on local variable 'q'.
INFO: [HLS 200-1470] Pipelining result : Target II = NA, Final II = 2, Depth = 4, loop 'VITIS_LOOP_47_1'
INFO: [SCHED 204-11] Finished scheduling.
INFO: [HLS 200-111] Finished Scheduling: CPU user time: 0.28 seconds. CPU system time: 0.01 seconds. Elapsed time: 0.3 seconds; current allocated memory: 765.211 MB.
INFO: [BIND 205-100] Starting micro-architecture generation ...
INFO: [BIND 205-101] Performing variable lifetime analysis.
INFO: [BIND 205-101] Exploring resource sharing.
INFO: [BIND 205-101] Binding ...
INFO: [BIND 205-100] Finished micro-architecture generation.
INFO: [HLS 200-111] Finished Binding: CPU user time: 0.04 seconds. CPU system time: 0.01 seconds. Elapsed time: 0.04 seconds; current allocated memory: 765.211 MB.
INFO: [HLS 200-10] ----------------------------------------------------------------
INFO: [HLS 200-42] -- Implementing module 'p_hls_fptosi_float_i32' 
INFO: [HLS 200-10] ----------------------------------------------------------------
INFO: [SCHED 204-11] Starting scheduling ...
INFO: [SCHED 204-61] Pipelining function '__hls_fptosi_float_i32'.
INFO: [HLS 200-1470] Pipelining result : Target II = NA, Final II = 1, Depth = 3, function '__hls_fptosi_float_i32'
INFO: [SCHED 204-11] Finished scheduling.
INFO: [HLS 200-111] Finished Scheduling: CPU user time: 0.08 seconds. CPU system time: 0 seconds. Elapsed time: 0.07 seconds; current allocated memory: 765.438 MB.
INFO: [BIND 205-100] Starting micro-architecture generation ...
INFO: [BIND 205-101] Performing variable lifetime analysis.
INFO: [BIND 205-101] Exploring resource sharing.
INFO: [BIND 205-101] Binding ...
INFO: [BIND 205-100] Finished micro-architecture generation.
INFO: [HLS 200-111] Finished Binding: CPU user time: 0.04 seconds. CPU system time: 0 seconds. Elapsed time: 0.04 seconds; current allocated memory: 765.438 MB.
INFO: [HLS 200-10] ----------------------------------------------------------------
INFO: [HLS 200-42] -- Implementing module 'Collision_detectedhw' 
INFO: [HLS 200-10] ----------------------------------------------------------------
INFO: [SCHED 204-11] Starting scheduling ...
INFO: [SCHED 204-61] Pipelining function 'Collision_detectedhw'.
INFO: [HLS 200-1470] Pipelining result : Target II = NA, Final II = 1, Depth = 135, function 'Collision_detectedhw'
WARNING: [HLS 200-871] Estimated clock period (6.312ns) exceeds the target (target clock period: 6.75ns, clock uncertainty: 1.8225ns, effective delay budget: 4.9275ns).
WARNING: [HLS 200-1016] The critical path in module 'Collision_detectedhw' consists of the following:	wire read operation ('x') on port 'p_read' [14]  (0 ns)
	'sitofp' operation ('conv_i') [15]  (6.31 ns)

INFO: [SCHED 204-11] Finished scheduling.
INFO: [HLS 200-111] Finished Scheduling: CPU user time: 0.34 seconds. CPU system time: 0 seconds. Elapsed time: 0.35 seconds; current allocated memory: 767.570 MB.
INFO: [BIND 205-100] Starting micro-architecture generation ...
INFO: [BIND 205-101] Performing variable lifetime analysis.
INFO: [BIND 205-101] Exploring resource sharing.
INFO: [BIND 205-101] Binding ...
INFO: [BIND 205-100] Finished micro-architecture generation.
INFO: [HLS 200-111] Finished Binding: CPU user time: 0.81 seconds. CPU system time: 0.01 seconds. Elapsed time: 0.82 seconds; current allocated memory: 768.312 MB.
INFO: [HLS 200-10] ----------------------------------------------------------------
INFO: [HLS 200-42] -- Implementing module 'rrt_Pipeline_VITIS_LOOP_121_1' 
INFO: [HLS 200-10] ----------------------------------------------------------------
INFO: [SCHED 204-11] Starting scheduling ...
INFO: [SCHED 204-61] Pipelining loop 'VITIS_LOOP_121_1'.
INFO: [HLS 200-1470] Pipelining result : Target II = NA, Final II = 1, Depth = 170, loop 'VITIS_LOOP_121_1'
WARNING: [HLS 200-871] Estimated clock period (6.312ns) exceeds the target (target clock period: 6.75ns, clock uncertainty: 1.8225ns, effective delay budget: 4.9275ns).
WARNING: [HLS 200-1016] The critical path in module 'rrt_Pipeline_VITIS_LOOP_121_1' consists of the following:	'alloca' operation ('i') [11]  (0 ns)
	'load' operation ('i', new_fixedpoint2205/main.cpp:121->new_fixedpoint2205/main.cpp:309) on local variable 'i' [24]  (0 ns)
	'sitofp' operation ('d', new_fixedpoint2205/main.cpp:124->new_fixedpoint2205/main.cpp:309) [34]  (6.31 ns)

INFO: [SCHED 204-11] Finished scheduling.
INFO: [HLS 200-111] Finished Scheduling: CPU user time: 0.98 seconds. CPU system time: 0 seconds. Elapsed time: 0.99 seconds; current allocated memory: 769.562 MB.
INFO: [BIND 205-100] Starting micro-architecture generation ...
INFO: [BIND 205-101] Performing variable lifetime analysis.
INFO: [BIND 205-101] Exploring resource sharing.
INFO: [BIND 205-101] Binding ...
INFO: [BIND 205-100] Finished micro-architecture generation.
INFO: [HLS 200-111] Finished Binding: CPU user time: 0.73 seconds. CPU system time: 0.01 seconds. Elapsed time: 0.75 seconds; current allocated memory: 770.203 MB.
INFO: [HLS 200-10] ----------------------------------------------------------------
INFO: [HLS 200-42] -- Implementing module 'rrt_Pipeline_VITIS_LOOP_349_4' 
INFO: [HLS 200-10] ----------------------------------------------------------------
INFO: [SCHED 204-11] Starting scheduling ...
INFO: [SCHED 204-61] Pipelining loop 'VITIS_LOOP_349_4'.
INFO: [HLS 200-1470] Pipelining result : Target II = NA, Final II = 1, Depth = 2, loop 'VITIS_LOOP_349_4'
INFO: [SCHED 204-11] Finished scheduling.
INFO: [HLS 200-111] Finished Scheduling: CPU user time: 0.45 seconds. CPU system time: 0 seconds. Elapsed time: 0.45 seconds; current allocated memory: 771.191 MB.
INFO: [BIND 205-100] Starting micro-architecture generation ...
INFO: [BIND 205-101] Performing variable lifetime analysis.
INFO: [BIND 205-101] Exploring resource sharing.
INFO: [BIND 205-101] Binding ...
INFO: [BIND 205-100] Finished micro-architecture generation.
INFO: [HLS 200-111] Finished Binding: CPU user time: 0.03 seconds. CPU system time: 0 seconds. Elapsed time: 0.02 seconds; current allocated memory: 771.191 MB.
INFO: [HLS 200-10] ----------------------------------------------------------------
INFO: [HLS 200-42] -- Implementing module 'Nearhw' 
INFO: [HLS 200-10] ----------------------------------------------------------------
INFO: [SCHED 204-11] Starting scheduling ...
INFO: [SCHED 204-61] Pipelining loop 'VITIS_LOOP_159_1'.
INFO: [HLS 200-1470] Pipelining result : Target II = NA, Final II = 1, Depth = 30, loop 'VITIS_LOOP_159_1'
WARNING: [HLS 200-871] Estimated clock period (6.312ns) exceeds the target (target clock period: 6.75ns, clock uncertainty: 1.8225ns, effective delay budget: 4.9275ns).
WARNING: [HLS 200-1016] The critical path in module 'Nearhw' consists of the following:	wire read operation ('p_read_2') on port 'p_read' [15]  (0 ns)
	'sitofp' operation ('conv_i_i') [16]  (6.31 ns)

INFO: [SCHED 204-11] Finished scheduling.
INFO: [HLS 200-111] Finished Scheduling: CPU user time: 0.15 seconds. CPU system time: 0 seconds. Elapsed time: 0.15 seconds; current allocated memory: 771.621 MB.
INFO: [BIND 205-100] Starting micro-architecture generation ...
INFO: [BIND 205-101] Performing variable lifetime analysis.
INFO: [BIND 205-101] Exploring resource sharing.
INFO: [BIND 205-101] Binding ...
INFO: [BIND 205-100] Finished micro-architecture generation.
INFO: [HLS 200-111] Finished Binding: CPU user time: 0.24 seconds. CPU system time: 0.01 seconds. Elapsed time: 0.25 seconds; current allocated memory: 771.621 MB.
INFO: [HLS 200-10] ----------------------------------------------------------------
INFO: [HLS 200-42] -- Implementing module 'rrt_Pipeline_VITIS_LOOP_47_12' 
INFO: [HLS 200-10] ----------------------------------------------------------------
INFO: [SCHED 204-11] Starting scheduling ...
INFO: [SCHED 204-61] Pipelining loop 'VITIS_LOOP_47_1'.
WARNING: [HLS 200-880] The II Violation in module 'rrt_Pipeline_VITIS_LOOP_47_12' (loop 'VITIS_LOOP_47_1'): Unable to enforce a carried dependence constraint (II = 1, distance = 1, offset = 0) between 'store' operation ('q_write_ln47', new_fixedpoint2205/fixedpt.h:47) of variable 'q', new_fixedpoint2205/fixedpt.h:50 on local variable 'q' and 'load' operation ('q_load', new_fixedpoint2205/fixedpt.h:49) on local variable 'q'.
INFO: [HLS 200-1470] Pipelining result : Target II = NA, Final II = 2, Depth = 4, loop 'VITIS_LOOP_47_1'
INFO: [SCHED 204-11] Finished scheduling.
INFO: [HLS 200-111] Finished Scheduling: CPU user time: 0.19 seconds. CPU system time: 0 seconds. Elapsed time: 0.2 seconds; current allocated memory: 772.664 MB.
INFO: [BIND 205-100] Starting micro-architecture generation ...
INFO: [BIND 205-101] Performing variable lifetime analysis.
INFO: [BIND 205-101] Exploring resource sharing.
INFO: [BIND 205-101] Binding ...
INFO: [BIND 205-100] Finished micro-architecture generation.
INFO: [HLS 200-111] Finished Binding: CPU user time: 0.04 seconds. CPU system time: 0.01 seconds. Elapsed time: 0.04 seconds; current allocated memory: 772.664 MB.
INFO: [HLS 200-10] ----------------------------------------------------------------
INFO: [HLS 200-42] -- Implementing module 'rrt_Pipeline_VITIS_LOOP_325_3' 
INFO: [HLS 200-10] ----------------------------------------------------------------
INFO: [SCHED 204-11] Starting scheduling ...
INFO: [SCHED 204-61] Pipelining loop 'VITIS_LOOP_325_3'.
INFO: [HLS 200-1470] Pipelining result : Target II = NA, Final II = 1, Depth = 2, loop 'VITIS_LOOP_325_3'
INFO: [SCHED 204-11] Finished scheduling.
INFO: [HLS 200-111] Finished Scheduling: CPU user time: 0.05 seconds. CPU system time: 0.01 seconds. Elapsed time: 0.07 seconds; current allocated memory: 773.152 MB.
INFO: [BIND 205-100] Starting micro-architecture generation ...
INFO: [BIND 205-101] Performing variable lifetime analysis.
INFO: [BIND 205-101] Exploring resource sharing.
INFO: [BIND 205-101] Binding ...
INFO: [BIND 205-100] Finished micro-architecture generation.
INFO: [HLS 200-111] Finished Binding: CPU user time: 0.03 seconds. CPU system time: 0 seconds. Elapsed time: 0.03 seconds; current allocated memory: 773.152 MB.
INFO: [HLS 200-10] ----------------------------------------------------------------
INFO: [HLS 200-42] -- Implementing module 'rrt' 
INFO: [HLS 200-10] ----------------------------------------------------------------
INFO: [SCHED 204-11] Starting scheduling ...
WARNING: [HLS 200-871] Estimated clock period (6.312ns) exceeds the target (target clock period: 6.75ns, clock uncertainty: 1.8225ns, effective delay budget: 4.9275ns).
WARNING: [HLS 200-1016] The critical path in module 'rrt' consists of the following:	'sitofp' operation ('conv_i_i', new_fixedpoint2205/main.cpp:250) [95]  (6.31 ns)

INFO: [SCHED 204-11] Finished scheduling.
INFO: [HLS 200-111] Finished Scheduling: CPU user time: 0.39 seconds. CPU system time: 0.01 seconds. Elapsed time: 0.41 seconds; current allocated memory: 774.727 MB.
INFO: [BIND 205-100] Starting micro-architecture generation ...
INFO: [BIND 205-101] Performing variable lifetime analysis.
INFO: [BIND 205-101] Exploring resource sharing.
INFO: [BIND 205-101] Binding ...
INFO: [BIND 205-100] Finished micro-architecture generation.
INFO: [HLS 200-111] Finished Binding: CPU user time: 1.02 seconds. CPU system time: 0 seconds. Elapsed time: 1.03 seconds; current allocated memory: 775.133 MB.
INFO: [HLS 200-10] ----------------------------------------------------------------
INFO: [HLS 200-10] -- Generating RTL for module 'rrt_Pipeline_VITIS_LOOP_240_1' 
INFO: [HLS 200-10] ----------------------------------------------------------------
INFO: [HLS 200-1030] Apply Unified Pipeline Control on module 'rrt_Pipeline_VITIS_LOOP_240_1' pipeline 'VITIS_LOOP_240_1' pipeline type 'loop pipeline'
INFO: [RTGEN 206-100] Generating core module 'fsub_32ns_32ns_32_9_full_dsp_1': 2 instance(s).
INFO: [RTGEN 206-100] Generating core module 'mul_32s_32s_48_5_1': 2 instance(s).
INFO: [RTGEN 206-100] Generating core module 'mux_42_32_1_1': 3 instance(s).
INFO: [RTGEN 206-100] Generating core module 'sitofp_32ns_32_7_no_dsp_1': 3 instance(s).
INFO: [RTGEN 206-100] Finished creating RTL model for 'rrt_Pipeline_VITIS_LOOP_240_1'.
INFO: [HLS 200-111] Finished Creating RTL model: CPU user time: 1.09 seconds. CPU system time: 0 seconds. Elapsed time: 1.11 seconds; current allocated memory: 776.789 MB.
INFO: [HLS 200-10] ----------------------------------------------------------------
INFO: [HLS 200-10] -- Generating RTL for module 'FloatToFixed_16ul_s' 
INFO: [HLS 200-10] ----------------------------------------------------------------
INFO: [RTGEN 206-100] Generating core module 'dadd_64ns_64ns_64_12_full_dsp_0': 1 instance(s).
INFO: [RTGEN 206-100] Generating core module 'fcmp_32ns_32ns_1_3_no_dsp_0': 1 instance(s).
INFO: [RTGEN 206-100] Generating core module 'fmul_32ns_32ns_32_5_max_dsp_0': 1 instance(s).
INFO: [RTGEN 206-100] Generating core module 'fpext_32ns_64_2_no_dsp_0': 1 instance(s).
INFO: [RTGEN 206-100] Finished creating RTL model for 'FloatToFixed_16ul_s'.
INFO: [HLS 200-111] Finished Creating RTL model: CPU user time: 0.27 seconds. CPU system time: 0 seconds. Elapsed time: 0.28 seconds; current allocated memory: 779.234 MB.
INFO: [HLS 200-10] ----------------------------------------------------------------
INFO: [HLS 200-10] -- Generating RTL for module 'rrt_Pipeline_2' 
INFO: [HLS 200-10] ----------------------------------------------------------------
INFO: [RTGEN 206-100] Finished creating RTL model for 'rrt_Pipeline_2'.
INFO: [HLS 200-111] Finished Creating RTL model: CPU user time: 0.17 seconds. CPU system time: 0 seconds. Elapsed time: 0.17 seconds; current allocated memory: 780.344 MB.
INFO: [HLS 200-10] ----------------------------------------------------------------
INFO: [HLS 200-10] -- Generating RTL for module 'rrt_Pipeline_VITIS_LOOP_271_2' 
INFO: [HLS 200-10] ----------------------------------------------------------------
INFO: [HLS 200-1030] Apply Unified Pipeline Control on module 'rrt_Pipeline_VITIS_LOOP_271_2' pipeline 'VITIS_LOOP_271_2' pipeline type 'loop pipeline'
INFO: [RTGEN 206-100] Generating core module 'fsub_32ns_32ns_32_9_full_dsp_1': 2 instance(s).
INFO: [RTGEN 206-100] Generating core module 'hptosp_16ns_32_2_no_dsp_1': 2 instance(s).
INFO: [RTGEN 206-100] Generating core module 'mul_32s_32s_48_5_1': 2 instance(s).
INFO: [RTGEN 206-100] Generating core module 'sitofp_32ns_32_7_no_dsp_1': 2 instance(s).
INFO: [RTGEN 206-100] Finished creating RTL model for 'rrt_Pipeline_VITIS_LOOP_271_2'.
INFO: [HLS 200-111] Finished Creating RTL model: CPU user time: 0.1 seconds. CPU system time: 0 seconds. Elapsed time: 0.1 seconds; current allocated memory: 783.840 MB.
INFO: [HLS 200-10] ----------------------------------------------------------------
INFO: [HLS 200-10] -- Generating RTL for module 'rrt_Pipeline_VITIS_LOOP_47_1' 
INFO: [HLS 200-10] ----------------------------------------------------------------
INFO: [HLS 200-1030] Apply Unified Pipeline Control on module 'rrt_Pipeline_VITIS_LOOP_47_1' pipeline 'VITIS_LOOP_47_1' pipeline type 'loop pipeline'
INFO: [RTGEN 206-100] Finished creating RTL model for 'rrt_Pipeline_VITIS_LOOP_47_1'.
INFO: [HLS 200-111] Finished Creating RTL model: CPU user time: 0.4 seconds. CPU system time: 0.02 seconds. Elapsed time: 0.4 seconds; current allocated memory: 786.777 MB.
INFO: [HLS 200-10] ----------------------------------------------------------------
INFO: [HLS 200-10] -- Generating RTL for module 'p_hls_fptosi_float_i32' 
INFO: [HLS 200-10] ----------------------------------------------------------------
INFO: [RTGEN 206-100] Finished creating RTL model for 'p_hls_fptosi_float_i32'.
INFO: [HLS 200-111] Finished Creating RTL model: CPU user time: 0.1 seconds. CPU system time: 0 seconds. Elapsed time: 0.1 seconds; current allocated memory: 787.961 MB.
INFO: [HLS 200-10] ----------------------------------------------------------------
INFO: [HLS 200-10] -- Generating RTL for module 'Collision_detectedhw' 
INFO: [HLS 200-10] ----------------------------------------------------------------
WARNING: [RTGEN 206-101] RTL name 'sitofp_32ns_32_7_no_dsp_1' is changed to 'sitofp_32ns_32_7_no_dsp_1_x' due to conflict.
WARNING: [RTGEN 206-101] RTL name 'mul_32s_32s_48_5_1' is changed to 'mul_32s_32s_48_5_1_x' due to conflict.
INFO: [RTGEN 206-104] Estimated max fanout for 'Collision_detectedhw' is 57635 from HDL expression: (1'b0 == ap_block_pp0_stage0_11001)
INFO: [RTGEN 206-100] Generating core module 'fadd_32ns_32ns_32_9_full_dsp_1': 4 instance(s).
INFO: [RTGEN 206-100] Generating core module 'mul_32s_32s_48_5_1_x': 18 instance(s).
INFO: [RTGEN 206-100] Generating core module 'sdiv_48ns_32s_32_52_1': 4 instance(s).
INFO: [RTGEN 206-100] Generating core module 'sdiv_48ns_32s_48_52_1': 4 instance(s).
INFO: [RTGEN 206-100] Generating core module 'sitofp_32ns_32_7_no_dsp_1_x': 2 instance(s).
INFO: [RTGEN 206-100] Finished creating RTL model for 'Collision_detectedhw'.
INFO: [HLS 200-111] Finished Creating RTL model: CPU user time: 0.3 seconds. CPU system time: 0 seconds. Elapsed time: 0.32 seconds; current allocated memory: 796.926 MB.
INFO: [HLS 200-10] ----------------------------------------------------------------
INFO: [HLS 200-10] -- Generating RTL for module 'rrt_Pipeline_VITIS_LOOP_121_1' 
INFO: [HLS 200-10] ----------------------------------------------------------------
INFO: [HLS 200-1030] Apply Unified Pipeline Control on module 'rrt_Pipeline_VITIS_LOOP_121_1' pipeline 'VITIS_LOOP_121_1' pipeline type 'loop pipeline'
INFO: [RTGEN 206-100] Generating core module 'dadd_64ns_64ns_64_12_full_dsp_0': 1 instance(s).
INFO: [RTGEN 206-100] Generating core module 'fcmp_32ns_32ns_1_3_no_dsp_0': 1 instance(s).
INFO: [RTGEN 206-100] Generating core module 'fmul_32ns_32ns_32_5_max_dsp_0': 1 instance(s).
INFO: [RTGEN 206-100] Generating core module 'fpext_32ns_64_2_no_dsp_0': 1 instance(s).
INFO: [RTGEN 206-100] Generating core module 'mul_32s_48s_48_3_1': 2 instance(s).
INFO: [RTGEN 206-100] Generating core module 'sitofp_32ns_32_7_no_dsp_1': 1 instance(s).
INFO: [RTGEN 206-100] Finished creating RTL model for 'rrt_Pipeline_VITIS_LOOP_121_1'.
INFO: [HLS 200-111] Finished Creating RTL model: CPU user time: 1.46 seconds. CPU system time: 0.01 seconds. Elapsed time: 1.47 seconds; current allocated memory: 808.191 MB.
INFO: [HLS 200-10] ----------------------------------------------------------------
INFO: [HLS 200-10] -- Generating RTL for module 'rrt_Pipeline_VITIS_LOOP_349_4' 
INFO: [HLS 200-10] ----------------------------------------------------------------
INFO: [HLS 200-1030] Apply Unified Pipeline Control on module 'rrt_Pipeline_VITIS_LOOP_349_4' pipeline 'VITIS_LOOP_349_4' pipeline type 'loop pipeline'
INFO: [RTGEN 206-100] Finished creating RTL model for 'rrt_Pipeline_VITIS_LOOP_349_4'.
INFO: [HLS 200-111] Finished Creating RTL model: CPU user time: 0.64 seconds. CPU system time: 0 seconds. Elapsed time: 0.64 seconds; current allocated memory: 810.750 MB.
INFO: [HLS 200-10] ----------------------------------------------------------------
INFO: [HLS 200-10] -- Generating RTL for module 'Nearhw' 
INFO: [HLS 200-10] ----------------------------------------------------------------
INFO: [RTGEN 206-100] Generating core module 'fsub_32ns_32ns_32_9_full_dsp_1': 2 instance(s).
INFO: [RTGEN 206-100] Generating core module 'mul_32s_32s_48_5_1': 2 instance(s).
INFO: [RTGEN 206-100] Generating core module 'sitofp_32ns_32_7_no_dsp_1': 2 instance(s).
INFO: [RTGEN 206-100] Finished creating RTL model for 'Nearhw'.
INFO: [HLS 200-111] Finished Creating RTL model: CPU user time: 0.07 seconds. CPU system time: 0.01 seconds. Elapsed time: 0.08 seconds; current allocated memory: 812.578 MB.
INFO: [HLS 200-10] ----------------------------------------------------------------
INFO: [HLS 200-10] -- Generating RTL for module 'rrt_Pipeline_VITIS_LOOP_47_12' 
INFO: [HLS 200-10] ----------------------------------------------------------------
INFO: [HLS 200-1030] Apply Unified Pipeline Control on module 'rrt_Pipeline_VITIS_LOOP_47_12' pipeline 'VITIS_LOOP_47_1' pipeline type 'loop pipeline'
INFO: [RTGEN 206-100] Finished creating RTL model for 'rrt_Pipeline_VITIS_LOOP_47_12'.
INFO: [HLS 200-111] Finished Creating RTL model: CPU user time: 0.3 seconds. CPU system time: 0 seconds. Elapsed time: 0.3 seconds; current allocated memory: 814.930 MB.
INFO: [HLS 200-10] ----------------------------------------------------------------
INFO: [HLS 200-10] -- Generating RTL for module 'rrt_Pipeline_VITIS_LOOP_325_3' 
INFO: [HLS 200-10] ----------------------------------------------------------------
INFO: [HLS 200-1030] Apply Unified Pipeline Control on module 'rrt_Pipeline_VITIS_LOOP_325_3' pipeline 'VITIS_LOOP_325_3' pipeline type 'loop pipeline'
INFO: [RTGEN 206-100] Finished creating RTL model for 'rrt_Pipeline_VITIS_LOOP_325_3'.
INFO: [HLS 200-111] Finished Creating RTL model: CPU user time: 0.1 seconds. CPU system time: 0.01 seconds. Elapsed time: 0.11 seconds; current allocated memory: 816.078 MB.
INFO: [HLS 200-10] ----------------------------------------------------------------
INFO: [HLS 200-10] -- Generating RTL for module 'rrt' 
INFO: [HLS 200-10] ----------------------------------------------------------------
WARNING: [RTGEN 206-101] Design contains AXI ports. Reset is fixed to synchronous and active low.
INFO: [RTGEN 206-500] Setting interface mode on port 'rrt/dataInStream_V_data_V' to 'axis' (register, both mode).
INFO: [RTGEN 206-500] Setting interface mode on port 'rrt/dataInStream_V_keep_V' to 'axis' (register, both mode).
INFO: [RTGEN 206-500] Setting interface mode on port 'rrt/dataInStream_V_strb_V' to 'axis' (register, both mode).
INFO: [RTGEN 206-500] Setting interface mode on port 'rrt/dataInStream_V_user_V' to 'axis' (register, both mode).
INFO: [RTGEN 206-500] Setting interface mode on port 'rrt/dataInStream_V_last_V' to 'axis' (register, both mode).
INFO: [RTGEN 206-500] Setting interface mode on port 'rrt/dataInStream_V_id_V' to 'axis' (register, both mode).
INFO: [RTGEN 206-500] Setting interface mode on port 'rrt/dataInStream_V_dest_V' to 'axis' (register, both mode).
INFO: [RTGEN 206-500] Setting interface mode on port 'rrt/xrandx' to 's_axilite & ap_none'.
INFO: [RTGEN 206-500] Setting interface mode on port 'rrt/xrandy' to 's_axilite & ap_none'.
INFO: [RTGEN 206-500] Setting interface mode on port 'rrt/N' to 's_axilite & ap_none'.
INFO: [RTGEN 206-500] Setting interface mode on port 'rrt/oup' to 's_axilite & ap_memory'.
INFO: [RTGEN 206-500] Setting interface mode on port 'rrt/Squared_r_n' to 's_axilite & ap_none'.
INFO: [RTGEN 206-500] Setting interface mode on port 'rrt/Squared_R_Robot' to 's_axilite & ap_none'.
INFO: [RTGEN 206-500] Setting interface mode on port 'rrt/XNearStream_V_data_V' to 'axis' (register, both mode).
INFO: [RTGEN 206-500] Setting interface mode on port 'rrt/XNearStream_V_keep_V' to 'axis' (register, both mode).
INFO: [RTGEN 206-500] Setting interface mode on port 'rrt/XNearStream_V_strb_V' to 'axis' (register, both mode).
INFO: [RTGEN 206-500] Setting interface mode on port 'rrt/XNearStream_V_user_V' to 'axis' (register, both mode).
INFO: [RTGEN 206-500] Setting interface mode on port 'rrt/XNearStream_V_last_V' to 'axis' (register, both mode).
INFO: [RTGEN 206-500] Setting interface mode on port 'rrt/XNearStream_V_id_V' to 'axis' (register, both mode).
INFO: [RTGEN 206-500] Setting interface mode on port 'rrt/XNearStream_V_dest_V' to 'axis' (register, both mode).
INFO: [RTGEN 206-500] Setting interface mode on function 'rrt' to 's_axilite & ap_ctrl_hs'.
INFO: [RTGEN 206-100] Bundling port 'return', 'xrandx', 'xrandy', 'N', 'Squared_r_n', 'Squared_R_Robot', 'oup' and 'ap_local_deadlock' to AXI-Lite port CTRL_BUS.
INFO: [RTGEN 206-100]==============================================================
Vitis HLS - High-Level Synthesis from C, C++ and OpenCL v2021.2 (64-bit)
Copyright 1986-2021 Xilinx, Inc. All Rights Reserved.
==============================================================
==============================================================
Vitis HLS - High-Level Synthesis from C, C++ and OpenCL v2021.2 (64-bit)
Copyright 1986-2021 Xilinx, Inc. All Rights Reserved.
==============================================================
INFO: [SYN 201-201] Setting up clock 'default' with a period of 6.75ns.
INFO: [HLS 200-1611] Setting target device to 'xc7z020-clg400-1'
INFO: [HLS 200-1505] Using flow_target 'vivado'
INFO: [HLS 200-1464] Running solution command: config_export -display_name=nfp02
INFO: [HLS 200-1464] Running solution command: config_export -format=ip_catalog
INFO: [HLS 200-1464] Running solution command: config_export -rtl=verilog
INFO: [HLS 200-1510] Running: set_part xc7z020-clg400-1 
INFO: [HLS 200-1510] Running: create_clock -period 6.75 -name default 
INFO: [HLS 200-1510] Running: config_export -display_name nfp02 -format ip_catalog -rtl verilog 
INFO: [HLS 200-1510] Running: set_directive_top -name rrt rrt 
INFO: [HLS 200-1510] Running: csynth_design 
INFO: [HLS 200-111] Finished File checks and directory preparation: CPU user time: 0.01 seconds. CPU system time: 0 seconds. Elapsed time: 0.01 seconds; current allocated memory: 1.194 GB.
INFO: [HLS 200-10] Analyzing design file 'new_fixedpoint2205/main.cpp' ... 
WARNING: [HLS 207-5287] unused parameter 'nn' (new_fixedpoint2205/Aux_Lib_hw.hpp:68:46)
WARNING: [HLS 207-5287] unused parameter 'i' (new_fixedpoint2205/Aux_Lib_hw.hpp:68:53)
WARNING: [HLS 207-5287] unused parameter 'nn' (new_fixedpoint2205/Aux_Lib_hw.hpp:101:55)
WARNING: [HLS 207-5287] unused parameter 'i' (new_fixedpoint2205/Aux_Lib_hw.hpp:101:62)
WARNING: [HLS 207-5287] unused parameter 'i' (new_fixedpoint2205/main.cpp:38:93)
INFO: [HLS 200-111] Finished Source Code Analysis and Preprocessing: CPU user time: 4.31 seconds. CPU system time: 0.35 seconds. Elapsed time: 4 seconds; current allocated memory: 285.219 MB.
INFO: [HLS 200-777] Using interface defaults for 'Vivado' flow target.
INFO: [HLS 214-284] Auto array partition mode is set into default.
INFO: [HLS 214-178] Inlining function 'Point_2hw::Point_2hw()' into 'Segment_3hw::Segment_3hw()' (new_fixedpoint2205/Aux_Lib_hw.hpp:45:0)
INFO: [HLS 214-178] Inlining function 'fp_struct<double>::fp_struct(double)' into 'int generic_cast_IEEE754<int, (ap_q_mode)6, double>(double, bool, hls::enable_if<std::numeric_limits<int>::is_signed, bool>::type)' (/wrk/ci/prod/2021.2/rdi_builds/continuous/2021_10_19_3367213/src/shared/hls/clib/hlsmath/include/FloatingPoint/hls_case_IEEE754.h:12:0)
INFO: [HLS 214-178] Inlining function 'fp_struct<double>::mantissa() const' into 'int generic_cast_IEEE754<int, (ap_q_mode)6, double>(double, bool, hls::enable_if<std::numeric_limits<int>::is_signed, bool>::type)' (/wrk/ci/prod/2021.2/rdi_builds/continuous/2021_10_19_3367213/src/shared/hls/clib/hlsmath/include/FloatingPoint/hls_case_IEEE754.h:12:0)
INFO: [HLS 214-178] Inlining function 'fp_struct<double>::expv() const' into 'int generic_cast_IEEE754<int, (ap_q_mode)6, double>(double, bool, hls::enable_if<std::numeric_limits<int>::is_signed, bool>::type)' (/wrk/ci/prod/2021.2/rdi_builds/continuous/2021_10_19_3367213/src/shared/hls/clib/hlsmath/include/FloatingPoint/hls_case_IEEE754.h:12:0)
INFO: [HLS 214-178] Inlining function 'fp_struct<double>::__signbit() const' into 'int generic_cast_IEEE754<int, (ap_q_mode)6, double>(double, bool, hls::enable_if<std::numeric_limits<int>::is_signed, bool>::type)' (/wrk/ci/prod/2021.2/rdi_builds/continuous/2021_10_19_3367213/src/shared/hls/clib/hlsmath/include/FloatingPoint/hls_case_IEEE754.h:12:0)
INFO: [HLS 214-178] Inlining function 'int generic_cast_IEEE754<int, (ap_q_mode)6, double>(double, bool, hls::enable_if<std::numeric_limits<int>::is_signed, bool>::type)' into 'int generic_cast_IEEE754<int, double>(double, bool)' (/wrk/ci/prod/2021.2/rdi_builds/continuous/2021_10_19_3367213/src/shared/hls/clib/hlsmath/include/FloatingPoint/hls_case_IEEE754.h:116:0)
INFO: [HLS 214-178] Inlining function 'int generic_cast_IEEE754<int, double>(double, bool)' into '__hls_fptosi_double_i32' (/wrk/ci/prod/2021.2/rdi_builds/continuous/2021_10_19_3367213/src/shared/hls/clib/hlsmath/src/lib_floatconversion.cpp:55:0)
INFO: [HLS 214-178] Inlining function '__hls_fptosi_double_i32' into 'int FloatToFixed<16ul>(float)' (new_fixedpoint2205/fixedpt.h:6:0)
INFO: [HLS 214-178] Inlining function 'int FloatToFixed<16ul>(float)' into 'Position_Holonomic_hw::Position_Holonomic_hw() (.165)' (new_fixedpoint2205/RRT_Star_hw.hpp:13:0)
INFO: [HLS 214-178] Inlining function 'Position_Holonomic_hw::Position_Holonomic_hw() (.165)' into 'Node_RRT_Poshw::Node_RRT_Poshw() (.171.176)' (new_fixedpoint2205/RRT_Star_hw.hpp:85:0)
INFO: [HLS 214-178] Inlining function 'int FloatToFixed<16ul>(float)' into 'Node_RRT_Poshw::Node_RRT_Poshw() (.171.176)' (new_fixedpoint2205/RRT_Star_hw.hpp:85:0)
INFO: [HLS 214-178] Inlining function 'Position_Holonomic_hw::Position_Holonomic_hw() (.165)' into 'Node_Randhw::Node_Randhw()' (new_fixedpoint2205/RRT_Star_hw.hpp:66:0)
INFO: [HLS 214-178] Inlining function 'int FloatToFixed<16ul>(float)' into 'Position_Holonomic_hw::Position_Holonomic_hw()' (new_fixedpoint2205/RRT_Star_hw.hpp:13:0)
INFO: [HLS 214-178] Inlining function 'Position_Holonomic_hw::Position_Holonomic_hw()' into 'Node_RRT_Poshw::Node_RRT_Poshw()' (new_fixedpoint2205/RRT_Star_hw.hpp:85:0)
INFO: [HLS 214-178] Inlining function 'int FloatToFixed<16ul>(float)' into 'Node_RRT_Poshw::Node_RRT_Poshw()' (new_fixedpoint2205/RRT_Star_hw.hpp:85:0)
INFO: [HLS 214-178] Inlining function 'fp_struct<float>::fp_struct(float)' into 'int generic_cast_IEEE754<int, (ap_q_mode)6, float>(float, bool, hls::enable_if<std::numeric_limits<int>::is_signed, bool>::type)' (/wrk/ci/prod/2021.2/rdi_builds/continuous/2021_10_19_3367213/src/shared/hls/clib/hlsmath/include/FloatingPoint/hls_case_IEEE754.h:12:0)
INFO: [HLS 214-178] Inlining function 'fp_struct<float>::mantissa() const' into 'int generic_cast_IEEE754<int, (ap_q_mode)6, float>(float, bool, hls::enable_if<std::numeric_limits<int>::is_signed, bool>::type)' (/wrk/ci/prod/2021.2/rdi_builds/continuous/2021_10_19_3367213/src/shared/hls/clib/hlsmath/include/FloatingPoint/hls_case_IEEE754.h:12:0)
INFO: [HLS 214-178] Inlining function 'fp_struct<float>::expv() const' into 'int generic_cast_IEEE754<int, (ap_q_mode)6, float>(float, bool, hls::enable_if<std::numeric_limits<int>::is_signed, bool>::type)' (/wrk/ci/prod/2021.2/rdi_builds/continuous/2021_10_19_3367213/src/shared/hls/clib/hlsmath/include/FloatingPoint/hls_case_IEEE754.h:12:0)
INFO: [HLS 214-178] Inlining function 'fp_struct<float>::__signbit() const' into 'int generic_cast_IEEE754<int, (ap_q_mode)6, float>(float, bool, hls::enable_if<std::numeric_limits<int>::is_signed, bool>::type)' (/wrk/ci/prod/2021.2/rdi_builds/continuous/2021_10_19_3367213/src/shared/hls/clib/hlsmath/include/FloatingPoint/hls_case_IEEE754.h:12:0)
INFO: [HLS 214-178] Inlining function 'int generic_cast_IEEE754<int, (ap_q_mode)6, float>(float, bool, hls::enable_if<std::numeric_limits<int>::is_signed, bool>::type)' into 'int generic_cast_IEEE754<int, float>(float, bool)' (/wrk/ci/prod/2021.2/rdi_builds/continuous/2021_10_19_3367213/src/shared/hls/clib/hlsmath/include/FloatingPoint/hls_case_IEEE754.h:116:0)
INFO: [HLS 214-178] Inlining function 'int generic_cast_IEEE754<int, float>(float, bool)' into '__hls_fptosi_float_i32' (/wrk/ci/prod/2021.2/rdi_builds/continuous/2021_10_19_3367213/src/shared/hls/clib/hlsmath/src/lib_floatconversion.cpp:51:0)
INFO: [HLS 214-178] Inlining function 'Point_2hw::x() const (.155)' into 'Point_2hw::squared_distance(Point_2hw&)' (new_fixedpoint2205/Aux_Lib_hw.hpp:34:0)
INFO: [HLS 214-178] Inlining function '__hls_fptosi_float_i32' into 'Point_2hw::squared_distance(Point_2hw&)' (new_fixedpoint2205/Aux_Lib_hw.hpp:34:0)
INFO: [HLS 214-178] Inlining function 'fp_mult(int, int)' into 'Point_2hw::squared_distance(Point_2hw&)' (new_fixedpoint2205/Aux_Lib_hw.hpp:34:0)
INFO: [HLS 214-178] Inlining function 'Point_2hw::y() const (.152)' into 'Point_2hw::squared_distance(Point_2hw&)' (new_fixedpoint2205/Aux_Lib_hw.hpp:34:0)
INFO: [HLS 214-178] Inlining function 'Point_2hw::Point_2hw(int, int)' into 'Cal_Squared_Disthw(Node_Randhw&, Node_RRT_Poshw&)' (new_fixedpoint2205/main.cpp:21:0)
INFO: [HLS 214-178] Inlining function 'Point_2hw::squared_distance(Point_2hw&)' into 'Cal_Squared_Disthw(Node_Randhw&, Node_RRT_Poshw&)' (new_fixedpoint2205/main.cpp:21:0)
INFO: [HLS 214-178] Inlining function 'Point_2hw::Point_2hw(int, int)' into 'Cal_Disthw(Node_RRT_Poshw&, Node_Randhw&)' (new_fixedpoint2205/main.cpp:8:0)
INFO: [HLS 214-178] Inlining function 'Point_2hw::squared_distance(Point_2hw&)' into 'Cal_Disthw(Node_RRT_Poshw&, Node_Randhw&)' (new_fixedpoint2205/main.cpp:8:0)
INFO: [HLS 214-178] Inlining function 'fp_sqrtt(int)' into 'Cal_Disthw(Node_RRT_Poshw&, Node_Randhw&)' (new_fixedpoint2205/main.cpp:8:0)
INFO: [HLS 214-178] Inlining function 'Node_RRT_Poshw::Node_RRT_Poshw() (.171.176)' into 'A_StreamReaderhw(Node_RRT_Poshw&, Node_Randhw&, int)' (new_fixedpoint2205/main.cpp:39:0)
INFO: [HLS 214-178] Inlining function 'int FloatToFixed<16ul>(float)' into 'A_StreamReaderhw(Node_RRT_Poshw&, Node_Randhw&, int)' (new_fixedpoint2205/main.cpp:39:0)
INFO: [HLS 214-178] Inlining function 'fp_div(int, int)' into 'A_StreamReaderhw(Node_RRT_Poshw&, Node_Randhw&, int)' (new_fixedpoint2205/main.cpp:39:0)
INFO: [HLS 214-178] Inlining function 'Position_Holonomic_hw::Insert_Position(int, int)' into 'A_StreamReaderhw(Node_RRT_Poshw&, Node_Randhw&, int)' (new_fixedpoint2205/main.cpp:39:0)
INFO: [HLS 214-178] Inlining function 'fp_mult(int, int)' into 'A_StreamReaderhw(Node_RRT_Poshw&, Node_Randhw&, int)' (new_fixedpoint2205/main.cpp:39:0)
INFO: [HLS 214-178] Inlining function 'fp_mult(int, int)' into 'Point_2hw::squared_distance(int, int)' (new_fixedpoint2205/Aux_Lib_hw.hpp:39:0)
INFO: [HLS 214-178] Inlining function 'Point_2hw::x() const' into 'Segment_3hw::squared_distance(int&, int&, int, int)' (new_fixedpoint2205/Aux_Lib_hw.hpp:102:0)
INFO: [HLS 214-178] Inlining function 'fp_mult(int, int)' into 'Segment_3hw::squared_distance(int&, int&, int, int)' (new_fixedpoint2205/Aux_Lib_hw.hpp:102:0)
INFO: [HLS 214-178] Inlining function 'Point_2hw::y() const' into 'Segment_3hw::squared_distance(int&, int&, int, int)' (new_fixedpoint2205/Aux_Lib_hw.hpp:102:0)
INFO: [HLS 214-178] Inlining function 'fp_div(int, int)' into 'Segment_3hw::squared_distance(int&, int&, int, int)' (new_fixedpoint2205/Aux_Lib_hw.hpp:102:0)
INFO: [HLS 214-178] Inlining function 'Point_2hw::squared_distance(int, int)' into 'Segment_3hw::squared_distance(int&, int&, int, int)' (new_fixedpoint2205/Aux_Lib_hw.hpp:102:0)
INFO: [HLS 214-178] Inlining function 'Segment_3hw::squared_distance(int&, int&, int, int)' into 'Collision_detectedhw(int&, int&, int, Segment_3hw*, int)' (new_fixedpoint2205/main.cpp:78:0)
INFO: [HLS 214-178] Inlining function 'Position_Holonomic_hw::Position_Holonomic_hw() (.165)' into 'Obstacle_Freehw(Position_Holonomic_hw&, Position_Holonomic_hw&, int, Segment_3hw*, int)' (new_fixedpoint2205/main.cpp:98:0)
INFO: [HLS 214-178] Inlining function 'int FloatToFixed<16ul>(float)' into 'Obstacle_Freehw(Position_Holonomic_hw&, Position_Holonomic_hw&, int, Segment_3hw*, int)' (new_fixedpoint2205/main.cpp:98:0)
INFO: [HLS 214-178] Inlining function 'fp_div(int, int)' into 'Obstacle_Freehw(Position_Holonomic_hw&, Position_Holonomic_hw&, int, Segment_3hw*, int)' (new_fixedpoint2205/main.cpp:98:0)
INFO: [HLS 214-178] Inlining function 'fp_mult(int, int)' into 'Obstacle_Freehw(Position_Holonomic_hw&, Position_Holonomic_hw&, int, Segment_3hw*, int)' (new_fixedpoint2205/main.cpp:98:0)
INFO: [HLS 214-178] Inlining function 'Point_2hw::Point_2hw(int, int)' into 'Cal_Squared_Disthw(Node_RRT_Poshw&, Node_RRT_Poshw&)' (new_fixedpoint2205/main.cpp:31:0)
INFO: [HLS 214-178] Inlining function 'Point_2hw::squared_distance(Point_2hw&)' into 'Cal_Squared_Disthw(Node_RRT_Poshw&, Node_RRT_Poshw&)' (new_fixedpoint2205/main.cpp:31:0)
INFO: [HLS 214-178] Inlining function 'Cal_Squared_Disthw(Node_RRT_Poshw&, Node_RRT_Poshw&)' into 'Nearhw(int*, Node_RRT_Poshw*, Node_RRT_Poshw&, int, int, int&)' (new_fixedpoint2205/main.cpp:134:0)
INFO: [HLS 214-178] Inlining function 'fp_mult(int, int)' into 'Costhw(Position_Holonomic_hw&, Position_Holonomic_hw&)' (new_fixedpoint2205/main.cpp:155:0)
INFO: [HLS 214-178] Inlining function 'fp_sqrtt(int)' into 'Costhw(Position_Holonomic_hw&, Position_Holonomic_hw&)' (new_fixedpoint2205/main.cpp:155:0)
INFO: [HLS 214-178] Inlining function 'Segment_3hw::Segment_3hw()' into 'rrt(hls::stream<hls::axis<ap_int<64>, 2ul, 5ul, 6ul>, 0>&, float, float, int, float*, float, float, hls::stream<hls::axis<ap_int<32>, 2ul, 5ul, 6ul>, 0>&)' (new_fixedpoint2205/main.cpp:180:0)
INFO: [HLS 214-178] Inlining function 'Node_RRT_Poshw::Node_RRT_Poshw() (.171.176)' into 'rrt(hls::stream<hls::axis<ap_int<64>, 2ul, 5ul, 6ul>, 0>&, float, float, int, float*, float, float, hls::stream<hls::axis<ap_int<32>, 2ul, 5ul, 6ul>, 0>&)' (new_fixedpoint2205/main.cpp:180:0)
INFO: [HLS 214-178] Inlining function 'Node_Randhw::Node_Randhw()' into 'rrt(hls::stream<hls::axis<ap_int<64>, 2ul, 5ul, 6ul>, 0>&, float, float, int, float*, float, float, hls::stream<hls::axis<ap_int<32>, 2ul, 5ul, 6ul>, 0>&)' (new_fixedpoint2205/main.cpp:180:0)
INFO: [HLS 214-178] Inlining function 'Node_RRT_Poshw::Node_RRT_Poshw()' into 'rrt(hls::stream<hls::axis<ap_int<64>, 2ul, 5ul, 6ul>, 0>&, float, float, int, float*, float, float, hls::stream<hls::axis<ap_int<32>, 2ul, 5ul, 6ul>, 0>&)' (new_fixedpoint2205/main.cpp:180:0)
INFO: [HLS 214-178] Inlining function 'Cal_Squared_Disthw(Node_Randhw&, Node_RRT_Poshw&)' into 'rrt(hls::stream<hls::axis<ap_int<64>, 2ul, 5ul, 6ul>, 0>&, float, float, int, float*, float, float, hls::stream<hls::axis<ap_int<32>, 2ul, 5ul, 6ul>, 0>&)' (new_fixedpoint2205/main.cpp:180:0)
INFO: [HLS 214-178] Inlining function 'float FixedToFloat<16ul>(int)' into 'rrt(hls::stream<hls::axis<ap_int<64>, 2ul, 5ul, 6ul>, 0>&, float, float, int, float*, float, float, hls::stream<hls::axis<ap_int<32>, 2ul, 5ul, 6ul>, 0>&)' (new_fixedpoint2205/main.cpp:180:0)
INFO: [HLS 214-178] Inlining function 'Costhw(Position_Holonomic_hw&, Position_Holonomic_hw&)' into 'rrt(hls::stream<hls::axis<ap_int<64>, 2ul, 5ul, 6ul>, 0>&, float, float, int, float*, float, float, hls::stream<hls::axis<ap_int<32>, 2ul, 5ul, 6ul>, 0>&)' (new_fixedpoint2205/main.cpp:180:0)
INFO: [HLS 214-270] Starting automatic array partition analysis...
INFO: [HLS 214-131] Inlining function '_llvm.fpga.unpack.none.s_struct.ap_int<64>s.i64' into 'rrt(hls::stream<hls::axis<ap_int<64>, 2ul, 5ul, 6ul>, 0>&, float, float, int, float*, float, float, hls::stream<hls::axis<ap_int<32>, 2ul, 5ul, 6ul>, 0>&)' (/tools/Xilinx/Vitis_HLS/2021.2/common/technology/autopilot/ap_axi_sdata.h:293:5)
INFO: [HLS 214-131] Inlining function '_llvm.fpga.pack.none.i6.s_struct.ap_uint<6>s' into 'rrt(hls::stream<hls::axis<ap_int<64>, 2ul, 5ul, 6ul>, 0>&, float, float, int, float*, float, float, hls::stream<hls::axis<ap_int<32>, 2ul, 5ul, 6ul>, 0>&)' (/tools/Xilinx/Vitis_HLS/2021.2/common/technology/autopilot/ap_axi_sdata.h:304:5)
INFO: [HLS 214-131] Inlining function '_llvm.fpga.pack.none.i5.s_struct.ap_uint<5>s' into 'rrt(hls::stream<hls::axis<ap_int<64>, 2ul, 5ul, 6ul>, 0>&, float, float, int, float*, float, float, hls::stream<hls::axis<ap_int<32>, 2ul, 5ul, 6ul>, 0>&)' (/tools/Xilinx/Vitis_HLS/2021.2/common/technology/autopilot/ap_axi_sdata.h:304:5)
INFO: [HLS 214-131] Inlining function '_llvm.fpga.pack.none.i1.s_struct.ap_uint<1>s' into 'rrt(hls::stream<hls::axis<ap_int<64>, 2ul, 5ul, 6ul>, 0>&, float, float, int, float*, float, float, hls::stream<hls::axis<ap_int<32>, 2ul, 5ul, 6ul>, 0>&)' (/tools/Xilinx/Vitis_HLS/2021.2/common/technology/autopilot/ap_axi_sdata.h:304:5)
INFO: [HLS 214-131] Inlining function '_llvm.fpga.pack.none.i2.s_struct.ap_uint<2>s' into 'rrt(hls::stream<hls::axis<ap_int<64>, 2ul, 5ul, 6ul>, 0>&, float, float, int, float*, float, float, hls::stream<hls::axis<ap_int<32>, 2ul, 5ul, 6ul>, 0>&)' (/tools/Xilinx/Vitis_HLS/2021.2/common/technology/autopilot/ap_axi_sdata.h:304:5)
INFO: [HLS 214-131] Inlining function '_llvm.fpga.pack.none.i4.s_struct.ap_uint<4>s' into 'rrt(hls::stream<hls::axis<ap_int<64>, 2ul, 5ul, 6ul>, 0>&, float, float, int, float*, float, float, hls::stream<hls::axis<ap_int<32>, 2ul, 5ul, 6ul>, 0>&)' (/tools/Xilinx/Vitis_HLS/2021.2/common/technology/autopilot/ap_axi_sdata.h:304:5)
INFO: [HLS 214-131] Inlining function '_llvm.fpga.pack.none.i32.s_struct.ap_int<32>s' into 'rrt(hls::stream<hls::axis<ap_int<64>, 2ul, 5ul, 6ul>, 0>&, float, float, int, float*, float, float, hls::stream<hls::axis<ap_int<32>, 2ul, 5ul, 6ul>, 0>&)' (/tools/Xilinx/Vitis_HLS/2021.2/common/technology/autopilot/ap_axi_sdata.h:304:5)
INFO: [HLS 214-131] Inlining function '_llvm.fpga.unpack.none.s_struct.ap_uint<8>s.i8' into 'rrt(hls::stream<hls::axis<ap_int<64>, 2ul, 5ul, 6ul>, 0>&, float, float, int, float*, float, float, hls::stream<hls::axis<ap_int<32>, 2ul, 5ul, 6ul>, 0>&)' (/tools/Xilinx/Vitis_HLS/2021.2/common/technology/autopilot/ap_axi_sdata.h:293:5)
INFO: [HLS 214-131] Inlining function '_llvm.fpga.unpack.none.s_struct.ap_uint<2>s.i2' into 'rrt(hls::stream<hls::axis<ap_int<64>, 2ul, 5ul, 6ul>, 0>&, float, float, int, float*, float, float, hls::stream<hls::axis<ap_int<32>, 2ul, 5ul, 6ul>, 0>&)' (/tools/Xilinx/Vitis_HLS/2021.2/common/technology/autopilot/ap_axi_sdata.h:293:5)
INFO: [HLS 214-131] Inlining function '_llvm.fpga.unpack.none.s_struct.ap_uint<1>s.i1' into 'rrt(hls::stream<hls::axis<ap_int<64>, 2ul, 5ul, 6ul>, 0>&, float, float, int, float*, float, float, hls::stream<hls::axis<ap_int<32>, 2ul, 5ul, 6ul>, 0>&)' (/tools/Xilinx/Vitis_HLS/2021.2/common/technology/autopilot/ap_axi_sdata.h:293:5)
INFO: [HLS 214-131] Inlining function '_llvm.fpga.unpack.none.s_struct.ap_uint<5>s.i5' into 'rrt(hls::stream<hls::axis<ap_int<64>, 2ul, 5ul, 6ul>, 0>&, float, float, int, float*, float, float, hls::stream<hls::axis<ap_int<32>, 2ul, 5ul, 6ul>, 0>&)' (/tools/Xilinx/Vitis_HLS/2021.2/common/technology/autopilot/ap_axi_sdata.h:293:5)
INFO: [HLS 214-131] Inlining function '_llvm.fpga.unpack.none.s_struct.ap_uint<6>s.i6' into 'rrt(hls::stream<hls::axis<ap_int<64>, 2ul, 5ul, 6ul>, 0>&, float, float, int, float*, float, float, hls::stream<hls::axis<ap_int<32>, 2ul, 5ul, 6ul>, 0>&)' (/tools/Xilinx/Vitis_HLS/2021.2/common/technology/autopilot/ap_axi_sdata.h:293:5)
INFO: [HLS 200-111] Finished Compiling Optimization and Transform: CPU user time: 3.69 seconds. CPU system time: 0.31 seconds. Elapsed time: 4.16 seconds; current allocated memory: 287.195 MB.
INFO: [HLS 200-111] Finished Checking Pragmas: CPU user time: 0 seconds. CPU system time: 0 seconds. Elapsed time: 0 seconds; current allocated memory: 287.195 MB.
INFO: [HLS 200-10] Starting code transformations ...
INFO: [HLS 200-111] Finished Standard Transforms: CPU user time: 0.43 seconds. CPU system time: 0.02 seconds. Elapsed time: 0.49 seconds; current allocated memory: 365.344 MB.
INFO: [HLS 200-10] Checking synthesizability ...
INFO: [XFORM 203-602] Inlining function 'Cal_Disthw' into 'A_StreamReaderhw' (new_fixedpoint2205/main.cpp:41) automatically.
INFO: [XFORM 203-602] Inlining function 'FloatToFixed<16ul>' into 'Collision_detectedhw' (new_fixedpoint2205/Aux_Lib_hw.hpp:115) automatically.
INFO: [XFORM 203-602] Inlining function '__hls_fptosi_float_i32' into 'Collision_detectedhw' (new_fixedpoint2205/Aux_Lib_hw.hpp:106) automatically.
INFO: [HLS 200-111] Finished Checking Synthesizability: CPU user time: 0.73 seconds. CPU system time: 0.03 seconds. Elapsed time: 0.76 seconds; current allocated memory: 459.602 MB.
INFO: [XFORM 203-510] Pipelining loop 'VITIS_LOOP_47_1' (new_fixedpoint2205/fixedpt.h:49) in function 'Cal_Disthw' automatically.
INFO: [XFORM 203-510] Pipelining loop 'VITIS_LOOP_110_1' (/wrk/ci/prod/2021.2/rdi_builds/continuous/2021_10_19_3367213/src/shared/hls/clib/hlsmath/include/FloatingPoint/hls_case_IEEE754.h:13) in function 'Obstacle_Freehw' automatically.
INFO: [XFORM 203-510] Pipelining loop 'VITIS_LOOP_139_1' (/wrk/ci/prod/2021.2/rdi_builds/continuous/2021_10_19_3367213/src/shared/hls/clib/hlsmath/include/FloatingPoint/hls_case_IEEE754.h:13) in function 'Nearhw' automatically.
INFO: [XFORM 203-510] Pipelining loop 'Loop-2' (new_fixedpoint2205/main.cpp:226) in function 'rrt' automatically.
INFO: [XFORM 203-510] Pipelining loop 'Loop-3' (new_fixedpoint2205/main.cpp:330) in function 'rrt' automatically.
INFO: [XFORM 203-510] Pipelining loop 'VITIS_LOOP_47_1' (new_fixedpoint2205/fixedpt.h:49) in function 'rrt' automatically.
INFO: [XFORM 203-510] Pipelining loop 'VITIS_LOOP_391_2' (new_fixedpoint2205/main.cpp:391) in function 'rrt' automatically.
INFO: [XFORM 203-510] Pipelining loop 'VITIS_LOOP_415_3' (new_fixedpoint2205/main.cpp:202) in function 'rrt' automatically.
INFO: [XFORM 203-502] Unrolling all loops for pipelining in function 'Collision_detectedhw' (new_fixedpoint2205/Aux_Lib_hw.hpp:27:5).
INFO: [HLS 200-489] Unrolling loop 'VITIS_LOOP_82_1' (new_fixedpoint2205/main.cpp:82) in function 'Collision_detectedhw' completely with a factor of 28.
INFO: [XFORM 203-102] Partitioning array 'Bool' (new_fixedpoint2205/main.cpp:81) automatically.
INFO: [XFORM 203-102] Partitioning array 'Edges.Source._x' automatically.
INFO: [XFORM 203-102] Partitioning array 'Edges.Source._y' automatically.
INFO: [XFORM 203-102] Partitioning array 'Edges.Target._x' automatically.
INFO: [XFORM 203-102] Partitioning array 'Edges.Target._y' automatically.
INFO: [XFORM 203-602] Inlining function 'Cal_Disthw' into 'A_StreamReaderhw' (new_fixedpoint2205/main.cpp:41) automatically.
INFO: [XFORM 203-602] Inlining function 'FloatToFixed<16ul>' into 'Collision_detectedhw' (new_fixedpoint2205/Aux_Lib_hw.hpp:115) automatically.
INFO: [XFORM 203-602] Inlining function 'Obstacle_Freehw' into 'rrt' (new_fixedpoint2205/main.cpp:375) automatically.
INFO: [XFORM 203-401] Performing if-conversion on hyperblock from (/wrk/ci/prod/2021.2/rdi_builds/continuous/2021_10_19_3367213/src/shared/hls/clib/hlsmath/include/FloatingPoint/hls_case_IEEE754.h:13:17) in function 'rrt'... converting 3 basic blocks.
INFO: [XFORM 203-401] Performing if-conversion on hyperblock from (new_fixedpoint2205/fixedpt.h:58:7) in function 'A_StreamReaderhw'... converting 3 basic blocks.
INFO: [XFORM 203-602] Inlining function 'A_StreamReaderhw' into 'rrt' (new_fixedpoint2205/main.cpp:365) automatically.
INFO: [XFORM 203-11] Balancing expressions in function 'rrt' (new_fixedpoint2205/main.cpp:7:47)...9 expression(s) balanced.
INFO: [XFORM 203-11] Balancing expressions in function 'Collision_detectedhw' (new_fixedpoint2205/Aux_Lib_hw.hpp:34:5)...3 expression(s) balanced.
INFO: [HLS 200-111] Finished Loop, function and other optimizations: CPU user time: 0.91 seconds. CPU system time: 0.02 seconds. Elapsed time: 0.94 seconds; current allocated memory: 580.953 MB.
INFO: [XFORM 203-603] Evaluating the output(s) of a call to function '__hls_fptosi_float_i32' (new_fixedpoint2205/Aux_Lib_hw.hpp:106:42) in function 'Collision_detectedhw' and propagating its result(s) since all actual argument(s) to the function are constants.
INFO: [XFORM 203-603] Evaluating the output(s) of a call to function '__hls_fptosi_float_i32' (new_fixedpoint2205/Aux_Lib_hw.hpp:107:34) in function 'Collision_detectedhw' and propagating its result(s) since all actual argument(s) to the function are constants.
INFO: [HLS 200-472] Inferring partial write operation for 'X_near' (new_fixedpoint2205/main.cpp:149:24)
INFO: [HLS 200-472] Inferring partial write operation for 'RRT_Star.Position.x' (new_fixedpoint2205/RRT_Star_hw.hpp:14:5)
INFO: [HLS 200-472] Inferring partial write operation for 'RRT_Star.Position.y' (new_fixedpoint2205/RRT_Star_hw.hpp:15:5)
INFO: [HLS 200-472] Inferring partial write operation for 'RRT_Star.Location_List' (new_fixedpoint2205/RRT_Star_hw.hpp:87:17)
INFO: [HLS 200-472] Inferring partial write operation for 'RRT_Star.Position.x' (new_fixedpoint2205/main.cpp:343:25)
INFO: [HLS 200-472] Inferring partial write operation for 'RRT_Star.Position.y' (new_fixedpoint2205/main.cpp:344:25)
INFO: [HLS 200-472] Inferring partial write operation for 'RRT_Star.Location_List' (new_fixedpoint2205/main.cpp:345:28)
INFO: [HLS 200-472] Inferring partial write operation for 'Bool' (new_fixedpoint2205/main.cpp:120:10)
INFO: [HLS 200-111] Finished Architecture Synthesis: CPU user time: 0.45 seconds. CPU system time: 0.04 seconds. Elapsed time: 0.49 seconds; current allocated memory: 706.852 MB.
INFO: [HLS 200-10] Starting hardware synthesis ...
INFO: [HLS 200-10] Synthesizing 'rrt' ...
WARNING: [SYN 201-103] Legalizing function name 'FloatToFixed<16ul>' to 'FloatToFixed_16ul_s'.
WARNING: [SYN 201-103] Legalizing function name '__hls_fptosi_float_i32' to 'p_hls_fptosi_float_i32'.
INFO: [HLS 200-10] ----------------------------------------------------------------
INFO: [HLS 200-42] -- Implementing module 'FloatToFixed_16ul_s' 
INFO: [HLS 200-10] ----------------------------------------------------------------
INFO: [SCHED 204-11] Starting scheduling ...
INFO: [SCHED 204-61] Pipelining function 'FloatToFixed<16ul>'.
INFO: [HLS 200-1470] Pipelining result : Target II = NA, Final II = 1, Depth = 22, function 'FloatToFixed<16ul>'
INFO: [SCHED 204-11] Finished scheduling.
INFO: [HLS 200-111] Finished Scheduling: CPU user time: 0.19 seconds. CPU system time: 0.02 seconds. Elapsed time: 0.22 seconds; current allocated memory: 707.484 MB.
INFO: [BIND 205-100] Starting micro-architecture generation ...
INFO: [BIND 205-101] Performing variable lifetime analysis.
INFO: [BIND 205-101] Exploring resource sharing.
INFO: [BIND 205-101] Binding ...
INFO: [BIND 205-100] Finished micro-architecture generation.
INFO: [HLS 200-111] Finished Binding: CPU user time: 0.09 seconds. CPU system time: 0 seconds. Elapsed time: 0.09 seconds; current allocated memory: 707.484 MB.
INFO: [HLS 200-10] ----------------------------------------------------------------
INFO: [HLS 200-42] -- Implementing module 'rrt_Pipeline_1' 
INFO: [HLS 200-10] ----------------------------------------------------------------
INFO: [SCHED 204-11] Starting scheduling ...
INFO: [SCHED 204-61] Pipelining loop 'Loop 1'.
INFO: [HLS 200-1470] Pipelining result : Target II = NA, Final II = 1, Depth = 1, loop 'Loop 1'
INFO: [SCHED 204-11] Finished scheduling.
INFO: [HLS 200-111] Finished Scheduling: CPU user time: 0.07 seconds. CPU system time: 0 seconds. Elapsed time: 0.07 seconds; current allocated memory: 707.629 MB.
INFO: [BIND 205-100] Starting micro-architecture generation ...
INFO: [BIND 205-101] Performing variable lifetime analysis.
INFO: [BIND 205-101] Exploring resource sharing.
INFO: [BIND 205-101] Binding ...
INFO: [BIND 205-100] Finished micro-architecture generation.
INFO: [HLS 200-111] Finished Binding: CPU user time: 0.02 seconds. CPU system time: 0 seconds. Elapsed time: 0.01 seconds; current allocated memory: 707.629 MB.
INFO: [HLS 200-10] ----------------------------------------------------------------
INFO: [HLS 200-42] -- Implementing module 'rrt_Pipeline_VITIS_LOOP_337_1' 
INFO: [HLS 200-10] ----------------------------------------------------------------
INFO: [SCHED 204-11] Starting scheduling ...
INFO: [SCHED 204-61] Pipelining loop 'VITIS_LOOP_337_1'.
INFO: [HLS 200-1470] Pipelining result : Target II = NA, Final II = 1, Depth = 52, loop 'VITIS_LOOP_337_1'
WARNING: [HLS 200-871] Estimated clock period (6.312ns) exceeds the target (target clock period: 6.75ns, clock uncertainty: 1.8225ns, effective delay budget: 4.9275ns).
WARNING: [HLS 200-1016] The critical path in module 'rrt_Pipeline_VITIS_LOOP_337_1' consists of the following:	'sitofp' operation ('conv_i_i_i', new_fixedpoint2205/Aux_Lib_hw.hpp:27) [70]  (6.31 ns)

INFO: [SCHED 204-11] Finished scheduling.
INFO: [HLS 200-111] Finished Scheduling: CPU user time: 0.11 seconds. CPU system time: 0 seconds. Elapsed time: 0.11 seconds; current allocated memory: 707.977 MB.
INFO: [BIND 205-100] Starting micro-architecture generation ...
INFO: [BIND 205-101] Performing variable lifetime analysis.
INFO: [BIND 205-101] Exploring resource sharing.
INFO: [BIND 205-101] Binding ...
INFO: [BIND 205-100] Finished micro-architecture generation.
INFO: [HLS 200-111] Finished Binding: CPU user time: 0.22 seconds. CPU system time: 0 seconds. Elapsed time: 0.22 seconds; current allocated memory: 707.977 MB.
INFO: [HLS 200-10] ----------------------------------------------------------------
INFO: [HLS 200-42] -- Implementing module 'rrt_Pipeline_VITIS_LOOP_47_1' 
INFO: [HLS 200-10] ----------------------------------------------------------------
INFO: [SCHED 204-11] Starting scheduling ...
INFO: [SCHED 204-61] Pipelining loop 'VITIS_LOOP_47_1'.
WARNING: [HLS 200-880] The II Violation in module 'rrt_Pipeline_VITIS_LOOP_47_1' (loop 'VITIS_LOOP_47_1'): Unable to enforce a carried dependence constraint (II = 1, distance = 1, offset = 0) between 'store' operation ('q_1_write_ln47', new_fixedpoint2205/fixedpt.h:47->new_fixedpoint2205/main.cpp:365) of variable 'q', new_fixedpoint2205/fixedpt.h:50->new_fixedpoint2205/main.cpp:365 on local variable 'q' and 'load' operation ('q_1_load', new_fixedpoint2205/fixedpt.h:49->new_fixedpoint2205/main.cpp:365) on local variable 'q'.
INFO: [HLS 200-1470] Pipelining result : Target II = NA, Final II = 2, Depth = 4, loop 'VITIS_LOOP_47_1'
INFO: [SCHED 204-11] Finished scheduling.
INFO: [HLS 200-111] Finished Scheduling: CPU user time: 0.2 seconds. CPU system time: 0 seconds. Elapsed time: 0.21 seconds; current allocated memory: 708.504 MB.
INFO: [BIND 205-100] Starting micro-architecture generation ...
INFO: [BIND 205-101] Performing variable lifetime analysis.
INFO: [BIND 205-101] Exploring resource sharing.
INFO: [BIND 205-101] Binding ...
INFO: [BIND 205-100] Finished micro-architecture generation.
INFO: [HLS 200-111] Finished Binding: CPU user time: 0.03 seconds. CPU system time: 0 seconds. Elapsed time: 0.03 seconds; current allocated memory: 708.504 MB.
INFO: [HLS 200-10] ----------------------------------------------------------------
INFO: [HLS 200-42] -- Implementing module 'p_hls_fptosi_float_i32' 
INFO: [HLS 200-10] ----------------------------------------------------------------
INFO: [SCHED 204-11] Starting scheduling ...
INFO: [SCHED 204-61] Pipelining function '__hls_fptosi_float_i32'.
INFO: [HLS 200-1470] Pipelining result : Target II = NA, Final II = 1, Depth = 3, function '__hls_fptosi_float_i32'
INFO: [SCHED 204-11] Finished scheduling.
INFO: [HLS 200-111] Finished Scheduling: CPU user time: 0.04 seconds. CPU system time: 0 seconds. Elapsed time: 0.05 seconds; current allocated memory: 708.711 MB.
INFO: [BIND 205-100] Starting micro-architecture generation ...
INFO: [BIND 205-101] Performing variable lifetime analysis.
INFO: [BIND 205-101] Exploring resource sharing.
INFO: [BIND 205-101] Binding ...
INFO: [BIND 205-100] Finished micro-architecture generation.
INFO: [HLS 200-111] Finished Binding: CPU user time: 0.02 seconds. CPU system time: 0 seconds. Elapsed time: 0.03 seconds; current allocated memory: 708.711 MB.
INFO: [HLS 200-10] ----------------------------------------------------------------
INFO: [HLS 200-42] -- Implementing module 'Collision_detectedhw' 
INFO: [HLS 200-10] ----------------------------------------------------------------
INFO: [SCHED 204-11] Starting scheduling ...
INFO: [SCHED 204-61] Pipelining function 'Collision_detectedhw'.
INFO: [HLS 200-1470] Pipelining result : Target II = NA, Final II = 1, Depth = 40, function 'Collision_detectedhw'
WARNING: [HLS 200-871] Estimated clock period (6.312ns) exceeds the target (target clock period: 6.75ns, clock uncertainty: 1.8225ns, effective delay budget: 4.9275ns).
WARNING: [HLS 200-1016] The critical path in module 'Collision_detectedhw' consists of the following:	wire read operation ('x') on port 'p_read' [6]  (0 ns)
	'sitofp' operation ('conv_i') [7]  (6.31 ns)

INFO: [SCHED 204-11] Finished scheduling.
INFO: [HLS 200-111] Finished Scheduling: CPU user time: 0.23 seconds. CPU system time: 0 seconds. Elapsed time: 0.22 seconds; current allocated memory: 711.273 MB.
INFO: [BIND 205-100] Starting micro-architecture generation ...
INFO: [BIND 205-101] Performing variable lifetime analysis.
INFO: [BIND 205-101] Exploring resource sharing.
INFO: [BIND 205-101] Binding ...
INFO: [BIND 205-100] Finished micro-architecture generation.
INFO: [HLS 200-111] Finished Binding: CPU user time: 0.31 seconds. CPU system time: 0 seconds. Elapsed time: 0.31 seconds; current allocated memory: 711.273 MB.
INFO: [HLS 200-10] ----------------------------------------------------------------
INFO: [HLS 200-42] -- Implementing module 'rrt_Pipeline_VITIS_LOOP_110_1' 
INFO: [HLS 200-10] ----------------------------------------------------------------
INFO: [SCHED 204-11] Starting scheduling ...
INFO: [SCHED 204-61] Pipelining loop 'VITIS_LOOP_110_1'.
INFO: [HLS 200-1470] Pipelining result : Target II = NA, Final II = 1, Depth = 75, loop 'VITIS_LOOP_110_1'
WARNING: [HLS 200-871] Estimated clock period (6.312ns) exceeds the target (target clock period: 6.75ns, clock uncertainty: 1.8225ns, effective delay budget: 4.9275ns).
WARNING: [HLS 200-1016] The critical path in module 'rrt_Pipeline_VITIS_LOOP_110_1' consists of the following:	'alloca' operation ('i') [7]  (0 ns)
	'load' operation ('i', new_fixedpoint2205/main.cpp:110->new_fixedpoint2205/main.cpp:375) on local variable 'i' [16]  (0 ns)
	'sitofp' operation ('d', new_fixedpoint2205/main.cpp:112->new_fixedpoint2205/main.cpp:375) [26]  (6.31 ns)

INFO: [SCHED 204-11] Finished scheduling.
INFO: [HLS 200-111] Finished Scheduling: CPU user time: 0.5 seconds. CPU system time: 0.01 seconds. Elapsed time: 0.52 seconds; current allocated memory: 712.020 MB.
INFO: [BIND 205-100] Starting micro-architecture generation ...
INFO: [BIND 205-101] Performing variable lifetime analysis.
INFO: [BIND 205-101] Exploring resource sharing.
INFO: [BIND 205-101] Binding ...
INFO: [BIND 205-100] Finished micro-architecture generation.
INFO: [HLS 200-111] Finished Binding: CPU user time: 0.33 seconds. CPU system time: 0 seconds. Elapsed time: 0.34 seconds; current allocated memory: 712.020 MB.
INFO: [HLS 200-10] ----------------------------------------------------------------
INFO: [HLS 200-42] -- Implementing module 'rrt_Pipeline_VITIS_LOOP_415_3' 
INFO: [HLS 200-10] ----------------------------------------------------------------
INFO: [SCHED 204-11] Starting scheduling ...
INFO: [SCHED 204-61] Pipelining loop 'VITIS_LOOP_415_3'.
INFO: [HLS 200-1470] Pipelining result : Target II = NA, Final II = 1, Depth = 2, loop 'VITIS_LOOP_415_3'
INFO: [SCHED 204-11] Finished scheduling.
INFO: [HLS 200-111] Finished Scheduling: CPU user time: 0.36 seconds. CPU system time: 0 seconds. Elapsed time: 0.37 seconds; current allocated memory: 712.801 MB.
INFO: [BIND 205-100] Starting micro-architecture generation ...
INFO: [BIND 205-101] Performing variable lifetime analysis.
INFO: [BIND 205-101] Exploring resource sharing.
INFO: [BIND 205-101] Binding ...
INFO: [BIND 205-100] Finished micro-architecture generation.
INFO: [HLS 200-111] Finished Binding: CPU user time: 0.02 seconds. CPU system time: 0 seconds. Elapsed time: 0.01 seconds; current allocated memory: 712.801 MB.
INFO: [HLS 200-10] ----------------------------------------------------------------
INFO: [HLS 200-42] -- Implementing module 'Nearhw' 
INFO: [HLS 200-10] ----------------------------------------------------------------
INFO: [SCHED 204-11] Starting scheduling ...
INFO: [SCHED 204-61] Pipelining loop 'VITIS_LOOP_139_1'.
INFO: [HLS 200-1470] Pipelining result : Target II = NA, Final II = 1, Depth = 30, loop 'VITIS_LOOP_139_1'
WARNING: [HLS 200-871] Estimated clock period (6.312ns) exceeds the target (target clock period: 6.75ns, clock uncertainty: 1.8225ns, effective delay budget: 4.9275ns).
WARNING: [HLS 200-1016] The critical path in module 'Nearhw' consists of the following:	wire read operation ('p_read_2') on port 'p_read' [15]  (0 ns)
	'sitofp' operation ('conv_i_i') [16]  (6.31 ns)

INFO: [SCHED 204-11] Finished scheduling.
INFO: [HLS 200-111] Finished Scheduling: CPU user time: 0.08 seconds. CPU system time: 0.01 seconds. Elapsed time: 0.09 seconds; current allocated memory: 713.230 MB.
INFO: [BIND 205-100] Starting micro-architecture generation ...
INFO: [BIND 205-101] Performing variable lifetime analysis.
INFO: [BIND 205-101] Exploring resource sharing.
INFO: [BIND 205-101] Binding ...
INFO: [BIND 205-100] Finished micro-architecture generation.
INFO: [HLS 200-111] Finished Binding: CPU user time: 0.16 seconds. CPU system time: 0 seconds. Elapsed time: 0.17 seconds; current allocated memory: 713.230 MB.
INFO: [HLS 200-10] ----------------------------------------------------------------
INFO: [HLS 200-42] -- Implementing module 'rrt_Pipeline_VITIS_LOOP_47_12' 
INFO: [HLS 200-10] ----------------------------------------------------------------
INFO: [SCHED 204-11] Starting scheduling ...
INFO: [SCHED 204-61] Pipelining loop 'VITIS_LOOP_47_1'.
WARNING: [HLS 200-880] The II Violation in module 'rrt_Pipeline_VITIS_LOOP_47_12' (loop 'VITIS_LOOP_47_1'): Unable to enforce a carried dependence constraint (II = 1, distance = 1, offset = 0) between 'store' operation ('q_write_ln47', new_fixedpoint2205/fixedpt.h:47) of variable 'q', new_fixedpoint2205/fixedpt.h:50 on local variable 'q' and 'load' operation ('q_load', new_fixedpoint2205/fixedpt.h:49) on local variable 'q'.
INFO: [HLS 200-1470] Pipelining result : Target II = NA, Final II = 2, Depth = 4, loop 'VITIS_LOOP_47_1'
INFO: [SCHED 204-11] Finished scheduling.
INFO: [HLS 200-111] Finished Scheduling: CPU user time: 0.13 seconds. CPU system time: 0.01 seconds. Elapsed time: 0.13 seconds; current allocated memory: 714.191 MB.
INFO: [BIND 205-100] Starting micro-architecture generation ...
INFO: [BIND 205-101] Performing variable lifetime analysis.
INFO: [BIND 205-101] Exploring resource sharing.
INFO: [BIND 205-101] Binding ...
INFO: [BIND 205-100] Finished micro-architecture generation.
INFO: [HLS 200-111] Finished Binding: CPU user time: 0.05 seconds. CPU system time: 0 seconds. Elapsed time: 0.05 seconds; current allocated memory: 714.191 MB.
INFO: [HLS 200-10] ----------------------------------------------------------------
INFO: [HLS 200-42] -- Implementing module 'rrt_Pipeline_VITIS_LOOP_391_2' 
INFO: [HLS 200-10] ----------------------------------------------------------------
INFO: [SCHED 204-11] Starting scheduling ...
INFO: [SCHED 204-61] Pipelining loop 'VITIS_LOOP_391_2'.
INFO: [HLS 200-1470] Pipelining result : Target II = NA, Final II = 1, Depth = 2, loop 'VITIS_LOOP_391_2'
INFO: [SCHED 204-11] Finished scheduling.
INFO: [HLS 200-111] Finished Scheduling: CPU user time: 0.04 seconds. CPU system time: 0 seconds. Elapsed time: 0.05 seconds; current allocated memory: 714.398 MB.
INFO: [BIND 205-100] Starting micro-architecture generation ...
INFO: [BIND 205-101] Performing variable lifetime analysis.
INFO: [BIND 205-101] Exploring resource sharing.
INFO: [BIND 205-101] Binding ...
INFO: [BIND 205-100] Finished micro-architecture generation.
INFO: [HLS 200-111] Finished Binding: CPU user time: 0.02 seconds. CPU system time: 0 seconds. Elapsed time: 0.02 seconds; current allocated memory: 714.398 MB.
INFO: [HLS 200-10] ----------------------------------------------------------------
INFO: [HLS 200-42] -- Implementing module 'rrt' 
INFO: [HLS 200-10] ----------------------------------------------------------------
INFO: [SCHED 204-11] Starting scheduling ...
WARNING: [HLS 200-871] Estimated clock period (6.312ns) exceeds the target (target clock period: 6.75ns, clock uncertainty: 1.8225ns, effective delay budget: 4.9275ns).
WARNING: [HLS 200-1016] The critical path in module 'rrt' consists of the following:	'sitofp' operation ('conv_i_i', new_fixedpoint2205/main.cpp:316) [86]  (6.31 ns)

INFO: [SCHED 204-11] Finished scheduling.
INFO: [HLS 200-111] Finished Scheduling: CPU user time: 0.28 seconds. CPU system time: 0 seconds. Elapsed time: 0.29 seconds; current allocated memory: 716.375 MB.
INFO: [BIND 205-100] Starting micro-architecture generation ...
INFO: [BIND 205-101] Performing variable lifetime analysis.
INFO: [BIND 205-101] Exploring resource sharing.
INFO: [BIND 205-101] Binding ...
INFO: [BIND 205-100] Finished micro-architecture generation.
INFO: [HLS 200-111] Finished Binding: CPU user time: 0.75 seconds. CPU system time: 0 seconds. Elapsed time: 0.75 seconds; current allocated memory: 716.590 MB.
INFO: [HLS 200-10] ----------------------------------------------------------------
INFO: [HLS 200-10] -- Generating RTL for module 'FloatToFixed_16ul_s' 
INFO: [HLS 200-10] ----------------------------------------------------------------
INFO: [RTGEN 206-100] Generating core module 'dadd_64ns_64ns_64_12_full_dsp_0': 1 instance(s).
INFO: [RTGEN 206-100] Generating core module 'fcmp_32ns_32ns_1_3_no_dsp_0': 1 instance(s).
INFO: [RTGEN 206-100] Generating core module 'fmul_32ns_32ns_32_5_max_dsp_0': 1 instance(s).
INFO: [RTGEN 206-100] Generating core module 'fpext_32ns_64_2_no_dsp_0': 1 instance(s).
INFO: [RTGEN 206-100] Finished creating RTL model for 'FloatToFixed_16ul_s'.
INFO: [HLS 200-111] Finished Creating RTL model: CPU user time: 0.89 seconds. CPU system time: 0.01 seconds. Elapsed time: 0.91 seconds; current allocated memory: 717.340 MB.
INFO: [HLS 200-10] ----------------------------------------------------------------
INFO: [HLS 200-10] -- Generating RTL for module 'rrt_Pipeline_1' 
INFO: [HLS 200-10] ----------------------------------------------------------------
INFO: [RTGEN 206-100] Finished creating RTL model for 'rrt_Pipeline_1'.
INFO: [HLS 200-111] Finished Creating RTL model: CPU user time: 0.15 seconds. CPU system time: 0 seconds. Elapsed time: 0.16 seconds; current allocated memory: 718.473 MB.
INFO: [HLS 200-10] ----------------------------------------------------------------
INFO: [HLS 200-10] -- Generating RTL for module 'rrt_Pipeline_VITIS_LOOP_337_1' 
INFO: [HLS 200-10] ----------------------------------------------------------------
INFO: [HLS 200-1030] Apply Unified Pipeline Control on module 'rrt_Pipeline_VITIS_LOOP_337_1' pipeline 'VITIS_LOOP_337_1' pipeline type 'loop pipeline'
INFO: [RTGEN 206-100] Generating core module 'fsub_32ns_32ns_32_9_full_dsp_1': 2 instance(s).
INFO: [RTGEN 206-100] Generating core module 'hptosp_16ns_32_2_no_dsp_1': 2 instance(s).
INFO: [RTGEN 206-100] Generating core module 'mul_32s_32s_48_5_1': 2 instance(s).
INFO: [RTGEN 206-100] Generating core module 'sitofp_32ns_32_7_no_dsp_1': 2 instance(s).
INFO: [RTGEN 206-100] Finished creating RTL model for 'rrt_Pipeline_VITIS_LOOP_337_1'.
INFO: [HLS 200-111] Finished Creating RTL model: CPU user time: 0.07 seconds. CPU system time: 0 seconds. Elapsed time: 0.08 seconds; current allocated memory: 721.988 MB.
INFO: [HLS 200-10] ----------------------------------------------------------------
INFO: [HLS 200-10] -- Generating RTL for module 'rrt_Pipeline_VITIS_LOOP_47_1' 
INFO: [HLS 200-10] ----------------------------------------------------------------
INFO: [HLS 200-1030] Apply Unified Pipeline Control on module 'rrt_Pipeline_VITIS_LOOP_47_1' pipeline 'VITIS_LOOP_47_1' pipeline type 'loop pipeline'
INFO: [RTGEN 206-100] Finished creating RTL model for 'rrt_Pipeline_VITIS_LOOP_47_1'.
INFO: [HLS 200-111] Finished Creating RTL model: CPU user time: 0.32 seconds. CPU system time: 0 seconds. Elapsed time: 0.33 seconds; current allocated memory: 724.910 MB.
INFO: [HLS 200-10] ----------------------------------------------------------------
INFO: [HLS 200-10] -- Generating RTL for module 'p_hls_fptosi_float_i32' 
INFO: [HLS 200-10] ----------------------------------------------------------------
INFO: [RTGEN 206-100] Finished creating RTL model for 'p_hls_fptosi_float_i32'.
INFO: [HLS 200-111] Finished Creating RTL model: CPU user time: 0.07 seconds. CPU system time: 0.01 seconds. Elapsed time: 0.07 seconds; current allocated memory: 726.031 MB.
INFO: [HLS 200-10] ----------------------------------------------------------------
INFO: [HLS 200-10] -- Generating RTL for module 'Collision_detectedhw' 
INFO: [HLS 200-10] ----------------------------------------------------------------
WARNING: [RTGEN 206-101] RTL name 'sitofp_32ns_32_7_no_dsp_1' is changed to 'sitofp_32ns_32_7_no_dsp_1_x' due to conflict.
WARNING: [RTGEN 206-101] RTL name 'mul_32s_32s_48_5_1' is changed to 'mul_32s_32s_48_5_1_x' due to conflict.
INFO: [RTGEN 206-104] Estimated max fanout for 'Collision_detectedhw' is 11110 from HDL expression: (1'b0 == ap_block_pp0_stage0_11001)
INFO: [RTGEN 206-100] Generating core module 'fadd_32ns_32ns_32_9_full_dsp_1': 4 instance(s).
INFO: [RTGEN 206-100] Generating core module 'mul_32s_32s_48_5_1_x': 18 instance(s).
INFO: [RTGEN 206-100] Generating core module 'mul_48s_50ns_97_3_1': 8 instance(s).
INFO: [RTGEN 206-100] Generating core module 'sitofp_32ns_32_7_no_dsp_1_x': 2 instance(s).
INFO: [RTGEN 206-100] Finished creating RTL model for 'Collision_detectedhw'.
INFO: [HLS 200-111] Finished Creating RTL model: CPU user time: 0.17 seconds. CPU system time: 0 seconds. Elapsed time: 0.19 seconds; current allocated memory: 730.660 MB.
INFO: [HLS 200-10] ----------------------------------------------------------------
INFO: [HLS 200-10] -- Generating RTL for module 'rrt_Pipeline_VITIS_LOOP_110_1' 
INFO: [HLS 200-10] ----------------------------------------------------------------
INFO: [HLS 200-1030] Apply Unified Pipeline Control on module 'rrt_Pipeline_VITIS_LOOP_110_1' pipeline 'VITIS_LOOP_110_1' pipeline type 'loop pipeline'
INFO: [RTGEN 206-100] Generating core module 'dadd_64ns_64ns_64_12_full_dsp_0': 1 instance(s).
INFO: [RTGEN 206-100] Generating core module 'fcmp_32ns_32ns_1_3_no_dsp_0': 1 instance(s).
INFO: [RTGEN 206-100] Generating core module 'fmul_32ns_32ns_32_5_max_dsp_0': 1 instance(s).
INFO: [RTGEN 206-100] Generating core module 'fpext_32ns_64_2_no_dsp_0': 1 instance(s).
INFO: [RTGEN 206-100] Generating core module 'mul_32s_48s_48_3_1': 2 instance(s).
INFO: [RTGEN 206-100] Generating core module 'sitofp_32ns_32_7_no_dsp_1': 1 instance(s).
INFO: [RTGEN 206-100] Finished creating RTL model for 'rrt_Pipeline_VITIS_LOOP_110_1'.
INFO: [HLS 200-111] Finished Creating RTL model: CPU user time: 1.03 seconds. CPU system time: 0 seconds. Elapsed time: 1.03 seconds; current allocated memory: 740.246 MB.
INFO: [HLS 200-10] ----------------------------------------------------------------
INFO: [HLS 200-10] -- Generating RTL for module 'rrt_Pipeline_VITIS_LOOP_415_3' 
INFO: [HLS 200-10] ----------------------------------------------------------------
INFO: [HLS 200-1030] Apply Unified Pipeline Control on module 'rrt_Pipeline_VITIS_LOOP_415_3' pipeline 'VITIS_LOOP_415_3' pipeline type 'loop pipeline'
INFO: [RTGEN 206-100] Finished creating RTL model for 'rrt_Pipeline_VITIS_LOOP_415_3'.
INFO: [HLS 200-111] Finished Creating RTL model: CPU user time: 0.47 seconds. CPU system time: 0.01 seconds. Elapsed time: 0.49 seconds; current allocated memory: 742.324 MB.
INFO: [HLS 200-10] ----------------------------------------------------------------
INFO: [HLS 200-10] -- Generating RTL for module 'Nearhw' 
INFO: [HLS 200-10] ----------------------------------------------------------------
INFO: [RTGEN 206-100] Generating core module 'fsub_32ns_32ns_32_9_full_dsp_1': 2 instance(s).
INFO: [RTGEN 206-100] Generating core module 'mul_32s_32s_48_5_1': 2 instance(s).
INFO: [RTGEN 206-100] Generating core module 'sitofp_32ns_32_7_no_dsp_1': 2 instance(s).
INFO: [RTGEN 206-100] Finished creating RTL model for 'Nearhw'.
INFO: [HLS 200-111] Finished Creating RTL model: CPU user time: 0.07 seconds. CPU system time: 0 seconds. Elapsed time: 0.06 seconds; current allocated memory: 744.152 MB.
INFO: [HLS 200-10] ----------------------------------------------------------------
INFO: [HLS 200-10] -- Generating RTL for module 'rrt_Pipeline_VITIS_LOOP_47_12' 
INFO: [HLS 200-10] ----------------------------------------------------------------
INFO: [HLS 200-1030] Apply Unified Pipeline Control on module 'rrt_Pipeline_VITIS_LOOP_47_12' pipeline 'VITIS_LOOP_47_1' pipeline type 'loop pipeline'
INFO: [RTGEN 206-100] Finished creating RTL model for 'rrt_Pipeline_VITIS_LOOP_47_12'.
INFO: [HLS 200-111] Finished Creating RTL model: CPU user time: 0.22 seconds. CPU system time: 0 seconds. Elapsed time: 0.22 seconds; current allocated memory: 746.500 MB.
INFO: [HLS 200-10] ----------------------------------------------------------------
INFO: [HLS 200-10] -- Generating RTL for module 'rrt_Pipeline_VITIS_LOOP_391_2' 
INFO: [HLS 200-10] ----------------------------------------------------------------
INFO: [HLS 200-1030] Apply Unified Pipeline Control on module 'rrt_Pipeline_VITIS_LOOP_391_2' pipeline 'VITIS_LOOP_391_2' pipeline type 'loop pipeline'
INFO: [RTGEN 206-100] Finished creating RTL model for 'rrt_Pipeline_VITIS_LOOP_391_2'.
INFO: [HLS 200-111] Finished Creating RTL model: CPU user time: 0.08 seconds. CPU system time: 0 seconds. Elapsed time: 0.08 seconds; current allocated memory: 747.617 MB.
INFO: [HLS 200-10] ----------------------------------------------------------------
INFO: [HLS 200-10] -- Generating RTL for module 'rrt' 
INFO: [HLS 200-10] ----------------------------------------------------------------
WARNING: [RTGEN 206-101] Design contains AXI ports. Reset is fixed to synchronous and active low.
INFO: [RTGEN 206-500] Setting interface mode on port 'rrt/dataInStream_V_data_V' to 'axis' (register, both mode).
==============================================================
Vitis HLS - High-Level Synthesis from C, C++ and OpenCL v2021.2 (64-bit)
Copyright 1986-2021 Xilinx, Inc. All Rights Reserved.
==============================================================
INFO: [SYN 201-201] Setting up clock 'default' with a period of 6.75ns.
INFO: [HLS 200-1611] Setting target device to 'xc7z020-clg400-1'
INFO: [HLS 200-1505] Using flow_target 'vivado'
INFO: [HLS 200-1464] Running solution command: config_export -display_name=nfp02
INFO: [HLS 200-1464] Running solution command: config_export -format=ip_catalog
INFO: [HLS 200-1464] Running solution command: config_export -rtl=verilog
INFO: [HLS 200-1510] Running: set_part xc7z020-clg400-1 
INFO: [HLS 200-1510] Running: create_clock -period 6.75 -name default 
INFO: [HLS 200-1510] Running: config_export -display_name nfp02 -format ip_catalog -rtl verilog 
INFO: [HLS 200-1510] Running: set_directive_top -name rrt rrt 
INFO: [HLS 200-1510] Running: csynth_design 
INFO: [HLS 200-111] Finished File checks and directory preparation: CPU user time: 0.01 seconds. CPU system time: 0.01 seconds. Elapsed time: 0 seconds; current allocated memory: 1.194 GB.
INFO: [HLS 200-10] Analyzing design file 'new_fixedpoint2205/main.cpp' ... 
WARNING: [HLS 207-5287] unused parameter 'nn' (new_fixedpoint2205/Aux_Lib_hw.hpp:68:46)
WARNING: [HLS 207-5287] unused parameter 'i' (new_fixedpoint2205/Aux_Lib_hw.hpp:68:53)
WARNING: [HLS 207-5287] unused parameter 'nn' (new_fixedpoint2205/Aux_Lib_hw.hpp:101:55)
WARNING: [HLS 207-5287] unused parameter 'i' (new_fixedpoint2205/Aux_Lib_hw.hpp:101:62)
WARNING: [HLS 207-5287] unused parameter 'i' (new_fixedpoint2205/main.cpp:38:93)
INFO: [HLS 200-111] Finished Source Code Analysis and Preprocessing: CPU user time: 4.32 seconds. CPU system time: 0.33 seconds. Elapsed time: 3.81 seconds; current allocated memory: 285.219 MB.
INFO: [HLS 200-777] Using interface defaults for 'Vivado' flow target.
INFO: [HLS 214-284] Auto array partition mode is set into default.
INFO: [HLS 214-178] Inlining function 'Point_2hw::Point_2hw()' into 'Segment_3hw::Segment_3hw()' (new_fixedpoint2205/Aux_Lib_hw.hpp:45:0)
INFO: [HLS 214-178] Inlining function 'fp_struct<double>::fp_struct(double)' into 'int generic_cast_IEEE754<int, (ap_q_mode)6, double>(double, bool, hls::enable_if<std::numeric_limits<int>::is_signed, bool>::type)' (/wrk/ci/prod/2021.2/rdi_builds/continuous/2021_10_19_3367213/src/shared/hls/clib/hlsmath/include/FloatingPoint/hls_case_IEEE754.h:12:0)
INFO: [HLS 214-178] Inlining function 'fp_struct<double>::mantissa() const' into 'int generic_cast_IEEE754<int, (ap_q_mode)6, double>(double, bool, hls::enable_if<std::numeric_limits<int>::is_signed, bool>::type)' (/wrk/ci/prod/2021.2/rdi_builds/continuous/2021_10_19_3367213/src/shared/hls/clib/hlsmath/include/FloatingPoint/hls_case_IEEE754.h:12:0)
INFO: [HLS 214-178] Inlining function 'fp_struct<double>::expv() const' into 'int generic_cast_IEEE754<int, (ap_q_mode)6, double>(double, bool, hls::enable_if<std::numeric_limits<int>::is_signed, bool>::type)' (/wrk/ci/prod/2021.2/rdi_builds/continuous/2021_10_19_3367213/src/shared/hls/clib/hlsmath/include/FloatingPoint/hls_case_IEEE754.h:12:0)
INFO: [HLS 214-178] Inlining function 'fp_struct<double>::__signbit() const' into 'int generic_cast_IEEE754<int, (ap_q_mode)6, double>(double, bool, hls::enable_if<std::numeric_limits<int>::is_signed, bool>::type)' (/wrk/ci/prod/2021.2/rdi_builds/continuous/2021_10_19_3367213/src/shared/hls/clib/hlsmath/include/FloatingPoint/hls_case_IEEE754.h:12:0)
INFO: [HLS 214-178] Inlining function 'int generic_cast_IEEE754<int, (ap_q_mode)6, double>(double, bool, hls::enable_if<std::numeric_limits<int>::is_signed, bool>::type)' into 'int generic_cast_IEEE754<int, double>(double, bool)' (/wrk/ci/prod/2021.2/rdi_builds/continuous/2021_10_19_3367213/src/shared/hls/clib/hlsmath/include/FloatingPoint/hls_case_IEEE754.h:116:0)
INFO: [HLS 214-178] Inlining function 'int generic_cast_IEEE754<int, double>(double, bool)' into '__hls_fptosi_double_i32' (/wrk/ci/prod/2021.2/rdi_builds/continuous/2021_10_19_3367213/src/shared/hls/clib/hlsmath/src/lib_floatconversion.cpp:55:0)
INFO: [HLS 214-178] Inlining function '__hls_fptosi_double_i32' into 'int FloatToFixed<16ul>(float)' (new_fixedpoint2205/fixedpt.h:6:0)
INFO: [HLS 214-178] Inlining function 'int FloatToFixed<16ul>(float)' into 'Position_Holonomic_hw::Position_Holonomic_hw() (.165)' (new_fixedpoint2205/RRT_Star_hw.hpp:13:0)
INFO: [HLS 214-178] Inlining function 'Position_Holonomic_hw::Position_Holonomic_hw() (.165)' into 'Node_RRT_Poshw::Node_RRT_Poshw() (.172.177)' (new_fixedpoint2205/RRT_Star_hw.hpp:85:0)
INFO: [HLS 214-178] Inlining function 'int FloatToFixed<16ul>(float)' into 'Node_RRT_Poshw::Node_RRT_Poshw() (.172.177)' (new_fixedpoint2205/RRT_Star_hw.hpp:85:0)
INFO: [HLS 214-178] Inlining function 'Position_Holonomic_hw::Position_Holonomic_hw() (.165)' into 'Node_Randhw::Node_Randhw()' (new_fixedpoint2205/RRT_Star_hw.hpp:66:0)
INFO: [HLS 214-178] Inlining function 'int FloatToFixed<16ul>(float)' into 'Position_Holonomic_hw::Position_Holonomic_hw()' (new_fixedpoint2205/RRT_Star_hw.hpp:13:0)
INFO: [HLS 214-178] Inlining function 'Position_Holonomic_hw::Position_Holonomic_hw()' into 'Node_RRT_Poshw::Node_RRT_Poshw()' (new_fixedpoint2205/RRT_Star_hw.hpp:85:0)
INFO: [HLS 214-178] Inlining function 'int FloatToFixed<16ul>(float)' into 'Node_RRT_Poshw::Node_RRT_Poshw()' (new_fixedpoint2205/RRT_Star_hw.hpp:85:0)
INFO: [HLS 214-178] Inlining function 'fp_struct<float>::fp_struct(float)' into 'int generic_cast_IEEE754<int, (ap_q_mode)6, float>(float, bool, hls::enable_if<std::numeric_limits<int>::is_signed, bool>::type)' (/wrk/ci/prod/2021.2/rdi_builds/continuous/2021_10_19_3367213/src/shared/hls/clib/hlsmath/include/FloatingPoint/hls_case_IEEE754.h:12:0)
INFO: [HLS 214-178] Inlining function 'fp_struct<float>::mantissa() const' into 'int generic_cast_IEEE754<int, (ap_q_mode)6, float>(float, bool, hls::enable_if<std::numeric_limits<int>::is_signed, bool>::type)' (/wrk/ci/prod/2021.2/rdi_builds/continuous/2021_10_19_3367213/src/shared/hls/clib/hlsmath/include/FloatingPoint/hls_case_IEEE754.h:12:0)
INFO: [HLS 214-178] Inlining function 'fp_struct<float>::expv() const' into 'int generic_cast_IEEE754<int, (ap_q_mode)6, float>(float, bool, hls::enable_if<std::numeric_limits<int>::is_signed, bool>::type)' (/wrk/ci/prod/2021.2/rdi_builds/continuous/2021_10_19_3367213/src/shared/hls/clib/hlsmath/include/FloatingPoint/hls_case_IEEE754.h:12:0)
INFO: [HLS 214-178] Inlining function 'fp_struct<float>::__signbit() const' into 'int generic_cast_IEEE754<int, (ap_q_mode)6, float>(float, bool, hls::enable_if<std::numeric_limits<int>::is_signed, bool>::type)' (/wrk/ci/prod/2021.2/rdi_builds/continuous/2021_10_19_3367213/src/shared/hls/clib/hlsmath/include/FloatingPoint/hls_case_IEEE754.h:12:0)
INFO: [HLS 214-178] Inlining function 'int generic_cast_IEEE754<int, (ap_q_mode)6, float>(float, bool, hls::enable_if<std::numeric_limits<int>::is_signed, bool>::type)' into 'int generic_cast_IEEE754<int, float>(float, bool)' (/wrk/ci/prod/2021.2/rdi_builds/continuous/2021_10_19_3367213/src/shared/hls/clib/hlsmath/include/FloatingPoint/hls_case_IEEE754.h:116:0)
INFO: [HLS 214-178] Inlining function 'int generic_cast_IEEE754<int, float>(float, bool)' into '__hls_fptosi_float_i32' (/wrk/ci/prod/2021.2/rdi_builds/continuous/2021_10_19_3367213/src/shared/hls/clib/hlsmath/src/lib_floatconversion.cpp:51:0)
INFO: [HLS 214-178] Inlining function 'Point_2hw::x() const (.155)' into 'Point_2hw::squared_distance(Point_2hw&)' (new_fixedpoint2205/Aux_Lib_hw.hpp:34:0)
INFO: [HLS 214-178] Inlining function '__hls_fptosi_float_i32' into 'Point_2hw::squared_distance(Point_2hw&)' (new_fixedpoint2205/Aux_Lib_hw.hpp:34:0)
INFO: [HLS 214-178] Inlining function 'fp_mult(int, int)' into 'Point_2hw::squared_distance(Point_2hw&)' (new_fixedpoint2205/Aux_Lib_hw.hpp:34:0)
INFO: [HLS 214-178] Inlining function 'Point_2hw::y() const (.152)' into 'Point_2hw::squared_distance(Point_2hw&)' (new_fixedpoint2205/Aux_Lib_hw.hpp:34:0)
INFO: [HLS 214-178] Inlining function 'Point_2hw::Point_2hw(int, int)' into 'Cal_Squared_Disthw(Node_Randhw&, Node_RRT_Poshw&)' (new_fixedpoint2205/main.cpp:21:0)
INFO: [HLS 214-178] Inlining function 'Point_2hw::squared_distance(Point_2hw&)' into 'Cal_Squared_Disthw(Node_Randhw&, Node_RRT_Poshw&)' (new_fixedpoint2205/main.cpp:21:0)
INFO: [HLS 214-178] Inlining function 'Point_2hw::Point_2hw(int, int)' into 'Cal_Disthw(Node_RRT_Poshw&, Node_Randhw&)' (new_fixedpoint2205/main.cpp:8:0)
INFO: [HLS 214-178] Inlining function 'Point_2hw::squared_distance(Point_2hw&)' into 'Cal_Disthw(Node_RRT_Poshw&, Node_Randhw&)' (new_fixedpoint2205/main.cpp:8:0)
INFO: [HLS 214-178] Inlining function 'fp_sqrtt(int)' into 'Cal_Disthw(Node_RRT_Poshw&, Node_Randhw&)' (new_fixedpoint2205/main.cpp:8:0)
INFO: [HLS 214-178] Inlining function 'Node_RRT_Poshw::Node_RRT_Poshw() (.172.177)' into 'A_StreamReaderhw(Node_RRT_Poshw&, Node_Randhw&, int)' (new_fixedpoint2205/main.cpp:39:0)
INFO: [HLS 214-178] Inlining function 'int FloatToFixed<16ul>(float)' into 'A_StreamReaderhw(Node_RRT_Poshw&, Node_Randhw&, int)' (new_fixedpoint2205/main.cpp:39:0)
INFO: [HLS 214-178] Inlining function 'fp_div(int, int)' into 'A_StreamReaderhw(Node_RRT_Poshw&, Node_Randhw&, int)' (new_fixedpoint2205/main.cpp:39:0)
INFO: [HLS 214-178] Inlining function 'Position_Holonomic_hw::Insert_Position(int, int)' into 'A_StreamReaderhw(Node_RRT_Poshw&, Node_Randhw&, int)' (new_fixedpoint2205/main.cpp:39:0)
INFO: [HLS 214-178] Inlining function 'fp_mult(int, int)' into 'A_StreamReaderhw(Node_RRT_Poshw&, Node_Randhw&, int)' (new_fixedpoint2205/main.cpp:39:0)
INFO: [HLS 214-178] Inlining function 'fp_mult(int, int)' into 'Point_2hw::squared_distance(int, int)' (new_fixedpoint2205/Aux_Lib_hw.hpp:39:0)
INFO: [HLS 214-178] Inlining function 'Point_2hw::x() const' into 'Segment_3hw::squared_distance(int&, int&, int, int)' (new_fixedpoint2205/Aux_Lib_hw.hpp:102:0)
INFO: [HLS 214-178] Inlining function 'fp_mult(int, int)' into 'Segment_3hw::squared_distance(int&, int&, int, int)' (new_fixedpoint2205/Aux_Lib_hw.hpp:102:0)
INFO: [HLS 214-178] Inlining function 'Point_2hw::y() const' into 'Segment_3hw::squared_distance(int&, int&, int, int)' (new_fixedpoint2205/Aux_Lib_hw.hpp:102:0)
INFO: [HLS 214-178] Inlining function 'fp_div(int, int)' into 'Segment_3hw::squared_distance(int&, int&, int, int)' (new_fixedpoint2205/Aux_Lib_hw.hpp:102:0)
INFO: [HLS 214-178] Inlining function 'Point_2hw::squared_distance(int, int)' into 'Segment_3hw::squared_distance(int&, int&, int, int)' (new_fixedpoint2205/Aux_Lib_hw.hpp:102:0)
INFO: [HLS 214-178] Inlining function 'Segment_3hw::squared_distance(int&, int&, int, int)' into 'Collision_detectedhw(int&, int&, int, Segment_3hw*, int)' (new_fixedpoint2205/main.cpp:78:0)
INFO: [HLS 214-178] Inlining function 'Position_Holonomic_hw::Position_Holonomic_hw() (.165)' into 'Obstacle_Freehw(Position_Holonomic_hw&, Position_Holonomic_hw&, int, Segment_3hw*, int)' (new_fixedpoint2205/main.cpp:98:0)
INFO: [HLS 214-178] Inlining function 'int FloatToFixed<16ul>(float)' into 'Obstacle_Freehw(Position_Holonomic_hw&, Position_Holonomic_hw&, int, Segment_3hw*, int)' (new_fixedpoint2205/main.cpp:98:0)
INFO: [HLS 214-178] Inlining function 'fp_div(int, int)' into 'Obstacle_Freehw(Position_Holonomic_hw&, Position_Holonomic_hw&, int, Segment_3hw*, int)' (new_fixedpoint2205/main.cpp:98:0)
INFO: [HLS 214-178] Inlining function 'fp_mult(int, int)' into 'Obstacle_Freehw(Position_Holonomic_hw&, Position_Holonomic_hw&, int, Segment_3hw*, int)' (new_fixedpoint2205/main.cpp:98:0)
INFO: [HLS 214-178] Inlining function 'Point_2hw::Point_2hw(int, int)' into 'Cal_Squared_Disthw(Node_RRT_Poshw&, Node_RRT_Poshw&)' (new_fixedpoint2205/main.cpp:31:0)
INFO: [HLS 214-178] Inlining function 'Point_2hw::squared_distance(Point_2hw&)' into 'Cal_Squared_Disthw(Node_RRT_Poshw&, Node_RRT_Poshw&)' (new_fixedpoint2205/main.cpp:31:0)
INFO: [HLS 214-178] Inlining function 'Cal_Squared_Disthw(Node_RRT_Poshw&, Node_RRT_Poshw&)' into 'Nearhw(int*, Node_RRT_Poshw*, Node_RRT_Poshw&, int, int, int&)' (new_fixedpoint2205/main.cpp:134:0)
INFO: [HLS 214-178] Inlining function 'fp_mult(int, int)' into 'Costhw(Position_Holonomic_hw&, Position_Holonomic_hw&)' (new_fixedpoint2205/main.cpp:155:0)
INFO: [HLS 214-178] Inlining function 'fp_sqrtt(int)' into 'Costhw(Position_Holonomic_hw&, Position_Holonomic_hw&)' (new_fixedpoint2205/main.cpp:155:0)
INFO: [HLS 214-178] Inlining function 'Segment_3hw::Segment_3hw()' into 'rrt(hls::stream<hls::axis<ap_int<64>, 2ul, 5ul, 6ul>, 0>&, float, float, int, float*, float, float, hls::stream<hls::axis<ap_int<32>, 2ul, 5ul, 6ul>, 0>&)' (new_fixedpoint2205/main.cpp:180:0)
INFO: [HLS 214-178] Inlining function 'Node_RRT_Poshw::Node_RRT_Poshw() (.172.177)' into 'rrt(hls::stream<hls::axis<ap_int<64>, 2ul, 5ul, 6ul>, 0>&, float, float, int, float*, float, float, hls::stream<hls::axis<ap_int<32>, 2ul, 5ul, 6ul>, 0>&)' (new_fixedpoint2205/main.cpp:180:0)
INFO: [HLS 214-178] Inlining function 'Node_Randhw::Node_Randhw()' into 'rrt(hls::stream<hls::axis<ap_int<64>, 2ul, 5ul, 6ul>, 0>&, float, float, int, float*, float, float, hls::stream<hls::axis<ap_int<32>, 2ul, 5ul, 6ul>, 0>&)' (new_fixedpoint2205/main.cpp:180:0)
INFO: [HLS 214-178] Inlining function 'Node_RRT_Poshw::Node_RRT_Poshw()' into 'rrt(hls::stream<hls::axis<ap_int<64>, 2ul, 5ul, 6ul>, 0>&, float, float, int, float*, float, float, hls::stream<hls::axis<ap_int<32>, 2ul, 5ul, 6ul>, 0>&)' (new_fixedpoint2205/main.cpp:180:0)
INFO: [HLS 214-178] Inlining function 'Cal_Squared_Disthw(Node_Randhw&, Node_RRT_Poshw&)' into 'rrt(hls::stream<hls::axis<ap_int<64>, 2ul, 5ul, 6ul>, 0>&, float, float, int, float*, float, float, hls::stream<hls::axis<ap_int<32>, 2ul, 5ul, 6ul>, 0>&)' (new_fixedpoint2205/main.cpp:180:0)
INFO: [HLS 214-178] Inlining function 'float FixedToFloat<16ul>(int)' into 'rrt(hls::stream<hls::axis<ap_int<64>, 2ul, 5ul, 6ul>, 0>&, float, float, int, float*, float, float, hls::stream<hls::axis<ap_int<32>, 2ul, 5ul, 6ul>, 0>&)' (new_fixedpoint2205/main.cpp:180:0)
INFO: [HLS 214-178] Inlining function 'Costhw(Position_Holonomic_hw&, Position_Holonomic_hw&)' into 'rrt(hls::stream<hls::axis<ap_int<64>, 2ul, 5ul, 6ul>, 0>&, float, float, int, float*, float, float, hls::stream<hls::axis<ap_int<32>, 2ul, 5ul, 6ul>, 0>&)' (new_fixedpoint2205/main.cpp:180:0)
INFO: [HLS 214-270] Starting automatic array partition analysis...
INFO: [HLS 214-131] Inlining function '_llvm.fpga.unpack.none.s_struct.ap_int<64>s.i64' into 'rrt(hls::stream<hls::axis<ap_int<64>, 2ul, 5ul, 6ul>, 0>&, float, float, int, float*, float, float, hls::stream<hls::axis<ap_int<32>, 2ul, 5ul, 6ul>, 0>&)' (/tools/Xilinx/Vitis_HLS/2021.2/common/technology/autopilot/ap_axi_sdata.h:293:5)
INFO: [HLS 214-131] Inlining function '_llvm.fpga.pack.none.i6.s_struct.ap_uint<6>s' into 'rrt(hls::stream<hls::axis<ap_int<64>, 2ul, 5ul, 6ul>, 0>&, float, float, int, float*, float, float, hls::stream<hls::axis<ap_int<32>, 2ul, 5ul, 6ul>, 0>&)' (/tools/Xilinx/Vitis_HLS/2021.2/common/technology/autopilot/ap_axi_sdata.h:304:5)
INFO: [HLS 214-131] Inlining function '_llvm.fpga.pack.none.i5.s_struct.ap_uint<5>s' into 'rrt(hls::stream<hls::axis<ap_int<64>, 2ul, 5ul, 6ul>, 0>&, float, float, int, float*, float, float, hls::stream<hls::axis<ap_int<32>, 2ul, 5ul, 6ul>, 0>&)' (/tools/Xilinx/Vitis_HLS/2021.2/common/technology/autopilot/ap_axi_sdata.h:304:5)
INFO: [HLS 214-131] Inlining function '_llvm.fpga.pack.none.i1.s_struct.ap_uint<1>s' into 'rrt(hls::stream<hls::axis<ap_int<64>, 2ul, 5ul, 6ul>, 0>&, float, float, int, float*, float, float, hls::stream<hls::axis<ap_int<32>, 2ul, 5ul, 6ul>, 0>&)' (/tools/Xilinx/Vitis_HLS/2021.2/common/technology/autopilot/ap_axi_sdata.h:304:5)
INFO: [HLS 214-131] Inlining function '_llvm.fpga.pack.none.i2.s_struct.ap_uint<2>s' into 'rrt(hls::stream<hls::axis<ap_int<64>, 2ul, 5ul, 6ul>, 0>&, float, float, int, float*, float, float, hls::stream<hls::axis<ap_int<32>, 2ul, 5ul, 6ul>, 0>&)' (/tools/Xilinx/Vitis_HLS/2021.2/common/technology/autopilot/ap_axi_sdata.h:304:5)
INFO: [HLS 214-131] Inlining function '_llvm.fpga.pack.none.i4.s_struct.ap_uint<4>s' into 'rrt(hls::stream<hls::axis<ap_int<64>, 2ul, 5ul, 6ul>, 0>&, float, float, int, float*, float, float, hls::stream<hls::axis<ap_int<32>, 2ul, 5ul, 6ul>, 0>&)' (/tools/Xilinx/Vitis_HLS/2021.2/common/technology/autopilot/ap_axi_sdata.h:304:5)
INFO: [HLS 214-131] Inlining function '_llvm.fpga.pack.none.i32.s_struct.ap_int<32>s' into 'rrt(hls::stream<hls::axis<ap_int<64>, 2ul, 5ul, 6ul>, 0>&, float, float, int, float*, float, float, hls::stream<hls::axis<ap_int<32>, 2ul, 5ul, 6ul>, 0>&)' (/tools/Xilinx/Vitis_HLS/2021.2/common/technology/autopilot/ap_axi_sdata.h:304:5)
INFO: [HLS 214-131] Inlining function '_llvm.fpga.unpack.none.s_struct.ap_uint<8>s.i8' into 'rrt(hls::stream<hls::axis<ap_int<64>, 2ul, 5ul, 6ul>, 0>&, float, float, int, float*, float, float, hls::stream<hls::axis<ap_int<32>, 2ul, 5ul, 6ul>, 0>&)' (/tools/Xilinx/Vitis_HLS/2021.2/common/technology/autopilot/ap_axi_sdata.h:293:5)
INFO: [HLS 214-131] Inlining function '_llvm.fpga.unpack.none.s_struct.ap_uint<2>s.i2' into 'rrt(hls::stream<hls::axis<ap_int<64>, 2ul, 5ul, 6ul>, 0>&, float, float, int, float*, float, float, hls::stream<hls::axis<ap_int<32>, 2ul, 5ul, 6ul>, 0>&)' (/tools/Xilinx/Vitis_HLS/2021.2/common/technology/autopilot/ap_axi_sdata.h:293:5)
INFO: [HLS 214-131] Inlining function '_llvm.fpga.unpack.none.s_struct.ap_uint<1>s.i1' into 'rrt(hls::stream<hls::axis<ap_int<64>, 2ul, 5ul, 6ul>, 0>&, float, float, int, float*, float, float, hls::stream<hls::axis<ap_int<32>, 2ul, 5ul, 6ul>, 0>&)' (/tools/Xilinx/Vitis_HLS/2021.2/common/technology/autopilot/ap_axi_sdata.h:293:5)
INFO: [HLS 214-131] Inlining function '_llvm.fpga.unpack.none.s_struct.ap_uint<5>s.i5' into 'rrt(hls::stream<hls::axis<ap_int<64>, 2ul, 5ul, 6ul>, 0>&, float, float, int, float*, float, float, hls::stream<hls::axis<ap_int<32>, 2ul, 5ul, 6ul>, 0>&)' (/tools/Xilinx/Vitis_HLS/2021.2/common/technology/autopilot/ap_axi_sdata.h:293:5)
INFO: [HLS 214-131] Inlining function '_llvm.fpga.unpack.none.s_struct.ap_uint<6>s.i6' into 'rrt(hls::stream<hls::axis<ap_int<64>, 2ul, 5ul, 6ul>, 0>&, float, float, int, float*, float, float, hls::stream<hls::axis<ap_int<32>, 2ul, 5ul, 6ul>, 0>&)' (/tools/Xilinx/Vitis_HLS/2021.2/common/technology/autopilot/ap_axi_sdata.h:293:5)
INFO: [HLS 200-111] Finished Compiling Optimization and Transform: CPU user time: 3.57 seconds. CPU system time: 0.25 seconds. Elapsed time: 3.82 seconds; current allocated memory: 287.195 MB.
INFO: [HLS 200-111] Finished Checking Pragmas: CPU user time: 0 seconds. CPU system time: 0 seconds. Elapsed time: 0 seconds; current allocated memory: 287.195 MB.
INFO: [HLS 200-10] Starting code transformations ...
INFO: [HLS 200-111] Finished Standard Transforms: CPU user time: 0.34 seconds. CPU system time: 0.03 seconds. Elapsed time: 0.38 seconds; current allocated memory: 366.160 MB.
INFO: [HLS 200-10] Checking synthesizability ...
INFO: [XFORM 203-602] Inlining function 'Cal_Disthw' into 'A_StreamReaderhw' (new_fixedpoint2205/main.cpp:41) automatically.
INFO: [XFORM 203-602] Inlining function 'FloatToFixed<16ul>' into 'Collision_detectedhw' (new_fixedpoint2205/Aux_Lib_hw.hpp:115) automatically.
INFO: [XFORM 203-602] Inlining function '__hls_fptosi_float_i32' into 'Collision_detectedhw' (new_fixedpoint2205/Aux_Lib_hw.hpp:106) automatically.
INFO: [HLS 200-111] Finished Checking Synthesizability: CPU user time: 0.64 seconds. CPU system time: 0.04 seconds. Elapsed time: 0.68 seconds; current allocated memory: 459.246 MB.
INFO: [XFORM 203-510] Pipelining loop 'VITIS_LOOP_47_1' (new_fixedpoint2205/fixedpt.h:49) in function 'Cal_Disthw' automatically.
INFO: [XFORM 203-510] Pipelining loop 'VITIS_LOOP_110_1' (/wrk/ci/prod/2021.2/rdi_builds/continuous/2021_10_19_3367213/src/shared/hls/clib/hlsmath/include/FloatingPoint/hls_case_IEEE754.h:13) in function 'Obstacle_Freehw' automatically.
INFO: [XFORM 203-510] Pipelining loop 'VITIS_LOOP_139_1' (/wrk/ci/prod/2021.2/rdi_builds/continuous/2021_10_19_3367213/src/shared/hls/clib/hlsmath/include/FloatingPoint/hls_case_IEEE754.h:13) in function 'Nearhw' automatically.
INFO: [XFORM 203-510] Pipelining loop 'Loop-2' (new_fixedpoint2205/main.cpp:332) in function 'rrt' automatically.
INFO: [XFORM 203-510] Pipelining loop 'VITIS_LOOP_47_1' (new_fixedpoint2205/fixedpt.h:49) in function 'rrt' automatically.
INFO: [XFORM 203-510] Pipelining loop 'VITIS_LOOP_393_2' (new_fixedpoint2205/main.cpp:393) in function 'rrt' automatically.
INFO: [XFORM 203-510] Pipelining loop 'VITIS_LOOP_417_3' (new_fixedpoint2205/main.cpp:202) in function 'rrt' automatically.
INFO: [XFORM 203-502] Unrolling all loops for pipelining in function 'Collision_detectedhw' (new_fixedpoint2205/Aux_Lib_hw.hpp:27:5).
INFO: [HLS 200-489] Unrolling loop 'VITIS_LOOP_82_1' (new_fixedpoint2205/main.cpp:82) in function 'Collision_detectedhw' completely with a factor of 28.
INFO: [XFORM 203-102] Partitioning array 'Bool' (new_fixedpoint2205/main.cpp:81) automatically.
INFO: [XFORM 203-602] Inlining function 'Cal_Disthw' into 'A_StreamReaderhw' (new_fixedpoint2205/main.cpp:41) automatically.
INFO: [XFORM 203-602] Inlining function 'FloatToFixed<16ul>' into 'Collision_detectedhw' (new_fixedpoint2205/Aux_Lib_hw.hpp:115) automatically.
INFO: [XFORM 203-602] Inlining function 'Obstacle_Freehw' into 'rrt' (new_fixedpoint2205/main.cpp:377) automatically.
INFO: [XFORM 203-401] Performing if-conversion on hyperblock from (/wrk/ci/prod/2021.2/rdi_builds/continuous/2021_10_19_3367213/src/shared/hls/clib/hlsmath/include/FloatingPoint/hls_case_IEEE754.h:13:17) in function 'rrt'... converting 3 basic blocks.
INFO: [XFORM 203-401] Performing if-conversion on hyperblock from (new_fixedpoint2205/fixedpt.h:58:7) in function 'A_StreamReaderhw'... converting 3 basic blocks.
INFO: [XFORM 203-602] Inlining function 'A_StreamReaderhw' into 'rrt' (new_fixedpoint2205/main.cpp:367) automatically.
INFO: [XFORM 203-11] Balancing expressions in function 'rrt' (new_fixedpoint2205/main.cpp:7:47)...9 expression(s) balanced.
INFO: [XFORM 203-11] Balancing expressions in function 'Collision_detectedhw' (new_fixedpoint2205/Aux_Lib_hw.hpp:34:5)...3 expression(s) balanced.
INFO: [HLS 200-111] Finished Loop, function and other optimizations: CPU user time: 0.8 seconds. CPU system time: 0.03 seconds. Elapsed time: 0.84 seconds; current allocated memory: 580.125 MB.
INFO: [XFORM 203-603] Evaluating the output(s) of a call to function '__hls_fptosi_float_i32' (new_fixedpoint2205/Aux_Lib_hw.hpp:106:42) in function 'Collision_detectedhw' and propagating its result(s) since all actual argument(s) to the function are constants.
INFO: [XFORM 203-603] Evaluating the output(s) of a call to function '__hls_fptosi_float_i32' (new_fixedpoint2205/Aux_Lib_hw.hpp:107:34) in function 'Collision_detectedhw' and propagating its result(s) since all actual argument(s) to the function are constants.
INFO: [HLS 200-472] Inferring partial write operation for 'X_near' (new_fixedpoint2205/main.cpp:149:24)
INFO: [HLS 200-472] Inferring partial write operation for 'RRT_Star.Position.x' (new_fixedpoint2205/RRT_Star_hw.hpp:14:5)
INFO: [HLS 200-472] Inferring partial write operation for 'RRT_Star.Position.y' (new_fixedpoint2205/RRT_Star_hw.hpp:15:5)
INFO: [HLS 200-472] Inferring partial write operation for 'RRT_Star.Location_List' (new_fixedpoint2205/RRT_Star_hw.hpp:87:17)
INFO: [HLS 200-472] Inferring partial write operation for 'RRT_Star.Position.x' (new_fixedpoint2205/main.cpp:345:25)
INFO: [HLS 200-472] Inferring partial write operation for 'RRT_Star.Position.y' (new_fixedpoint2205/main.cpp:346:25)
INFO: [HLS 200-472] Inferring partial write operation for 'RRT_Star.Location_List' (new_fixedpoint2205/main.cpp:347:28)
INFO: [HLS 200-472] Inferring partial write operation for 'Bool' (new_fixedpoint2205/main.cpp:120:10)
INFO: [HLS 200-111] Finished Architecture Synthesis: CPU user time: 0.45 seconds. CPU system time: 0.04 seconds. Elapsed time: 0.5 seconds; current allocated memory: 707.074 MB.
INFO: [HLS 200-10] Starting hardware synthesis ...
INFO: [HLS 200-10] Synthesizing 'rrt' ...
WARNING: [SYN 201-103] Legalizing function name 'FloatToFixed<16ul>' to 'FloatToFixed_16ul_s'.
WARNING: [SYN 201-103] Legalizing function name '__hls_fptosi_float_i32' to 'p_hls_fptosi_float_i32'.
INFO: [HLS 200-10] ----------------------------------------------------------------
INFO: [HLS 200-42] -- Implementing module 'FloatToFixed_16ul_s' 
INFO: [HLS 200-10] ----------------------------------------------------------------
INFO: [SCHED 204-11] Starting scheduling ...
INFO: [SCHED 204-61] Pipelining function 'FloatToFixed<16ul>'.
INFO: [HLS 200-1470] Pipelining result : Target II = NA, Final II = 1, Depth = 22, function 'FloatToFixed<16ul>'
INFO: [SCHED 204-11] Finished scheduling.
INFO: [HLS 200-111] Finished Scheduling: CPU user time: 0.15 seconds. CPU system time: 0.03 seconds. Elapsed time: 0.19 seconds; current allocated memory: 707.863 MB.
INFO: [BIND 205-100] Starting micro-architecture generation ...
INFO: [BIND 205-101] Performing variable lifetime analysis.
INFO: [BIND 205-101] Exploring resource sharing.
INFO: [BIND 205-101] Binding ...
INFO: [BIND 205-100] Finished micro-architecture generation.
INFO: [HLS 200-111] Finished Binding: CPU user time: 0.09 seconds. CPU system time: 0 seconds. Elapsed time: 0.1 seconds; current allocated memory: 707.863 MB.
INFO: [HLS 200-10] ----------------------------------------------------------------
INFO: [HLS 200-42] -- Implementing module 'rrt_Pipeline_1' 
INFO: [HLS 200-10] ----------------------------------------------------------------
INFO: [SCHED 204-11] Starting scheduling ...
INFO: [SCHED 204-61] Pipelining loop 'Loop 1'.
INFO: [HLS 200-1470] Pipelining result : Target II = NA, Final II = 1, Depth = 1, loop 'Loop 1'
INFO: [SCHED 204-11] Finished scheduling.
INFO: [HLS 200-111] Finished Scheduling: CPU user time: 0.08 seconds. CPU system time: 0 seconds. Elapsed time: 0.07 seconds; current allocated memory: 707.863 MB.
INFO: [BIND 205-100] Starting micro-architecture generation ...
INFO: [BIND 205-101] Performing variable lifetime analysis.
INFO: [BIND 205-101] Exploring resource sharing.
INFO: [BIND 205-101] Binding ...
INFO: [BIND 205-100] Finished micro-architecture generation.
INFO: [HLS 200-111] Finished Binding: CPU user time: 0.01 seconds. CPU system time: 0 seconds. Elapsed time: 0.02 seconds; current allocated memory: 707.863 MB.
INFO: [HLS 200-10] ----------------------------------------------------------------
INFO: [HLS 200-42] -- Implementing module 'rrt_Pipeline_VITIS_LOOP_339_1' 
INFO: [HLS 200-10] ----------------------------------------------------------------
INFO: [SCHED 204-11] Starting scheduling ...
INFO: [SCHED 204-61] Pipelining loop 'VITIS_LOOP_339_1'.
INFO: [HLS 200-1470] Pipelining result : Target II = NA, Final II = 1, Depth = 52, loop 'VITIS_LOOP_339_1'
WARNING: [HLS 200-871] Estimated clock period (6.312ns) exceeds the target (target clock period: 6.75ns, clock uncertainty: 1.8225ns, effective delay budget: 4.9275ns).
WARNING: [HLS 200-1016] The critical path in module 'rrt_Pipeline_VITIS_LOOP_339_1' consists of the following:	'sitofp' operation ('conv_i_i_i', new_fixedpoint2205/Aux_Lib_hw.hpp:27) [70]  (6.31 ns)

INFO: [SCHED 204-11] Finished scheduling.
INFO: [HLS 200-111] Finished Scheduling: CPU user time: 0.11 seconds. CPU system time: 0 seconds. Elapsed time: 0.11 seconds; current allocated memory: 708.316 MB.
INFO: [BIND 205-100] Starting micro-architecture generation ...
INFO: [BIND 205-101] Performing variable lifetime analysis.
INFO: [BIND 205-101] Exploring resource sharing.
INFO: [BIND 205-101] Binding ...
INFO: [BIND 205-100] Finished micro-architecture generation.
INFO: [HLS 200-111] Finished Binding: CPU user time: 0.21 seconds. CPU system time: 0 seconds. Elapsed time: 0.22 seconds; current allocated memory: 708.316 MB.
INFO: [HLS 200-10] ----------------------------------------------------------------
INFO: [HLS 200-42] -- Implementing module 'rrt_Pipeline_VITIS_LOOP_47_1' 
INFO: [HLS 200-10] ----------------------------------------------------------------
INFO: [SCHED 204-11] Starting scheduling ...
INFO: [SCHED 204-61] Pipelining loop 'VITIS_LOOP_47_1'.
WARNING: [HLS 200-880] The II Violation in module 'rrt_Pipeline_VITIS_LOOP_47_1' (loop 'VITIS_LOOP_47_1'): Unable to enforce a carried dependence constraint (II = 1, distance = 1, offset = 0) between 'store' operation ('q_1_write_ln47', new_fixedpoint2205/fixedpt.h:47->new_fixedpoint2205/main.cpp:367) of variable 'q', new_fixedpoint2205/fixedpt.h:50->new_fixedpoint2205/main.cpp:367 on local variable 'q' and 'load' operation ('q_1_load', new_fixedpoint2205/fixedpt.h:49->new_fixedpoint2205/main.cpp:367) on local variable 'q'.
INFO: [HLS 200-1470] Pipelining result : Target II = NA, Final II = 2, Depth = 4, loop 'VITIS_LOOP_47_1'
INFO: [SCHED 204-11] Finished scheduling.
INFO: [HLS 200-111] Finished Scheduling: CPU user time: 0.21 seconds. CPU system time: 0.01 seconds. Elapsed time: 0.21 seconds; current allocated memory: 708.316 MB.
INFO: [BIND 205-100] Starting micro-architecture generation ...
INFO: [BIND 205-101] Performing variable lifetime analysis.
INFO: [BIND 205-101] Exploring resource sharing.
INFO: [BIND 205-101] Binding ...
INFO: [BIND 205-100] Finished micro-architecture generation.
INFO: [HLS 200-111] Finished Binding: CPU user time: 0.03 seconds. CPU system time: 0 seconds. Elapsed time: 0.03 seconds; current allocated memory: 708.316 MB.
INFO: [HLS 200-10] ----------------------------------------------------------------
INFO: [HLS 200-42] -- Implementing module 'p_hls_fptosi_float_i32' 
INFO: [HLS 200-10] ----------------------------------------------------------------
INFO: [SCHED 204-11] Starting scheduling ...
INFO: [SCHED 204-61] Pipelining function '__hls_fptosi_float_i32'.
INFO: [HLS 200-1470] Pipelining result : Target II = NA, Final II = 1, Depth = 3, function '__hls_fptosi_float_i32'
INFO: [SCHED 204-11] Finished scheduling.
INFO: [HLS 200-111] Finished Scheduling: CPU user time: 0.04 seconds. CPU system time: 0 seconds. Elapsed time: 0.05 seconds; current allocated memory: 708.328 MB.
INFO: [BIND 205-100] Starting micro-architecture generation ...
INFO: [BIND 205-101] Performing variable lifetime analysis.
INFO: [BIND 205-101] Exploring resource sharing.
INFO: [BIND 205-101] Binding ...
INFO: [BIND 205-100] Finished micro-architecture generation.
INFO: [HLS 200-111] Finished Binding: CPU user time: 0.02 seconds. CPU system time: 0 seconds. Elapsed time: 0.03 seconds; current allocated memory: 708.328 MB.
INFO: [HLS 200-10] ----------------------------------------------------------------
INFO: [HLS 200-42] -- Implementing module 'Collision_detectedhw' 
INFO: [HLS 200-10] ----------------------------------------------------------------
INFO: [SCHED 204-11] Starting scheduling ...
INFO: [SCHED 204-61] Pipelining function 'Collision_detectedhw'.
INFO: [HLS 200-1470] Pipelining result : Target II = NA, Final II = 1, Depth = 40, function 'Collision_detectedhw'
WARNING: [HLS 200-871] Estimated clock period (6.312ns) exceeds the target (target clock period: 6.75ns, clock uncertainty: 1.8225ns, effective delay budget: 4.9275ns).
WARNING: [HLS 200-1016] The critical path in module 'Collision_detectedhw' consists of the following:	wire read operation ('x') on port 'p_read' [6]  (0 ns)
	'sitofp' operation ('conv_i') [7]  (6.31 ns)

INFO: [SCHED 204-11] Finished scheduling.
INFO: [HLS 200-111] Finished Scheduling: CPU user time: 0.22 seconds. CPU system time: 0 seconds. Elapsed time: 0.22 seconds; current allocated memory: 710.824 MB.
INFO: [BIND 205-100] Starting micro-architecture generation ...
INFO: [BIND 205-101] Performing variable lifetime analysis.
INFO: [BIND 205-101] Exploring resource sharing.
INFO: [BIND 205-101] Binding ...
INFO: [BIND 205-100] Finished micro-architecture generation.
INFO: [HLS 200-111] Finished Binding: CPU user time: 0.3 seconds. CPU system time: 0 seconds. Elapsed time: 0.3 seconds; current allocated memory: 710.824 MB.
INFO: [HLS 200-10] ----------------------------------------------------------------
INFO: [HLS 200-42] -- Implementing module 'rrt_Pipeline_VITIS_LOOP_110_1' 
INFO: [HLS 200-10] ----------------------------------------------------------------
INFO: [SCHED 204-11] Starting scheduling ...
INFO: [SCHED 204-61] Pipelining loop 'VITIS_LOOP_110_1'.
INFO: [HLS 200-1470] Pipelining result : Target II = NA, Final II = 1, Depth = 75, loop 'VITIS_LOOP_110_1'
WARNING: [HLS 200-871] Estimated clock period (6.312ns) exceeds the target (target clock period: 6.75ns, clock uncertainty: 1.8225ns, effective delay budget: 4.9275ns).
WARNING: [HLS 200-1016] The critical path in module 'rrt_Pipeline_VITIS_LOOP_110_1' consists of the following:	'alloca' operation ('i') [7]  (0 ns)
	'load' operation ('i', new_fixedpoint2205/main.cpp:110->new_fixedpoint2205/main.cpp:377) on local variable 'i' [16]  (0 ns)
	'sitofp' operation ('d', new_fixedpoint2205/main.cpp:112->new_fixedpoint2205/main.cpp:377) [26]  (6.31 ns)

INFO: [SCHED 204-11] Finished scheduling.
INFO: [HLS 200-111] Finished Scheduling: CPU user time: 0.51 seconds. CPU system time: 0.01 seconds. Elapsed time: 0.51 seconds; current allocated memory: 711.527 MB.
INFO: [BIND 205-100] Starting micro-architecture generation ...
INFO: [BIND 205-101] Performing variable lifetime analysis.
INFO: [BIND 205-101] Exploring resource sharing.
INFO: [BIND 205-101] Binding ...
INFO: [BIND 205-100] Finished micro-architecture generation.
INFO: [HLS 200-111] Finished Binding: CPU user time: 0.33 seconds. CPU system time: 0 seconds. Elapsed time: 0.33 seconds; current allocated memory: 711.527 MB.
INFO: [HLS 200-10] ----------------------------------------------------------------
INFO: [HLS 200-42] -- Implementing module 'rrt_Pipeline_VITIS_LOOP_417_3' 
INFO: [HLS 200-10] ----------------------------------------------------------------
INFO: [SCHED 204-11] Starting scheduling ...
INFO: [SCHED 204-61] Pipelining loop 'VITIS_LOOP_417_3'.
INFO: [HLS 200-1470] Pipelining result : Target II = NA, Final II = 1, Depth = 2, loop 'VITIS_LOOP_417_3'
INFO: [SCHED 204-11] Finished scheduling.
INFO: [HLS 200-111] Finished Scheduling: CPU user time: 0.38 seconds. CPU system time: 0 seconds. Elapsed time: 0.39 seconds; current allocated memory: 712.387 MB.
INFO: [BIND 205-100] Starting micro-architecture generation ...
INFO: [BIND 205-101] Performing variable lifetime analysis.
INFO: [BIND 205-101] Exploring resource sharing.
INFO: [BIND 205-101] Binding ...
INFO: [BIND 205-100] Finished micro-architecture generation.
INFO: [HLS 200-111] Finished Binding: CPU user time: 0.02 seconds. CPU system time: 0 seconds. Elapsed time: 0.01 seconds; current allocated memory: 712.387 MB.
INFO: [HLS 200-10] ----------------------------------------------------------------
INFO: [HLS 200-42] -- Implementing module 'Nearhw' 
INFO: [HLS 200-10] ----------------------------------------------------------------
INFO: [SCHED 204-11] Starting scheduling ...
INFO: [SCHED 204-61] Pipelining loop 'VITIS_LOOP_139_1'.
INFO: [HLS 200-1470] Pipelining result : Target II = NA, Final II = 1, Depth = 30, loop 'VITIS_LOOP_139_1'
WARNING: [HLS 200-871] Estimated clock period (6.312ns) exceeds the target (target clock period: 6.75ns, clock uncertainty: 1.8225ns, effective delay budget: 4.9275ns).
WARNING: [HLS 200-1016] The critical path in module 'Nearhw' consists of the following:	wire read operation ('p_read_2') on port 'p_read' [15]  (0 ns)
	'sitofp' operation ('conv_i_i') [16]  (6.31 ns)

INFO: [SCHED 204-11] Finished scheduling.
INFO: [HLS 200-111] Finished Scheduling: CPU user time: 0.09 seconds. CPU system time: 0.01 seconds. Elapsed time: 0.09 seconds; current allocated memory: 712.875 MB.
INFO: [BIND 205-100] Starting micro-architecture generation ...
INFO: [BIND 205-101] Performing variable lifetime analysis.
INFO: [BIND 205-101] Exploring resource sharing.
INFO: [BIND 205-101] Binding ...
INFO: [BIND 205-100] Finished micro-architecture generation.
INFO: [HLS 200-111] Finished Binding: CPU user time: 0.16 seconds. CPU system time: 0 seconds. Elapsed time: 0.16 seconds; current allocated memory: 712.875 MB.
INFO: [HLS 200-10] ----------------------------------------------------------------
INFO: [HLS 200-42] -- Implementing module 'rrt_Pipeline_VITIS_LOOP_47_12' 
INFO: [HLS 200-10] ----------------------------------------------------------------
INFO: [SCHED 204-11] Starting scheduling ...
INFO: [SCHED 204-61] Pipelining loop 'VITIS_LOOP_47_1'.
WARNING: [HLS 200-880] The II Violation in module 'rrt_Pipeline_VITIS_LOOP_47_12' (loop 'VITIS_LOOP_47_1'): Unable to enforce a carried dependence constraint (II = 1, distance = 1, offset = 0) between 'store' operation ('q_write_ln47', new_fixedpoint2205/fixedpt.h:47) of variable 'q', new_fixedpoint2205/fixedpt.h:50 on local variable 'q' and 'load' operation ('q_load', new_fixedpoint2205/fixedpt.h:49) on local variable 'q'.
INFO: [HLS 200-1470] Pipelining result : Target II = NA, Final II = 2, Depth = 4, loop 'VITIS_LOOP_47_1'
INFO: [SCHED 204-11] Finished scheduling.
INFO: [HLS 200-111] Finished Scheduling: CPU user time: 0.14 seconds. CPU system time: 0 seconds. Elapsed time: 0.14 seconds; current allocated memory: 713.867 MB.
INFO: [BIND 205-100] Starting micro-architecture generation ...
INFO: [BIND 205-101] Performing variable lifetime analysis.
INFO: [BIND 205-101] Exploring resource sharing.
INFO: [BIND 205-101] Binding ...
INFO: [BIND 205-100] Finished micro-architecture generation.
INFO: [HLS 200-111] Finished Binding: CPU user time: 0.03 seconds. CPU system time: 0 seconds. Elapsed time: 0.03 seconds; current allocated memory: 713.867 MB.
INFO: [HLS 200-10] ----------------------------------------------------------------
INFO: [HLS 200-42] -- Implementing module 'rrt_Pipeline_VITIS_LOOP_393_2' 
INFO: [HLS 200-10] ----------------------------------------------------------------
INFO: [SCHED 204-11] Starting scheduling ...
INFO: [SCHED 204-61] Pipelining loop 'VITIS_LOOP_393_2'.
INFO: [HLS 200-1470] Pipelining result : Target II = NA, Final II = 1, Depth = 2, loop 'VITIS_LOOP_393_2'
INFO: [SCHED 204-11] Finished scheduling.
INFO: [HLS 200-111] Finished Scheduling: CPU user time: 0.05 seconds. CPU system time: 0 seconds. Elapsed time: 0.05 seconds; current allocated memory: 714.059 MB.
INFO: [BIND 205-100] Starting micro-architecture generation ...
INFO: [BIND 205-101] Performing variable lifetime analysis.
INFO: [BIND 205-101] Exploring resource sharing.
INFO: [BIND 205-101] Binding ...
INFO: [BIND 205-100] Finished micro-architecture generation.
INFO: [HLS 200-111] Finished Binding: CPU user time: 0.03 seconds. CPU system time: 0 seconds. Elapsed time: 0.04 seconds; current allocated memory: 714.059 MB.
INFO: [HLS 200-10] ----------------------------------------------------------------
INFO: [HLS 200-42] -- Implementing module 'rrt' 
INFO: [HLS 200-10] ----------------------------------------------------------------
INFO: [SCHED 204-11] Starting scheduling ...
WARNING: [HLS 200-871] Estimated clock period (6.312ns) exceeds the target (target clock period: 6.75ns, clock uncertainty: 1.8225ns, effective delay budget: 4.9275ns).
WARNING: [HLS 200-1016] The critical path in module 'rrt' consists of the following:	'sitofp' operation ('conv_i_i', new_fixedpoint2205/main.cpp:318) [86]  (6.31 ns)

INFO: [SCHED 204-11] Finished scheduling.
INFO: [HLS 200-111] Finished Scheduling: CPU user time: 0.28 seconds. CPU system time: 0 seconds. Elapsed time: 0.28 seconds; current allocated memory: 715.977 MB.
INFO: [BIND 205-100] Starting micro-architecture generation ...
INFO: [BIND 205-101] Performing variable lifetime analysis.
INFO: [BIND 205-101] Exploring resource sharing.
INFO: [BIND 205-101] Binding ...
INFO: [BIND 205-100] Finished micro-architecture generation.
INFO: [HLS 200-111] Finished Binding: CPU user time: 0.75 seconds. CPU system time: 0 seconds. Elapsed time: 0.76 seconds; current allocated memory: 716.113 MB.
INFO: [HLS 200-10] ----------------------------------------------------------------
INFO: [HLS 200-10] -- Generating RTL for module 'FloatToFixed_16ul_s' 
INFO: [HLS 200-10] ----------------------------------------------------------------
INFO: [RTGEN 206-100] Generating core module 'dadd_64ns_64ns_64_12_full_dsp_0': 1 instance(s).
INFO: [RTGEN 206-100] Generating core module 'fcmp_32ns_32ns_1_3_no_dsp_0': 1 instance(s).
INFO: [RTGEN 206-100] Generating core module 'fmul_32ns_32ns_32_5_max_dsp_0': 1 instance(s).
INFO: [RTGEN 206-100] Generating core module 'fpext_32ns_64_2_no_dsp_0': 1 instance(s).
INFO: [RTGEN 206-100] Finished creating RTL model for 'FloatToFixed_16ul_s'.
INFO: [HLS 200-111] Finished Creating RTL model: CPU user time: 0.86 seconds. CPU system time: 0 seconds. Elapsed time: 0.88 seconds; current allocated memory: 716.930 MB.
INFO: [HLS 200-10] ----------------------------------------------------------------
INFO: [HLS 200-10] -- Generating RTL for module 'rrt_Pipeline_1' 
INFO: [HLS 200-10] ----------------------------------------------------------------
INFO: [RTGEN 206-100] Finished creating RTL model for 'rrt_Pipeline_1'.
INFO: [HLS 200-111] Finished Creating RTL model: CPU user time: 0.13 seconds. CPU system time: 0 seconds. Elapsed time: 0.14 seconds; current allocated memory: 718.059 MB.
INFO: [HLS 200-10] ----------------------------------------------------------------
INFO: [HLS 200-10] -- Generating RTL for module 'rrt_Pipeline_VITIS_LOOP_339_1' 
INFO: [HLS 200-10] ----------------------------------------------------------------
INFO: [HLS 200-1030] Apply Unified Pipeline Control on module 'rrt_Pipeline_VITIS_LOOP_339_1' pipeline 'VITIS_LOOP_339_1' pipeline type 'loop pipeline'
INFO: [RTGEN 206-100] Generating core module 'fsub_32ns_32ns_32_9_full_dsp_1': 2 instance(s).
INFO: [RTGEN 206-100] Generating core module 'hptosp_16ns_32_2_no_dsp_1': 2 instance(s).
INFO: [RTGEN 206-100] Generating core module 'mul_32s_32s_48_5_1': 2 instance(s).
INFO: [RTGEN 206-100] Generating core module 'sitofp_32ns_32_7_no_dsp_1': 2 instance(s).
INFO: [RTGEN 206-100] Finished creating RTL model for 'rrt_Pipeline_VITIS_LOOP_339_1'.
INFO: [HLS 200-111] Finished Creating RTL model: CPU user time: 0.07 seconds. CPU system time: 0 seconds. Elapsed time: 0.08 seconds; current allocated memory: 721.574 MB.
INFO: [HLS 200-10] ----------------------------------------------------------------
INFO: [HLS 200-10] -- Generating RTL for module 'rrt_Pipeline_VITIS_LOOP_47_1' 
INFO: [HLS 200-10] ----------------------------------------------------------------
INFO: [HLS 200-1030] Apply Unified Pipeline Control on module 'rrt_Pipeline_VITIS_LOOP_47_1' pipeline 'VITIS_LOOP_47_1' pipeline type 'loop pipeline'
INFO: [RTGEN 206-100] Finished creating RTL model for 'rrt_Pipeline_VITIS_LOOP_47_1'.
INFO: [HLS 200-111] Finished Creating RTL model: CPU user time: 0.33 seconds. CPU system time: 0 seconds. Elapsed time: 0.34 seconds; current allocated memory: 724.496 MB.
INFO: [HLS 200-10] ----------------------------------------------------------------
INFO: [HLS 200-10] -- Generating RTL for module 'p_hls_fptosi_float_i32' 
INFO: [HLS 200-10] ----------------------------------------------------------------
INFO: [RTGEN 206-100] Finished creating RTL model for 'p_hls_fptosi_float_i32'.
INFO: [HLS 200-111] Finished Creating RTL model: CPU user time: 0.08 seconds. CPU system time: 0 seconds. Elapsed time: 0.08 seconds; current allocated memory: 725.617 MB.
INFO: [HLS 200-10] ----------------------------------------------------------------
INFO: [HLS 200-10] -- Generating RTL for module 'Collision_detectedhw' 
INFO: [HLS 200-10] ----------------------------------------------------------------
WARNING: [RTGEN 206-101] RTL name 'sitofp_32ns_32_7_no_dsp_1' is changed to 'sitofp_32ns_32_7_no_dsp_1_x' due to conflict.
WARNING: [RTGEN 206-101] RTL name 'mul_32s_32s_48_5_1' is changed to 'mul_32s_32s_48_5_1_x' due to conflict.
INFO: [RTGEN 206-104] Estimated max fanout for 'Collision_detectedhw' is 10950 from HDL expression: (1'b0 == ap_block_pp0_stage0_11001)
INFO: [RTGEN 206-100] Generating core module 'fadd_32ns_32ns_32_9_full_dsp_1': 4 instance(s).
INFO: [RTGEN 206-100] Generating core module 'mul_24s_32s_48_5_1': 4 instance(s).
INFO: [RTGEN 206-100] Generating core module 'mul_32s_32s_48_5_1_x': 14 instance(s).
INFO: [RTGEN 206-100] Generating core module 'mul_48s_50ns_97_3_1': 8 instance(s).
INFO: [RTGEN 206-100] Generating core module 'sitofp_32ns_32_7_no_dsp_1_x': 2 instance(s).
INFO: [RTGEN 206-100] Finished creating RTL model for 'Collision_detectedhw'.
INFO: [HLS 200-111] Finished Creating RTL model: CPU user time: 0.15 seconds. CPU system time: 0 seconds. Elapsed time: 0.15 seconds; current allocated memory: 730.277 MB.
INFO: [HLS 200-10] ----------------------------------------------------------------
INFO: [HLS 200-10] -- Generating RTL for module 'rrt_Pipeline_VITIS_LOOP_110_1' 
INFO: [HLS 200-10] ----------------------------------------------------------------
INFO: [HLS 200-1030] Apply Unified Pipeline Control on module 'rrt_Pipeline_VITIS_LOOP_110_1' pipeline 'VITIS_LOOP_110_1' pipeline type 'loop pipeline'
INFO: [RTGEN 206-100] Generating core module 'dadd_64ns_64ns_64_12_full_dsp_0': 1 instance(s).
INFO: [RTGEN 206-100] Generating core module 'fcmp_32ns_32ns_1_3_no_dsp_0': 1 instance(s).
INFO: [RTGEN 206-100] Generating core module 'fmul_32ns_32ns_32_5_max_dsp_0': 1 instance(s).
INFO: [RTGEN 206-100] Generating core module 'fpext_32ns_64_2_no_dsp_0': 1 instance(s).
INFO: [RTGEN 206-100] Generating core module 'mul_32s_48s_48_3_1': 2 instance(s).
INFO: [RTGEN 206-100] Generating core module 'sitofp_32ns_32_7_no_dsp_1': 1 instance(s).
INFO: [RTGEN 206-100] Finished creating RTL model for 'rrt_Pipeline_VITIS_LOOP_110_1'.
INFO: [HLS 200-111] Finished Creating RTL model: CPU user time: 1.04 seconds. CPU system time: 0 seconds. Elapsed time: 1.04 seconds; current allocated memory: 739.855 MB.
INFO: [HLS 200-10] ----------------------------------------------------------------
INFO: [HLS 200-10] -- Generating RTL for module 'rrt_Pipeline_VITIS_LOOP_417_3' 
INFO: [HLS 200-10] ----------------------------------------------------------------
INFO: [HLS 200-1030] Apply Unified Pipeline Control on module 'rrt_Pipeline_VITIS_LOOP_417_3' pipeline 'VITIS_LOOP_417_3' pipeline type 'loop pipeline'
INFO: [RTGEN 206-100] Finished creating RTL model for 'rrt_Pipeline_VITIS_LOOP_417_3'.
INFO: [HLS 200-111] Finished Creating RTL model: CPU user time: 0.5 seconds. CPU system time: 0.01 seconds. Elapsed time: 0.51 seconds; current allocated memory: 741.934 MB.
INFO: [HLS 200-10] ----------------------------------------------------------------
INFO: [HLS 200-10] -- Generating RTL for module 'Nearhw' 
INFO: [HLS 200-10] ----------------------------------------------------------------
INFO: [RTGEN 206-100] Generating core module 'fsub_32ns_32ns_32_9_full_dsp_1': 2 instance(s).
INFO: [RTGEN 206-100] Generating core module 'mul_32s_32s_48_5_1': 2 instance(s).
INFO: [RTGEN 206-100] Generating core module 'sitofp_32ns_32_7_no_dsp_1': 2 instance(s).
INFO: [RTGEN 206-100] Finished creating RTL model for 'Nearhw'.
INFO: [HLS 200-111] Finished Creating RTL model: CPU user time: 0.05 seconds. CPU system time: 0.01 seconds. Elapsed time: 0.06 seconds; current allocated memory: 743.750 MB.
INFO: [HLS 200-10] ----------------------------------------------------------------
INFO: [HLS 200-10] -- Generating RTL for module 'rrt_Pipeline_VITIS_LOOP_47_12' 
INFO: [HLS 200-10] ----------------------------------------------------------------
INFO: [HLS 200-1030] Apply Unified Pipeline Control on module 'rrt_Pipeline_VITIS_LOOP_47_12' pipeline 'VITIS_LOOP_47_1' pipeline type 'loop pipeline'
INFO: [RTGEN 206-100] Finished creating RTL model for 'rrt_Pipeline_VITIS_LOOP_47_12'.
INFO: [HLS 200-111] Finished Creating RTL model: CPU user time: 0.23 seconds. CPU system time: 0 seconds. Elapsed time: 0.22 seconds; current allocated memory: 746.141 MB.
INFO: [HLS 200-10] ----------------------------------------------------------------
INFO: [HLS 200-10] -- Generating RTL for module 'rrt_Pipeline_VITIS_LOOP_393_2' 
INFO: [HLS 200-10] ----------------------------------------------------------------
INFO: [HLS 200-1030] Apply Unified Pipeline Control on module 'rrt_Pipeline_VITIS_LOOP_393_2' pipeline 'VITIS_LOOP_393_2' pipeline type 'loop pipeline'
INFO: [RTGEN 206-100] Finished creating RTL model for 'rrt_Pipeline_VITIS_LOOP_393_2'.
INFO: [HLS 200-111] Finished Creating RTL model: CPU user time: 0.08 seconds. CPU system time: 0 seconds. Elapsed time: 0.09 seconds; current allocated memory: 747.258 MB.
INFO: [HLS 200-10] ----------------------------------------------------------------
INFO: [HLS 200-10] -- Generating RTL for module 'rrt' 
INFO: [HLS 200-10] ----------------------------------------------------------------
WARNING: [RTGEN 206-101] Design contains AXI ports. Reset is fixed to synchronous and active low.
INFO: [RTGEN 206-500] Setting interface mode on port 'rrt/dataInStream_V_data_V' to 'axis' (register, both mode).
INFO: [RTGEN 206-500] Setting interface mode on port 'rrt/dataInStream_V_keep_V' to 'axis' (register, both mode).
INFO: [RTGEN 206-500] Setting interface mode on port 'rrt/dataInStream_V_strb_V' to 'axis' (register, both mode).
INFO: [RTGEN 206-500] Setting interface mode on port 'rrt/dataInStream_V_user_V' to 'axis' (register, both mode).
INFO: [RTGEN 206-500] Setting interface mode on port 'rrt/dataInStream_V_last_V' to 'axis' (register, both mode).
INFO: [RTGEN 206-500]==============================================================
Vitis HLS - High-Level Synthesis from C, C++ and OpenCL v2021.2 (64-bit)
Copyright 1986-2021 Xilinx, Inc. All Rights Reserved.
==============================================================
INFO: [SYN 201-201] Setting up clock 'default' with a period of 6.75ns.
INFO: [HLS 200-1611] Setting target device to 'xc7z020-clg400-1'
INFO: [HLS 200-1505] Using flow_target 'vivado'
INFO: [HLS 200-1464] Running solution command: config_export -display_name=nfp02
INFO: [HLS 200-1464] Running solution command: config_export -format=ip_catalog
INFO: [HLS 200-1464] Running solution command: config_export -rtl=verilog
INFO: [HLS 200-1510] Running: set_part xc7z020-clg400-1 
INFO: [HLS 200-1510] Running: create_clock -period 6.75 -name default 
INFO: [HLS 200-1510] Running: config_export -display_name nfp02 -format ip_catalog -rtl verilog 
INFO: [HLS 200-1510] Running: set_directive_top -name rrt rrt 
INFO: [HLS 200-1510] Running: csynth_design 
INFO: [HLS 200-111] Finished File checks and directory preparation: CPU user time: 0.01 seconds. CPU system time: 0 seconds. Elapsed time: 0 seconds; current allocated memory: 1.194 GB.
INFO: [HLS 200-10] Analyzing design file 'new_fixedpoint2205/main.cpp' ... 
WARNING: [HLS 207-5287] unused parameter 'nn' (new_fixedpoint2205/Aux_Lib_hw.hpp:68:46)
WARNING: [HLS 207-5287] unused parameter 'i' (new_fixedpoint2205/Aux_Lib_hw.hpp:68:53)
WARNING: [HLS 207-5287] unused parameter 'nn' (new_fixedpoint2205/Aux_Lib_hw.hpp:101:55)
WARNING: [HLS 207-5287] unused parameter 'i' (new_fixedpoint2205/Aux_Lib_hw.hpp:101:62)
WARNING: [HLS 207-5287] unused parameter 'i' (new_fixedpoint2205/main.cpp:38:93)
INFO: [HLS 200-111] Finished Source Code Analysis and Preprocessing: CPU user time: 4.71 seconds. CPU system time: 0.51 seconds. Elapsed time: 4.66 seconds; current allocated memory: 285.188 MB.
INFO: [HLS 200-777] Using interface defaults for 'Vivado' flow target.
INFO: [HLS 214-284] Auto array partition mode is set into default.
INFO: [HLS 214-178] Inlining function 'Point_2hw::Point_2hw()' into 'Segment_3hw::Segment_3hw()' (new_fixedpoint2205/Aux_Lib_hw.hpp:45:0)
INFO: [HLS 214-178] Inlining function 'fp_struct<double>::fp_struct(double)' into 'int generic_cast_IEEE754<int, (ap_q_mode)6, double>(double, bool, hls::enable_if<std::numeric_limits<int>::is_signed, bool>::type)' (/wrk/ci/prod/2021.2/rdi_builds/continuous/2021_10_19_3367213/src/shared/hls/clib/hlsmath/include/FloatingPoint/hls_case_IEEE754.h:12:0)
INFO: [HLS 214-178] Inlining function 'fp_struct<double>::mantissa() const' into 'int generic_cast_IEEE754<int, (ap_q_mode)6, double>(double, bool, hls::enable_if<std::numeric_limits<int>::is_signed, bool>::type)' (/wrk/ci/prod/2021.2/rdi_builds/continuous/2021_10_19_3367213/src/shared/hls/clib/hlsmath/include/FloatingPoint/hls_case_IEEE754.h:12:0)
INFO: [HLS 214-178] Inlining function 'fp_struct<double>::expv() const' into 'int generic_cast_IEEE754<int, (ap_q_mode)6, double>(double, bool, hls::enable_if<std::numeric_limits<int>::is_signed, bool>::type)' (/wrk/ci/prod/2021.2/rdi_builds/continuous/2021_10_19_3367213/src/shared/hls/clib/hlsmath/include/FloatingPoint/hls_case_IEEE754.h:12:0)
INFO: [HLS 214-178] Inlining function 'fp_struct<double>::__signbit() const' into 'int generic_cast_IEEE754<int, (ap_q_mode)6, double>(double, bool, hls::enable_if<std::numeric_limits<int>::is_signed, bool>::type)' (/wrk/ci/prod/2021.2/rdi_builds/continuous/2021_10_19_3367213/src/shared/hls/clib/hlsmath/include/FloatingPoint/hls_case_IEEE754.h:12:0)
INFO: [HLS 214-178] Inlining function 'int generic_cast_IEEE754<int, (ap_q_mode)6, double>(double, bool, hls::enable_if<std::numeric_limits<int>::is_signed, bool>::type)' into 'int generic_cast_IEEE754<int, double>(double, bool)' (/wrk/ci/prod/2021.2/rdi_builds/continuous/2021_10_19_3367213/src/shared/hls/clib/hlsmath/include/FloatingPoint/hls_case_IEEE754.h:116:0)
INFO: [HLS 214-178] Inlining function 'int generic_cast_IEEE754<int, double>(double, bool)' into '__hls_fptosi_double_i32' (/wrk/ci/prod/2021.2/rdi_builds/continuous/2021_10_19_3367213/src/shared/hls/clib/hlsmath/src/lib_floatconversion.cpp:55:0)
INFO: [HLS 214-178] Inlining function '__hls_fptosi_double_i32' into 'int FloatToFixed<16ul>(float)' (new_fixedpoint2205/fixedpt.h:6:0)
INFO: [HLS 214-178] Inlining function 'int FloatToFixed<16ul>(float)' into 'Position_Holonomic_hw::Position_Holonomic_hw() (.165)' (new_fixedpoint2205/RRT_Star_hw.hpp:13:0)
INFO: [HLS 214-178] Inlining function 'Position_Holonomic_hw::Position_Holonomic_hw() (.165)' into 'Node_RRT_Poshw::Node_RRT_Poshw() (.172.177)' (new_fixedpoint2205/RRT_Star_hw.hpp:85:0)
INFO: [HLS 214-178] Inlining function 'int FloatToFixed<16ul>(float)' into 'Node_RRT_Poshw::Node_RRT_Poshw() (.172.177)' (new_fixedpoint2205/RRT_Star_hw.hpp:85:0)
INFO: [HLS 214-178] Inlining function 'Position_Holonomic_hw::Position_Holonomic_hw() (.165)' into 'Node_Randhw::Node_Randhw()' (new_fixedpoint2205/RRT_Star_hw.hpp:66:0)
INFO: [HLS 214-178] Inlining function 'int FloatToFixed<16ul>(float)' into 'Position_Holonomic_hw::Position_Holonomic_hw()' (new_fixedpoint2205/RRT_Star_hw.hpp:13:0)
INFO: [HLS 214-178] Inlining function 'Position_Holonomic_hw::Position_Holonomic_hw()' into 'Node_RRT_Poshw::Node_RRT_Poshw()' (new_fixedpoint2205/RRT_Star_hw.hpp:85:0)
INFO: [HLS 214-178] Inlining function 'int FloatToFixed<16ul>(float)' into 'Node_RRT_Poshw::Node_RRT_Poshw()' (new_fixedpoint2205/RRT_Star_hw.hpp:85:0)
INFO: [HLS 214-178] Inlining function 'fp_struct<float>::fp_struct(float)' into 'int generic_cast_IEEE754<int, (ap_q_mode)6, float>(float, bool, hls::enable_if<std::numeric_limits<int>::is_signed, bool>::type)' (/wrk/ci/prod/2021.2/rdi_builds/continuous/2021_10_19_3367213/src/shared/hls/clib/hlsmath/include/FloatingPoint/hls_case_IEEE754.h:12:0)
INFO: [HLS 214-178] Inlining function 'fp_struct<float>::mantissa() const' into 'int generic_cast_IEEE754<int, (ap_q_mode)6, float>(float, bool, hls::enable_if<std::numeric_limits<int>::is_signed, bool>::type)' (/wrk/ci/prod/2021.2/rdi_builds/continuous/2021_10_19_3367213/src/shared/hls/clib/hlsmath/include/FloatingPoint/hls_case_IEEE754.h:12:0)
INFO: [HLS 214-178] Inlining function 'fp_struct<float>::expv() const' into 'int generic_cast_IEEE754<int, (ap_q_mode)6, float>(float, bool, hls::enable_if<std::numeric_limits<int>::is_signed, bool>::type)' (/wrk/ci/prod/2021.2/rdi_builds/continuous/2021_10_19_3367213/src/shared/hls/clib/hlsmath/include/FloatingPoint/hls_case_IEEE754.h:12:0)
INFO: [HLS 214-178] Inlining function 'fp_struct<float>::__signbit() const' into 'int generic_cast_IEEE754<int, (ap_q_mode)6, float>(float, bool, hls::enable_if<std::numeric_limits<int>::is_signed, bool>::type)' (/wrk/ci/prod/2021.2/rdi_builds/continuous/2021_10_19_3367213/src/shared/hls/clib/hlsmath/include/FloatingPoint/hls_case_IEEE754.h:12:0)
INFO: [HLS 214-178] Inlining function 'int generic_cast_IEEE754<int, (ap_q_mode)6, float>(float, bool, hls::enable_if<std::numeric_limits<int>::is_signed, bool>::type)' into 'int generic_cast_IEEE754<int, float>(float, bool)' (/wrk/ci/prod/2021.2/rdi_builds/continuous/2021_10_19_3367213/src/shared/hls/clib/hlsmath/include/FloatingPoint/hls_case_IEEE754.h:116:0)
INFO: [HLS 214-178] Inlining function 'int generic_cast_IEEE754<int, float>(float, bool)' into '__hls_fptosi_float_i32' (/wrk/ci/prod/2021.2/rdi_builds/continuous/2021_10_19_3367213/src/shared/hls/clib/hlsmath/src/lib_floatconversion.cpp:51:0)
INFO: [HLS 214-178] Inlining function 'Point_2hw::x() const (.155)' into 'Point_2hw::squared_distance(Point_2hw&)' (new_fixedpoint2205/Aux_Lib_hw.hpp:34:0)
INFO: [HLS 214-178] Inlining function '__hls_fptosi_float_i32' into 'Point_2hw::squared_distance(Point_2hw&)' (new_fixedpoint2205/Aux_Lib_hw.hpp:34:0)
INFO: [HLS 214-178] Inlining function 'fp_mult(int, int)' into 'Point_2hw::squared_distance(Point_2hw&)' (new_fixedpoint2205/Aux_Lib_hw.hpp:34:0)
INFO: [HLS 214-178] Inlining function 'Point_2hw::y() const (.152)' into 'Point_2hw::squared_distance(Point_2hw&)' (new_fixedpoint2205/Aux_Lib_hw.hpp:34:0)
INFO: [HLS 214-178] Inlining function 'Point_2hw::Point_2hw(int, int)' into 'Cal_Squared_Disthw(Node_Randhw&, Node_RRT_Poshw&)' (new_fixedpoint2205/main.cpp:21:0)
INFO: [HLS 214-178] Inlining function 'Point_2hw::squared_distance(Point_2hw&)' into 'Cal_Squared_Disthw(Node_Randhw&, Node_RRT_Poshw&)' (new_fixedpoint2205/main.cpp:21:0)
INFO: [HLS 214-178] Inlining function 'Point_2hw::Point_2hw(int, int)' into 'Cal_Disthw(Node_RRT_Poshw&, Node_Randhw&)' (new_fixedpoint2205/main.cpp:8:0)
INFO: [HLS 214-178] Inlining function 'Point_2hw::squared_distance(Point_2hw&)' into 'Cal_Disthw(Node_RRT_Poshw&, Node_Randhw&)' (new_fixedpoint2205/main.cpp:8:0)
INFO: [HLS 214-178] Inlining function 'fp_sqrtt(int)' into 'Cal_Disthw(Node_RRT_Poshw&, Node_Randhw&)' (new_fixedpoint2205/main.cpp:8:0)
INFO: [HLS 214-178] Inlining function 'Node_RRT_Poshw::Node_RRT_Poshw() (.172.177)' into 'A_StreamReaderhw(Node_RRT_Poshw&, Node_Randhw&, int)' (new_fixedpoint2205/main.cpp:39:0)
INFO: [HLS 214-178] Inlining function 'int FloatToFixed<16ul>(float)' into 'A_StreamReaderhw(Node_RRT_Poshw&, Node_Randhw&, int)' (new_fixedpoint2205/main.cpp:39:0)
INFO: [HLS 214-178] Inlining function 'fp_div(int, int)' into 'A_StreamReaderhw(Node_RRT_Poshw&, Node_Randhw&, int)' (new_fixedpoint2205/main.cpp:39:0)
INFO: [HLS 214-178] Inlining function 'Position_Holonomic_hw::Insert_Position(int, int)' into 'A_StreamReaderhw(Node_RRT_Poshw&, Node_Randhw&, int)' (new_fixedpoint2205/main.cpp:39:0)
INFO: [HLS 214-178] Inlining function 'fp_mult(int, int)' into 'A_StreamReaderhw(Node_RRT_Poshw&, Node_Randhw&, int)' (new_fixedpoint2205/main.cpp:39:0)
INFO: [HLS 214-178] Inlining function 'fp_mult(int, int)' into 'Point_2hw::squared_distance(int, int)' (new_fixedpoint2205/Aux_Lib_hw.hpp:39:0)
INFO: [HLS 214-178] Inlining function 'Point_2hw::x() const' into 'Segment_3hw::squared_distance(int&, int&, int, int)' (new_fixedpoint2205/Aux_Lib_hw.hpp:102:0)
INFO: [HLS 214-178] Inlining function 'fp_mult(int, int)' into 'Segment_3hw::squared_distance(int&, int&, int, int)' (new_fixedpoint2205/Aux_Lib_hw.hpp:102:0)
INFO: [HLS 214-178] Inlining function 'Point_2hw::y() const' into 'Segment_3hw::squared_distance(int&, int&, int, int)' (new_fixedpoint2205/Aux_Lib_hw.hpp:102:0)
INFO: [HLS 214-178] Inlining function 'fp_div(int, int)' into 'Segment_3hw::squared_distance(int&, int&, int, int)' (new_fixedpoint2205/Aux_Lib_hw.hpp:102:0)
INFO: [HLS 214-178] Inlining function 'Point_2hw::squared_distance(int, int)' into 'Segment_3hw::squared_distance(int&, int&, int, int)' (new_fixedpoint2205/Aux_Lib_hw.hpp:102:0)
INFO: [HLS 214-178] Inlining function 'Segment_3hw::squared_distance(int&, int&, int, int)' into 'Collision_detectedhw(int&, int&, int, Segment_3hw*, int)' (new_fixedpoint2205/main.cpp:78:0)
INFO: [HLS 214-178] Inlining function 'Position_Holonomic_hw::Position_Holonomic_hw() (.165)' into 'Obstacle_Freehw(Position_Holonomic_hw&, Position_Holonomic_hw&, int, Segment_3hw*, int)' (new_fixedpoint2205/main.cpp:98:0)
INFO: [HLS 214-178] Inlining function 'int FloatToFixed<16ul>(float)' into 'Obstacle_Freehw(Position_Holonomic_hw&, Position_Holonomic_hw&, int, Segment_3hw*, int)' (new_fixedpoint2205/main.cpp:98:0)
INFO: [HLS 214-178] Inlining function 'fp_div(int, int)' into 'Obstacle_Freehw(Position_Holonomic_hw&, Position_Holonomic_hw&, int, Segment_3hw*, int)' (new_fixedpoint2205/main.cpp:98:0)
INFO: [HLS 214-178] Inlining function 'fp_mult(int, int)' into 'Obstacle_Freehw(Position_Holonomic_hw&, Position_Holonomic_hw&, int, Segment_3hw*, int)' (new_fixedpoint2205/main.cpp:98:0)
INFO: [HLS 214-178] Inlining function 'Point_2hw::Point_2hw(int, int)' into 'Cal_Squared_Disthw(Node_RRT_Poshw&, Node_RRT_Poshw&)' (new_fixedpoint2205/main.cpp:31:0)
INFO: [HLS 214-178] Inlining function 'Point_2hw::squared_distance(Point_2hw&)' into 'Cal_Squared_Disthw(Node_RRT_Poshw&, Node_RRT_Poshw&)' (new_fixedpoint2205/main.cpp:31:0)
INFO: [HLS 214-178] Inlining function 'Cal_Squared_Disthw(Node_RRT_Poshw&, Node_RRT_Poshw&)' into 'Nearhw(int*, Node_RRT_Poshw*, Node_RRT_Poshw&, int, int, int&)' (new_fixedpoint2205/main.cpp:134:0)
INFO: [HLS 214-178] Inlining function 'fp_mult(int, int)' into 'Costhw(Position_Holonomic_hw&, Position_Holonomic_hw&)' (new_fixedpoint2205/main.cpp:155:0)
INFO: [HLS 214-178] Inlining function 'fp_sqrtt(int)' into 'Costhw(Position_Holonomic_hw&, Position_Holonomic_hw&)' (new_fixedpoint2205/main.cpp:155:0)
INFO: [HLS 214-178] Inlining function 'Segment_3hw::Segment_3hw()' into 'rrt(hls::stream<hls::axis<ap_int<64>, 2ul, 5ul, 6ul>, 0>&, float, float, int, float*, float, float, hls::stream<hls::axis<ap_int<32>, 2ul, 5ul, 6ul>, 0>&)' (new_fixedpoint2205/main.cpp:180:0)
INFO: [HLS 214-178] Inlining function 'Node_RRT_Poshw::Node_RRT_Poshw() (.172.177)' into 'rrt(hls::stream<hls::axis<ap_int<64>, 2ul, 5ul, 6ul>, 0>&, float, float, int, float*, float, float, hls::stream<hls::axis<ap_int<32>, 2ul, 5ul, 6ul>, 0>&)' (new_fixedpoint2205/main.cpp:180:0)
INFO: [HLS 214-178] Inlining function 'Node_Randhw::Node_Randhw()' into 'rrt(hls::stream<hls::axis<ap_int<64>, 2ul, 5ul, 6ul>, 0>&, float, float, int, float*, float, float, hls::stream<hls::axis<ap_int<32>, 2ul, 5ul, 6ul>, 0>&)' (new_fixedpoint2205/main.cpp:180:0)
INFO: [HLS 214-178] Inlining function 'Node_RRT_Poshw::Node_RRT_Poshw()' into 'rrt(hls::stream<hls::axis<ap_int<64>, 2ul, 5ul, 6ul>, 0>&, float, float, int, float*, float, float, hls::stream<hls::axis<ap_int<32>, 2ul, 5ul, 6ul>, 0>&)' (new_fixedpoint2205/main.cpp:180:0)
INFO: [HLS 214-178] Inlining function 'Cal_Squared_Disthw(Node_Randhw&, Node_RRT_Poshw&)' into 'rrt(hls::stream<hls::axis<ap_int<64>, 2ul, 5ul, 6ul>, 0>&, float, float, int, float*, float, float, hls::stream<hls::axis<ap_int<32>, 2ul, 5ul, 6ul>, 0>&)' (new_fixedpoint2205/main.cpp:180:0)
INFO: [HLS 214-178] Inlining function 'float FixedToFloat<16ul>(int)' into 'rrt(hls::stream<hls::axis<ap_int<64>, 2ul, 5ul, 6ul>, 0>&, float, float, int, float*, float, float, hls::stream<hls::axis<ap_int<32>, 2ul, 5ul, 6ul>, 0>&)' (new_fixedpoint2205/main.cpp:180:0)
INFO: [HLS 214-178] Inlining function 'Costhw(Position_Holonomic_hw&, Position_Holonomic_hw&)' into 'rrt(hls::stream<hls::axis<ap_int<64>, 2ul, 5ul, 6ul>, 0>&, float, float, int, float*, float, float, hls::stream<hls::axis<ap_int<32>, 2ul, 5ul, 6ul>, 0>&)' (new_fixedpoint2205/main.cpp:180:0)
INFO: [HLS 214-270] Starting automatic array partition analysis...
INFO: [HLS 214-131] Inlining function '_llvm.fpga.unpack.none.s_struct.ap_int<64>s.i64' into 'rrt(hls::stream<hls::axis<ap_int<64>, 2ul, 5ul, 6ul>, 0>&, float, float, int, float*, float, float, hls::stream<hls::axis<ap_int<32>, 2ul, 5ul, 6ul>, 0>&)' (/tools/Xilinx/Vitis_HLS/2021.2/common/technology/autopilot/ap_axi_sdata.h:293:5)
INFO: [HLS 214-131] Inlining function '_llvm.fpga.pack.none.i6.s_struct.ap_uint<6>s' into 'rrt(hls::stream<hls::axis<ap_int<64>, 2ul, 5ul, 6ul>, 0>&, float, float, int, float*, float, float, hls::stream<hls::axis<ap_int<32>, 2ul, 5ul, 6ul>, 0>&)' (/tools/Xilinx/Vitis_HLS/2021.2/common/technology/autopilot/ap_axi_sdata.h:304:5)
INFO: [HLS 214-131] Inlining function '_llvm.fpga.pack.none.i5.s_struct.ap_uint<5>s' into 'rrt(hls::stream<hls::axis<ap_int<64>, 2ul, 5ul, 6ul>, 0>&, float, float, int, float*, float, float, hls::stream<hls::axis<ap_int<32>, 2ul, 5ul, 6ul>, 0>&)' (/tools/Xilinx/Vitis_HLS/2021.2/common/technology/autopilot/ap_axi_sdata.h:304:5)
INFO: [HLS 214-131] Inlining function '_llvm.fpga.pack.none.i1.s_struct.ap_uint<1>s' into 'rrt(hls::stream<hls::axis<ap_int<64>, 2ul, 5ul, 6ul>, 0>&, float, float, int, float*, float, float, hls::stream<hls::axis<ap_int<32>, 2ul, 5ul, 6ul>, 0>&)' (/tools/Xilinx/Vitis_HLS/2021.2/common/technology/autopilot/ap_axi_sdata.h:304:5)
INFO: [HLS 214-131] Inlining function '_llvm.fpga.pack.none.i2.s_struct.ap_uint<2>s' into 'rrt(hls::stream<hls::axis<ap_int<64>, 2ul, 5ul, 6ul>, 0>&, float, float, int, float*, float, float, hls::stream<hls::axis<ap_int<32>, 2ul, 5ul, 6ul>, 0>&)' (/tools/Xilinx/Vitis_HLS/2021.2/common/technology/autopilot/ap_axi_sdata.h:304:5)
INFO: [HLS 214-131] Inlining function '_llvm.fpga.pack.none.i4.s_struct.ap_uint<4>s' into 'rrt(hls::stream<hls::axis<ap_int<64>, 2ul, 5ul, 6ul>, 0>&, float, float, int, float*, float, float, hls::stream<hls::axis<ap_int<32>, 2ul, 5ul, 6ul>, 0>&)' (/tools/Xilinx/Vitis_HLS/2021.2/common/technology/autopilot/ap_axi_sdata.h:304:5)
INFO: [HLS 214-131] Inlining function '_llvm.fpga.pack.none.i32.s_struct.ap_int<32>s' into 'rrt(hls::stream<hls::axis<ap_int<64>, 2ul, 5ul, 6ul>, 0>&, float, float, int, float*, float, float, hls::stream<hls::axis<ap_int<32>, 2ul, 5ul, 6ul>, 0>&)' (/tools/Xilinx/Vitis_HLS/2021.2/common/technology/autopilot/ap_axi_sdata.h:304:5)
INFO: [HLS 214-131] Inlining function '_llvm.fpga.unpack.none.s_struct.ap_uint<8>s.i8' into 'rrt(hls::stream<hls::axis<ap_int<64>, 2ul, 5ul, 6ul>, 0>&, float, float, int, float*, float, float, hls::stream<hls::axis<ap_int<32>, 2ul, 5ul, 6ul>, 0>&)' (/tools/Xilinx/Vitis_HLS/2021.2/common/technology/autopilot/ap_axi_sdata.h:293:5)
INFO: [HLS 214-131] Inlining function '_llvm.fpga.unpack.none.s_struct.ap_uint<2>s.i2' into 'rrt(hls::stream<hls::axis<ap_int<64>, 2ul, 5ul, 6ul>, 0>&, float, float, int, float*, float, float, hls::stream<hls::axis<ap_int<32>, 2ul, 5ul, 6ul>, 0>&)' (/tools/Xilinx/Vitis_HLS/2021.2/common/technology/autopilot/ap_axi_sdata.h:293:5)
INFO: [HLS 214-131] Inlining function '_llvm.fpga.unpack.none.s_struct.ap_uint<1>s.i1' into 'rrt(hls::stream<hls::axis<ap_int<64>, 2ul, 5ul, 6ul>, 0>&, float, float, int, float*, float, float, hls::stream<hls::axis<ap_int<32>, 2ul, 5ul, 6ul>, 0>&)' (/tools/Xilinx/Vitis_HLS/2021.2/common/technology/autopilot/ap_axi_sdata.h:293:5)
INFO: [HLS 214-131] Inlining function '_llvm.fpga.unpack.none.s_struct.ap_uint<5>s.i5' into 'rrt(hls::stream<hls::axis<ap_int<64>, 2ul, 5ul, 6ul>, 0>&, float, float, int, float*, float, float, hls::stream<hls::axis<ap_int<32>, 2ul, 5ul, 6ul>, 0>&)' (/tools/Xilinx/Vitis_HLS/2021.2/common/technology/autopilot/ap_axi_sdata.h:293:5)
INFO: [HLS 214-131] Inlining function '_llvm.fpga.unpack.none.s_struct.ap_uint<6>s.i6' into 'rrt(hls::stream<hls::axis<ap_int<64>, 2ul, 5ul, 6ul>, 0>&, float, float, int, float*, float, float, hls::stream<hls::axis<ap_int<32>, 2ul, 5ul, 6ul>, 0>&)' (/tools/Xilinx/Vitis_HLS/2021.2/common/technology/autopilot/ap_axi_sdata.h:293:5)
INFO: [HLS 200-111] Finished Compiling Optimization and Transform: CPU user time: 3.95 seconds. CPU system time: 0.31 seconds. Elapsed time: 4.42 seconds; current allocated memory: 287.012 MB.
INFO: [HLS 200-111] Finished Checking Pragmas: CPU user time: 0 seconds. CPU system time: 0 seconds. Elapsed time: 0 seconds; current allocated memory: 287.012 MB.
INFO: [HLS 200-10] Starting code transformations ...
INFO: [HLS 200-111] Finished Standard Transforms: CPU user time: 0.41 seconds. CPU system time: 0.03 seconds. Elapsed time: 0.49 seconds; current allocated memory: 364.969 MB.
INFO: [HLS 200-10] Checking synthesizability ...
INFO: [XFORM 203-602] Inlining function 'Cal_Disthw' into 'A_StreamReaderhw' (new_fixedpoint2205/main.cpp:41) automatically.
INFO: [XFORM 203-602] Inlining function 'FloatToFixed<16ul>' into 'Collision_detectedhw' (new_fixedpoint2205/Aux_Lib_hw.hpp:115) automatically.
INFO: [XFORM 203-602] Inlining function '__hls_fptosi_float_i32' into 'Collision_detectedhw' (new_fixedpoint2205/Aux_Lib_hw.hpp:106) automatically.
INFO: [XFORM 203-602] Inlining function 'Obstacle_Freehw' into 'rrt' (new_fixedpoint2205/main.cpp:378) automatically.
INFO: [HLS 200-111] Finished Checking Synthesizability: CPU user time: 0.65 seconds. CPU system time: 0.04 seconds. Elapsed time: 0.7 seconds; current allocated memory: 459.039 MB.
INFO: [XFORM 203-510] Pipelining loop 'VITIS_LOOP_47_1' (new_fixedpoint2205/fixedpt.h:49) in function 'Cal_Disthw' automatically.
INFO: [XFORM 203-510] Pipelining loop 'VITIS_LOOP_110_1' (/wrk/ci/prod/2021.2/rdi_builds/continuous/2021_10_19_3367213/src/shared/hls/clib/hlsmath/include/FloatingPoint/hls_case_IEEE754.h:13) in function 'Obstacle_Freehw' automatically.
INFO: [XFORM 203-510] Pipelining loop 'VITIS_LOOP_139_1' (/wrk/ci/prod/2021.2/rdi_builds/continuous/2021_10_19_3367213/src/shared/hls/clib/hlsmath/include/FloatingPoint/hls_case_IEEE754.h:13) in function 'Nearhw' automatically.
INFO: [XFORM 203-510] Pipelining loop 'Loop-2' (new_fixedpoint2205/main.cpp:333) in function 'rrt' automatically.
INFO: [XFORM 203-510] Pipelining loop 'VITIS_LOOP_47_1' (new_fixedpoint2205/fixedpt.h:49) in function 'rrt' automatically.
INFO: [XFORM 203-510] Pipelining loop 'VITIS_LOOP_394_2' (new_fixedpoint2205/main.cpp:394) in function 'rrt' automatically.
INFO: [XFORM 203-510] Pipelining loop 'VITIS_LOOP_418_3' (new_fixedpoint2205/main.cpp:202) in function 'rrt' automatically.
INFO: [XFORM 203-502] Unrolling all loops for pipelining in function 'Collision_detectedhw' (new_fixedpoint2205/Aux_Lib_hw.hpp:27:5).
INFO: [HLS 200-489] Unrolling loop 'VITIS_LOOP_82_1' (new_fixedpoint2205/main.cpp:82) in function 'Collision_detectedhw' completely with a factor of 28.
INFO: [XFORM 203-102] Partitioning array 'Bool' (new_fixedpoint2205/main.cpp:81) automatically.
INFO: [XFORM 203-602] Inlining function 'Cal_Disthw' into 'A_StreamReaderhw' (new_fixedpoint2205/main.cpp:41) automatically.
INFO: [XFORM 203-602] Inlining function 'FloatToFixed<16ul>' into 'Collision_detectedhw' (new_fixedpoint2205/Aux_Lib_hw.hpp:115) automatically.
INFO: [XFORM 203-602] Inlining function 'Obstacle_Freehw' into 'rrt' (new_fixedpoint2205/main.cpp:378) automatically.
INFO: [XFORM 203-401] Performing if-conversion on hyperblock from (/wrk/ci/prod/2021.2/rdi_builds/continuous/2021_10_19_3367213/src/shared/hls/clib/hlsmath/include/FloatingPoint/hls_case_IEEE754.h:13:17) in function 'rrt'... converting 3 basic blocks.
INFO: [XFORM 203-401] Performing if-conversion on hyperblock from (new_fixedpoint2205/fixedpt.h:58:7) in function 'A_StreamReaderhw'... converting 3 basic blocks.
INFO: [XFORM 203-602] Inlining function 'A_StreamReaderhw' into 'rrt' (new_fixedpoint2205/main.cpp:368) automatically.
INFO: [XFORM 203-11] Balancing expressions in function 'Collision_detectedhw' (new_fixedpoint2205/Aux_Lib_hw.hpp:34:5)...3 expression(s) balanced.
INFO: [HLS 200-111] Finished Loop, function and other optimizations: CPU user time: 0.8 seconds. CPU system time: 0.04 seconds. Elapsed time: 0.85 seconds; current allocated memory: 579.617 MB.
INFO: [XFORM 203-603] Evaluating the output(s) of a call to function '__hls_fptosi_float_i32' (new_fixedpoint2205/Aux_Lib_hw.hpp:106:42) in function 'Collision_detectedhw' and propagating its result(s) since all actual argument(s) to the function are constants.
INFO: [XFORM 203-603] Evaluating the output(s) of a call to function '__hls_fptosi_float_i32' (new_fixedpoint2205/Aux_Lib_hw.hpp:107:34) in function 'Collision_detectedhw' and propagating its result(s) since all actual argument(s) to the function are constants.
INFO: [HLS 200-472] Inferring partial write operation for 'X_near' (new_fixedpoint2205/main.cpp:149:24)
INFO: [HLS 200-472] Inferring partial write operation for 'RRT_Star.Position.x' (new_fixedpoint2205/RRT_Star_hw.hpp:14:5)
INFO: [HLS 200-472] Inferring partial write operation for 'RRT_Star.Position.y' (new_fixedpoint2205/RRT_Star_hw.hpp:15:5)
INFO: [HLS 200-472] Inferring partial write operation for 'RRT_Star.Location_List' (new_fixedpoint2205/RRT_Star_hw.hpp:87:17)
INFO: [HLS 200-472] Inferring partial write operation for 'RRT_Star.Position.x' (new_fixedpoint2205/main.cpp:346:25)
INFO: [HLS 200-472] Inferring partial write operation for 'RRT_Star.Position.y' (new_fixedpoint2205/main.cpp:347:25)
INFO: [HLS 200-472] Inferring partial write operation for 'RRT_Star.Location_List' (new_fixedpoint2205/main.cpp:348:28)
INFO: [HLS 200-111] Finished Architecture Synthesis: CPU user time: 0.49 seconds. CPU system time: 0.03 seconds. Elapsed time: 0.52 seconds; current allocated memory: 706.840 MB.
INFO: [HLS 200-10] Starting hardware synthesis ...
INFO: [HLS 200-10] Synthesizing 'rrt' ...
WARNING: [SYN 201-103] Legalizing function name 'FloatToFixed<16ul>' to 'FloatToFixed_16ul_s'.
WARNING: [SYN 201-103] Legalizing function name '__hls_fptosi_float_i32' to 'p_hls_fptosi_float_i32'.
INFO: [HLS 200-10] ----------------------------------------------------------------
INFO: [HLS 200-42] -- Implementing module 'FloatToFixed_16ul_s' 
INFO: [HLS 200-10] ----------------------------------------------------------------
INFO: [SCHED 204-11] Starting scheduling ...
INFO: [SCHED 204-61] Pipelining function 'FloatToFixed<16ul>'.
INFO: [HLS 200-1470] Pipelining result : Target II = NA, Final II = 1, Depth = 22, function 'FloatToFixed<16ul>'
INFO: [SCHED 204-11] Finished scheduling.
INFO: [HLS 200-111] Finished Scheduling: CPU user time: 0.18 seconds. CPU system time: 0.02 seconds. Elapsed time: 0.22 seconds; current allocated memory: 707.629 MB.
INFO: [BIND 205-100] Starting micro-architecture generation ...
INFO: [BIND 205-101] Performing variable lifetime analysis.
INFO: [BIND 205-101] Exploring resource sharing.
INFO: [BIND 205-101] Binding ...
INFO: [BIND 205-100] Finished micro-architecture generation.
INFO: [HLS 200-111] Finished Binding: CPU user time: 0.1 seconds. CPU system time: 0 seconds. Elapsed time: 0.1 seconds; current allocated memory: 707.629 MB.
INFO: [HLS 200-10] ----------------------------------------------------------------
INFO: [HLS 200-42] -- Implementing module 'rrt_Pipeline_1' 
INFO: [HLS 200-10] ----------------------------------------------------------------
INFO: [SCHED 204-11] Starting scheduling ...
INFO: [SCHED 204-61] Pipelining loop 'Loop 1'.
INFO: [HLS 200-1470] Pipelining result : Target II = NA, Final II = 1, Depth = 1, loop 'Loop 1'
INFO: [SCHED 204-11] Finished scheduling.
INFO: [HLS 200-111] Finished Scheduling: CPU user time: 0.08 seconds. CPU system time: 0 seconds. Elapsed time: 0.08 seconds; current allocated memory: 707.629 MB.
INFO: [BIND 205-100] Starting micro-architecture generation ...
INFO: [BIND 205-101] Performing variable lifetime analysis.
INFO: [BIND 205-101] Exploring resource sharing.
INFO: [BIND 205-101] Binding ...
INFO: [BIND 205-100] Finished micro-architecture generation.
INFO: [HLS 200-111] Finished Binding: CPU user time: 0.01 seconds. CPU system time: 0.01 seconds. Elapsed time: 0.01 seconds; current allocated memory: 707.629 MB.
INFO: [HLS 200-10] ----------------------------------------------------------------
INFO: [HLS 200-42] -- Implementing module 'rrt_Pipeline_VITIS_LOOP_340_1' 
INFO: [HLS 200-10] ----------------------------------------------------------------
INFO: [SCHED 204-11] Starting scheduling ...
INFO: [SCHED 204-61] Pipelining loop 'VITIS_LOOP_340_1'.
INFO: [HLS 200-1470] Pipelining result : Target II = NA, Final II = 1, Depth = 52, loop 'VITIS_LOOP_340_1'
WARNING: [HLS 200-871] Estimated clock period (6.312ns) exceeds the target (target clock period: 6.75ns, clock uncertainty: 1.8225ns, effective delay budget: 4.9275ns).
WARNING: [HLS 200-1016] The critical path in module 'rrt_Pipeline_VITIS_LOOP_340_1' consists of the following:	'sitofp' operation ('conv_i_i_i', new_fixedpoint2205/Aux_Lib_hw.hpp:27) [70]  (6.31 ns)

INFO: [SCHED 204-11] Finished scheduling.
INFO: [HLS 200-111] Finished Scheduling: CPU user time: 0.12 seconds. CPU system time: 0 seconds. Elapsed time: 0.13 seconds; current allocated memory: 708.062 MB.
INFO: [BIND 205-100] Starting micro-architecture generation ...
INFO: [BIND 205-101] Performing variable lifetime analysis.
INFO: [BIND 205-101] Exploring resource sharing.
INFO: [BIND 205-101] Binding ...
INFO: [BIND 205-100] Finished micro-architecture generation.
INFO: [HLS 200-111] Finished Binding: CPU user time: 0.22 seconds. CPU system time: 0 seconds. Elapsed time: 0.22 seconds; current allocated memory: 708.062 MB.
INFO: [HLS 200-10] ----------------------------------------------------------------
INFO: [HLS 200-42] -- Implementing module 'rrt_Pipeline_VITIS_LOOP_47_1' 
INFO: [HLS 200-10] ----------------------------------------------------------------
INFO: [SCHED 204-11] Starting scheduling ...
INFO: [SCHED 204-61] Pipelining loop 'VITIS_LOOP_47_1'.
WARNING: [HLS 200-880] The II Violation in module 'rrt_Pipeline_VITIS_LOOP_47_1' (loop 'VITIS_LOOP_47_1'): Unable to enforce a carried dependence constraint (II = 1, distance = 1, offset = 0) between 'store' operation ('q_1_write_ln47', new_fixedpoint2205/fixedpt.h:47->new_fixedpoint2205/main.cpp:368) of variable 'q', new_fixedpoint2205/fixedpt.h:50->new_fixedpoint2205/main.cpp:368 on local variable 'q' and 'load' operation ('q_1_load', new_fixedpoint2205/fixedpt.h:49->new_fixedpoint2205/main.cpp:368) on local variable 'q'.
INFO: [HLS 200-1470] Pipelining result : Target II = NA, Final II = 2, Depth = 4, loop 'VITIS_LOOP_47_1'
INFO: [SCHED 204-11] Finished scheduling.
INFO: [HLS 200-111] Finished Scheduling: CPU user time: 0.19 seconds. CPU system time: 0 seconds. Elapsed time: 0.19 seconds; current allocated memory: 708.062 MB.
INFO: [BIND 205-100] Starting micro-architecture generation ...
INFO: [BIND 205-101] Performing variable lifetime analysis.
INFO: [BIND 205-101] Exploring resource sharing.
INFO: [BIND 205-101] Binding ...
INFO: [BIND 205-100] Finished micro-architecture generation.
INFO: [HLS 200-111] Finished Binding: CPU user time: 0.03 seconds. CPU system time: 0 seconds. Elapsed time: 0.03 seconds; current allocated memory: 708.062 MB.
INFO: [HLS 200-10] ----------------------------------------------------------------
INFO: [HLS 200-42] -- Implementing module 'p_hls_fptosi_float_i32' 
INFO: [HLS 200-10] ----------------------------------------------------------------
INFO: [SCHED 204-11] Starting scheduling ...
INFO: [SCHED 204-61] Pipelining function '__hls_fptosi_float_i32'.
INFO: [HLS 200-1470] Pipelining result : Target II = NA, Final II = 1, Depth = 3, function '__hls_fptosi_float_i32'
INFO: [SCHED 204-11] Finished scheduling.
INFO: [HLS 200-111] Finished Scheduling: CPU user time: 0.05 seconds. CPU system time: 0 seconds. Elapsed time: 0.05 seconds; current allocated memory: 708.062 MB.
INFO: [BIND 205-100] Starting micro-architecture generation ...
INFO: [BIND 205-101] Performing variable lifetime analysis.
INFO: [BIND 205-101] Exploring resource sharing.
INFO: [BIND 205-101] Binding ...
INFO: [BIND 205-100] Finished micro-architecture generation.
INFO: [HLS 200-111] Finished Binding: CPU user time: 0.03 seconds. CPU system time: 0 seconds. Elapsed time: 0.03 seconds; current allocated memory: 708.062 MB.
INFO: [HLS 200-10] ----------------------------------------------------------------
INFO: [HLS 200-42] -- Implementing module 'Collision_detectedhw' 
INFO: [HLS 200-10] ----------------------------------------------------------------
INFO: [SCHED 204-11] Starting scheduling ...
INFO: [SCHED 204-61] Pipelining function 'Collision_detectedhw'.
INFO: [HLS 200-1470] Pipelining result : Target II = NA, Final II = 1, Depth = 40, function 'Collision_detectedhw'
WARNING: [HLS 200-871] Estimated clock period (6.312ns) exceeds the target (target clock period: 6.75ns, clock uncertainty: 1.8225ns, effective delay budget: 4.9275ns).
WARNING: [HLS 200-1016] The critical path in module 'Collision_detectedhw' consists of the following:	wire read operation ('x') on port 'p_read' [6]  (0 ns)
	'sitofp' operation ('conv_i') [7]  (6.31 ns)

INFO: [SCHED 204-11] Finished scheduling.
INFO: [HLS 200-111] Finished Scheduling: CPU user time: 0.22 seconds. CPU system time: 0 seconds. Elapsed time: 0.23 seconds; current allocated memory: 710.500 MB.
INFO: [BIND 205-100] Starting micro-architecture generation ...
INFO: [BIND 205-101] Performing variable lifetime analysis.
INFO: [BIND 205-101] Exploring resource sharing.
INFO: [BIND 205-101] Binding ...
INFO: [BIND 205-100] Finished micro-architecture generation.
INFO: [HLS 200-111] Finished Binding: CPU user time: 0.33 seconds. CPU system time: 0.01 seconds. Elapsed time: 0.33 seconds; current allocated memory: 710.500 MB.
INFO: [HLS 200-10] ----------------------------------------------------------------
INFO: [HLS 200-42] -- Implementing module 'rrt_Pipeline_VITIS_LOOP_110_1' 
INFO: [HLS 200-10] ----------------------------------------------------------------
INFO: [SCHED 204-11] Starting scheduling ...
INFO: [SCHED 204-61] Pipelining loop 'VITIS_LOOP_110_1'.
WARNING: [HLS 200-878] Unable to schedule the loop exit test ('call' operation ('tmp_i', new_fixedpoint2205/main.cpp:122->new_fixedpoint2205/main.cpp:378) to 'Collision_detectedhw') in the first pipeline iteration (II = 1 cycles).
WARNING: [HLS 200-878] Unable to schedule the loop exit test ('call' operation ('tmp_i', new_fixedpoint2205/main.cpp:122->new_fixedpoint2205/main.cpp:378) to 'Collision_detectedhw') in the first pipeline iteration (II = 2 cycles).
WARNING: [HLS 200-878] Unable to schedule the loop exit test ('call' operation ('tmp_i', new_fixedpoint2205/main.cpp:122->new_fixedpoint2205/main.cpp:378) to 'Collision_detectedhw') in the first pipeline iteration (II = 3 cycles).
WARNING: [HLS 200-878] Unable to schedule the loop exit test ('call' operation ('tmp_i', new_fixedpoint2205/main.cpp:122->new_fixedpoint2205/main.cpp:378) to 'Collision_detectedhw') in the first pipeline iteration (II = 4 cycles).
WARNING: [HLS 200-878] Unable to schedule the loop exit test ('call' operation ('tmp_i', new_fixedpoint2205/main.cpp:122->new_fixedpoint2205/main.cpp:378) to 'Collision_detectedhw') in the first pipeline iteration (II = 67 cycles).
WARNING: [HLS 200-878] Unable to schedule the loop exit test ('call' operation ('tmp_i', new_fixedpoint2205/main.cpp:122->new_fixedpoint2205/main.cpp:378) to 'Collision_detectedhw') in the first pipeline iteration (II = 70 cycles).
WARNING: [HLS 200-878] Unable to schedule the loop exit test ('call' operation ('tmp_i', new_fixedpoint2205/main.cpp:122->new_fixedpoint2205/main.cpp:378) to 'Collision_detectedhw') in the first pipeline iteration (II = 72 cycles).
WARNING: [HLS 200-878] Unable to schedule the loop exit test ('call' operation ('tmp_i', new_fixedpoint2205/main.cpp:122->new_fixedpoint2205/main.cpp:378) to 'Collision_detectedhw') in the first pipeline iteration (II = 73 cycles).
INFO: [HLS 200-1470] Pipelining result : Target II = NA, Final II = 74, Depth = 75, loop 'VITIS_LOOP_110_1'
WARNING: [HLS 200-871] Estimated clock period (6.312ns) exceeds the target (target clock period: 6.75ns, clock uncertainty: 1.8225ns, effective delay budget: 4.9275ns).
WARNING: [HLS 200-1016] The critical path in module 'rrt_Pipeline_VITIS_LOOP_110_1' consists of the following:	'alloca' operation ('i') [6]  (0 ns)
	'load' operation ('i', new_fixedpoint2205/main.cpp:110->new_fixedpoint2205/main.cpp:378) on local variable 'i' [15]  (0 ns)
	'sitofp' operation ('d', new_fixedpoint2205/main.cpp:112->new_fixedpoint2205/main.cpp:378) [24]  (6.31 ns)

INFO: [SCHED 204-11] Finished scheduling.
INFO: [HLS 200-111] Finished Scheduling: CPU user time: 0.57 seconds. CPU system time: 0 seconds. Elapsed time: 0.59 seconds; current allocated memory: 711.449 MB.
INFO: [BIND 205-100] Starting micro-architecture generation ...
INFO: [BIND 205-101] Performing variable lifetime analysis.
INFO: [BIND 205-101] Exploring resource sharing.
INFO: [BIND 205-101] Binding ...
INFO: [BIND 205-100] Finished micro-architecture generation.
INFO: [HLS 200-111] Finished Binding: CPU user time: 0.34 seconds. CPU system time: 0 seconds. Elapsed time: 0.34 seconds; current allocated memory: 711.449 MB.
INFO: [HLS 200-10] ----------------------------------------------------------------
INFO: [HLS 200-42] -- Implementing module 'rrt_Pipeline_VITIS_LOOP_418_3' 
INFO: [HLS 200-10] ----------------------------------------------------------------
INFO: [SCHED 204-11] Starting scheduling ...
INFO: [SCHED 204-61] Pipelining loop 'VITIS_LOOP_418_3'.
INFO: [HLS 200-1470] Pipelining result : Target II = NA, Final II = 1, Depth = 2, loop 'VITIS_LOOP_418_3'
INFO: [SCHED 204-11] Finished scheduling.
INFO: [HLS 200-111] Finished Scheduling: CPU user time: 0.4 seconds. CPU system time: 0 seconds. Elapsed time: 0.4 seconds; current allocated memory: 711.938 MB.
INFO: [BIND 205-100] Starting micro-architecture generation ...
INFO: [BIND 205-101] Performing variable lifetime analysis.
INFO: [BIND 205-101] Exploring resource sharing.
INFO: [BIND 205-101] Binding ...
INFO: [BIND 205-100] Finished micro-architecture generation.
INFO: [HLS 200-111] Finished Binding: CPU user time: 0.02 seconds. CPU system time: 0 seconds. Elapsed time: 0.02 seconds; current allocated memory: 711.938 MB.
INFO: [HLS 200-10] ----------------------------------------------------------------
INFO: [HLS 200-42] -- Implementing module 'Nearhw' 
INFO: [HLS 200-10] ----------------------------------------------------------------
INFO: [SCHED 204-11] Starting scheduling ...
INFO: [SCHED 204-61] Pipelining loop 'VITIS_LOOP_139_1'.
INFO: [HLS 200-1470] Pipelining result : Target II = NA, Final II = 1, Depth = 30, loop 'VITIS_LOOP_139_1'
WARNING: [HLS 200-871] Estimated clock period (6.312ns) exceeds the target (target clock period: 6.75ns, clock uncertainty: 1.8225ns, effective delay budget: 4.9275ns).
WARNING: [HLS 200-1016] The critical path in module 'Nearhw' consists of the following:	wire read operation ('p_read_2') on port 'p_read' [15]  (0 ns)
	'sitofp' operation ('conv_i_i') [16]  (6.31 ns)

INFO: [SCHED 204-11] Finished scheduling.
INFO: [HLS 200-111] Finished Scheduling: CPU user time: 0.13 seconds. CPU system time: 0 seconds. Elapsed time: 0.12 seconds; current allocated memory: 712.527 MB.
INFO: [BIND 205-100] Starting micro-architecture generation ...
INFO: [BIND 205-101] Performing variable lifetime analysis.
INFO: [BIND 205-101] Exploring resource sharing.
INFO: [BIND 205-101] Binding ...
INFO: [BIND 205-100] Finished micro-architecture generation.
INFO: [HLS 200-111] Finished Binding: CPU user time: 0.2 seconds. CPU system time: 0 seconds. Elapsed time: 0.2 seconds; current allocated memory: 712.527 MB.
INFO: [HLS 200-10] ----------------------------------------------------------------
INFO: [HLS 200-42] -- Implementing module 'rrt_Pipeline_VITIS_LOOP_47_12' 
INFO: [HLS 200-10] ----------------------------------------------------------------
INFO: [SCHED 204-11] Starting scheduling ...
INFO: [SCHED 204-61] Pipelining loop 'VITIS_LOOP_47_1'.
WARNING: [HLS 200-880] The II Violation in module 'rrt_Pipeline_VITIS_LOOP_47_12' (loop 'VITIS_LOOP_47_1'): Unable to enforce a carried dependence constraint (II = 1, distance = 1, offset = 0) between 'store' operation ('q_write_ln47', new_fixedpoint2205/fixedpt.h:47) of variable 'q', new_fixedpoint2205/fixedpt.h:50 on local variable 'q' and 'load' operation ('q_load', new_fixedpoint2205/fixedpt.h:49) on local variable 'q'.
INFO: [HLS 200-1470] Pipelining result : Target II = NA, Final II = 2, Depth = 4, loop 'VITIS_LOOP_47_1'
INFO: [SCHED 204-11] Finished scheduling.
INFO: [HLS 200-111] Finished Scheduling: CPU user time: 0.13 seconds. CPU system time: 0.01 seconds. Elapsed time: 0.13 seconds; current allocated memory: 713.562 MB.
INFO: [BIND 205-100] Starting micro-architecture generation ...
INFO: [BIND 205-101] Performing variable lifetime analysis.
INFO: [BIND 205-101] Exploring resource sharing.
INFO: [BIND 205-101] Binding ...
INFO: [BIND 205-100] Finished micro-architecture generation.
INFO: [HLS 200-111] Finished Binding: CPU user time: 0.05 seconds. CPU system time: 0 seconds. Elapsed time: 0.05 seconds; current allocated memory: 713.562 MB.
INFO: [HLS 200-10] ----------------------------------------------------------------
INFO: [HLS 200-42] -- Implementing module 'rrt_Pipeline_VITIS_LOOP_394_2' 
INFO: [HLS 200-10] ----------------------------------------------------------------
INFO: [SCHED 204-11] Starting scheduling ...
INFO: [SCHED 204-61] Pipelining loop 'VITIS_LOOP_394_2'.
INFO: [HLS 200-1470] Pipelining result : Target II = NA, Final II = 1, Depth = 2, loop 'VITIS_LOOP_394_2'
INFO: [SCHED 204-11] Finished scheduling.
INFO: [HLS 200-111] Finished Scheduling: CPU user time: 0.07 seconds. CPU system time: 0 seconds. Elapsed time: 0.07 seconds; current allocated memory: 713.809 MB.
INFO: [BIND 205-100] Starting micro-architecture generation ...
INFO: [BIND 205-101] Performing variable lifetime analysis.
INFO: [BIND 205-101] Exploring resource sharing.
INFO: [BIND 205-101] Binding ...
INFO: [BIND 205-100] Finished micro-architecture generation.
INFO: [HLS 200-111] Finished Binding: CPU user time: 0.02 seconds. CPU system time: 0 seconds. Elapsed time: 0.02 seconds; current allocated memory: 713.809 MB.
INFO: [HLS 200-10] ----------------------------------------------------------------
INFO: [HLS 200-42] -- Implementing module 'rrt' 
INFO: [HLS 200-10] ----------------------------------------------------------------
INFO: [SCHED 204-11] Starting scheduling ...
WARNING: [HLS 200-871] Estimated clock period (6.312ns) exceeds the target (target clock period: 6.75ns, clock uncertainty: 1.8225ns, effective delay budget: 4.9275ns).
WARNING: [HLS 200-1016] The critical path in module 'rrt' consists of the following:	'sitofp' operation ('conv_i_i', new_fixedpoint2205/main.cpp:319) [85]  (6.31 ns)

INFO: [SCHED 204-11] Finished scheduling.
INFO: [HLS 200-111] Finished Scheduling: CPU user time: 0.26 seconds. CPU system time: 0 seconds. Elapsed time: 0.27 seconds; current allocated memory: 715.391 MB.
INFO: [BIND 205-100] Starting micro-architecture generation ...
INFO: [BIND 205-101] Performing variable lifetime analysis.
INFO: [BIND 205-101] Exploring resource sharing.
INFO: [BIND 205-101] Binding ...
INFO: [BIND 205-100] Finished micro-architecture generation.
INFO: [HLS 200-111] Finished Binding: CPU user time: 0.74 seconds. CPU system time: 0.01 seconds. Elapsed time: 0.75 seconds; current allocated memory: 715.785 MB.
INFO: [HLS 200-10] ----------------------------------------------------------------
INFO: [HLS 200-10] -- Generating RTL for module 'FloatToFixed_16ul_s' 
INFO: [HLS 200-10] ----------------------------------------------------------------
INFO: [RTGEN 206-100] Generating core module 'dadd_64ns_64ns_64_12_full_dsp_0': 1 instance(s).
INFO: [RTGEN 206-100] Generating core module 'fcmp_32ns_32ns_1_3_no_dsp_0': 1 instance(s).
INFO: [RTGEN 206-100] Generating core module 'fmul_32ns_32ns_32_5_max_dsp_0': 1 instance(s).
INFO: [RTGEN 206-100] Generating core module 'fpext_32ns_64_2_no_dsp_0': 1 instance(s).
INFO: [RTGEN 206-100] Finished creating RTL model for 'FloatToFixed_16ul_s'.
INFO: [HLS 200-111] Finished Creating RTL model: CPU user time: 0.85 seconds. CPU system time: 0.01 seconds. Elapsed time: 0.87 seconds; current allocated memory: 716.512 MB.
INFO: [HLS 200-10] ----------------------------------------------------------------
INFO: [HLS 200-10] -- Generating RTL for module 'rrt_Pipeline_1' 
INFO: [HLS 200-10] ----------------------------------------------------------------
INFO: [RTGEN 206-100] Finished creating RTL model for 'rrt_Pipeline_1'.
INFO: [HLS 200-111] Finished Creating RTL model: CPU user time: 0.14 seconds. CPU system time: 0 seconds. Elapsed time: 0.15 seconds; current allocated memory: 717.648 MB.
INFO: [HLS 200-10] ----------------------------------------------------------------
INFO: [HLS 200-10] -- Generating RTL for module 'rrt_Pipeline_VITIS_LOOP_340_1' 
INFO: [HLS 200-10] ----------------------------------------------------------------
INFO: [HLS 200-1030] Apply Unified Pipeline Control on module 'rrt_Pipeline_VITIS_LOOP_340_1' pipeline 'VITIS_LOOP_340_1' pipeline type 'loop pipeline'
INFO: [RTGEN 206-100] Generating core module 'fsub_32ns_32ns_32_9_full_dsp_1': 2 instance(s).
INFO: [RTGEN 206-100] Generating core module 'hptosp_16ns_32_2_no_dsp_1': 2 instance(s).
INFO: [RTGEN 206-100] Generating core module 'mul_32s_32s_48_5_1': 2 instance(s).
INFO: [RTGEN 206-100] Generating core module 'sitofp_32ns_32_7_no_dsp_1': 2 instance(s).
INFO: [RTGEN 206-100] Finished creating RTL model for 'rrt_Pipeline_VITIS_LOOP_340_1'.
INFO: [HLS 200-111] Finished Creating RTL model: CPU user time: 0.08 seconds. CPU system time: 0 seconds. Elapsed time: 0.09 seconds; current allocated memory: 721.160 MB.
INFO: [HLS 200-10] ----------------------------------------------------------------
INFO: [HLS 200-10] -- Generating RTL for module 'rrt_Pipeline_VITIS_LOOP_47_1' 
INFO: [HLS 200-10] ----------------------------------------------------------------
INFO: [HLS 200-1030] Apply Unified Pipeline Control on module 'rrt_Pipeline_VITIS_LOOP_47_1' pipeline 'VITIS_LOOP_47_1' pipeline type 'loop pipeline'
INFO: [RTGEN 206-100] Finished creating RTL model for 'rrt_Pipeline_VITIS_LOOP_47_1'.
INFO: [HLS 200-111] Finished Creating RTL model: CPU user time: 0.32 seconds. CPU system time: 0.01 seconds. Elapsed time: 0.33 seconds; current allocated memory: 724.102 MB.
INFO: [HLS 200-10] ----------------------------------------------------------------
INFO: [HLS 200-10] -- Generating RTL for module 'p_hls_fptosi_float_i32' 
INFO: [HLS 200-10] ----------------------------------------------------------------
INFO: [RTGEN 206-100] Finished creating RTL model for 'p_hls_fptosi_float_i32'.
INFO: [HLS 200-111] Finished Creating RTL model: CPU user time: 0.07 seconds. CPU system time: 0.01 seconds. Elapsed time: 0.08 seconds; current allocated memory: 725.227 MB.
INFO: [HLS 200-10] ----------------------------------------------------------------
INFO: [HLS 200-10] -- Generating RTL for module 'Collision_detectedhw' 
INFO: [HLS 200-10] ----------------------------------------------------------------
WARNING: [RTGEN 206-101] RTL name 'sitofp_32ns_32_7_no_dsp_1' is changed to 'sitofp_32ns_32_7_no_dsp_1_x' due to conflict.
WARNING: [RTGEN 206-101] RTL name 'mul_32s_32s_48_5_1' is changed to 'mul_32s_32s_48_5_1_x' due to conflict.
INFO: [RTGEN 206-104] Estimated max fanout for 'Collision_detectedhw' is 10950 from HDL expression: (1'b0 == ap_block_pp0_stage0_11001)
INFO: [RTGEN 206-100] Generating core module 'fadd_32ns_32ns_32_9_full_dsp_1': 4 instance(s).
INFO: [RTGEN 206-100] Generating core module 'mul_24s_32s_48_5_1': 4 instance(s).
INFO: [RTGEN 206-100] Generating core module 'mul_32s_32s_48_5_1_x': 14 instance(s).
INFO: [RTGEN 206-100] Generating core module 'mul_48s_50ns_97_3_1': 8 instance(s).
INFO: [RTGEN 206-100] Generating core module 'sitofp_32ns_32_7_no_dsp_1_x': 2 instance(s).
INFO: [RTGEN 206-100] Finished creating RTL model for 'Collision_detectedhw'.
INFO: [HLS 200-111] Finished Creating RTL model: CPU user time: 0.18 seconds. CPU system time: 0.01 seconds. Elapsed time: 0.19 seconds; current allocated memory: 729.875 MB.
INFO: [HLS 200-10] ----------------------------------------------------------------
INFO: [HLS 200-10] -- Generating RTL for module 'rrt_Pipeline_VITIS_LOOP_110_1' 
INFO: [HLS 200-10] ----------------------------------------------------------------
INFO: [HLS 200-1030] Apply Unified Pipeline Control on module 'rrt_Pipeline_VITIS_LOOP_110_1' pipeline 'VITIS_LOOP_110_1' pipeline type 'loop pipeline'
INFO: [RTGEN 206-100] Generating core module 'dadd_64ns_64ns_64_12_full_dsp_0': 1 instance(s).
INFO: [RTGEN 206-100] Generating core module 'fcmp_32ns_32ns_1_3_no_dsp_0': 1 instance(s).
INFO: [RTGEN 206-100] Generating core module 'fmul_32ns_32ns_32_5_max_dsp_0': 1 instance(s).
INFO: [RTGEN 206-100] Generating core module 'fpext_32ns_64_2_no_dsp_0': 1 instance(s).
INFO: [RTGEN 206-100] Generating core module 'mul_32s_48s_48_3_1': 2 instance(s).
INFO: [RTGEN 206-100] Generating core module 'sitofp_32ns_32_7_no_dsp_1': 1 instance(s).
INFO: [RTGEN 206-100] Finished creating RTL model for 'rrt_Pipeline_VITIS_LOOP_110_1'.
INFO: [HLS 200-111] Finished Creating RTL model: CPU user time: 0.95 seconds. CPU system time: 0.01 seconds. Elapsed time: 0.95 seconds; current allocated memory: 738.754 MB.
INFO: [HLS 200-10] ----------------------------------------------------------------
INFO: [HLS 200-10] -- Generating RTL for module 'rrt_Pipeline_VITIS_LOOP_418_3' 
INFO: [HLS 200-10] ----------------------------------------------------------------
INFO: [HLS 200-1030] Apply Unified Pipeline Control on module 'rrt_Pipeline_VITIS_LOOP_418_3' pipeline 'VITIS_LOOP_418_3' pipeline type 'loop pipeline'
INFO: [RTGEN 206-100] Finished creating RTL model for 'rrt_Pipeline_VITIS_LOOP_418_3'.
INFO: [HLS 200-111] Finished Creating RTL model: CPU user time: 0.46 seconds. CPU system time: 0 seconds. Elapsed time: 0.47 seconds; current allocated memory: 740.547 MB.
INFO: [HLS 200-10] ----------------------------------------------------------------
INFO: [HLS 200-10] -- Generating RTL for module 'Nearhw' 
INFO: [HLS 200-10] ----------------------------------------------------------------
INFO: [RTGEN 206-100] Generating core module 'fsub_32ns_32ns_32_9_full_dsp_1': 2 instance(s).
INFO: [RTGEN 206-100] Generating core module 'mul_32s_32s_48_5_1': 2 instance(s).
INFO: [RTGEN 206-100] Generating core module 'sitofp_32ns_32_7_no_dsp_1': 2 instance(s).
INFO: [RTGEN 206-100] Finished creating RTL model for 'Nearhw'.
INFO: [HLS 200-111] Finished Creating RTL model: CPU user time: 0.06 seconds. CPU system time: 0 seconds. Elapsed time: 0.06 seconds; current allocated memory: 742.363 MB.
INFO: [HLS 200-10] ----------------------------------------------------------------
INFO: [HLS 200-10] -- Generating RTL for module 'rrt_Pipeline_VITIS_LOOP_47_12' 
INFO: [HLS 200-10] ----------------------------------------------------------------
INFO: [HLS 200-1030] Apply Unified Pipeline Control on module 'rrt_Pipeline_VITIS_LOOP_47_12' pipeline 'VITIS_LOOP_47_1' pipeline type 'loop pipeline'
INFO: [RTGEN 206-100] Finished creating RTL model for 'rrt_Pipeline_VITIS_LOOP_47_12'.
==============================================================
Vitis HLS - High-Level Synthesis from C, C++ and OpenCL v2021.2 (64-bit)
Copyright 1986-2021 Xilinx, Inc. All Rights Reserved.
==============================================================
INFO: [SYN 201-201] Setting up clock 'default' with a period of 6.75ns.
INFO: [HLS 200-1611] Setting target device to 'xc7z020-clg400-1'
INFO: [HLS 200-1505] Using flow_target 'vivado'
INFO: [HLS 200-1464] Running solution command: config_export -display_name=nfp02
INFO: [HLS 200-1464] Running solution command: config_export -format=ip_catalog
INFO: [HLS 200-1464] Running solution command: config_export -rtl=verilog
INFO: [HLS 200-1510] Running: set_part xc7z020-clg400-1 
INFO: [HLS 200-1510] Running: create_clock -period 6.75 -name default 
INFO: [HLS 200-1510] Running: config_export -display_name nfp02 -format ip_catalog -rtl verilog 
INFO: [HLS 200-1510] Running: set_directive_top -name rrt rrt 
INFO: [HLS 200-1510] Running: csynth_design 
INFO: [HLS 200-111] Finished File checks and directory preparation: CPU user time: 0 seconds. CPU system time: 0 seconds. Elapsed time: 0.01 seconds; current allocated memory: 1.194 GB.
INFO: [HLS 200-10] Analyzing design file 'new_fixedpoint2205/main.cpp' ... 
WARNING: [HLS 207-5287] unused parameter 'nn' (new_fixedpoint2205/Aux_Lib_hw.hpp:68:46)
WARNING: [HLS 207-5287] unused parameter 'i' (new_fixedpoint2205/Aux_Lib_hw.hpp:68:53)
WARNING: [HLS 207-5287] unused parameter 'nn' (new_fixedpoint2205/Aux_Lib_hw.hpp:101:55)
WARNING: [HLS 207-5287] unused parameter 'i' (new_fixedpoint2205/Aux_Lib_hw.hpp:101:62)
WARNING: [HLS 207-5287] unused parameter 'i' (new_fixedpoint2205/main.cpp:38:93)
INFO: [HLS 200-111] Finished Source Code Analysis and Preprocessing: CPU user time: 4.3 seconds. CPU system time: 0.48 seconds. Elapsed time: 3.94 seconds; current allocated memory: 285.219 MB.
INFO: [HLS 200-777] Using interface defaults for 'Vivado' flow target.
INFO: [HLS 214-284] Auto array partition mode is set into default.
INFO: [HLS 214-178] Inlining function 'Point_2hw::Point_2hw()' into 'Segment_3hw::Segment_3hw()' (new_fixedpoint2205/Aux_Lib_hw.hpp:45:0)
INFO: [HLS 214-178] Inlining function 'fp_struct<double>::fp_struct(double)' into 'int generic_cast_IEEE754<int, (ap_q_mode)6, double>(double, bool, hls::enable_if<std::numeric_limits<int>::is_signed, bool>::type)' (/wrk/ci/prod/2021.2/rdi_builds/continuous/2021_10_19_3367213/src/shared/hls/clib/hlsmath/include/FloatingPoint/hls_case_IEEE754.h:12:0)
INFO: [HLS 214-178] Inlining function 'fp_struct<double>::mantissa() const' into 'int generic_cast_IEEE754<int, (ap_q_mode)6, double>(double, bool, hls::enable_if<std::numeric_limits<int>::is_signed, bool>::type)' (/wrk/ci/prod/2021.2/rdi_builds/continuous/2021_10_19_3367213/src/shared/hls/clib/hlsmath/include/FloatingPoint/hls_case_IEEE754.h:12:0)
INFO: [HLS 214-178] Inlining function 'fp_struct<double>::expv() const' into 'int generic_cast_IEEE754<int, (ap_q_mode)6, double>(double, bool, hls::enable_if<std::numeric_limits<int>::is_signed, bool>::type)' (/wrk/ci/prod/2021.2/rdi_builds/continuous/2021_10_19_3367213/src/shared/hls/clib/hlsmath/include/FloatingPoint/hls_case_IEEE754.h:12:0)
INFO: [HLS 214-178] Inlining function 'fp_struct<double>::__signbit() const' into 'int generic_cast_IEEE754<int, (ap_q_mode)6, double>(double, bool, hls::enable_if<std::numeric_limits<int>::is_signed, bool>::type)' (/wrk/ci/prod/2021.2/rdi_builds/continuous/2021_10_19_3367213/src/shared/hls/clib/hlsmath/include/FloatingPoint/hls_case_IEEE754.h:12:0)
INFO: [HLS 214-178] Inlining function 'int generic_cast_IEEE754<int, (ap_q_mode)6, double>(double, bool, hls::enable_if<std::numeric_limits<int>::is_signed, bool>::type)' into 'int generic_cast_IEEE754<int, double>(double, bool)' (/wrk/ci/prod/2021.2/rdi_builds/continuous/2021_10_19_3367213/src/shared/hls/clib/hlsmath/include/FloatingPoint/hls_case_IEEE754.h:116:0)
INFO: [HLS 214-178] Inlining function 'int generic_cast_IEEE754<int, double>(double, bool)' into '__hls_fptosi_double_i32' (/wrk/ci/prod/2021.2/rdi_builds/continuous/2021_10_19_3367213/src/shared/hls/clib/hlsmath/src/lib_floatconversion.cpp:55:0)
INFO: [HLS 214-178] Inlining function '__hls_fptosi_double_i32' into 'int FloatToFixed<16ul>(float)' (new_fixedpoint2205/fixedpt.h:6:0)
INFO: [HLS 214-178] Inlining function 'int FloatToFixed<16ul>(float)' into 'Position_Holonomic_hw::Position_Holonomic_hw() (.165)' (new_fixedpoint2205/RRT_Star_hw.hpp:13:0)
INFO: [HLS 214-178] Inlining function 'Position_Holonomic_hw::Position_Holonomic_hw() (.165)' into 'Node_RRT_Poshw::Node_RRT_Poshw() (.172.177)' (new_fixedpoint2205/RRT_Star_hw.hpp:85:0)
INFO: [HLS 214-178] Inlining function 'int FloatToFixed<16ul>(float)' into 'Node_RRT_Poshw::Node_RRT_Poshw() (.172.177)' (new_fixedpoint2205/RRT_Star_hw.hpp:85:0)
INFO: [HLS 214-178] Inlining function 'Position_Holonomic_hw::Position_Holonomic_hw() (.165)' into 'Node_Randhw::Node_Randhw()' (new_fixedpoint2205/RRT_Star_hw.hpp:66:0)
INFO: [HLS 214-178] Inlining function 'int FloatToFixed<16ul>(float)' into 'Position_Holonomic_hw::Position_Holonomic_hw()' (new_fixedpoint2205/RRT_Star_hw.hpp:13:0)
INFO: [HLS 214-178] Inlining function 'Position_Holonomic_hw::Position_Holonomic_hw()' into 'Node_RRT_Poshw::Node_RRT_Poshw()' (new_fixedpoint2205/RRT_Star_hw.hpp:85:0)
INFO: [HLS 214-178] Inlining function 'int FloatToFixed<16ul>(float)' into 'Node_RRT_Poshw::Node_RRT_Poshw()' (new_fixedpoint2205/RRT_Star_hw.hpp:85:0)
INFO: [HLS 214-178] Inlining function 'fp_struct<float>::fp_struct(float)' into 'int generic_cast_IEEE754<int, (ap_q_mode)6, float>(float, bool, hls::enable_if<std::numeric_limits<int>::is_signed, bool>::type)' (/wrk/ci/prod/2021.2/rdi_builds/continuous/2021_10_19_3367213/src/shared/hls/clib/hlsmath/include/FloatingPoint/hls_case_IEEE754.h:12:0)
INFO: [HLS 214-178] Inlining function 'fp_struct<float>::mantissa() const' into 'int generic_cast_IEEE754<int, (ap_q_mode)6, float>(float, bool, hls::enable_if<std::numeric_limits<int>::is_signed, bool>::type)' (/wrk/ci/prod/2021.2/rdi_builds/continuous/2021_10_19_3367213/src/shared/hls/clib/hlsmath/include/FloatingPoint/hls_case_IEEE754.h:12:0)
INFO: [HLS 214-178] Inlining function 'fp_struct<float>::expv() const' into 'int generic_cast_IEEE754<int, (ap_q_mode)6, float>(float, bool, hls::enable_if<std::numeric_limits<int>::is_signed, bool>::type)' (/wrk/ci/prod/2021.2/rdi_builds/continuous/2021_10_19_3367213/src/shared/hls/clib/hlsmath/include/FloatingPoint/hls_case_IEEE754.h:12:0)
INFO: [HLS 214-178] Inlining function 'fp_struct<float>::__signbit() const' into 'int generic_cast_IEEE754<int, (ap_q_mode)6, float>(float, bool, hls::enable_if<std::numeric_limits<int>::is_signed, bool>::type)' (/wrk/ci/prod/2021.2/rdi_builds/continuous/2021_10_19_3367213/src/shared/hls/clib/hlsmath/include/FloatingPoint/hls_case_IEEE754.h:12:0)
INFO: [HLS 214-178] Inlining function 'int generic_cast_IEEE754<int, (ap_q_mode)6, float>(float, bool, hls::enable_if<std::numeric_limits<int>::is_signed, bool>::type)' into 'int generic_cast_IEEE754<int, float>(float, bool)' (/wrk/ci/prod/2021.2/rdi_builds/continuous/2021_10_19_3367213/src/shared/hls/clib/hlsmath/include/FloatingPoint/hls_case_IEEE754.h:116:0)
INFO: [HLS 214-178] Inlining function 'int generic_cast_IEEE754<int, float>(float, bool)' into '__hls_fptosi_float_i32' (/wrk/ci/prod/2021.2/rdi_builds/continuous/2021_10_19_3367213/src/shared/hls/clib/hlsmath/src/lib_floatconversion.cpp:51:0)
INFO: [HLS 214-178] Inlining function 'Point_2hw::x() const (.155)' into 'Point_2hw::squared_distance(Point_2hw&)' (new_fixedpoint2205/Aux_Lib_hw.hpp:34:0)
INFO: [HLS 214-178] Inlining function '__hls_fptosi_float_i32' into 'Point_2hw::squared_distance(Point_2hw&)' (new_fixedpoint2205/Aux_Lib_hw.hpp:34:0)
INFO: [HLS 214-178] Inlining function 'fp_mult(int, int)' into 'Point_2hw::squared_distance(Point_2hw&)' (new_fixedpoint2205/Aux_Lib_hw.hpp:34:0)
INFO: [HLS 214-178] Inlining function 'Point_2hw::y() const (.152)' into 'Point_2hw::squared_distance(Point_2hw&)' (new_fixedpoint2205/Aux_Lib_hw.hpp:34:0)
INFO: [HLS 214-178] Inlining function 'Point_2hw::Point_2hw(int, int)' into 'Cal_Squared_Disthw(Node_Randhw&, Node_RRT_Poshw&)' (new_fixedpoint2205/main.cpp:21:0)
INFO: [HLS 214-178] Inlining function 'Point_2hw::squared_distance(Point_2hw&)' into 'Cal_Squared_Disthw(Node_Randhw&, Node_RRT_Poshw&)' (new_fixedpoint2205/main.cpp:21:0)
INFO: [HLS 214-178] Inlining function 'Point_2hw::Point_2hw(int, int)' into 'Cal_Disthw(Node_RRT_Poshw&, Node_Randhw&)' (new_fixedpoint2205/main.cpp:8:0)
INFO: [HLS 214-178] Inlining function 'Point_2hw::squared_distance(Point_2hw&)' into 'Cal_Disthw(Node_RRT_Poshw&, Node_Randhw&)' (new_fixedpoint2205/main.cpp:8:0)
INFO: [HLS 214-178] Inlining function 'fp_sqrtt(int)' into 'Cal_Disthw(Node_RRT_Poshw&, Node_Randhw&)' (new_fixedpoint2205/main.cpp:8:0)
INFO: [HLS 214-178] Inlining function 'Node_RRT_Poshw::Node_RRT_Poshw() (.172.177)' into 'A_StreamReaderhw(Node_RRT_Poshw&, Node_Randhw&, int)' (new_fixedpoint2205/main.cpp:39:0)
INFO: [HLS 214-178] Inlining function 'int FloatToFixed<16ul>(float)' into 'A_StreamReaderhw(Node_RRT_Poshw&, Node_Randhw&, int)' (new_fixedpoint2205/main.cpp:39:0)
INFO: [HLS 214-178] Inlining function 'fp_div(int, int)' into 'A_StreamReaderhw(Node_RRT_Poshw&, Node_Randhw&, int)' (new_fixedpoint2205/main.cpp:39:0)
INFO: [HLS 214-178] Inlining function 'Position_Holonomic_hw::Insert_Position(int, int)' into 'A_StreamReaderhw(Node_RRT_Poshw&, Node_Randhw&, int)' (new_fixedpoint2205/main.cpp:39:0)
INFO: [HLS 214-178] Inlining function 'fp_mult(int, int)' into 'A_StreamReaderhw(Node_RRT_Poshw&, Node_Randhw&, int)' (new_fixedpoint2205/main.cpp:39:0)
INFO: [HLS 214-178] Inlining function 'fp_mult(int, int)' into 'Point_2hw::squared_distance(int, int)' (new_fixedpoint2205/Aux_Lib_hw.hpp:39:0)
INFO: [HLS 214-178] Inlining function 'Point_2hw::x() const' into 'Segment_3hw::squared_distance(int&, int&, int, int)' (new_fixedpoint2205/Aux_Lib_hw.hpp:102:0)
INFO: [HLS 214-178] Inlining function 'fp_mult(int, int)' into 'Segment_3hw::squared_distance(int&, int&, int, int)' (new_fixedpoint2205/Aux_Lib_hw.hpp:102:0)
INFO: [HLS 214-178] Inlining function 'Point_2hw::y() const' into 'Segment_3hw::squared_distance(int&, int&, int, int)' (new_fixedpoint2205/Aux_Lib_hw.hpp:102:0)
INFO: [HLS 214-178] Inlining function 'fp_div(int, int)' into 'Segment_3hw::squared_distance(int&, int&, int, int)' (new_fixedpoint2205/Aux_Lib_hw.hpp:102:0)
INFO: [HLS 214-178] Inlining function 'Point_2hw::squared_distance(int, int)' into 'Segment_3hw::squared_distance(int&, int&, int, int)' (new_fixedpoint2205/Aux_Lib_hw.hpp:102:0)
INFO: [HLS 214-178] Inlining function 'Segment_3hw::squared_distance(int&, int&, int, int)' into 'Collision_detectedhw(int&, int&, int, Segment_3hw*, int)' (new_fixedpoint2205/main.cpp:78:0)
INFO: [HLS 214-178] Inlining function 'Position_Holonomic_hw::Position_Holonomic_hw() (.165)' into 'Obstacle_Freehw(Position_Holonomic_hw&, Position_Holonomic_hw&, int, Segment_3hw*, int)' (new_fixedpoint2205/main.cpp:99:0)
INFO: [HLS 214-178] Inlining function 'int FloatToFixed<16ul>(float)' into 'Obstacle_Freehw(Position_Holonomic_hw&, Position_Holonomic_hw&, int, Segment_3hw*, int)' (new_fixedpoint2205/main.cpp:99:0)
INFO: [HLS 214-178] Inlining function 'fp_div(int, int)' into 'Obstacle_Freehw(Position_Holonomic_hw&, Position_Holonomic_hw&, int, Segment_3hw*, int)' (new_fixedpoint2205/main.cpp:99:0)
INFO: [HLS 214-178] Inlining function 'fp_mult(int, int)' into 'Obstacle_Freehw(Position_Holonomic_hw&, Position_Holonomic_hw&, int, Segment_3hw*, int)' (new_fixedpoint2205/main.cpp:99:0)
INFO: [HLS 214-178] Inlining function 'Point_2hw::Point_2hw(int, int)' into 'Cal_Squared_Disthw(Node_RRT_Poshw&, Node_RRT_Poshw&)' (new_fixedpoint2205/main.cpp:31:0)
INFO: [HLS 214-178] Inlining function 'Point_2hw::squared_distance(Point_2hw&)' into 'Cal_Squared_Disthw(Node_RRT_Poshw&, Node_RRT_Poshw&)' (new_fixedpoint2205/main.cpp:31:0)
INFO: [HLS 214-178] Inlining function 'Cal_Squared_Disthw(Node_RRT_Poshw&, Node_RRT_Poshw&)' into 'Nearhw(int*, Node_RRT_Poshw*, Node_RRT_Poshw&, int, int, int&)' (new_fixedpoint2205/main.cpp:135:0)
INFO: [HLS 214-178] Inlining function 'fp_mult(int, int)' into 'Costhw(Position_Holonomic_hw&, Position_Holonomic_hw&)' (new_fixedpoint2205/main.cpp:156:0)
INFO: [HLS 214-178] Inlining function 'fp_sqrtt(int)' into 'Costhw(Position_Holonomic_hw&, Position_Holonomic_hw&)' (new_fixedpoint2205/main.cpp:156:0)
INFO: [HLS 214-178] Inlining function 'Segment_3hw::Segment_3hw()' into 'rrt(hls::stream<hls::axis<ap_int<64>, 2ul, 5ul, 6ul>, 0>&, float, float, int, float*, float, float, hls::stream<hls::axis<ap_int<32>, 2ul, 5ul, 6ul>, 0>&)' (new_fixedpoint2205/main.cpp:181:0)
INFO: [HLS 214-178] Inlining function 'Node_RRT_Poshw::Node_RRT_Poshw() (.172.177)' into 'rrt(hls::stream<hls::axis<ap_int<64>, 2ul, 5ul, 6ul>, 0>&, float, float, int, float*, float, float, hls::stream<hls::axis<ap_int<32>, 2ul, 5ul, 6ul>, 0>&)' (new_fixedpoint2205/main.cpp:181:0)
INFO: [HLS 214-178] Inlining function 'Node_Randhw::Node_Randhw()' into 'rrt(hls::stream<hls::axis<ap_int<64>, 2ul, 5ul, 6ul>, 0>&, float, float, int, float*, float, float, hls::stream<hls::axis<ap_int<32>, 2ul, 5ul, 6ul>, 0>&)' (new_fixedpoint2205/main.cpp:181:0)
INFO: [HLS 214-178] Inlining function 'Node_RRT_Poshw::Node_RRT_Poshw()' into 'rrt(hls::stream<hls::axis<ap_int<64>, 2ul, 5ul, 6ul>, 0>&, float, float, int, float*, float, float, hls::stream<hls::axis<ap_int<32>, 2ul, 5ul, 6ul>, 0>&)' (new_fixedpoint2205/main.cpp:181:0)
INFO: [HLS 214-178] Inlining function 'Cal_Squared_Disthw(Node_Randhw&, Node_RRT_Poshw&)' into 'rrt(hls::stream<hls::axis<ap_int<64>, 2ul, 5ul, 6ul>, 0>&, float, float, int, float*, float, float, hls::stream<hls::axis<ap_int<32>, 2ul, 5ul, 6ul>, 0>&)' (new_fixedpoint2205/main.cpp:181:0)
INFO: [HLS 214-178] Inlining function 'float FixedToFloat<16ul>(int)' into 'rrt(hls::stream<hls::axis<ap_int<64>, 2ul, 5ul, 6ul>, 0>&, float, float, int, float*, float, float, hls::stream<hls::axis<ap_int<32>, 2ul, 5ul, 6ul>, 0>&)' (new_fixedpoint2205/main.cpp:181:0)
INFO: [HLS 214-178] Inlining function 'Costhw(Position_Holonomic_hw&, Position_Holonomic_hw&)' into 'rrt(hls::stream<hls::axis<ap_int<64>, 2ul, 5ul, 6ul>, 0>&, float, float, int, float*, float, float, hls::stream<hls::axis<ap_int<32>, 2ul, 5ul, 6ul>, 0>&)' (new_fixedpoint2205/main.cpp:181:0)
INFO: [HLS 214-270] Starting automatic array partition analysis...
INFO: [HLS 214-131] Inlining function '_llvm.fpga.unpack.none.s_struct.ap_int<64>s.i64' into 'rrt(hls::stream<hls::axis<ap_int<64>, 2ul, 5ul, 6ul>, 0>&, float, float, int, float*, float, float, hls::stream<hls::axis<ap_int<32>, 2ul, 5ul, 6ul>, 0>&)' (/tools/Xilinx/Vitis_HLS/2021.2/common/technology/autopilot/ap_axi_sdata.h:293:5)
INFO: [HLS 214-131] Inlining function '_llvm.fpga.pack.none.i6.s_struct.ap_uint<6>s' into 'rrt(hls::stream<hls::axis<ap_int<64>, 2ul, 5ul, 6ul>, 0>&, float, float, int, float*, float, float, hls::stream<hls::axis<ap_int<32>, 2ul, 5ul, 6ul>, 0>&)' (/tools/Xilinx/Vitis_HLS/2021.2/common/technology/autopilot/ap_axi_sdata.h:304:5)
INFO: [HLS 214-131] Inlining function '_llvm.fpga.pack.none.i5.s_struct.ap_uint<5>s' into 'rrt(hls::stream<hls::axis<ap_int<64>, 2ul, 5ul, 6ul>, 0>&, float, float, int, float*, float, float, hls::stream<hls::axis<ap_int<32>, 2ul, 5ul, 6ul>, 0>&)' (/tools/Xilinx/Vitis_HLS/2021.2/common/technology/autopilot/ap_axi_sdata.h:304:5)
INFO: [HLS 214-131] Inlining function '_llvm.fpga.pack.none.i1.s_struct.ap_uint<1>s' into 'rrt(hls::stream<hls::axis<ap_int<64>, 2ul, 5ul, 6ul>, 0>&, float, float, int, float*, float, float, hls::stream<hls::axis<ap_int<32>, 2ul, 5ul, 6ul>, 0>&)' (/tools/Xilinx/Vitis_HLS/2021.2/common/technology/autopilot/ap_axi_sdata.h:304:5)
INFO: [HLS 214-131] Inlining function '_llvm.fpga.pack.none.i2.s_struct.ap_uint<2>s' into 'rrt(hls::stream<hls::axis<ap_int<64>, 2ul, 5ul, 6ul>, 0>&, float, float, int, float*, float, float, hls::stream<hls::axis<ap_int<32>, 2ul, 5ul, 6ul>, 0>&)' (/tools/Xilinx/Vitis_HLS/2021.2/common/technology/autopilot/ap_axi_sdata.h:304:5)
INFO: [HLS 214-131] Inlining function '_llvm.fpga.pack.none.i4.s_struct.ap_uint<4>s' into 'rrt(hls::stream<hls::axis<ap_int<64>, 2ul, 5ul, 6ul>, 0>&, float, float, int, float*, float, float, hls::stream<hls::axis<ap_int<32>, 2ul, 5ul, 6ul>, 0>&)' (/tools/Xilinx/Vitis_HLS/2021.2/common/technology/autopilot/ap_axi_sdata.h:304:5)
INFO: [HLS 214-131] Inlining function '_llvm.fpga.pack.none.i32.s_struct.ap_int<32>s' into 'rrt(hls::stream<hls::axis<ap_int<64>, 2ul, 5ul, 6ul>, 0>&, float, float, int, float*, float, float, hls::stream<hls::axis<ap_int<32>, 2ul, 5ul, 6ul>, 0>&)' (/tools/Xilinx/Vitis_HLS/2021.2/common/technology/autopilot/ap_axi_sdata.h:304:5)
INFO: [HLS 214-131] Inlining function '_llvm.fpga.unpack.none.s_struct.ap_uint<8>s.i8' into 'rrt(hls::stream<hls::axis<ap_int<64>, 2ul, 5ul, 6ul>, 0>&, float, float, int, float*, float, float, hls::stream<hls::axis<ap_int<32>, 2ul, 5ul, 6ul>, 0>&)' (/tools/Xilinx/Vitis_HLS/2021.2/common/technology/autopilot/ap_axi_sdata.h:293:5)
INFO: [HLS 214-131] Inlining function '_llvm.fpga.unpack.none.s_struct.ap_uint<2>s.i2' into 'rrt(hls::stream<hls::axis<ap_int<64>, 2ul, 5ul, 6ul>, 0>&, float, float, int, float*, float, float, hls::stream<hls::axis<ap_int<32>, 2ul, 5ul, 6ul>, 0>&)' (/tools/Xilinx/Vitis_HLS/2021.2/common/technology/autopilot/ap_axi_sdata.h:293:5)
INFO: [HLS 214-131] Inlining function '_llvm.fpga.unpack.none.s_struct.ap_uint<1>s.i1' into 'rrt(hls::stream<hls::axis<ap_int<64>, 2ul, 5ul, 6ul>, 0>&, float, float, int, float*, float, float, hls::stream<hls::axis<ap_int<32>, 2ul, 5ul, 6ul>, 0>&)' (/tools/Xilinx/Vitis_HLS/2021.2/common/technology/autopilot/ap_axi_sdata.h:293:5)
INFO: [HLS 214-131] Inlining function '_llvm.fpga.unpack.none.s_struct.ap_uint<5>s.i5' into 'rrt(hls::stream<hls::axis<ap_int<64>, 2ul, 5ul, 6ul>, 0>&, float, float, int, float*, float, float, hls::stream<hls::axis<ap_int<32>, 2ul, 5ul, 6ul>, 0>&)' (/tools/Xilinx/Vitis_HLS/2021.2/common/technology/autopilot/ap_axi_sdata.h:293:5)
INFO: [HLS 214-131] Inlining function '_llvm.fpga.unpack.none.s_struct.ap_uint<6>s.i6' into 'rrt(hls::stream<hls::axis<ap_int<64>, 2ul, 5ul, 6ul>, 0>&, float, float, int, float*, float, float, hls::stream<hls::axis<ap_int<32>, 2ul, 5ul, 6ul>, 0>&)' (/tools/Xilinx/Vitis_HLS/2021.2/common/technology/autopilot/ap_axi_sdata.h:293:5)
INFO: [HLS 200-111] Finished Compiling Optimization and Transform: CPU user time: 3.61 seconds. CPU system time: 0.24 seconds. Elapsed time: 3.87 seconds; current allocated memory: 287.035 MB.
INFO: [HLS 200-111] Finished Checking Pragmas: CPU user time: 0 seconds. CPU system time: 0 seconds. Elapsed time: 0 seconds; current allocated memory: 287.035 MB.
INFO: [HLS 200-10] Starting code transformations ...
INFO: [HLS 200-111] Finished Standard Transforms: CPU user time: 0.35 seconds. CPU system time: 0.04 seconds. Elapsed time: 0.38 seconds; current allocated memory: 365.969 MB.
INFO: [HLS 200-10] Checking synthesizability ...
INFO: [XFORM 203-602] Inlining function 'Cal_Disthw' into 'A_StreamReaderhw' (new_fixedpoint2205/main.cpp:41) automatically.
INFO: [XFORM 203-602] Inlining function 'FloatToFixed<16ul>' into 'Collision_detectedhw' (new_fixedpoint2205/Aux_Lib_hw.hpp:115) automatically.
INFO: [XFORM 203-602] Inlining function '__hls_fptosi_float_i32' into 'Collision_detectedhw' (new_fixedpoint2205/Aux_Lib_hw.hpp:106) automatically.
INFO: [XFORM 203-602] Inlining function 'Obstacle_Freehw' into 'rrt' (new_fixedpoint2205/main.cpp:379) automatically.
INFO: [HLS 200-111] Finished Checking Synthesizability: CPU user time: 0.64 seconds. CPU system time: 0.04 seconds. Elapsed time: 0.68 seconds; current allocated memory: 460.039 MB.
INFO: [XFORM 203-510] Pipelining loop 'VITIS_LOOP_47_1' (new_fixedpoint2205/fixedpt.h:49) in function 'Cal_Disthw' automatically.
INFO: [XFORM 203-510] Pipelining loop 'VITIS_LOOP_111_1' (/wrk/ci/prod/2021.2/rdi_builds/continuous/2021_10_19_3367213/src/shared/hls/clib/hlsmath/include/FloatingPoint/hls_case_IEEE754.h:13) in function 'Obstacle_Freehw' automatically.
INFO: [XFORM 203-510] Pipelining loop 'VITIS_LOOP_140_1' (/wrk/ci/prod/2021.2/rdi_builds/continuous/2021_10_19_3367213/src/shared/hls/clib/hlsmath/include/FloatingPoint/hls_case_IEEE754.h:13) in function 'Nearhw' automatically.
INFO: [XFORM 203-510] Pipelining loop 'Loop-2' (new_fixedpoint2205/main.cpp:334) in function 'rrt' automatically.
INFO: [XFORM 203-510] Pipelining loop 'VITIS_LOOP_47_1' (new_fixedpoint2205/fixedpt.h:49) in function 'rrt' automatically.
INFO: [XFORM 203-510] Pipelining loop 'VITIS_LOOP_395_2' (new_fixedpoint2205/main.cpp:395) in function 'rrt' automatically.
INFO: [XFORM 203-510] Pipelining loop 'VITIS_LOOP_419_3' (new_fixedpoint2205/main.cpp:203) in function 'rrt' automatically.
INFO: [XFORM 203-502] Unrolling all loops for pipelining in function 'Collision_detectedhw' (new_fixedpoint2205/Aux_Lib_hw.hpp:27:5).
INFO: [HLS 200-489] Unrolling loop 'VITIS_LOOP_83_1' (new_fixedpoint2205/main.cpp:83) in function 'Collision_detectedhw' completely with a factor of 28.
INFO: [XFORM 203-102] Partitioning array 'Bool' (new_fixedpoint2205/main.cpp:81) automatically.
INFO: [XFORM 203-602] Inlining function 'Cal_Disthw' into 'A_StreamReaderhw' (new_fixedpoint2205/main.cpp:41) automatically.
INFO: [XFORM 203-602] Inlining function 'FloatToFixed<16ul>' into 'Collision_detectedhw' (new_fixedpoint2205/Aux_Lib_hw.hpp:115) automatically.
INFO: [XFORM 203-602] Inlining function 'Obstacle_Freehw' into 'rrt' (new_fixedpoint2205/main.cpp:379) automatically.
INFO: [XFORM 203-401] Performing if-conversion on hyperblock from (/wrk/ci/prod/2021.2/rdi_builds/continuous/2021_10_19_3367213/src/shared/hls/clib/hlsmath/include/FloatingPoint/hls_case_IEEE754.h:13:17) in function 'rrt'... converting 3 basic blocks.
INFO: [XFORM 203-401] Performing if-conversion on hyperblock from (new_fixedpoint2205/fixedpt.h:58:7) in function 'A_StreamReaderhw'... converting 3 basic blocks.
INFO: [XFORM 203-602] Inlining function 'A_StreamReaderhw' into 'rrt' (new_fixedpoint2205/main.cpp:369) automatically.
INFO: [XFORM 203-11] Balancing expressions in function 'Collision_detectedhw' (new_fixedpoint2205/Aux_Lib_hw.hpp:34:5)...3 expression(s) balanced.
INFO: [HLS 200-111] Finished Loop, function and other optimizations: CPU user time: 0.8 seconds. CPU system time: 0.04 seconds. Elapsed time: 0.85 seconds; current allocated memory: 579.625 MB.
INFO: [XFORM 203-603] Evaluating the output(s) of a call to function '__hls_fptosi_float_i32' (new_fixedpoint2205/Aux_Lib_hw.hpp:106:42) in function 'Collision_detectedhw' and propagating its result(s) since all actual argument(s) to the function are constants.
INFO: [XFORM 203-603] Evaluating the output(s) of a call to function '__hls_fptosi_float_i32' (new_fixedpoint2205/Aux_Lib_hw.hpp:107:34) in function 'Collision_detectedhw' and propagating its result(s) since all actual argument(s) to the function are constants.
INFO: [HLS 200-472] Inferring partial write operation for 'X_near' (new_fixedpoint2205/main.cpp:150:24)
INFO: [HLS 200-472] Inferring partial write operation for 'RRT_Star.Position.x' (new_fixedpoint2205/RRT_Star_hw.hpp:14:5)
INFO: [HLS 200-472] Inferring partial write operation for 'RRT_Star.Position.y' (new_fixedpoint2205/RRT_Star_hw.hpp:15:5)
INFO: [HLS 200-472] Inferring partial write operation for 'RRT_Star.Location_List' (new_fixedpoint2205/RRT_Star_hw.hpp:87:17)
INFO: [HLS 200-472] Inferring partial write operation for 'RRT_Star.Position.x' (new_fixedpoint2205/main.cpp:347:25)
INFO: [HLS 200-472] Inferring partial write operation for 'RRT_Star.Position.y' (new_fixedpoint2205/main.cpp:348:25)
INFO: [HLS 200-472] Inferring partial write operation for 'RRT_Star.Location_List' (new_fixedpoint2205/main.cpp:349:28)
INFO: [HLS 200-111] Finished Architecture Synthesis: CPU user time: 0.45 seconds. CPU system time: 0.04 seconds. Elapsed time: 0.49 seconds; current allocated memory: 706.820 MB.
INFO: [HLS 200-10] Starting hardware synthesis ...
INFO: [HLS 200-10] Synthesizing 'rrt' ...
WARNING: [SYN 201-103] Legalizing function name 'FloatToFixed<16ul>' to 'FloatToFixed_16ul_s'.
WARNING: [SYN 201-103] Legalizing function name '__hls_fptosi_float_i32' to 'p_hls_fptosi_float_i32'.
INFO: [HLS 200-10] ----------------------------------------------------------------
INFO: [HLS 200-42] -- Implementing module 'FloatToFixed_16ul_s' 
INFO: [HLS 200-10] ----------------------------------------------------------------
INFO: [SCHED 204-11] Starting scheduling ...
INFO: [SCHED 204-61] Pipelining function 'FloatToFixed<16ul>'.
INFO: [HLS 200-1470] Pipelining result : Target II = NA, Final II = 1, Depth = 22, function 'FloatToFixed<16ul>'
INFO: [SCHED 204-11] Finished scheduling.
INFO: [HLS 200-111] Finished Scheduling: CPU user time: 0.17 seconds. CPU system time: 0.04 seconds. Elapsed time: 0.21 seconds; current allocated memory: 707.609 MB.
INFO: [BIND 205-100] Starting micro-architecture generation ...
INFO: [BIND 205-101] Performing variable lifetime analysis.
INFO: [BIND 205-101] Exploring resource sharing.
INFO: [BIND 205-101] Binding ...
INFO: [BIND 205-100] Finished micro-architecture generation.
INFO: [HLS 200-111] Finished Binding: CPU user time: 0.09 seconds. CPU system time: 0.01 seconds. Elapsed time: 0.1 seconds; current allocated memory: 707.609 MB.
INFO: [HLS 200-10] ----------------------------------------------------------------
INFO: [HLS 200-42] -- Implementing module 'rrt_Pipeline_1' 
INFO: [HLS 200-10] ----------------------------------------------------------------
INFO: [SCHED 204-11] Starting scheduling ...
INFO: [SCHED 204-61] Pipelining loop 'Loop 1'.
INFO: [HLS 200-1470] Pipelining result : Target II = NA, Final II = 1, Depth = 1, loop 'Loop 1'
INFO: [SCHED 204-11] Finished scheduling.
INFO: [HLS 200-111] Finished Scheduling: CPU user time: 0.07 seconds. CPU system time: 0 seconds. Elapsed time: 0.06 seconds; current allocated memory: 707.609 MB.
INFO: [BIND 205-100] Starting micro-architecture generation ...
INFO: [BIND 205-101] Performing variable lifetime analysis.
INFO: [BIND 205-101] Exploring resource sharing.
INFO: [BIND 205-101] Binding ...
INFO: [BIND 205-100] Finished micro-architecture generation.
INFO: [HLS 200-111] Finished Binding: CPU user time: 0.02 seconds. CPU system time: 0 seconds. Elapsed time: 0.02 seconds; current allocated memory: 707.609 MB.
INFO: [HLS 200-10] ----------------------------------------------------------------
INFO: [HLS 200-42] -- Implementing module 'rrt_Pipeline_VITIS_LOOP_341_1' 
INFO: [HLS 200-10] ----------------------------------------------------------------
INFO: [SCHED 204-11] Starting scheduling ...
INFO: [SCHED 204-61] Pipelining loop 'VITIS_LOOP_341_1'.
INFO: [HLS 200-1470] Pipelining result : Target II = NA, Final II = 1, Depth = 52, loop 'VITIS_LOOP_341_1'
WARNING: [HLS 200-871] Estimated clock period (6.312ns) exceeds the target (target clock period: 6.75ns, clock uncertainty: 1.8225ns, effective delay budget: 4.9275ns).
WARNING: [HLS 200-1016] The critical path in module 'rrt_Pipeline_VITIS_LOOP_341_1' consists of the following:	'sitofp' operation ('conv_i_i_i', new_fixedpoint2205/Aux_Lib_hw.hpp:27) [70]  (6.31 ns)

INFO: [SCHED 204-11] Finished scheduling.
INFO: [HLS 200-111] Finished Scheduling: CPU user time: 0.11 seconds. CPU system time: 0 seconds. Elapsed time: 0.11 seconds; current allocated memory: 708.082 MB.
INFO: [BIND 205-100] Starting micro-architecture generation ...
INFO: [BIND 205-101] Performing variable lifetime analysis.
INFO: [BIND 205-101] Exploring resource sharing.
INFO: [BIND 205-101] Binding ...
INFO: [BIND 205-100] Finished micro-architecture generation.
INFO: [HLS 200-111] Finished Binding: CPU user time: 0.2 seconds. CPU system time: 0 seconds. Elapsed time: 0.19 seconds; current allocated memory: 708.082 MB.
INFO: [HLS 200-10] ----------------------------------------------------------------
INFO: [HLS 200-42] -- Implementing module 'rrt_Pipeline_VITIS_LOOP_47_1' 
INFO: [HLS 200-10] ----------------------------------------------------------------
INFO: [SCHED 204-11] Starting scheduling ...
INFO: [SCHED 204-61] Pipelining loop 'VITIS_LOOP_47_1'.
WARNING: [HLS 200-880] The II Violation in module 'rrt_Pipeline_VITIS_LOOP_47_1' (loop 'VITIS_LOOP_47_1'): Unable to enforce a carried dependence constraint (II = 1, distance = 1, offset = 0) between 'store' operation ('q_1_write_ln47', new_fixedpoint2205/fixedpt.h:47->new_fixedpoint2205/main.cpp:369) of variable 'q', new_fixedpoint2205/fixedpt.h:50->new_fixedpoint2205/main.cpp:369 on local variable 'q' and 'load' operation ('q_1_load', new_fixedpoint2205/fixedpt.h:49->new_fixedpoint2205/main.cpp:369) on local variable 'q'.
INFO: [HLS 200-1470] Pipelining result : Target II = NA, Final II = 2, Depth = 4, loop 'VITIS_LOOP_47_1'
INFO: [SCHED 204-11] Finished scheduling.
INFO: [HLS 200-111] Finished Scheduling: CPU user time: 0.18 seconds. CPU system time: 0 seconds. Elapsed time: 0.19 seconds; current allocated memory: 708.082 MB.
INFO: [BIND 205-100] Starting micro-architecture generation ...
INFO: [BIND 205-101] Performing variable lifetime analysis.
INFO: [BIND 205-101] Exploring resource sharing.
INFO: [BIND 205-101] Binding ...
INFO: [BIND 205-100] Finished micro-architecture generation.
INFO: [HLS 200-111] Finished Binding: CPU user time: 0.03 seconds. CPU system time: 0 seconds. Elapsed time: 0.02 seconds; current allocated memory: 708.082 MB.
INFO: [HLS 200-10] ----------------------------------------------------------------
INFO: [HLS 200-42] -- Implementing module 'p_hls_fptosi_float_i32' 
INFO: [HLS 200-10] ----------------------------------------------------------------
INFO: [SCHED 204-11] Starting scheduling ...
INFO: [SCHED 204-61] Pipelining function '__hls_fptosi_float_i32'.
INFO: [HLS 200-1470] Pipelining result : Target II = NA, Final II = 1, Depth = 3, function '__hls_fptosi_float_i32'
INFO: [SCHED 204-11] Finished scheduling.
INFO: [HLS 200-111] Finished Scheduling: CPU user time: 0.04 seconds. CPU system time: 0 seconds. Elapsed time: 0.04 seconds; current allocated memory: 708.082 MB.
INFO: [BIND 205-100] Starting micro-architecture generation ...
INFO: [BIND 205-101] Performing variable lifetime analysis.
INFO: [BIND 205-101] Exploring resource sharing.
INFO: [BIND 205-101] Binding ...
INFO: [BIND 205-100] Finished micro-architecture generation.
INFO: [HLS 200-111] Finished Binding: CPU user time: 0.02 seconds. CPU system time: 0 seconds. Elapsed time: 0.02 seconds; current allocated memory: 708.082 MB.
INFO: [HLS 200-10] ----------------------------------------------------------------
INFO: [HLS 200-42] -- Implementing module 'Collision_detectedhw' 
INFO: [HLS 200-10] ----------------------------------------------------------------
INFO: [SCHED 204-11] Starting scheduling ...
INFO: [SCHED 204-61] Pipelining function 'Collision_detectedhw'.
INFO: [HLS 200-1470] Pipelining result : Target II = NA, Final II = 1, Depth = 40, function 'Collision_detectedhw'
WARNING: [HLS 200-871] Estimated clock period (6.312ns) exceeds the target (target clock period: 6.75ns, clock uncertainty: 1.8225ns, effective delay budget: 4.9275ns).
WARNING: [HLS 200-1016] The critical path in module 'Collision_detectedhw' consists of the following:	wire read operation ('x') on port 'p_read' [6]  (0 ns)
	'sitofp' operation ('conv_i') [7]  (6.31 ns)

INFO: [SCHED 204-11] Finished scheduling.
INFO: [HLS 200-111] Finished Scheduling: CPU user time: 0.22 seconds. CPU system time: 0 seconds. Elapsed time: 0.22 seconds; current allocated memory: 710.496 MB.
INFO: [BIND 205-100] Starting micro-architecture generation ...
INFO: [BIND 205-101] Performing variable lifetime analysis.
INFO: [BIND 205-101] Exploring resource sharing.
INFO: [BIND 205-101] Binding ...
INFO: [BIND 205-100] Finished micro-architecture generation.
INFO: [HLS 200-111] Finished Binding: CPU user time: 0.29 seconds. CPU system time: 0 seconds. Elapsed time: 0.29 seconds; current allocated memory: 710.496 MB.
INFO: [HLS 200-10] ----------------------------------------------------------------
INFO: [HLS 200-42] -- Implementing module 'rrt_Pipeline_VITIS_LOOP_111_1' 
INFO: [HLS 200-10] ----------------------------------------------------------------
INFO: [SCHED 204-11] Starting scheduling ...
INFO: [SCHED 204-61] Pipelining loop 'VITIS_LOOP_111_1'.
WARNING: [HLS 200-878] Unable to schedule the loop exit test ('call' operation ('tmp_i', new_fixedpoint2205/main.cpp:123->new_fixedpoint2205/main.cpp:379) to 'Collision_detectedhw') in the first pipeline iteration (II = 1 cycles).
WARNING: [HLS 200-878] Unable to schedule the loop exit test ('call' operation ('tmp_i', new_fixedpoint2205/main.cpp:123->new_fixedpoint2205/main.cpp:379) to 'Collision_detectedhw') in the first pipeline iteration (II = 2 cycles).
WARNING: [HLS 200-878] Unable to schedule the loop exit test ('call' operation ('tmp_i', new_fixedpoint2205/main.cpp:123->new_fixedpoint2205/main.cpp:379) to 'Collision_detectedhw') in the first pipeline iteration (II = 3 cycles).
WARNING: [HLS 200-878] Unable to schedule the loop exit test ('call' operation ('tmp_i', new_fixedpoint2205/main.cpp:123->new_fixedpoint2205/main.cpp:379) to 'Collision_detectedhw') in the first pipeline iteration (II = 4 cycles).
WARNING: [HLS 200-878] Unable to schedule the loop exit test ('call' operation ('tmp_i', new_fixedpoint2205/main.cpp:123->new_fixedpoint2205/main.cpp:379) to 'Collision_detectedhw') in the first pipeline iteration (II = 67 cycles).
WARNING: [HLS 200-878] Unable to schedule the loop exit test ('call' operation ('tmp_i', new_fixedpoint2205/main.cpp:123->new_fixedpoint2205/main.cpp:379) to 'Collision_detectedhw') in the first pipeline iteration (II = 70 cycles).
WARNING: [HLS 200-878] Unable to schedule the loop exit test ('call' operation ('tmp_i', new_fixedpoint2205/main.cpp:123->new_fixedpoint2205/main.cpp:379) to 'Collision_detectedhw') in the first pipeline iteration (II = 72 cycles).
WARNING: [HLS 200-878] Unable to schedule the loop exit test ('call' operation ('tmp_i', new_fixedpoint2205/main.cpp:123->new_fixedpoint2205/main.cpp:379) to 'Collision_detectedhw') in the first pipeline iteration (II = 73 cycles).
INFO: [HLS 200-1470] Pipelining result : Target II = NA, Final II = 74, Depth = 75, loop 'VITIS_LOOP_111_1'
WARNING: [HLS 200-871] Estimated clock period (6.312ns) exceeds the target (target clock period: 6.75ns, clock uncertainty: 1.8225ns, effective delay budget: 4.9275ns).
WARNING: [HLS 200-1016] The critical path in module 'rrt_Pipeline_VITIS_LOOP_111_1' consists of the following:	'alloca' operation ('i') [6]  (0 ns)
	'load' operation ('i', new_fixedpoint2205/main.cpp:111->new_fixedpoint2205/main.cpp:379) on local variable 'i' [15]  (0 ns)
	'sitofp' operation ('d', new_fixedpoint2205/main.cpp:113->new_fixedpoint2205/main.cpp:379) [24]  (6.31 ns)

INFO: [SCHED 204-11] Finished scheduling.
INFO: [HLS 200-111] Finished Scheduling: CPU user time: 0.5 seconds. CPU system time: 0.01 seconds. Elapsed time: 0.52 seconds; current allocated memory: 711.477 MB.
INFO: [BIND 205-100] Starting micro-architecture generation ...
INFO: [BIND 205-101] Performing variable lifetime analysis.
INFO: [BIND 205-101] Exploring resource sharing.
INFO: [BIND 205-101] Binding ...
INFO: [BIND 205-100] Finished micro-architecture generation.
INFO: [HLS 200-111] Finished Binding: CPU user time: 0.31 seconds. CPU system time: 0 seconds. Elapsed time: 0.31 seconds; current allocated memory: 711.477 MB.
INFO: [HLS 200-10] ----------------------------------------------------------------
INFO: [HLS 200-42] -- Implementing module 'rrt_Pipeline_VITIS_LOOP_419_3' 
INFO: [HLS 200-10] ----------------------------------------------------------------
INFO: [SCHED 204-11] Starting scheduling ...
INFO: [SCHED 204-61] Pipelining loop 'VITIS_LOOP_419_3'.
INFO: [HLS 200-1470] Pipelining result : Target II = NA, Final II = 1, Depth = 2, loop 'VITIS_LOOP_419_3'
INFO: [SCHED 204-11] Finished scheduling.
INFO: [HLS 200-111] Finished Scheduling: CPU user time: 0.35 seconds. CPU system time: 0 seconds. Elapsed time: 0.35 seconds; current allocated memory: 712.094 MB.
INFO: [BIND 205-100] Starting micro-architecture generation ...
INFO: [BIND 205-101] Performing variable lifetime analysis.
INFO: [BIND 205-101] Exploring resource sharing.
INFO: [BIND 205-101] Binding ...
INFO: [BIND 205-100] Finished micro-architecture generation.
INFO: [HLS 200-111] Finished Binding: CPU user time: 0.02 seconds. CPU system time: 0 seconds. Elapsed time: 0.01 seconds; current allocated memory: 712.094 MB.
INFO: [HLS 200-10] ----------------------------------------------------------------
INFO: [HLS 200-42] -- Implementing module 'Nearhw' 
INFO: [HLS 200-10] ----------------------------------------------------------------
INFO: [SCHED 204-11] Starting scheduling ...
INFO: [SCHED 204-61] Pipelining loop 'VITIS_LOOP_140_1'.
INFO: [HLS 200-1470] Pipelining result : Target II = NA, Final II = 1, Depth = 30, loop 'VITIS_LOOP_140_1'
WARNING: [HLS 200-871] Estimated clock period (6.312ns) exceeds the target (target clock period: 6.75ns, clock uncertainty: 1.8225ns, effective delay budget: 4.9275ns).
WARNING: [HLS 200-1016] The critical path in module 'Nearhw' consists of the following:	wire read operation ('p_read_2') on port 'p_read' [15]  (0 ns)
	'sitofp' operation ('conv_i_i') [16]  (6.31 ns)

INFO: [SCHED 204-11] Finished scheduling.
INFO: [HLS 200-111] Finished Scheduling: CPU user time: 0.1 seconds. CPU system time: 0 seconds. Elapsed time: 0.11 seconds; current allocated memory: 712.500 MB.
INFO: [BIND 205-100] Starting micro-architecture generation ...
INFO: [BIND 205-101] Performing variable lifetime analysis.
INFO: [BIND 205-101] Exploring resource sharing.
INFO: [BIND 205-101] Binding ...
INFO: [BIND 205-100] Finished micro-architecture generation.
INFO: [HLS 200-111] Finished Binding: CPU user time: 0.16 seconds. CPU system time: 0 seconds. Elapsed time: 0.17 seconds; current allocated memory: 712.500 MB.
INFO: [HLS 200-10] ----------------------------------------------------------------
INFO: [HLS 200-42] -- Implementing module 'rrt_Pipeline_VITIS_LOOP_47_12' 
INFO: [HLS 200-10] ----------------------------------------------------------------
INFO: [SCHED 204-11] Starting scheduling ...
INFO: [SCHED 204-61] Pipelining loop 'VITIS_LOOP_47_1'.
WARNING: [HLS 200-880] The II Violation in module 'rrt_Pipeline_VITIS_LOOP_47_12' (loop 'VITIS_LOOP_47_1'): Unable to enforce a carried dependence constraint (II = 1, distance = 1, offset = 0) between 'store' operation ('q_write_ln47', new_fixedpoint2205/fixedpt.h:47) of variable 'q', new_fixedpoint2205/fixedpt.h:50 on local variable 'q' and 'load' operation ('q_load', new_fixedpoint2205/fixedpt.h:49) on local variable 'q'.
INFO: [HLS 200-1470] Pipelining result : Target II = NA, Final II = 2, Depth = 4, loop 'VITIS_LOOP_47_1'
INFO: [SCHED 204-11] Finished scheduling.
INFO: [HLS 200-111] Finished Scheduling: CPU user time: 0.13 seconds. CPU system time: 0 seconds. Elapsed time: 0.12 seconds; current allocated memory: 713.555 MB.
INFO: [BIND 205-100] Starting micro-architecture generation ...
INFO: [BIND 205-101] Performing variable lifetime analysis.
INFO: [BIND 205-101] Exploring resource sharing.
INFO: [BIND 205-101] Binding ...
INFO: [BIND 205-100] Finished micro-architecture generation.
INFO: [HLS 200-111] Finished Binding: CPU user time: 0.03 seconds. CPU system time: 0 seconds. Elapsed time: 0.03 seconds; current allocated memory: 713.555 MB.
INFO: [HLS 200-10] ----------------------------------------------------------------
INFO: [HLS 200-42] -- Implementing module 'rrt_Pipeline_VITIS_LOOP_395_2' 
INFO: [HLS 200-10] ----------------------------------------------------------------
INFO: [SCHED 204-11] Starting scheduling ...
INFO: [SCHED 204-61] Pipelining loop 'VITIS_LOOP_395_2'.
INFO: [HLS 200-1470] Pipelining result : Target II = NA, Final II = 1, Depth = 2, loop 'VITIS_LOOP_395_2'
INFO: [SCHED 204-11] Finished scheduling.
INFO: [HLS 200-111] Finished Scheduling: CPU user time: 0.04 seconds. CPU system time: 0 seconds. Elapsed time: 0.05 seconds; current allocated memory: 713.762 MB.
INFO: [BIND 205-100] Starting micro-architecture generation ...
INFO: [BIND 205-101] Performing variable lifetime analysis.
INFO: [BIND 205-101] Exploring resource sharing.
INFO: [BIND 205-101] Binding ...
INFO: [BIND 205-100] Finished micro-architecture generation.
INFO: [HLS 200-111] Finished Binding: CPU user time: 0.02 seconds. CPU system time: 0 seconds. Elapsed time: 0.02 seconds; current allocated memory: 713.762 MB.
INFO: [HLS 200-10] ----------------------------------------------------------------
INFO: [HLS 200-42] -- Implementing module 'rrt' 
INFO: [HLS 200-10] ----------------------------------------------------------------
INFO: [SCHED 204-11] Starting scheduling ...
WARNING: [HLS 200-871] Estimated clock period (6.312ns) exceeds the target (target clock period: 6.75ns, clock uncertainty: 1.8225ns, effective delay budget: 4.9275ns).
WARNING: [HLS 200-1016] The critical path in module 'rrt' consists of the following:	'sitofp' operation ('conv_i_i', new_fixedpoint2205/main.cpp:320) [85]  (6.31 ns)

INFO: [SCHED 204-11] Finished scheduling.
INFO: [HLS 200-111] Finished Scheduling: CPU user time: 0.25 seconds. CPU system time: 0.01 seconds. Elapsed time: 0.26 seconds; current allocated memory: 715.387 MB.
INFO: [BIND 205-100] Starting micro-architecture generation ...
INFO: [BIND 205-101] Performing variable lifetime analysis.
INFO: [BIND 205-101] Exploring resource sharing.
INFO: [BIND 205-101] Binding ...
INFO: [BIND 205-100] Finished micro-architecture generation.
INFO: [HLS 200-111] Finished Binding: CPU user time: 0.69 seconds. CPU system time: 0 seconds. Elapsed time: 0.7 seconds; current allocated memory: 715.785 MB.
INFO: [HLS 200-10] ----------------------------------------------------------------
INFO: [HLS 200-10] -- Generating RTL for module 'FloatToFixed_16ul_s' 
INFO: [HLS 200-10] ----------------------------------------------------------------
INFO: [RTGEN 206-100] Generating core module 'dadd_64ns_64ns_64_12_full_dsp_0': 1 instance(s).
INFO: [RTGEN 206-100] Generating core module 'fcmp_32ns_32ns_1_3_no_dsp_0': 1 instance(s).
INFO: [RTGEN 206-100] Generating core module 'fmul_32ns_32ns_32_5_max_dsp_0': 1 instance(s).
INFO: [RTGEN 206-100] Generating core module 'fpext_32ns_64_2_no_dsp_0': 1 instance(s).
INFO: [RTGEN 206-100] Finished creating RTL model for 'FloatToFixed_16ul_s'.
INFO: [HLS 200-111] Finished Creating RTL model: CPU user time: 0.8 seconds. CPU system time: 0.01 seconds. Elapsed time: 0.8 seconds; current allocated memory: 716.512 MB.
INFO: [HLS 200-10] ----------------------------------------------------------------
INFO: [HLS 200-10] -- Generating RTL for module 'rrt_Pipeline_1' 
INFO: [HLS 200-10] ----------------------------------------------------------------
INFO: [RTGEN 206-100] Finished creating RTL model for 'rrt_Pipeline_1'.
INFO: [HLS 200-111] Finished Creating RTL model: CPU user time: 0.13 seconds. CPU system time: 0 seconds. Elapsed time: 0.13 seconds; current allocated memory: 717.645 MB.
INFO: [HLS 200-10] ----------------------------------------------------------------
INFO: [HLS 200-10] -- Generating RTL for module 'rrt_Pipeline_VITIS_LOOP_341_1' 
INFO: [HLS 200-10] ----------------------------------------------------------------
INFO: [HLS 200-1030] Apply Unified Pipeline Control on module 'rrt_Pipeline_VITIS_LOOP_341_1' pipeline 'VITIS_LOOP_341_1' pipeline type 'loop pipeline'
INFO: [RTGEN 206-100] Generating core module 'fsub_32ns_32ns_32_9_full_dsp_1': 2 instance(s).
INFO: [RTGEN 206-100] Generating core module 'hptosp_16ns_32_2_no_dsp_1': 2 instance(s).
INFO: [RTGEN 206-100] Generating core module 'mul_32s_32s_48_5_1': 2 instance(s).
INFO: [RTGEN 206-100] Generating core module 'sitofp_32ns_32_7_no_dsp_1': 2 instance(s).
INFO: [RTGEN 206-100] Finished creating RTL model for 'rrt_Pipeline_VITIS_LOOP_341_1'.
INFO: [HLS 200-111] Finished Creating RTL model: CPU user time: 0.07 seconds. CPU system time: 0 seconds. Elapsed time: 0.07 seconds; current allocated memory: 721.156 MB.
INFO: [HLS 200-10] ----------------------------------------------------------------
INFO: [HLS 200-10] -- Generating RTL for module 'rrt_Pipeline_VITIS_LOOP_47_1' 
INFO: [HLS 200-10] ----------------------------------------------------------------
INFO: [HLS 200-1030] Apply Unified Pipeline Control on module 'rrt_Pipeline_VITIS_LOOP_47_1' pipeline 'VITIS_LOOP_47_1' pipeline type 'loop pipeline'
INFO: [RTGEN 206-100] Finished creating RTL model for 'rrt_Pipeline_VITIS_LOOP_47_1'.
INFO: [HLS 200-111] Finished Creating RTL model: CPU user time: 0.31 seconds. CPU system time: 0 seconds. Elapsed time: 0.3 seconds; current allocated memory: 724.102 MB.
INFO: [HLS 200-10] ----------------------------------------------------------------
INFO: [HLS 200-10] -- Generating RTL for module 'p_hls_fptosi_float_i32' 
INFO: [HLS 200-10] ----------------------------------------------------------------
INFO: [RTGEN 206-100] Finished creating RTL model for 'p_hls_fptosi_float_i32'.
INFO: [HLS 200-111] Finished Creating RTL model: CPU user time: 0.07 seconds. CPU system time: 0 seconds. Elapsed time: 0.07 seconds; current allocated memory: 725.223 MB.
INFO: [HLS 200-10] ----------------------------------------------------------------
INFO: [HLS 200-10] -- Generating RTL for module 'Collision_detectedhw' 
INFO: [HLS 200-10] ----------------------------------------------------------------
WARNING: [RTGEN 206-101] RTL name 'sitofp_32ns_32_7_no_dsp_1' is changed to 'sitofp_32ns_32_7_no_dsp_1_x' due to conflict.
WARNING: [RTGEN 206-101] RTL name 'mul_32s_32s_48_5_1' is changed to 'mul_32s_32s_48_5_1_x' due to conflict.
INFO: [RTGEN 206-104] Estimated max fanout for 'Collision_detectedhw' is 10950 from HDL expression: (1'b0 == ap_block_pp0_stage0_11001)
INFO: [RTGEN 206-100] Generating core module 'fadd_32ns_32ns_32_9_full_dsp_1': 4 instance(s).
INFO: [RTGEN 206-100] Generating core module 'mul_24s_32s_48_5_1': 4 instance(s).
INFO: [RTGEN 206-100] Generating core module 'mul_32s_32s_48_5_1_x': 14 instance(s).
INFO: [RTGEN 206-100] Generating core module 'mul_48s_50ns_97_3_1': 8 instance(s).
INFO: [RTGEN 206-100] Generating core module 'sitofp_32ns_32_7_no_dsp_1_x': 2 instance(s).
INFO: [RTGEN 206-100] Finished creating RTL model for 'Collision_detectedhw'.
INFO: [HLS 200-111] Finished Creating RTL model: CPU user time: 0.16 seconds. CPU system time: 0 seconds. Elapsed time: 0.16 seconds; current allocated memory: 729.863 MB.
INFO: [HLS 200-10] ----------------------------------------------------------------
INFO: [HLS 200-10] -- Generating RTL for module 'rrt_Pipeline_VITIS_LOOP_111_1' 
INFO: [HLS 200-10] ----------------------------------------------------------------
INFO: [HLS 200-1030] Apply Unified Pipeline Control on module 'rrt_Pipeline_VITIS_LOOP_111_1' pipeline 'VITIS_LOOP_111_1' pipeline type 'loop pipeline'
INFO: [RTGEN 206-100] Generating core module 'dadd_64ns_64ns_64_12_full_dsp_0': 1 instance(s).
INFO: [RTGEN 206-100] Generating core module 'fcmp_32ns_32ns_1_3_no_dsp_0': 1 instance(s).
INFO: [RTGEN 206-100] Generating core module 'fmul_32ns_32ns_32_5_max_dsp_0': 1 instance(s).
INFO: [RTGEN 206-100] Generating core module 'fpext_32ns_64_2_no_dsp_0': 1 instance(s).
INFO: [RTGEN 206-100] Generating core module 'mul_32s_48s_48_3_1': 2 instance(s).
INFO: [RTGEN 206-100] Generating core module 'sitofp_32ns_32_7_no_dsp_1': 1 instance(s).
INFO: [RTGEN 206-100] Finished creating RTL model for 'rrt_Pipeline_VITIS_LOOP_111_1'.
INFO: [HLS 200-111] Finished Creating RTL model: CPU user time: 0.94 seconds. CPU system time: 0.01 seconds. Elapsed time: 0.94 seconds; current allocated memory: 738.750 MB.
INFO: [HLS 200-10] ----------------------------------------------------------------
INFO: [HLS 200-10] -- Generating RTL for module 'rrt_Pipeline_VITIS_LOOP_419_3' 
INFO: [HLS 200-10] ----------------------------------------------------------------
INFO: [HLS 200-1030] Apply Unified Pipeline Control on module 'rrt_Pipeline_VITIS_LOOP_419_3' pipeline 'VITIS_LOOP_419_3' pipeline type 'loop pipeline'
INFO: [RTGEN 206-100] Finished creating RTL model for 'rrt_Pipeline_VITIS_LOOP_419_3'.
INFO: [HLS 200-111] Finished Creating RTL model: CPU user time: 0.43 seconds. CPU system time: 0 seconds. Elapsed time: 0.44 seconds; current allocated memory: 740.543 MB.
INFO: [HLS 200-10] ----------------------------------------------------------------
INFO: [HLS 200-10] -- Generating RTL for module 'Nearhw' 
INFO: [HLS 200-10] ----------------------------------------------------------------
INFO: [RTGEN 206-100] Generating core module 'fsub_32ns_32ns_32_9_full_dsp_1': 2 instance(s).
INFO: [RTGEN 206-100] Generating core module 'mul_32s_32s_48_5_1': 2 instance(s).
INFO: [RTGEN 206-100] Generating core module 'sitofp_32ns_32_7_no_dsp_1': 2 instance(s).
INFO: [RTGEN 206-100] Finished creating RTL model for 'Nearhw'.
INFO: [HLS 200-111] Finished Creating RTL model: CPU user time: 0.06 seconds. CPU system time: 0 seconds. Elapsed time: 0.06 seconds; current allocated memory: 742.355 MB.
INFO: [HLS 200-10] ----------------------------------------------------------------
INFO: [HLS 200-10] -- Generating RTL for module 'rrt_Pipeline_VITIS_LOOP_47_12' 
INFO: [HLS 200-10] ----------------------------------------------------------------
INFO: [HLS 200-1030] Apply Unified Pipeline Control on module 'rrt_Pipeline_VITIS_LOOP_47_12' pipeline 'VITIS_LOOP_47_1' pipeline type 'loop pipeline'
INFO: [RTGEN 206-100] Finished creating RTL model for 'rrt_Pipeline_VITIS_LOOP_47_12'.
==============================================================
Vitis HLS - High-Level Synthesis from C, C++ and OpenCL v2021.2 (64-bit)
Copyright 1986-2021 Xilinx, Inc. All Rights Reserved.
==============================================================
INFO: [SYN 201-201] Setting up clock 'default' with a period of 6.75ns.
INFO: [HLS 200-1611] Setting target device to 'xc7z020-clg400-1'
INFO: [HLS 200-1505] Using flow_target 'vivado'
INFO: [HLS 200-1464] Running solution command: config_export -display_name=nfp02
INFO: [HLS 200-1464] Running solution command: config_export -format=ip_catalog
INFO: [HLS 200-1464] Running solution command: config_export -rtl=verilog
INFO: [HLS 200-1510] Running: set_part xc7z020-clg400-1 
INFO: [HLS 200-1510] Running: create_clock -period 6.75 -name default 
INFO: [HLS 200-1510] Running: config_export -display_name nfp02 -format ip_catalog -rtl verilog 
INFO: [HLS 200-1510] Running: set_directive_top -name rrt rrt 
INFO: [HLS 200-1510] Running: csynth_design 
INFO: [HLS 200-111] Finished File checks and directory preparation: CPU user time: 0.01 seconds. CPU system time: 0 seconds. Elapsed time: 0.01 seconds; current allocated memory: 1.194 GB.
INFO: [HLS 200-10] Analyzing design file 'new_fixedpoint2205/main.cpp' ... 
WARNING: [HLS 207-5287] unused parameter 'nn' (new_fixedpoint2205/Aux_Lib_hw.hpp:68:46)
WARNING: [HLS 207-5287] unused parameter 'i' (new_fixedpoint2205/Aux_Lib_hw.hpp:68:53)
WARNING: [HLS 207-5287] unused parameter 'nn' (new_fixedpoint2205/Aux_Lib_hw.hpp:101:55)
WARNING: [HLS 207-5287] unused parameter 'i' (new_fixedpoint2205/Aux_Lib_hw.hpp:101:62)
WARNING: [HLS 207-5287] unused parameter 'i' (new_fixedpoint2205/main.cpp:38:93)
INFO: [HLS 200-111] Finished Source Code Analysis and Preprocessing: CPU user time: 4.41 seconds. CPU system time: 0.41 seconds. Elapsed time: 3.92 seconds; current allocated memory: 285.219 MB.
INFO: [HLS 200-777] Using interface defaults for 'Vivado' flow target.
INFO: [HLS 214-284] Auto array partition mode is set into default.
INFO: [HLS 214-178] Inlining function 'Point_2hw::Point_2hw()' into 'Segment_3hw::Segment_3hw()' (new_fixedpoint2205/Aux_Lib_hw.hpp:45:0)
INFO: [HLS 214-178] Inlining function 'fp_struct<double>::fp_struct(double)' into 'int generic_cast_IEEE754<int, (ap_q_mode)6, double>(double, bool, hls::enable_if<std::numeric_limits<int>::is_signed, bool>::type)' (/wrk/ci/prod/2021.2/rdi_builds/continuous/2021_10_19_3367213/src/shared/hls/clib/hlsmath/include/FloatingPoint/hls_case_IEEE754.h:12:0)
INFO: [HLS 214-178] Inlining function 'fp_struct<double>::mantissa() const' into 'int generic_cast_IEEE754<int, (ap_q_mode)6, double>(double, bool, hls::enable_if<std::numeric_limits<int>::is_signed, bool>::type)' (/wrk/ci/prod/2021.2/rdi_builds/continuous/2021_10_19_3367213/src/shared/hls/clib/hlsmath/include/FloatingPoint/hls_case_IEEE754.h:12:0)
INFO: [HLS 214-178] Inlining function 'fp_struct<double>::expv() const' into 'int generic_cast_IEEE754<int, (ap_q_mode)6, double>(double, bool, hls::enable_if<std::numeric_limits<int>::is_signed, bool>::type)' (/wrk/ci/prod/2021.2/rdi_builds/continuous/2021_10_19_3367213/src/shared/hls/clib/hlsmath/include/FloatingPoint/hls_case_IEEE754.h:12:0)
INFO: [HLS 214-178] Inlining function 'fp_struct<double>::__signbit() const' into 'int generic_cast_IEEE754<int, (ap_q_mode)6, double>(double, bool, hls::enable_if<std::numeric_limits<int>::is_signed, bool>::type)' (/wrk/ci/prod/2021.2/rdi_builds/continuous/2021_10_19_3367213/src/shared/hls/clib/hlsmath/include/FloatingPoint/hls_case_IEEE754.h:12:0)
INFO: [HLS 214-178] Inlining function 'int generic_cast_IEEE754<int, (ap_q_mode)6, double>(double, bool, hls::enable_if<std::numeric_limits<int>::is_signed, bool>::type)' into 'int generic_cast_IEEE754<int, double>(double, bool)' (/wrk/ci/prod/2021.2/rdi_builds/continuous/2021_10_19_3367213/src/shared/hls/clib/hlsmath/include/FloatingPoint/hls_case_IEEE754.h:116:0)
INFO: [HLS 214-178] Inlining function 'int generic_cast_IEEE754<int, double>(double, bool)' into '__hls_fptosi_double_i32' (/wrk/ci/prod/2021.2/rdi_builds/continuous/2021_10_19_3367213/src/shared/hls/clib/hlsmath/src/lib_floatconversion.cpp:55:0)
INFO: [HLS 214-178] Inlining function '__hls_fptosi_double_i32' into 'int FloatToFixed<16ul>(float)' (new_fixedpoint2205/fixedpt.h:6:0)
INFO: [HLS 214-178] Inlining function 'int FloatToFixed<16ul>(float)' into 'Position_Holonomic_hw::Position_Holonomic_hw() (.165)' (new_fixedpoint2205/RRT_Star_hw.hpp:13:0)
INFO: [HLS 214-178] Inlining function 'Position_Holonomic_hw::Position_Holonomic_hw() (.165)' into 'Node_RRT_Poshw::Node_RRT_Poshw() (.172.177)' (new_fixedpoint2205/RRT_Star_hw.hpp:85:0)
INFO: [HLS 214-178] Inlining function 'int FloatToFixed<16ul>(float)' into 'Node_RRT_Poshw::Node_RRT_Poshw() (.172.177)' (new_fixedpoint2205/RRT_Star_hw.hpp:85:0)
INFO: [HLS 214-178] Inlining function 'Position_Holonomic_hw::Position_Holonomic_hw() (.165)' into 'Node_Randhw::Node_Randhw()' (new_fixedpoint2205/RRT_Star_hw.hpp:66:0)
INFO: [HLS 214-178] Inlining function 'int FloatToFixed<16ul>(float)' into 'Position_Holonomic_hw::Position_Holonomic_hw()' (new_fixedpoint2205/RRT_Star_hw.hpp:13:0)
INFO: [HLS 214-178] Inlining function 'Position_Holonomic_hw::Position_Holonomic_hw()' into 'Node_RRT_Poshw::Node_RRT_Poshw()' (new_fixedpoint2205/RRT_Star_hw.hpp:85:0)
INFO: [HLS 214-178] Inlining function 'int FloatToFixed<16ul>(float)' into 'Node_RRT_Poshw::Node_RRT_Poshw()' (new_fixedpoint2205/RRT_Star_hw.hpp:85:0)
INFO: [HLS 214-178] Inlining function 'fp_struct<float>::fp_struct(float)' into 'int generic_cast_IEEE754<int, (ap_q_mode)6, float>(float, bool, hls::enable_if<std::numeric_limits<int>::is_signed, bool>::type)' (/wrk/ci/prod/2021.2/rdi_builds/continuous/2021_10_19_3367213/src/shared/hls/clib/hlsmath/include/FloatingPoint/hls_case_IEEE754.h:12:0)
INFO: [HLS 214-178] Inlining function 'fp_struct<float>::mantissa() const' into 'int generic_cast_IEEE754<int, (ap_q_mode)6, float>(float, bool, hls::enable_if<std::numeric_limits<int>::is_signed, bool>::type)' (/wrk/ci/prod/2021.2/rdi_builds/continuous/2021_10_19_3367213/src/shared/hls/clib/hlsmath/include/FloatingPoint/hls_case_IEEE754.h:12:0)
INFO: [HLS 214-178] Inlining function 'fp_struct<float>::expv() const' into 'int generic_cast_IEEE754<int, (ap_q_mode)6, float>(float, bool, hls::enable_if<std::numeric_limits<int>::is_signed, bool>::type)' (/wrk/ci/prod/2021.2/rdi_builds/continuous/2021_10_19_3367213/src/shared/hls/clib/hlsmath/include/FloatingPoint/hls_case_IEEE754.h:12:0)
INFO: [HLS 214-178] Inlining function 'fp_struct<float>::__signbit() const' into 'int generic_cast_IEEE754<int, (ap_q_mode)6, float>(float, bool, hls::enable_if<std::numeric_limits<int>::is_signed, bool>::type)' (/wrk/ci/prod/2021.2/rdi_builds/continuous/2021_10_19_3367213/src/shared/hls/clib/hlsmath/include/FloatingPoint/hls_case_IEEE754.h:12:0)
INFO: [HLS 214-178] Inlining function 'int generic_cast_IEEE754<int, (ap_q_mode)6, float>(float, bool, hls::enable_if<std::numeric_limits<int>::is_signed, bool>::type)' into 'int generic_cast_IEEE754<int, float>(float, bool)' (/wrk/ci/prod/2021.2/rdi_builds/continuous/2021_10_19_3367213/src/shared/hls/clib/hlsmath/include/FloatingPoint/hls_case_IEEE754.h:116:0)
INFO: [HLS 214-178] Inlining function 'int generic_cast_IEEE754<int, float>(float, bool)' into '__hls_fptosi_float_i32' (/wrk/ci/prod/2021.2/rdi_builds/continuous/2021_10_19_3367213/src/shared/hls/clib/hlsmath/src/lib_floatconversion.cpp:51:0)
INFO: [HLS 214-178] Inlining function 'Point_2hw::x() const (.155)' into 'Point_2hw::squared_distance(Point_2hw&)' (new_fixedpoint2205/Aux_Lib_hw.hpp:34:0)
INFO: [HLS 214-178] Inlining function '__hls_fptosi_float_i32' into 'Point_2hw::squared_distance(Point_2hw&)' (new_fixedpoint2205/Aux_Lib_hw.hpp:34:0)
INFO: [HLS 214-178] Inlining function 'fp_mult(int, int)' into 'Point_2hw::squared_distance(Point_2hw&)' (new_fixedpoint2205/Aux_Lib_hw.hpp:34:0)
INFO: [HLS 214-178] Inlining function 'Point_2hw::y() const (.152)' into 'Point_2hw::squared_distance(Point_2hw&)' (new_fixedpoint2205/Aux_Lib_hw.hpp:34:0)
INFO: [HLS 214-178] Inlining function 'Point_2hw::Point_2hw(int, int)' into 'Cal_Squared_Disthw(Node_Randhw&, Node_RRT_Poshw&)' (new_fixedpoint2205/main.cpp:21:0)
INFO: [HLS 214-178] Inlining function 'Point_2hw::squared_distance(Point_2hw&)' into 'Cal_Squared_Disthw(Node_Randhw&, Node_RRT_Poshw&)' (new_fixedpoint2205/main.cpp:21:0)
INFO: [HLS 214-178] Inlining function 'Point_2hw::Point_2hw(int, int)' into 'Cal_Disthw(Node_RRT_Poshw&, Node_Randhw&)' (new_fixedpoint2205/main.cpp:8:0)
INFO: [HLS 214-178] Inlining function 'Point_2hw::squared_distance(Point_2hw&)' into 'Cal_Disthw(Node_RRT_Poshw&, Node_Randhw&)' (new_fixedpoint2205/main.cpp:8:0)
INFO: [HLS 214-178] Inlining function 'fp_sqrtt(int)' into 'Cal_Disthw(Node_RRT_Poshw&, Node_Randhw&)' (new_fixedpoint2205/main.cpp:8:0)
INFO: [HLS 214-178] Inlining function 'Node_RRT_Poshw::Node_RRT_Poshw() (.172.177)' into 'A_StreamReaderhw(Node_RRT_Poshw&, Node_Randhw&, int)' (new_fixedpoint2205/main.cpp:39:0)
INFO: [HLS 214-178] Inlining function 'int FloatToFixed<16ul>(float)' into 'A_StreamReaderhw(Node_RRT_Poshw&, Node_Randhw&, int)' (new_fixedpoint2205/main.cpp:39:0)
INFO: [HLS 214-178] Inlining function 'fp_div(int, int)' into 'A_StreamReaderhw(Node_RRT_Poshw&, Node_Randhw&, int)' (new_fixedpoint2205/main.cpp:39:0)
INFO: [HLS 214-178] Inlining function 'Position_Holonomic_hw::Insert_Position(int, int)' into 'A_StreamReaderhw(Node_RRT_Poshw&, Node_Randhw&, int)' (new_fixedpoint2205/main.cpp:39:0)
INFO: [HLS 214-178] Inlining function 'fp_mult(int, int)' into 'A_StreamReaderhw(Node_RRT_Poshw&, Node_Randhw&, int)' (new_fixedpoint2205/main.cpp:39:0)
INFO: [HLS 214-178] Inlining function 'fp_mult(int, int)' into 'Point_2hw::squared_distance(int, int)' (new_fixedpoint2205/Aux_Lib_hw.hpp:39:0)
INFO: [HLS 214-178] Inlining function 'Point_2hw::x() const' into 'Segment_3hw::squared_distance(int&, int&, int, int)' (new_fixedpoint2205/Aux_Lib_hw.hpp:102:0)
INFO: [HLS 214-178] Inlining function 'fp_mult(int, int)' into 'Segment_3hw::squared_distance(int&, int&, int, int)' (new_fixedpoint2205/Aux_Lib_hw.hpp:102:0)
INFO: [HLS 214-178] Inlining function 'Point_2hw::y() const' into 'Segment_3hw::squared_distance(int&, int&, int, int)' (new_fixedpoint2205/Aux_Lib_hw.hpp:102:0)
INFO: [HLS 214-178] Inlining function 'fp_div(int, int)' into 'Segment_3hw::squared_distance(int&, int&, int, int)' (new_fixedpoint2205/Aux_Lib_hw.hpp:102:0)
INFO: [HLS 214-178] Inlining function 'Point_2hw::squared_distance(int, int)' into 'Segment_3hw::squared_distance(int&, int&, int, int)' (new_fixedpoint2205/Aux_Lib_hw.hpp:102:0)
INFO: [HLS 214-178] Inlining function 'Segment_3hw::squared_distance(int&, int&, int, int)' into 'Collision_detectedhw(int&, int&, int, Segment_3hw*, int)' (new_fixedpoint2205/main.cpp:78:0)
INFO: [HLS 214-178] Inlining function 'Position_Holonomic_hw::Position_Holonomic_hw() (.165)' into 'Obstacle_Freehw(Position_Holonomic_hw&, Position_Holonomic_hw&, int, Segment_3hw*, int)' (new_fixedpoint2205/main.cpp:99:0)
INFO: [HLS 214-178] Inlining function 'int FloatToFixed<16ul>(float)' into 'Obstacle_Freehw(Position_Holonomic_hw&, Position_Holonomic_hw&, int, Segment_3hw*, int)' (new_fixedpoint2205/main.cpp:99:0)
INFO: [HLS 214-178] Inlining function 'fp_div(int, int)' into 'Obstacle_Freehw(Position_Holonomic_hw&, Position_Holonomic_hw&, int, Segment_3hw*, int)' (new_fixedpoint2205/main.cpp:99:0)
INFO: [HLS 214-178] Inlining function 'fp_mult(int, int)' into 'Obstacle_Freehw(Position_Holonomic_hw&, Position_Holonomic_hw&, int, Segment_3hw*, int)' (new_fixedpoint2205/main.cpp:99:0)
INFO: [HLS 214-178] Inlining function 'Point_2hw::Point_2hw(int, int)' into 'Cal_Squared_Disthw(Node_RRT_Poshw&, Node_RRT_Poshw&)' (new_fixedpoint2205/main.cpp:31:0)
INFO: [HLS 214-178] Inlining function 'Point_2hw::squared_distance(Point_2hw&)' into 'Cal_Squared_Disthw(Node_RRT_Poshw&, Node_RRT_Poshw&)' (new_fixedpoint2205/main.cpp:31:0)
INFO: [HLS 214-178] Inlining function 'Cal_Squared_Disthw(Node_RRT_Poshw&, Node_RRT_Poshw&)' into 'Nearhw(int*, Node_RRT_Poshw*, Node_RRT_Poshw&, int, int, int&)' (new_fixedpoint2205/main.cpp:135:0)
INFO: [HLS 214-178] Inlining function 'fp_mult(int, int)' into 'Costhw(Position_Holonomic_hw&, Position_Holonomic_hw&)' (new_fixedpoint2205/main.cpp:156:0)
INFO: [HLS 214-178] Inlining function 'fp_sqrtt(int)' into 'Costhw(Position_Holonomic_hw&, Position_Holonomic_hw&)' (new_fixedpoint2205/main.cpp:156:0)
INFO: [HLS 214-178] Inlining function 'Segment_3hw::Segment_3hw()' into 'rrt(hls::stream<hls::axis<ap_int<64>, 2ul, 5ul, 6ul>, 0>&, float, float, int, float*, float, float, hls::stream<hls::axis<ap_int<32>, 2ul, 5ul, 6ul>, 0>&)' (new_fixedpoint2205/main.cpp:181:0)
INFO: [HLS 214-178] Inlining function 'Node_RRT_Poshw::Node_RRT_Poshw() (.172.177)' into 'rrt(hls::stream<hls::axis<ap_int<64>, 2ul, 5ul, 6ul>, 0>&, float, float, int, float*, float, float, hls::stream<hls::axis<ap_int<32>, 2ul, 5ul, 6ul>, 0>&)' (new_fixedpoint2205/main.cpp:181:0)
INFO: [HLS 214-178] Inlining function 'Node_Randhw::Node_Randhw()' into 'rrt(hls::stream<hls::axis<ap_int<64>, 2ul, 5ul, 6ul>, 0>&, float, float, int, float*, float, float, hls::stream<hls::axis<ap_int<32>, 2ul, 5ul, 6ul>, 0>&)' (new_fixedpoint2205/main.cpp:181:0)
INFO: [HLS 214-178] Inlining function 'Node_RRT_Poshw::Node_RRT_Poshw()' into 'rrt(hls::stream<hls::axis<ap_int<64>, 2ul, 5ul, 6ul>, 0>&, float, float, int, float*, float, float, hls::stream<hls::axis<ap_int<32>, 2ul, 5ul, 6ul>, 0>&)' (new_fixedpoint2205/main.cpp:181:0)
INFO: [HLS 214-178] Inlining function 'Cal_Squared_Disthw(Node_Randhw&, Node_RRT_Poshw&)' into 'rrt(hls::stream<hls::axis<ap_int<64>, 2ul, 5ul, 6ul>, 0>&, float, float, int, float*, float, float, hls::stream<hls::axis<ap_int<32>, 2ul, 5ul, 6ul>, 0>&)' (new_fixedpoint2205/main.cpp:181:0)
INFO: [HLS 214-178] Inlining function 'float FixedToFloat<16ul>(int)' into 'rrt(hls::stream<hls::axis<ap_int<64>, 2ul, 5ul, 6ul>, 0>&, float, float, int, float*, float, float, hls::stream<hls::axis<ap_int<32>, 2ul, 5ul, 6ul>, 0>&)' (new_fixedpoint2205/main.cpp:181:0)
INFO: [HLS 214-178] Inlining function 'Costhw(Position_Holonomic_hw&, Position_Holonomic_hw&)' into 'rrt(hls::stream<hls::axis<ap_int<64>, 2ul, 5ul, 6ul>, 0>&, float, float, int, float*, float, float, hls::stream<hls::axis<ap_int<32>, 2ul, 5ul, 6ul>, 0>&)' (new_fixedpoint2205/main.cpp:181:0)
INFO: [HLS 214-270] Starting automatic array partition analysis...
INFO: [HLS 214-131] Inlining function '_llvm.fpga.unpack.none.s_struct.ap_int<64>s.i64' into 'rrt(hls::stream<hls::axis<ap_int<64>, 2ul, 5ul, 6ul>, 0>&, float, float, int, float*, float, float, hls::stream<hls::axis<ap_int<32>, 2ul, 5ul, 6ul>, 0>&)' (/tools/Xilinx/Vitis_HLS/2021.2/common/technology/autopilot/ap_axi_sdata.h:293:5)
INFO: [HLS 214-131] Inlining function '_llvm.fpga.pack.none.i6.s_struct.ap_uint<6>s' into 'rrt(hls::stream<hls::axis<ap_int<64>, 2ul, 5ul, 6ul>, 0>&, float, float, int, float*, float, float, hls::stream<hls::axis<ap_int<32>, 2ul, 5ul, 6ul>, 0>&)' (/tools/Xilinx/Vitis_HLS/2021.2/common/technology/autopilot/ap_axi_sdata.h:304:5)
INFO: [HLS 214-131] Inlining function '_llvm.fpga.pack.none.i5.s_struct.ap_uint<5>s' into 'rrt(hls::stream<hls::axis<ap_int<64>, 2ul, 5ul, 6ul>, 0>&, float, float, int, float*, float, float, hls::stream<hls::axis<ap_int<32>, 2ul, 5ul, 6ul>, 0>&)' (/tools/Xilinx/Vitis_HLS/2021.2/common/technology/autopilot/ap_axi_sdata.h:304:5)
INFO: [HLS 214-131] Inlining function '_llvm.fpga.pack.none.i1.s_struct.ap_uint<1>s' into 'rrt(hls::stream<hls::axis<ap_int<64>, 2ul, 5ul, 6ul>, 0>&, float, float, int, float*, float, float, hls::stream<hls::axis<ap_int<32>, 2ul, 5ul, 6ul>, 0>&)' (/tools/Xilinx/Vitis_HLS/2021.2/common/technology/autopilot/ap_axi_sdata.h:304:5)
INFO: [HLS 214-131] Inlining function '_llvm.fpga.pack.none.i2.s_struct.ap_uint<2>s' into 'rrt(hls::stream<hls::axis<ap_int<64>, 2ul, 5ul, 6ul>, 0>&, float, float, int, float*, float, float, hls::stream<hls::axis<ap_int<32>, 2ul, 5ul, 6ul>, 0>&)' (/tools/Xilinx/Vitis_HLS/2021.2/common/technology/autopilot/ap_axi_sdata.h:304:5)
INFO: [HLS 214-131] Inlining function '_llvm.fpga.pack.none.i4.s_struct.ap_uint<4>s' into 'rrt(hls::stream<hls::axis<ap_int<64>, 2ul, 5ul, 6ul>, 0>&, float, float, int, float*, float, float, hls::stream<hls::axis<ap_int<32>, 2ul, 5ul, 6ul>, 0>&)' (/tools/Xilinx/Vitis_HLS/2021.2/common/technology/autopilot/ap_axi_sdata.h:304:5)
INFO: [HLS 214-131] Inlining function '_llvm.fpga.pack.none.i32.s_struct.ap_int<32>s' into 'rrt(hls::stream<hls::axis<ap_int<64>, 2ul, 5ul, 6ul>, 0>&, float, float, int, float*, float, float, hls::stream<hls::axis<ap_int<32>, 2ul, 5ul, 6ul>, 0>&)' (/tools/Xilinx/Vitis_HLS/2021.2/common/technology/autopilot/ap_axi_sdata.h:304:5)
INFO: [HLS 214-131] Inlining function '_llvm.fpga.unpack.none.s_struct.ap_uint<8>s.i8' into 'rrt(hls::stream<hls::axis<ap_int<64>, 2ul, 5ul, 6ul>, 0>&, float, float, int, float*, float, float, hls::stream<hls::axis<ap_int<32>, 2ul, 5ul, 6ul>, 0>&)' (/tools/Xilinx/Vitis_HLS/2021.2/common/technology/autopilot/ap_axi_sdata.h:293:5)
INFO: [HLS 214-131] Inlining function '_llvm.fpga.unpack.none.s_struct.ap_uint<2>s.i2' into 'rrt(hls::stream<hls::axis<ap_int<64>, 2ul, 5ul, 6ul>, 0>&, float, float, int, float*, float, float, hls::stream<hls::axis<ap_int<32>, 2ul, 5ul, 6ul>, 0>&)' (/tools/Xilinx/Vitis_HLS/2021.2/common/technology/autopilot/ap_axi_sdata.h:293:5)
INFO: [HLS 214-131] Inlining function '_llvm.fpga.unpack.none.s_struct.ap_uint<1>s.i1' into 'rrt(hls::stream<hls::axis<ap_int<64>, 2ul, 5ul, 6ul>, 0>&, float, float, int, float*, float, float, hls::stream<hls::axis<ap_int<32>, 2ul, 5ul, 6ul>, 0>&)' (/tools/Xilinx/Vitis_HLS/2021.2/common/technology/autopilot/ap_axi_sdata.h:293:5)
INFO: [HLS 214-131] Inlining function '_llvm.fpga.unpack.none.s_struct.ap_uint<5>s.i5' into 'rrt(hls::stream<hls::axis<ap_int<64>, 2ul, 5ul, 6ul>, 0>&, float, float, int, float*, float, float, hls::stream<hls::axis<ap_int<32>, 2ul, 5ul, 6ul>, 0>&)' (/tools/Xilinx/Vitis_HLS/2021.2/common/technology/autopilot/ap_axi_sdata.h:293:5)
INFO: [HLS 214-131] Inlining function '_llvm.fpga.unpack.none.s_struct.ap_uint<6>s.i6' into 'rrt(hls::stream<hls::axis<ap_int<64>, 2ul, 5ul, 6ul>, 0>&, float, float, int, float*, float, float, hls::stream<hls::axis<ap_int<32>, 2ul, 5ul, 6ul>, 0>&)' (/tools/Xilinx/Vitis_HLS/2021.2/common/technology/autopilot/ap_axi_sdata.h:293:5)
INFO: [HLS 200-111] Finished Compiling Optimization and Transform: CPU user time: 3.61 seconds. CPU system time: 0.26 seconds. Elapsed time: 3.87 seconds; current allocated memory: 287.195 MB.
INFO: [HLS 200-111] Finished Checking Pragmas: CPU user time: 0 seconds. CPU system time: 0 seconds. Elapsed time: 0 seconds; current allocated memory: 287.195 MB.
INFO: [HLS 200-10] Starting code transformations ...
INFO: [HLS 200-111] Finished Standard Transforms: CPU user time: 0.4 seconds. CPU system time: 0.01 seconds. Elapsed time: 0.41 seconds; current allocated memory: 366.164 MB.
INFO: [HLS 200-10] Checking synthesizability ...
INFO: [XFORM 203-602] Inlining function 'Cal_Disthw' into 'A_StreamReaderhw' (new_fixedpoint2205/main.cpp:41) automatically.
INFO: [XFORM 203-602] Inlining function 'FloatToFixed<16ul>' into 'Collision_detectedhw' (new_fixedpoint2205/Aux_Lib_hw.hpp:115) automatically.
INFO: [XFORM 203-602] Inlining function '__hls_fptosi_float_i32' into 'Collision_detectedhw' (new_fixedpoint2205/Aux_Lib_hw.hpp:106) automatically.
INFO: [HLS 200-111] Finished Checking Synthesizability: CPU user time: 0.64 seconds. CPU system time: 0.04 seconds. Elapsed time: 0.68 seconds; current allocated memory: 459.246 MB.
INFO: [XFORM 203-510] Pipelining loop 'VITIS_LOOP_47_1' (new_fixedpoint2205/fixedpt.h:49) in function 'Cal_Disthw' automatically.
INFO: [XFORM 203-510] Pipelining loop 'VITIS_LOOP_111_1' (/wrk/ci/prod/2021.2/rdi_builds/continuous/2021_10_19_3367213/src/shared/hls/clib/hlsmath/include/FloatingPoint/hls_case_IEEE754.h:13) in function 'Obstacle_Freehw' automatically.
INFO: [XFORM 203-510] Pipelining loop 'VITIS_LOOP_140_1' (/wrk/ci/prod/2021.2/rdi_builds/continuous/2021_10_19_3367213/src/shared/hls/clib/hlsmath/include/FloatingPoint/hls_case_IEEE754.h:13) in function 'Nearhw' automatically.
INFO: [XFORM 203-510] Pipelining loop 'Loop-2' (new_fixedpoint2205/main.cpp:334) in function 'rrt' automatically.
INFO: [XFORM 203-510] Pipelining loop 'VITIS_LOOP_47_1' (new_fixedpoint2205/fixedpt.h:49) in function 'rrt' automatically.
INFO: [XFORM 203-510] Pipelining loop 'VITIS_LOOP_395_2' (new_fixedpoint2205/main.cpp:395) in function 'rrt' automatically.
INFO: [XFORM 203-510] Pipelining loop 'VITIS_LOOP_419_3' (new_fixedpoint2205/main.cpp:203) in function 'rrt' automatically.
INFO: [XFORM 203-502] Unrolling all loops for pipelining in function 'Collision_detectedhw' (new_fixedpoint2205/Aux_Lib_hw.hpp:27:5).
INFO: [HLS 200-489] Unrolling loop 'VITIS_LOOP_83_1' (new_fixedpoint2205/main.cpp:83) in function 'Collision_detectedhw' completely with a factor of 28.
INFO: [XFORM 203-102] Partitioning array 'Bool' (new_fixedpoint2205/main.cpp:81) automatically.
INFO: [XFORM 203-602] Inlining function 'Cal_Disthw' into 'A_StreamReaderhw' (new_fixedpoint2205/main.cpp:41) automatically.
INFO: [XFORM 203-602] Inlining function 'FloatToFixed<16ul>' into 'Collision_detectedhw' (new_fixedpoint2205/Aux_Lib_hw.hpp:115) automatically.
INFO: [XFORM 203-602] Inlining function 'Obstacle_Freehw' into 'rrt' (new_fixedpoint2205/main.cpp:379) automatically.
INFO: [XFORM 203-401] Performing if-conversion on hyperblock from (/wrk/ci/prod/2021.2/rdi_builds/continuous/2021_10_19_3367213/src/shared/hls/clib/hlsmath/include/FloatingPoint/hls_case_IEEE754.h:13:17) in function 'rrt'... converting 3 basic blocks.
INFO: [XFORM 203-401] Performing if-conversion on hyperblock from (new_fixedpoint2205/fixedpt.h:58:7) in function 'A_StreamReaderhw'... converting 3 basic blocks.
INFO: [XFORM 203-602] Inlining function 'A_StreamReaderhw' into 'rrt' (new_fixedpoint2205/main.cpp:369) automatically.
INFO: [XFORM 203-11] Balancing expressions in function 'rrt' (new_fixedpoint2205/main.cpp:7:47)...9 expression(s) balanced.
INFO: [XFORM 203-11] Balancing expressions in function 'Collision_detectedhw' (new_fixedpoint2205/Aux_Lib_hw.hpp:34:5)...3 expression(s) balanced.
INFO: [HLS 200-111] Finished Loop, function and other optimizations: CPU user time: 0.81 seconds. CPU system time: 0.03 seconds. Elapsed time: 0.84 seconds; current allocated memory: 579.879 MB.
INFO: [XFORM 203-603] Evaluating the output(s) of a call to function '__hls_fptosi_float_i32' (new_fixedpoint2205/Aux_Lib_hw.hpp:106:42) in function 'Collision_detectedhw' and propagating its result(s) since all actual argument(s) to the function are constants.
INFO: [XFORM 203-603] Evaluating the output(s) of a call to function '__hls_fptosi_float_i32' (new_fixedpoint2205/Aux_Lib_hw.hpp:107:34) in function 'Collision_detectedhw' and propagating its result(s) since all actual argument(s) to the function are constants.
INFO: [HLS 200-472] Inferring partial write operation for 'X_near' (new_fixedpoint2205/main.cpp:150:24)
INFO: [HLS 200-472] Inferring partial write operation for 'RRT_Star.Position.x' (new_fixedpoint2205/RRT_Star_hw.hpp:14:5)
INFO: [HLS 200-472] Inferring partial write operation for 'RRT_Star.Position.y' (new_fixedpoint2205/RRT_Star_hw.hpp:15:5)
INFO: [HLS 200-472] Inferring partial write operation for 'RRT_Star.Location_List' (new_fixedpoint2205/RRT_Star_hw.hpp:87:17)
INFO: [HLS 200-472] Inferring partial write operation for 'RRT_Star.Position.x' (new_fixedpoint2205/main.cpp:347:25)
INFO: [HLS 200-472] Inferring partial write operation for 'RRT_Star.Position.y' (new_fixedpoint2205/main.cpp:348:25)
INFO: [HLS 200-472] Inferring partial write operation for 'RRT_Star.Location_List' (new_fixedpoint2205/main.cpp:349:28)
INFO: [HLS 200-472] Inferring partial write operation for 'Bool' (new_fixedpoint2205/main.cpp:121:10)
INFO: [HLS 200-111] Finished Architecture Synthesis: CPU user time: 0.47 seconds. CPU system time: 0.03 seconds. Elapsed time: 0.49 seconds; current allocated memory: 707.078 MB.
INFO: [HLS 200-10] Starting hardware synthesis ...
INFO: [HLS 200-10] Synthesizing 'rrt' ...
WARNING: [SYN 201-103] Legalizing function name 'FloatToFixed<16ul>' to 'FloatToFixed_16ul_s'.
WARNING: [SYN 201-103] Legalizing function name '__hls_fptosi_float_i32' to 'p_hls_fptosi_float_i32'.
INFO: [HLS 200-10] ----------------------------------------------------------------
INFO: [HLS 200-42] -- Implementing module 'FloatToFixed_16ul_s' 
INFO: [HLS 200-10] ----------------------------------------------------------------
INFO: [SCHED 204-11] Starting scheduling ...
INFO: [SCHED 204-61] Pipelining function 'FloatToFixed<16ul>'.
INFO: [HLS 200-1470] Pipelining result : Target II = NA, Final II = 1, Depth = 22, function 'FloatToFixed<16ul>'
INFO: [SCHED 204-11] Finished scheduling.
INFO: [HLS 200-111] Finished Scheduling: CPU user time: 0.17 seconds. CPU system time: 0.01 seconds. Elapsed time: 0.2 seconds; current allocated memory: 707.867 MB.
INFO: [BIND 205-100] Starting micro-architecture generation ...
INFO: [BIND 205-101] Performing variable lifetime analysis.
INFO: [BIND 205-101] Exploring resource sharing.
INFO: [BIND 205-101] Binding ...
INFO: [BIND 205-100] Finished micro-architecture generation.
INFO: [HLS 200-111] Finished Binding: CPU user time: 0.09 seconds. CPU system time: 0 seconds. Elapsed time: 0.09 seconds; current allocated memory: 707.867 MB.
INFO: [HLS 200-10] ----------------------------------------------------------------
INFO: [HLS 200-42] -- Implementing module 'rrt_Pipeline_1' 
INFO: [HLS 200-10] ----------------------------------------------------------------
INFO: [SCHED 204-11] Starting scheduling ...
INFO: [SCHED 204-61] Pipelining loop 'Loop 1'.
INFO: [HLS 200-1470] Pipelining result : Target II = NA, Final II = 1, Depth = 1, loop 'Loop 1'
INFO: [SCHED 204-11] Finished scheduling.
INFO: [HLS 200-111] Finished Scheduling: CPU user time: 0.07 seconds. CPU system time: 0 seconds. Elapsed time: 0.07 seconds; current allocated memory: 707.867 MB.
INFO: [BIND 205-100] Starting micro-architecture generation ...
INFO: [BIND 205-101] Performing variable lifetime analysis.
INFO: [BIND 205-101] Exploring resource sharing.
INFO: [BIND 205-101] Binding ...
INFO: [BIND 205-100] Finished micro-architecture generation.
INFO: [HLS 200-111] Finished Binding: CPU user time: 0.01 seconds. CPU system time: 0 seconds. Elapsed time: 0.01 seconds; current allocated memory: 707.867 MB.
INFO: [HLS 200-10] ----------------------------------------------------------------
INFO: [HLS 200-42] -- Implementing module 'rrt_Pipeline_VITIS_LOOP_341_1' 
INFO: [HLS 200-10] ----------------------------------------------------------------
INFO: [SCHED 204-11] Starting scheduling ...
INFO: [SCHED 204-61] Pipelining loop 'VITIS_LOOP_341_1'.
INFO: [HLS 200-1470] Pipelining result : Target II = NA, Final II = 1, Depth = 52, loop 'VITIS_LOOP_341_1'
WARNING: [HLS 200-871] Estimated clock period (6.312ns) exceeds the target (target clock period: 6.75ns, clock uncertainty: 1.8225ns, effective delay budget: 4.9275ns).
WARNING: [HLS 200-1016] The critical path in module 'rrt_Pipeline_VITIS_LOOP_341_1' consists of the following:	'sitofp' operation ('conv_i_i_i', new_fixedpoint2205/Aux_Lib_hw.hpp:27) [70]  (6.31 ns)

INFO: [SCHED 204-11] Finished scheduling.
INFO: [HLS 200-111] Finished Scheduling: CPU user time: 0.11 seconds. CPU system time: 0 seconds. Elapsed time: 0.11 seconds; current allocated memory: 708.207 MB.
INFO: [BIND 205-100] Starting micro-architecture generation ...
INFO: [BIND 205-101] Performing variable lifetime analysis.
INFO: [BIND 205-101] Exploring resource sharing.
INFO: [BIND 205-101] Binding ...
INFO: [BIND 205-100] Finished micro-architecture generation.
INFO: [HLS 200-111] Finished Binding: CPU user time: 0.2 seconds. CPU system time: 0 seconds. Elapsed time: 0.21 seconds; current allocated memory: 708.207 MB.
INFO: [HLS 200-10] ----------------------------------------------------------------
INFO: [HLS 200-42] -- Implementing module 'rrt_Pipeline_VITIS_LOOP_47_1' 
INFO: [HLS 200-10] ----------------------------------------------------------------
INFO: [SCHED 204-11] Starting scheduling ...
INFO: [SCHED 204-61] Pipelining loop 'VITIS_LOOP_47_1'.
WARNING: [HLS 200-880] The II Violation in module 'rrt_Pipeline_VITIS_LOOP_47_1' (loop 'VITIS_LOOP_47_1'): Unable to enforce a carried dependence constraint (II = 1, distance = 1, offset = 0) between 'store' operation ('q_1_write_ln47', new_fixedpoint2205/fixedpt.h:47->new_fixedpoint2205/main.cpp:369) of variable 'q', new_fixedpoint2205/fixedpt.h:50->new_fixedpoint2205/main.cpp:369 on local variable 'q' and 'load' operation ('q_1_load', new_fixedpoint2205/fixedpt.h:49->new_fixedpoint2205/main.cpp:369) on local variable 'q'.
INFO: [HLS 200-1470] Pipelining result : Target II = NA, Final II = 2, Depth = 4, loop 'VITIS_LOOP_47_1'
INFO: [SCHED 204-11] Finished scheduling.
INFO: [HLS 200-111] Finished Scheduling: CPU user time: 0.18 seconds. CPU system time: 0.01 seconds. Elapsed time: 0.19 seconds; current allocated memory: 708.207 MB.
INFO: [BIND 205-100] Starting micro-architecture generation ...
INFO: [BIND 205-101] Performing variable lifetime analysis.
INFO: [BIND 205-101] Exploring resource sharing.
INFO: [BIND 205-101] Binding ...
INFO: [BIND 205-100] Finished micro-architecture generation.
INFO: [HLS 200-111] Finished Binding: CPU user time: 0.03 seconds. CPU system time: 0 seconds. Elapsed time: 0.02 seconds; current allocated memory: 708.207 MB.
INFO: [HLS 200-10] ----------------------------------------------------------------
INFO: [HLS 200-42] -- Implementing module 'p_hls_fptosi_float_i32' 
INFO: [HLS 200-10] ----------------------------------------------------------------
INFO: [SCHED 204-11] Starting scheduling ...
INFO: [SCHED 204-61] Pipelining function '__hls_fptosi_float_i32'.
INFO: [HLS 200-1470] Pipelining result : Target II = NA, Final II = 1, Depth = 3, function '__hls_fptosi_float_i32'
INFO: [SCHED 204-11] Finished scheduling.
INFO: [HLS 200-111] Finished Scheduling: CPU user time: 0.04 seconds. CPU system time: 0 seconds. Elapsed time: 0.04 seconds; current allocated memory: 708.320 MB.
INFO: [BIND 205-100] Starting micro-architecture generation ...
INFO: [BIND 205-101] Performing variable lifetime analysis.
INFO: [BIND 205-101] Exploring resource sharing.
INFO: [BIND 205-101] Binding ...
INFO: [BIND 205-100] Finished micro-architecture generation.
INFO: [HLS 200-111] Finished Binding: CPU user time: 0.02 seconds. CPU system time: 0 seconds. Elapsed time: 0.03 seconds; current allocated memory: 708.320 MB.
INFO: [HLS 200-10] ----------------------------------------------------------------
INFO: [HLS 200-42] -- Implementing module 'Collision_detectedhw' 
INFO: [HLS 200-10] ----------------------------------------------------------------
INFO: [SCHED 204-11] Starting scheduling ...
INFO: [SCHED 204-61] Pipelining function 'Collision_detectedhw'.
INFO: [HLS 200-1470] Pipelining result : Target II = NA, Final II = 1, Depth = 40, function 'Collision_detectedhw'
WARNING: [HLS 200-871] Estimated clock period (6.312ns) exceeds the target (target clock period: 6.75ns, clock uncertainty: 1.8225ns, effective delay budget: 4.9275ns).
WARNING: [HLS 200-1016] The critical path in module 'Collision_detectedhw' consists of the following:	wire read operation ('x') on port 'p_read' [6]  (0 ns)
	'sitofp' operation ('conv_i') [7]  (6.31 ns)

INFO: [SCHED 204-11] Finished scheduling.
INFO: [HLS 200-111] Finished Scheduling: CPU user time: 0.22 seconds. CPU system time: 0 seconds. Elapsed time: 0.21 seconds; current allocated memory: 710.855 MB.
INFO: [BIND 205-100] Starting micro-architecture generation ...
INFO: [BIND 205-101] Performing variable lifetime analysis.
INFO: [BIND 205-101] Exploring resource sharing.
INFO: [BIND 205-101] Binding ...
INFO: [BIND 205-100] Finished micro-architecture generation.
INFO: [HLS 200-111] Finished Binding: CPU user time: 0.3 seconds. CPU system time: 0 seconds. Elapsed time: 0.29 seconds; current allocated memory: 710.855 MB.
INFO: [HLS 200-10] ----------------------------------------------------------------
INFO: [HLS 200-42] -- Implementing module 'rrt_Pipeline_VITIS_LOOP_111_1' 
INFO: [HLS 200-10] ----------------------------------------------------------------
INFO: [SCHED 204-11] Starting scheduling ...
INFO: [SCHED 204-61] Pipelining loop 'VITIS_LOOP_111_1'.
INFO: [HLS 200-1470] Pipelining result : Target II = NA, Final II = 1, Depth = 75, loop 'VITIS_LOOP_111_1'
WARNING: [HLS 200-871] Estimated clock period (6.312ns) exceeds the target (target clock period: 6.75ns, clock uncertainty: 1.8225ns, effective delay budget: 4.9275ns).
WARNING: [HLS 200-1016] The critical path in module 'rrt_Pipeline_VITIS_LOOP_111_1' consists of the following:	'alloca' operation ('i') [7]  (0 ns)
	'load' operation ('i', new_fixedpoint2205/main.cpp:111->new_fixedpoint2205/main.cpp:379) on local variable 'i' [16]  (0 ns)
	'sitofp' operation ('d', new_fixedpoint2205/main.cpp:113->new_fixedpoint2205/main.cpp:379) [26]  (6.31 ns)

INFO: [SCHED 204-11] Finished scheduling.
INFO: [HLS 200-111] Finished Scheduling: CPU user time: 0.48 seconds. CPU system time: 0 seconds. Elapsed time: 0.48 seconds; current allocated memory: 711.434 MB.
INFO: [BIND 205-100] Starting micro-architecture generation ...
INFO: [BIND 205-101] Performing variable lifetime analysis.
INFO: [BIND 205-101] Exploring resource sharing.
INFO: [BIND 205-101] Binding ...
INFO: [BIND 205-100] Finished micro-architecture generation.
INFO: [HLS 200-111] Finished Binding: CPU user time: 0.29 seconds. CPU system time: 0.01 seconds. Elapsed time: 0.31 seconds; current allocated memory: 711.434 MB.
INFO: [HLS 200-10] ----------------------------------------------------------------
INFO: [HLS 200-42] -- Implementing module 'rrt_Pipeline_VITIS_LOOP_419_3' 
INFO: [HLS 200-10] ----------------------------------------------------------------
INFO: [SCHED 204-11] Starting scheduling ...
INFO: [SCHED 204-61] Pipelining loop 'VITIS_LOOP_419_3'.
INFO: [HLS 200-1470] Pipelining result : Target II = NA, Final II = 1, Depth = 2, loop 'VITIS_LOOP_419_3'
INFO: [SCHED 204-11] Finished scheduling.
INFO: [HLS 200-111] Finished Scheduling: CPU user time: 0.35 seconds. CPU system time: 0 seconds. Elapsed time: 0.35 seconds; current allocated memory: 712.379 MB.
INFO: [BIND 205-100] Starting micro-architecture generation ...
INFO: [BIND 205-101] Performing variable lifetime analysis.
INFO: [BIND 205-101] Exploring resource sharing.
INFO: [BIND 205-101] Binding ...
INFO: [BIND 205-100] Finished micro-architecture generation.
INFO: [HLS 200-111] Finished Binding: CPU user time: 0.02 seconds. CPU system time: 0 seconds. Elapsed time: 0.02 seconds; current allocated memory: 712.379 MB.
INFO: [HLS 200-10] ----------------------------------------------------------------
INFO: [HLS 200-42] -- Implementing module 'Nearhw' 
INFO: [HLS 200-10] ----------------------------------------------------------------
INFO: [SCHED 204-11] Starting scheduling ...
INFO: [SCHED 204-61] Pipelining loop 'VITIS_LOOP_140_1'.
INFO: [HLS 200-1470] Pipelining result : Target II = NA, Final II = 1, Depth = 30, loop 'VITIS_LOOP_140_1'
WARNING: [HLS 200-871] Estimated clock period (6.312ns) exceeds the target (target clock period: 6.75ns, clock uncertainty: 1.8225ns, effective delay budget: 4.9275ns).
WARNING: [HLS 200-1016] The critical path in module 'Nearhw' consists of the following:	wire read operation ('p_read_2') on port 'p_read' [15]  (0 ns)
	'sitofp' operation ('conv_i_i') [16]  (6.31 ns)

INFO: [SCHED 204-11] Finished scheduling.
INFO: [HLS 200-111] Finished Scheduling: CPU user time: 0.09 seconds. CPU system time: 0 seconds. Elapsed time: 0.1 seconds; current allocated memory: 712.902 MB.
INFO: [BIND 205-100] Starting micro-architecture generation ...
INFO: [BIND 205-101] Performing variable lifetime analysis.
INFO: [BIND 205-101] Exploring resource sharing.
INFO: [BIND 205-101] Binding ...
INFO: [BIND 205-100] Finished micro-architecture generation.
INFO: [HLS 200-111] Finished Binding: CPU user time: 0.16 seconds. CPU system time: 0 seconds. Elapsed time: 0.16 seconds; current allocated memory: 712.902 MB.
INFO: [HLS 200-10] ----------------------------------------------------------------
INFO: [HLS 200-42] -- Implementing module 'rrt_Pipeline_VITIS_LOOP_47_12' 
INFO: [HLS 200-10] ----------------------------------------------------------------
INFO: [SCHED 204-11] Starting scheduling ...
INFO: [SCHED 204-61] Pipelining loop 'VITIS_LOOP_47_1'.
WARNING: [HLS 200-880] The II Violation in module 'rrt_Pipeline_VITIS_LOOP_47_12' (loop 'VITIS_LOOP_47_1'): Unable to enforce a carried dependence constraint (II = 1, distance = 1, offset = 0) between 'store' operation ('q_write_ln47', new_fixedpoint2205/fixedpt.h:47) of variable 'q', new_fixedpoint2205/fixedpt.h:50 on local variable 'q' and 'load' operation ('q_load', new_fixedpoint2205/fixedpt.h:49) on local variable 'q'.
INFO: [HLS 200-1470] Pipelining result : Target II = NA, Final II = 2, Depth = 4, loop 'VITIS_LOOP_47_1'
INFO: [SCHED 204-11] Finished scheduling.
INFO: [HLS 200-111] Finished Scheduling: CPU user time: 0.13 seconds. CPU system time: 0 seconds. Elapsed time: 0.13 seconds; current allocated memory: 713.863 MB.
INFO: [BIND 205-100] Starting micro-architecture generation ...
INFO: [BIND 205-101] Performing variable lifetime analysis.
INFO: [BIND 205-101] Exploring resource sharing.
INFO: [BIND 205-101] Binding ...
INFO: [BIND 205-100] Finished micro-architecture generation.
INFO: [HLS 200-111] Finished Binding: CPU user time: 0.03 seconds. CPU system time: 0 seconds. Elapsed time: 0.03 seconds; current allocated memory: 713.863 MB.
INFO: [HLS 200-10] ----------------------------------------------------------------
INFO: [HLS 200-42] -- Implementing module 'rrt_Pipeline_VITIS_LOOP_395_2' 
INFO: [HLS 200-10] ----------------------------------------------------------------
INFO: [SCHED 204-11] Starting scheduling ...
INFO: [SCHED 204-61] Pipelining loop 'VITIS_LOOP_395_2'.
INFO: [HLS 200-1470] Pipelining result : Target II = NA, Final II = 1, Depth = 2, loop 'VITIS_LOOP_395_2'
INFO: [SCHED 204-11] Finished scheduling.
INFO: [HLS 200-111] Finished Scheduling: CPU user time: 0.04 seconds. CPU system time: 0.01 seconds. Elapsed time: 0.04 seconds; current allocated memory: 714.055 MB.
INFO: [BIND 205-100] Starting micro-architecture generation ...
INFO: [BIND 205-101] Performing variable lifetime analysis.
INFO: [BIND 205-101] Exploring resource sharing.
INFO: [BIND 205-101] Binding ...
INFO: [BIND 205-100] Finished micro-architecture generation.
INFO: [HLS 200-111] Finished Binding: CPU user time: 0.02 seconds. CPU system time: 0 seconds. Elapsed time: 0.02 seconds; current allocated memory: 714.055 MB.
INFO: [HLS 200-10] ----------------------------------------------------------------
INFO: [HLS 200-42] -- Implementing module 'rrt' 
INFO: [HLS 200-10] ----------------------------------------------------------------
INFO: [SCHED 204-11] Starting scheduling ...
WARNING: [HLS 200-871] Estimated clock period (6.312ns) exceeds the target (target clock period: 6.75ns, clock uncertainty: 1.8225ns, effective delay budget: 4.9275ns).
WARNING: [HLS 200-1016] The critical path in module 'rrt' consists of the following:	'sitofp' operation ('conv_i_i', new_fixedpoint2205/main.cpp:320) [86]  (6.31 ns)

INFO: [SCHED 204-11] Finished scheduling.
INFO: [HLS 200-111] Finished Scheduling: CPU user time: 0.26 seconds. CPU system time: 0 seconds. Elapsed time: 0.26 seconds; current allocated memory: 715.969 MB.
INFO: [BIND 205-100] Starting micro-architecture generation ...
INFO: [BIND 205-101] Performing variable lifetime analysis.
INFO: [BIND 205-101] Exploring resource sharing.
INFO: [BIND 205-101] Binding ...
INFO: [BIND 205-100] Finished micro-architecture generation.
INFO: [HLS 200-111] Finished Binding: CPU user time: 0.7 seconds. CPU system time: 0 seconds. Elapsed time: 0.7 seconds; current allocated memory: 716.109 MB.
INFO: [HLS 200-10] ----------------------------------------------------------------
INFO: [HLS 200-10] -- Generating RTL for module 'FloatToFixed_16ul_s' 
INFO: [HLS 200-10] ----------------------------------------------------------------
INFO: [RTGEN 206-100] Generating core module 'dadd_64ns_64ns_64_12_full_dsp_0': 1 instance(s).
INFO: [RTGEN 206-100] Generating core module 'fcmp_32ns_32ns_1_3_no_dsp_0': 1 instance(s).
INFO: [RTGEN 206-100] Generating core module 'fmul_32ns_32ns_32_5_max_dsp_0': 1 instance(s).
INFO: [RTGEN 206-100] Generating core module 'fpext_32ns_64_2_no_dsp_0': 1 instance(s).
INFO: [RTGEN 206-100] Finished creating RTL model for 'FloatToFixed_16ul_s'.
INFO: [HLS 200-111] Finished Creating RTL model: CPU user time: 0.81 seconds. CPU system time: 0 seconds. Elapsed time: 0.81 seconds; current allocated memory: 716.918 MB.
INFO: [HLS 200-10] ----------------------------------------------------------------
INFO: [HLS 200-10] -- Generating RTL for module 'rrt_Pipeline_1' 
INFO: [HLS 200-10] ----------------------------------------------------------------
INFO: [RTGEN 206-100] Finished creating RTL model for 'rrt_Pipeline_1'.
INFO: [HLS 200-111] Finished Creating RTL model: CPU user time: 0.13 seconds. CPU system time: 0 seconds. Elapsed time: 0.14 seconds; current allocated memory: 718.055 MB.
INFO: [HLS 200-10] ----------------------------------------------------------------
INFO: [HLS 200-10] -- Generating RTL for module 'rrt_Pipeline_VITIS_LOOP_341_1' 
INFO: [HLS 200-10] ----------------------------------------------------------------
INFO: [HLS 200-1030] Apply Unified Pipeline Control on module 'rrt_Pipeline_VITIS_LOOP_341_1' pipeline 'VITIS_LOOP_341_1' pipeline type 'loop pipeline'
INFO: [RTGEN 206-100] Generating core module 'fsub_32ns_32ns_32_9_full_dsp_1': 2 instance(s).
INFO: [RTGEN 206-100] Generating core module 'hptosp_16ns_32_2_no_dsp_1': 2 instance(s).
INFO: [RTGEN 206-100] Generating core module 'mul_32s_32s_48_5_1': 2 instance(s).
INFO: [RTGEN 206-100] Generating core module 'sitofp_32ns_32_7_no_dsp_1': 2 instance(s).
INFO: [RTGEN 206-100] Finished creating RTL model for 'rrt_Pipeline_VITIS_LOOP_341_1'.
INFO: [HLS 200-111] Finished Creating RTL model: CPU user time: 0.08 seconds. CPU system time: 0 seconds. Elapsed time: 0.08 seconds; current allocated memory: 721.566 MB.
INFO: [HLS 200-10] ----------------------------------------------------------------
INFO: [HLS 200-10] -- Generating RTL for module 'rrt_Pipeline_VITIS_LOOP_47_1' 
INFO: [HLS 200-10] ----------------------------------------------------------------
INFO: [HLS 200-1030] Apply Unified Pipeline Control on module 'rrt_Pipeline_VITIS_LOOP_47_1' pipeline 'VITIS_LOOP_47_1' pipeline type 'loop pipeline'
INFO: [RTGEN 206-100] Finished creating RTL model for 'rrt_Pipeline_VITIS_LOOP_47_1'.
INFO: [HLS 200-111] Finished Creating RTL model: CPU user time: 0.33 seconds. CPU system time: 0.01 seconds. Elapsed time: 0.32 seconds; current allocated memory: 724.488 MB.
INFO: [HLS 200-10] ----------------------------------------------------------------
INFO: [HLS 200-10] -- Generating RTL for module 'p_hls_fptosi_float_i32' 
INFO: [HLS 200-10] ----------------------------------------------------------------
INFO: [RTGEN 206-100] Finished creating RTL model for 'p_hls_fptosi_float_i32'.
INFO: [HLS 200-111] Finished Creating RTL model: CPU user time: 0.07 seconds. CPU system time: 0 seconds. Elapsed time: 0.07 seconds; current allocated memory: 725.613 MB.
INFO: [HLS 200-10] ----------------------------------------------------------------
INFO: [HLS 200-10] -- Generating RTL for module 'Collision_detectedhw' 
INFO: [HLS 200-10] ----------------------------------------------------------------
WARNING: [RTGEN 206-101] RTL name 'sitofp_32ns_32_7_no_dsp_1' is changed to 'sitofp_32ns_32_7_no_dsp_1_x' due to conflict.
WARNING: [RTGEN 206-101] RTL name 'mul_32s_32s_48_5_1' is changed to 'mul_32s_32s_48_5_1_x' due to conflict.
INFO: [RTGEN 206-104] Estimated max fanout for 'Collision_detectedhw' is 10950 from HDL expression: (1'b0 == ap_block_pp0_stage0_11001)
INFO: [RTGEN 206-100] Generating core module 'fadd_32ns_32ns_32_9_full_dsp_1': 4 instance(s).
INFO: [RTGEN 206-100] Generating core module 'mul_24s_32s_48_5_1': 4 instance(s).
INFO: [RTGEN 206-100] Generating core module 'mul_32s_32s_48_5_1_x': 14 instance(s).
INFO: [RTGEN 206-100] Generating core module 'mul_48s_50ns_97_3_1': 8 instance(s).
INFO: [RTGEN 206-100] Generating core module 'sitofp_32ns_32_7_no_dsp_1_x': 2 instance(s).
INFO: [RTGEN 206-100] Finished creating RTL model for 'Collision_detectedhw'.
INFO: [HLS 200-111] Finished Creating RTL model: CPU user time: 0.15 seconds. CPU system time: 0 seconds. Elapsed time: 0.15 seconds; current allocated memory: 730.250 MB.
INFO: [HLS 200-10] ----------------------------------------------------------------
INFO: [HLS 200-10] -- Generating RTL for module 'rrt_Pipeline_VITIS_LOOP_111_1' 
INFO: [HLS 200-10] ----------------------------------------------------------------
INFO: [HLS 200-1030] Apply Unified Pipeline Control on module 'rrt_Pipeline_VITIS_LOOP_111_1' pipeline 'VITIS_LOOP_111_1' pipeline type 'loop pipeline'
INFO: [RTGEN 206-100] Generating core module 'dadd_64ns_64ns_64_12_full_dsp_0': 1 instance(s).
INFO: [RTGEN 206-100] Generating core module 'fcmp_32ns_32ns_1_3_no_dsp_0': 1 instance(s).
INFO: [RTGEN 206-100] Generating core module 'fmul_32ns_32ns_32_5_max_dsp_0': 1 instance(s).
INFO: [RTGEN 206-100] Generating core module 'fpext_32ns_64_2_no_dsp_0': 1 instance(s).
INFO: [RTGEN 206-100] Generating core module 'mul_32s_48s_48_3_1': 2 instance(s).
INFO: [RTGEN 206-100] Generating core module 'sitofp_32ns_32_7_no_dsp_1': 1 instance(s).
INFO: [RTGEN 206-100] Finished creating RTL model for 'rrt_Pipeline_VITIS_LOOP_111_1'.
INFO: [HLS 200-111] Finished Creating RTL model: CPU user time: 1.02 seconds. CPU system time: 0 seconds. Elapsed time: 1.03 seconds; current allocated memory: 739.848 MB.
INFO: [HLS 200-10] ----------------------------------------------------------------
INFO: [HLS 200-10] -- Generating RTL for module 'rrt_Pipeline_VITIS_LOOP_419_3' 
INFO: [HLS 200-10] ----------------------------------------------------------------
INFO: [HLS 200-1030] Apply Unified Pipeline Control on module 'rrt_Pipeline_VITIS_LOOP_419_3' pipeline 'VITIS_LOOP_419_3' pipeline type 'loop pipeline'
INFO: [RTGEN 206-100] Finished creating RTL model for 'rrt_Pipeline_VITIS_LOOP_419_3'.
INFO: [HLS 200-111] Finished Creating RTL model: CPU user time: 0.5 seconds. CPU system time: 0 seconds. Elapsed time: 0.5 seconds; current allocated memory: 741.930 MB.
INFO: [HLS 200-10] ----------------------------------------------------------------
INFO: [HLS 200-10] -- Generating RTL for module 'Nearhw' 
INFO: [HLS 200-10] ----------------------------------------------------------------
INFO: [RTGEN 206-100] Generating core module 'fsub_32ns_32ns_32_9_full_dsp_1': 2 instance(s).
INFO: [RTGEN 206-100] Generating core module 'mul_32s_32s_48_5_1': 2 instance(s).
INFO: [RTGEN 206-100] Generating core module 'sitofp_32ns_32_7_no_dsp_1': 2 instance(s).
INFO: [RTGEN 206-100] Finished creating RTL model for 'Nearhw'.
INFO: [HLS 200-111] Finished Creating RTL model: CPU user time: 0.06 seconds. CPU system time: 0.01 seconds. Elapsed time: 0.06 seconds; current allocated memory: 743.742 MB.
INFO: [HLS 200-10] ----------------------------------------------------------------
INFO: [HLS 200-10] -- Generating RTL for module 'rrt_Pipeline_VITIS_LOOP_47_12' 
INFO: [HLS 200-10] ----------------------------------------------------------------
INFO: [HLS 200-1030] Apply Unified Pipeline Control on module 'rrt_Pipeline_VITIS_LOOP_47_12' pipeline 'VITIS_LOOP_47_1' pipeline type 'loop pipeline'
INFO: [RTGEN 206-100] Finished creating RTL model for 'rrt_Pipeline_VITIS_LOOP_47_12'.
INFO: [HLS 200-111] Finished Creating RTL model: CPU user time: 0.23 seconds. CPU system time: 0 seconds. Elapsed time: 0.22 seconds; current allocated memory: 746.133 MB.
INFO: [HLS 200-10] ----------------------------------------------------------------
INFO: [HLS 200-10] -- Generating RTL for module 'rrt_Pipeline_VITIS_LOOP_395_2' 
INFO: [HLS 200-10] ----------------------------------------------------------------
INFO: [HLS 200-1030] Apply Unified Pipeline Control on module 'rrt_Pipeline_VITIS_LOOP_395_2' pipeline 'VITIS_LOOP_395_2' pipeline type 'loop pipeline'
INFO: [RTGEN 206-100] Finished creating RTL model for 'rrt_Pipeline_VITIS_LOOP_395_2'.
INFO: [HLS 200-111] Finished Creating RTL model: CPU user time: 0.08 seconds. CPU system time: 0 seconds. Elapsed time: 0.08 seconds; current allocated memory: 747.250 MB.
INFO: [HLS 200-10] ----------------------------------------------------------------
INFO: [HLS 200-10] -- Generating RTL for module 'rrt' 
INFO: [HLS 200-10] ----------------------------------------------------------------
WARNING: [RTGEN 206-101] Design contains AXI ports. Reset is fixed to synchronous and active low.
INFO: [RTGEN 206-500] Setting interface mode on port 'rrt/dataInStream_V_data_V' to 'axis' (register, both mode).
INFO: [RTGEN 206-500] Setting interface mode on port 'rrt/dataInStream_V_keep_V' to 'axis' (register, both mode).
INFO: [RTGEN 206-500] Setting interface mode on port 'rrt/dataInStream_V_strb_V' to 'axis' (register, both mode).
INFO: [RTGEN 206-500] Setting interface mode on port 'rrt/dataInStream_V_user_V' to 'axis' (register, both mode).
INFO: [RTGEN 206-500] Setting interface mode on port 'rrt/dataInStream_V_last_V' to 'axis' (register, both mode).
INFO: [RTGEN 206-500]==============================================================
Vitis HLS - High-Level Synthesis from C, C++ and OpenCL v2021.2 (64-bit)
Copyright 1986-2021 Xilinx, Inc. All Rights Reserved.
==============================================================
INFO: [SYN 201-201] Setting up clock 'default' with a period of 6.75ns.
INFO: [HLS 200-1611] Setting target device to 'xc7z020-clg400-1'
INFO: [HLS 200-1505] Using flow_target 'vivado'
INFO: [HLS 200-1464] Running solution command: config_export -display_name=nfp02
INFO: [HLS 200-1464] Running solution command: config_export -format=ip_catalog
INFO: [HLS 200-1464] Running solution command: config_export -rtl=verilog
INFO: [HLS 200-1510] Running: set_part xc7z020-clg400-1 
INFO: [HLS 200-1510] Running: create_clock -period 6.75 -name default 
INFO: [HLS 200-1510] Running: config_export -display_name nfp02 -format ip_catalog -rtl verilog 
INFO: [HLS 200-1510] Running: set_directive_top -name rrt rrt 
INFO: [HLS 200-1510] Running: csynth_design 
INFO: [HLS 200-111] Finished File checks and directory preparation: CPU user time: 0.01 seconds. CPU system time: 0 seconds. Elapsed time: 0.01 seconds; current allocated memory: 1.194 GB.
INFO: [HLS 200-10] Analyzing design file 'new_fixedpoint2205/main.cpp' ... 
WARNING: [HLS 207-5287] unused parameter 'nn' (new_fixedpoint2205/Aux_Lib_hw.hpp:68:46)
WARNING: [HLS 207-5287] unused parameter 'i' (new_fixedpoint2205/Aux_Lib_hw.hpp:68:53)
WARNING: [HLS 207-5287] unused parameter 'nn' (new_fixedpoint2205/Aux_Lib_hw.hpp:101:55)
WARNING: [HLS 207-5287] unused parameter 'i' (new_fixedpoint2205/Aux_Lib_hw.hpp:101:62)
WARNING: [HLS 207-5287] unused parameter 'i' (new_fixedpoint2205/main.cpp:38:93)
INFO: [HLS 200-111] Finished Source Code Analysis and Preprocessing: CPU user time: 4.35 seconds. CPU system time: 0.45 seconds. Elapsed time: 3.95 seconds; current allocated memory: 285.219 MB.
INFO: [HLS 200-777] Using interface defaults for 'Vivado' flow target.
INFO: [HLS 214-284] Auto array partition mode is set into default.
INFO: [HLS 214-178] Inlining function 'Point_2hw::Point_2hw()' into 'Segment_3hw::Segment_3hw()' (new_fixedpoint2205/Aux_Lib_hw.hpp:45:0)
INFO: [HLS 214-178] Inlining function 'fp_struct<double>::fp_struct(double)' into 'int generic_cast_IEEE754<int, (ap_q_mode)6, double>(double, bool, hls::enable_if<std::numeric_limits<int>::is_signed, bool>::type)' (/wrk/ci/prod/2021.2/rdi_builds/continuous/2021_10_19_3367213/src/shared/hls/clib/hlsmath/include/FloatingPoint/hls_case_IEEE754.h:12:0)
INFO: [HLS 214-178] Inlining function 'fp_struct<double>::mantissa() const' into 'int generic_cast_IEEE754<int, (ap_q_mode)6, double>(double, bool, hls::enable_if<std::numeric_limits<int>::is_signed, bool>::type)' (/wrk/ci/prod/2021.2/rdi_builds/continuous/2021_10_19_3367213/src/shared/hls/clib/hlsmath/include/FloatingPoint/hls_case_IEEE754.h:12:0)
INFO: [HLS 214-178] Inlining function 'fp_struct<double>::expv() const' into 'int generic_cast_IEEE754<int, (ap_q_mode)6, double>(double, bool, hls::enable_if<std::numeric_limits<int>::is_signed, bool>::type)' (/wrk/ci/prod/2021.2/rdi_builds/continuous/2021_10_19_3367213/src/shared/hls/clib/hlsmath/include/FloatingPoint/hls_case_IEEE754.h:12:0)
INFO: [HLS 214-178] Inlining function 'fp_struct<double>::__signbit() const' into 'int generic_cast_IEEE754<int, (ap_q_mode)6, double>(double, bool, hls::enable_if<std::numeric_limits<int>::is_signed, bool>::type)' (/wrk/ci/prod/2021.2/rdi_builds/continuous/2021_10_19_3367213/src/shared/hls/clib/hlsmath/include/FloatingPoint/hls_case_IEEE754.h:12:0)
INFO: [HLS 214-178] Inlining function 'int generic_cast_IEEE754<int, (ap_q_mode)6, double>(double, bool, hls::enable_if<std::numeric_limits<int>::is_signed, bool>::type)' into 'int generic_cast_IEEE754<int, double>(double, bool)' (/wrk/ci/prod/2021.2/rdi_builds/continuous/2021_10_19_3367213/src/shared/hls/clib/hlsmath/include/FloatingPoint/hls_case_IEEE754.h:116:0)
INFO: [HLS 214-178] Inlining function 'int generic_cast_IEEE754<int, double>(double, bool)' into '__hls_fptosi_double_i32' (/wrk/ci/prod/2021.2/rdi_builds/continuous/2021_10_19_3367213/src/shared/hls/clib/hlsmath/src/lib_floatconversion.cpp:55:0)
INFO: [HLS 214-178] Inlining function '__hls_fptosi_double_i32' into 'int FloatToFixed<16ul>(float)' (new_fixedpoint2205/fixedpt.h:6:0)
INFO: [HLS 214-178] Inlining function 'int FloatToFixed<16ul>(float)' into 'Position_Holonomic_hw::Position_Holonomic_hw() (.177)' (new_fixedpoint2205/RRT_Star_hw.hpp:13:0)
INFO: [HLS 214-178] Inlining function 'Position_Holonomic_hw::Position_Holonomic_hw() (.177)' into 'Node_RRT_Poshw::Node_RRT_Poshw() (.169.174)' (new_fixedpoint2205/RRT_Star_hw.hpp:85:0)
INFO: [HLS 214-178] Inlining function 'int FloatToFixed<16ul>(float)' into 'Node_RRT_Poshw::Node_RRT_Poshw() (.169.174)' (new_fixedpoint2205/RRT_Star_hw.hpp:85:0)
INFO: [HLS 214-178] Inlining function 'Position_Holonomic_hw::Position_Holonomic_hw() (.177)' into 'Node_Randhw::Node_Randhw()' (new_fixedpoint2205/RRT_Star_hw.hpp:66:0)
INFO: [HLS 214-178] Inlining function 'int FloatToFixed<16ul>(float)' into 'Position_Holonomic_hw::Position_Holonomic_hw()' (new_fixedpoint2205/RRT_Star_hw.hpp:13:0)
INFO: [HLS 214-178] Inlining function 'Position_Holonomic_hw::Position_Holonomic_hw()' into 'Node_RRT_Poshw::Node_RRT_Poshw()' (new_fixedpoint2205/RRT_Star_hw.hpp:85:0)
INFO: [HLS 214-178] Inlining function 'int FloatToFixed<16ul>(float)' into 'Node_RRT_Poshw::Node_RRT_Poshw()' (new_fixedpoint2205/RRT_Star_hw.hpp:85:0)
INFO: [HLS 214-178] Inlining function 'fp_struct<float>::fp_struct(float)' into 'int generic_cast_IEEE754<int, (ap_q_mode)6, float>(float, bool, hls::enable_if<std::numeric_limits<int>::is_signed, bool>::type)' (/wrk/ci/prod/2021.2/rdi_builds/continuous/2021_10_19_3367213/src/shared/hls/clib/hlsmath/include/FloatingPoint/hls_case_IEEE754.h:12:0)
INFO: [HLS 214-178] Inlining function 'fp_struct<float>::mantissa() const' into 'int generic_cast_IEEE754<int, (ap_q_mode)6, float>(float, bool, hls::enable_if<std::numeric_limits<int>::is_signed, bool>::type)' (/wrk/ci/prod/2021.2/rdi_builds/continuous/2021_10_19_3367213/src/shared/hls/clib/hlsmath/include/FloatingPoint/hls_case_IEEE754.h:12:0)
INFO: [HLS 214-178] Inlining function 'fp_struct<float>::expv() const' into 'int generic_cast_IEEE754<int, (ap_q_mode)6, float>(float, bool, hls::enable_if<std::numeric_limits<int>::is_signed, bool>::type)' (/wrk/ci/prod/2021.2/rdi_builds/continuous/2021_10_19_3367213/src/shared/hls/clib/hlsmath/include/FloatingPoint/hls_case_IEEE754.h:12:0)
INFO: [HLS 214-178] Inlining function 'fp_struct<float>::__signbit() const' into 'int generic_cast_IEEE754<int, (ap_q_mode)6, float>(float, bool, hls::enable_if<std::numeric_limits<int>::is_signed, bool>::type)' (/wrk/ci/prod/2021.2/rdi_builds/continuous/2021_10_19_3367213/src/shared/hls/clib/hlsmath/include/FloatingPoint/hls_case_IEEE754.h:12:0)
INFO: [HLS 214-178] Inlining function 'int generic_cast_IEEE754<int, (ap_q_mode)6, float>(float, bool, hls::enable_if<std::numeric_limits<int>::is_signed, bool>::type)' into 'int generic_cast_IEEE754<int, float>(float, bool)' (/wrk/ci/prod/2021.2/rdi_builds/continuous/2021_10_19_3367213/src/shared/hls/clib/hlsmath/include/FloatingPoint/hls_case_IEEE754.h:116:0)
INFO: [HLS 214-178] Inlining function 'int generic_cast_IEEE754<int, float>(float, bool)' into '__hls_fptosi_float_i32' (/wrk/ci/prod/2021.2/rdi_builds/continuous/2021_10_19_3367213/src/shared/hls/clib/hlsmath/src/lib_floatconversion.cpp:51:0)
INFO: [HLS 214-178] Inlining function 'Point_2hw::x() const (.155)' into 'Point_2hw::squared_distance(Point_2hw&)' (new_fixedpoint2205/Aux_Lib_hw.hpp:34:0)
INFO: [HLS 214-178] Inlining function '__hls_fptosi_float_i32' into 'Point_2hw::squared_distance(Point_2hw&)' (new_fixedpoint2205/Aux_Lib_hw.hpp:34:0)
INFO: [HLS 214-178] Inlining function 'fp_mult(int, int)' into 'Point_2hw::squared_distance(Point_2hw&)' (new_fixedpoint2205/Aux_Lib_hw.hpp:34:0)
INFO: [HLS 214-178] Inlining function 'Point_2hw::y() const (.152)' into 'Point_2hw::squared_distance(Point_2hw&)' (new_fixedpoint2205/Aux_Lib_hw.hpp:34:0)
INFO: [HLS 214-178] Inlining function 'Point_2hw::Point_2hw(int, int)' into 'Cal_Squared_Disthw(Node_Randhw&, Node_RRT_Poshw&)' (new_fixedpoint2205/main.cpp:21:0)
INFO: [HLS 214-178] Inlining function 'Point_2hw::squared_distance(Point_2hw&)' into 'Cal_Squared_Disthw(Node_Randhw&, Node_RRT_Poshw&)' (new_fixedpoint2205/main.cpp:21:0)
INFO: [HLS 214-178] Inlining function 'Point_2hw::Point_2hw(int, int)' into 'Cal_Disthw(Node_RRT_Poshw&, Node_Randhw&)' (new_fixedpoint2205/main.cpp:8:0)
INFO: [HLS 214-178] Inlining function 'Point_2hw::squared_distance(Point_2hw&)' into 'Cal_Disthw(Node_RRT_Poshw&, Node_Randhw&)' (new_fixedpoint2205/main.cpp:8:0)
INFO: [HLS 214-178] Inlining function 'fp_sqrtt(int)' into 'Cal_Disthw(Node_RRT_Poshw&, Node_Randhw&)' (new_fixedpoint2205/main.cpp:8:0)
INFO: [HLS 214-178] Inlining function 'Node_RRT_Poshw::Node_RRT_Poshw() (.169.174)' into 'A_StreamReaderhw(Node_RRT_Poshw&, Node_Randhw&, int)' (new_fixedpoint2205/main.cpp:39:0)
INFO: [HLS 214-178] Inlining function 'int FloatToFixed<16ul>(float)' into 'A_StreamReaderhw(Node_RRT_Poshw&, Node_Randhw&, int)' (new_fixedpoint2205/main.cpp:39:0)
INFO: [HLS 214-178] Inlining function 'fp_div(int, int)' into 'A_StreamReaderhw(Node_RRT_Poshw&, Node_Randhw&, int)' (new_fixedpoint2205/main.cpp:39:0)
INFO: [HLS 214-178] Inlining function 'Position_Holonomic_hw::Insert_Position(int, int)' into 'A_StreamReaderhw(Node_RRT_Poshw&, Node_Randhw&, int)' (new_fixedpoint2205/main.cpp:39:0)
INFO: [HLS 214-178] Inlining function 'fp_mult(int, int)' into 'A_StreamReaderhw(Node_RRT_Poshw&, Node_Randhw&, int)' (new_fixedpoint2205/main.cpp:39:0)
INFO: [HLS 214-178] Inlining function 'fp_mult(int, int)' into 'Point_2hw::squared_distance(int, int)' (new_fixedpoint2205/Aux_Lib_hw.hpp:39:0)
INFO: [HLS 214-178] Inlining function 'Point_2hw::x() const' into 'Segment_3hw::squared_distance(int&, int&, int, int)' (new_fixedpoint2205/Aux_Lib_hw.hpp:102:0)
INFO: [HLS 214-178] Inlining function 'fp_mult(int, int)' into 'Segment_3hw::squared_distance(int&, int&, int, int)' (new_fixedpoint2205/Aux_Lib_hw.hpp:102:0)
INFO: [HLS 214-178] Inlining function 'Point_2hw::y() const' into 'Segment_3hw::squared_distance(int&, int&, int, int)' (new_fixedpoint2205/Aux_Lib_hw.hpp:102:0)
INFO: [HLS 214-178] Inlining function 'fp_div(int, int)' into 'Segment_3hw::squared_distance(int&, int&, int, int)' (new_fixedpoint2205/Aux_Lib_hw.hpp:102:0)
INFO: [HLS 214-178] Inlining function 'Point_2hw::squared_distance(int, int)' into 'Segment_3hw::squared_distance(int&, int&, int, int)' (new_fixedpoint2205/Aux_Lib_hw.hpp:102:0)
INFO: [HLS 214-178] Inlining function 'Segment_3hw::squared_distance(int&, int&, int, int)' into 'Collision_detectedhw(int&, int&, int, Segment_3hw*, int)' (new_fixedpoint2205/main.cpp:78:0)
INFO: [HLS 214-178] Inlining function 'Position_Holonomic_hw::Position_Holonomic_hw()' into 'Obstacle_Freehw(Position_Holonomic_hw&, Position_Holonomic_hw&, int, Segment_3hw*, int)' (new_fixedpoint2205/main.cpp:100:0)
INFO: [HLS 214-178] Inlining function 'int FloatToFixed<16ul>(float)' into 'Obstacle_Freehw(Position_Holonomic_hw&, Position_Holonomic_hw&, int, Segment_3hw*, int)' (new_fixedpoint2205/main.cpp:100:0)
INFO: [HLS 214-178] Inlining function 'fp_div(int, int)' into 'Obstacle_Freehw(Position_Holonomic_hw&, Position_Holonomic_hw&, int, Segment_3hw*, int)' (new_fixedpoint2205/main.cpp:100:0)
INFO: [HLS 214-178] Inlining function 'fp_mult(int, int)' into 'Obstacle_Freehw(Position_Holonomic_hw&, Position_Holonomic_hw&, int, Segment_3hw*, int)' (new_fixedpoint2205/main.cpp:100:0)
INFO: [HLS 214-178] Inlining function 'Point_2hw::Point_2hw(int, int)' into 'Cal_Squared_Disthw(Node_RRT_Poshw&, Node_RRT_Poshw&)' (new_fixedpoint2205/main.cpp:31:0)
INFO: [HLS 214-178] Inlining function 'Point_2hw::squared_distance(Point_2hw&)' into 'Cal_Squared_Disthw(Node_RRT_Poshw&, Node_RRT_Poshw&)' (new_fixedpoint2205/main.cpp:31:0)
INFO: [HLS 214-178] Inlining function 'Cal_Squared_Disthw(Node_RRT_Poshw&, Node_RRT_Poshw&)' into 'Nearhw(int*, Node_RRT_Poshw*, Node_RRT_Poshw&, int, int, int&)' (new_fixedpoint2205/main.cpp:136:0)
INFO: [HLS 214-178] Inlining function 'fp_mult(int, int)' into 'Costhw(Position_Holonomic_hw&, Position_Holonomic_hw&)' (new_fixedpoint2205/main.cpp:157:0)
INFO: [HLS 214-178] Inlining function 'fp_sqrtt(int)' into 'Costhw(Position_Holonomic_hw&, Position_Holonomic_hw&)' (new_fixedpoint2205/main.cpp:157:0)
INFO: [HLS 214-178] Inlining function 'Segment_3hw::Segment_3hw()' into 'rrt(hls::stream<hls::axis<ap_int<64>, 2ul, 5ul, 6ul>, 0>&, float, float, int, float*, float, float, hls::stream<hls::axis<ap_int<32>, 2ul, 5ul, 6ul>, 0>&)' (new_fixedpoint2205/main.cpp:182:0)
INFO: [HLS 214-178] Inlining function 'Node_RRT_Poshw::Node_RRT_Poshw() (.169.174)' into 'rrt(hls::stream<hls::axis<ap_int<64>, 2ul, 5ul, 6ul>, 0>&, float, float, int, float*, float, float, hls::stream<hls::axis<ap_int<32>, 2ul, 5ul, 6ul>, 0>&)' (new_fixedpoint2205/main.cpp:182:0)
INFO: [HLS 214-178] Inlining function 'Node_Randhw::Node_Randhw()' into 'rrt(hls::stream<hls::axis<ap_int<64>, 2ul, 5ul, 6ul>, 0>&, float, float, int, float*, float, float, hls::stream<hls::axis<ap_int<32>, 2ul, 5ul, 6ul>, 0>&)' (new_fixedpoint2205/main.cpp:182:0)
INFO: [HLS 214-178] Inlining function 'Node_RRT_Poshw::Node_RRT_Poshw()' into 'rrt(hls::stream<hls::axis<ap_int<64>, 2ul, 5ul, 6ul>, 0>&, float, float, int, float*, float, float, hls::stream<hls::axis<ap_int<32>, 2ul, 5ul, 6ul>, 0>&)' (new_fixedpoint2205/main.cpp:182:0)
INFO: [HLS 214-178] Inlining function 'Cal_Squared_Disthw(Node_Randhw&, Node_RRT_Poshw&)' into 'rrt(hls::stream<hls::axis<ap_int<64>, 2ul, 5ul, 6ul>, 0>&, float, float, int, float*, float, float, hls::stream<hls::axis<ap_int<32>, 2ul, 5ul, 6ul>, 0>&)' (new_fixedpoint2205/main.cpp:182:0)
INFO: [HLS 214-178] Inlining function 'float FixedToFloat<16ul>(int)' into 'rrt(hls::stream<hls::axis<ap_int<64>, 2ul, 5ul, 6ul>, 0>&, float, float, int, float*, float, float, hls::stream<hls::axis<ap_int<32>, 2ul, 5ul, 6ul>, 0>&)' (new_fixedpoint2205/main.cpp:182:0)
INFO: [HLS 214-178] Inlining function 'Costhw(Position_Holonomic_hw&, Position_Holonomic_hw&)' into 'rrt(hls::stream<hls::axis<ap_int<64>, 2ul, 5ul, 6ul>, 0>&, float, float, int, float*, float, float, hls::stream<hls::axis<ap_int<32>, 2ul, 5ul, 6ul>, 0>&)' (new_fixedpoint2205/main.cpp:182:0)
INFO: [HLS 214-270] Starting automatic array partition analysis...
INFO: [HLS 214-131] Inlining function '_llvm.fpga.unpack.none.s_struct.ap_int<64>s.i64' into 'rrt(hls::stream<hls::axis<ap_int<64>, 2ul, 5ul, 6ul>, 0>&, float, float, int, float*, float, float, hls::stream<hls::axis<ap_int<32>, 2ul, 5ul, 6ul>, 0>&)' (/tools/Xilinx/Vitis_HLS/2021.2/common/technology/autopilot/ap_axi_sdata.h:293:5)
INFO: [HLS 214-131] Inlining function '_llvm.fpga.pack.none.i6.s_struct.ap_uint<6>s' into 'rrt(hls::stream<hls::axis<ap_int<64>, 2ul, 5ul, 6ul>, 0>&, float, float, int, float*, float, float, hls::stream<hls::axis<ap_int<32>, 2ul, 5ul, 6ul>, 0>&)' (/tools/Xilinx/Vitis_HLS/2021.2/common/technology/autopilot/ap_axi_sdata.h:304:5)
INFO: [HLS 214-131] Inlining function '_llvm.fpga.pack.none.i5.s_struct.ap_uint<5>s' into 'rrt(hls::stream<hls::axis<ap_int<64>, 2ul, 5ul, 6ul>, 0>&, float, float, int, float*, float, float, hls::stream<hls::axis<ap_int<32>, 2ul, 5ul, 6ul>, 0>&)' (/tools/Xilinx/Vitis_HLS/2021.2/common/technology/autopilot/ap_axi_sdata.h:304:5)
INFO: [HLS 214-131] Inlining function '_llvm.fpga.pack.none.i1.s_struct.ap_uint<1>s' into 'rrt(hls::stream<hls::axis<ap_int<64>, 2ul, 5ul, 6ul>, 0>&, float, float, int, float*, float, float, hls::stream<hls::axis<ap_int<32>, 2ul, 5ul, 6ul>, 0>&)' (/tools/Xilinx/Vitis_HLS/2021.2/common/technology/autopilot/ap_axi_sdata.h:304:5)
INFO: [HLS 214-131] Inlining function '_llvm.fpga.pack.none.i2.s_struct.ap_uint<2>s' into 'rrt(hls::stream<hls::axis<ap_int<64>, 2ul, 5ul, 6ul>, 0>&, float, float, int, float*, float, float, hls::stream<hls::axis<ap_int<32>, 2ul, 5ul, 6ul>, 0>&)' (/tools/Xilinx/Vitis_HLS/2021.2/common/technology/autopilot/ap_axi_sdata.h:304:5)
INFO: [HLS 214-131] Inlining function '_llvm.fpga.pack.none.i4.s_struct.ap_uint<4>s' into 'rrt(hls::stream<hls::axis<ap_int<64>, 2ul, 5ul, 6ul>, 0>&, float, float, int, float*, float, float, hls::stream<hls::axis<ap_int<32>, 2ul, 5ul, 6ul>, 0>&)' (/tools/Xilinx/Vitis_HLS/2021.2/common/technology/autopilot/ap_axi_sdata.h:304:5)
INFO: [HLS 214-131] Inlining function '_llvm.fpga.pack.none.i32.s_struct.ap_int<32>s' into 'rrt(hls::stream<hls::axis<ap_int<64>, 2ul, 5ul, 6ul>, 0>&, float, float, int, float*, float, float, hls::stream<hls::axis<ap_int<32>, 2ul, 5ul, 6ul>, 0>&)' (/tools/Xilinx/Vitis_HLS/2021.2/common/technology/autopilot/ap_axi_sdata.h:304:5)
INFO: [HLS 214-131] Inlining function '_llvm.fpga.unpack.none.s_struct.ap_uint<8>s.i8' into 'rrt(hls::stream<hls::axis<ap_int<64>, 2ul, 5ul, 6ul>, 0>&, float, float, int, float*, float, float, hls::stream<hls::axis<ap_int<32>, 2ul, 5ul, 6ul>, 0>&)' (/tools/Xilinx/Vitis_HLS/2021.2/common/technology/autopilot/ap_axi_sdata.h:293:5)
INFO: [HLS 214-131] Inlining function '_llvm.fpga.unpack.none.s_struct.ap_uint<2>s.i2' into 'rrt(hls::stream<hls::axis<ap_int<64>, 2ul, 5ul, 6ul>, 0>&, float, float, int, float*, float, float, hls::stream<hls::axis<ap_int<32>, 2ul, 5ul, 6ul>, 0>&)' (/tools/Xilinx/Vitis_HLS/2021.2/common/technology/autopilot/ap_axi_sdata.h:293:5)
INFO: [HLS 214-131] Inlining function '_llvm.fpga.unpack.none.s_struct.ap_uint<1>s.i1' into 'rrt(hls::stream<hls::axis<ap_int<64>, 2ul, 5ul, 6ul>, 0>&, float, float, int, float*, float, float, hls::stream<hls::axis<ap_int<32>, 2ul, 5ul, 6ul>, 0>&)' (/tools/Xilinx/Vitis_HLS/2021.2/common/technology/autopilot/ap_axi_sdata.h:293:5)
INFO: [HLS 214-131] Inlining function '_llvm.fpga.unpack.none.s_struct.ap_uint<5>s.i5' into 'rrt(hls::stream<hls::axis<ap_int<64>, 2ul, 5ul, 6ul>, 0>&, float, float, int, float*, float, float, hls::stream<hls::axis<ap_int<32>, 2ul, 5ul, 6ul>, 0>&)' (/tools/Xilinx/Vitis_HLS/2021.2/common/technology/autopilot/ap_axi_sdata.h:293:5)
INFO: [HLS 214-131] Inlining function '_llvm.fpga.unpack.none.s_struct.ap_uint<6>s.i6' into 'rrt(hls::stream<hls::axis<ap_int<64>, 2ul, 5ul, 6ul>, 0>&, float, float, int, float*, float, float, hls::stream<hls::axis<ap_int<32>, 2ul, 5ul, 6ul>, 0>&)' (/tools/Xilinx/Vitis_HLS/2021.2/common/technology/autopilot/ap_axi_sdata.h:293:5)
INFO: [HLS 200-111] Finished Compiling Optimization and Transform: CPU user time: 3.82 seconds. CPU system time: 0.26 seconds. Elapsed time: 4.1 seconds; current allocated memory: 287.211 MB.
INFO: [HLS 200-111] Finished Checking Pragmas: CPU user time: 0 seconds. CPU system time: 0 seconds. Elapsed time: 0 seconds; current allocated memory: 287.211 MB.
INFO: [HLS 200-10] Starting code transformations ...
INFO: [HLS 200-111] Finished Standard Transforms: CPU user time: 0.35 seconds. CPU system time: 0.04 seconds. Elapsed time: 0.39 seconds; current allocated memory: 366.148 MB.
INFO: [HLS 200-10] Checking synthesizability ...
INFO: [XFORM 203-602] Inlining function 'Cal_Disthw' into 'A_StreamReaderhw' (new_fixedpoint2205/main.cpp:41) automatically.
INFO: [XFORM 203-602] Inlining function 'FloatToFixed<16ul>' into 'Collision_detectedhw' (new_fixedpoint2205/Aux_Lib_hw.hpp:115) automatically.
INFO: [XFORM 203-602] Inlining function '__hls_fptosi_float_i32' into 'Collision_detectedhw' (new_fixedpoint2205/Aux_Lib_hw.hpp:106) automatically.
INFO: [HLS 200-111] Finished Checking Synthesizability: CPU user time: 0.67 seconds. CPU system time: 0.02 seconds. Elapsed time: 0.7 seconds; current allocated memory: 460.238 MB.
INFO: [XFORM 203-510] Pipelining loop 'VITIS_LOOP_47_1' (new_fixedpoint2205/fixedpt.h:49) in function 'Cal_Disthw' automatically.
INFO: [XFORM 203-510] Pipelining loop 'Loop-2' (new_fixedpoint2205/main.cpp:105) in function 'Obstacle_Freehw' automatically.
INFO: [XFORM 203-510] Pipelining loop 'VITIS_LOOP_112_1' (/wrk/ci/prod/2021.2/rdi_builds/continuous/2021_10_19_3367213/src/shared/hls/clib/hlsmath/include/FloatingPoint/hls_case_IEEE754.h:13) in function 'Obstacle_Freehw' automatically.
INFO: [XFORM 203-510] Pipelining loop 'VITIS_LOOP_141_1' (/wrk/ci/prod/2021.2/rdi_builds/continuous/2021_10_19_3367213/src/shared/hls/clib/hlsmath/include/FloatingPoint/hls_case_IEEE754.h:13) in function 'Nearhw' automatically.
INFO: [XFORM 203-510] Pipelining loop 'Loop-2' (new_fixedpoint2205/main.cpp:335) in function 'rrt' automatically.
INFO: [XFORM 203-510] Pipelining loop 'VITIS_LOOP_47_1' (new_fixedpoint2205/fixedpt.h:49) in function 'rrt' automatically.
INFO: [XFORM 203-510] Pipelining loop 'VITIS_LOOP_396_2' (new_fixedpoint2205/main.cpp:396) in function 'rrt' automatically.
INFO: [XFORM 203-510] Pipelining loop 'VITIS_LOOP_420_3' (new_fixedpoint2205/main.cpp:204) in function 'rrt' automatically.
INFO: [XFORM 203-502] Unrolling all loops for pipelining in function 'Collision_detectedhw' (new_fixedpoint2205/Aux_Lib_hw.hpp:27:5).
INFO: [HLS 200-489] Unrolling loop 'VITIS_LOOP_83_1' (new_fixedpoint2205/main.cpp:83) in function 'Collision_detectedhw' completely with a factor of 28.
INFO: [XFORM 203-102] Partitioning array 'Bool' (new_fixedpoint2205/main.cpp:81) automatically.
INFO: [XFORM 203-602] Inlining function 'Cal_Disthw' into 'A_StreamReaderhw' (new_fixedpoint2205/main.cpp:41) automatically.
INFO: [XFORM 203-602] Inlining function 'FloatToFixed<16ul>' into 'Collision_detectedhw' (new_fixedpoint2205/Aux_Lib_hw.hpp:115) automatically.
INFO: [XFORM 203-401] Performing if-conversion on hyperblock from (/wrk/ci/prod/2021.2/rdi_builds/continuous/2021_10_19_3367213/src/shared/hls/clib/hlsmath/include/FloatingPoint/hls_case_IEEE754.h:13:17) in function 'rrt'... converting 3 basic blocks.
INFO: [XFORM 203-401] Performing if-conversion on hyperblock from (new_fixedpoint2205/fixedpt.h:58:7) in function 'A_StreamReaderhw'... converting 3 basic blocks.
INFO: [XFORM 203-602] Inlining function 'A_StreamReaderhw' into 'rrt' (new_fixedpoint2205/main.cpp:370) automatically.
INFO: [XFORM 203-602] Inlining function 'Obstacle_Freehw' into 'rrt' (new_fixedpoint2205/main.cpp:380) automatically.
INFO: [XFORM 203-11] Balancing expressions in function 'rrt' (new_fixedpoint2205/main.cpp:7:47)...9 expression(s) balanced.
INFO: [XFORM 203-11] Balancing expressions in function 'Collision_detectedhw' (new_fixedpoint2205/Aux_Lib_hw.hpp:34:5)...3 expression(s) balanced.
INFO: [HLS 200-111] Finished Loop, function and other optimizations: CPU user time: 0.81 seconds. CPU system time: 0.05 seconds. Elapsed time: 0.85 seconds; current allocated memory: 580.168 MB.
INFO: [XFORM 203-603] Evaluating the output(s) of a call to function '__hls_fptosi_float_i32' (new_fixedpoint2205/Aux_Lib_hw.hpp:106:42) in function 'Collision_detectedhw' and propagating its result(s) since all actual argument(s) to the function are constants.
INFO: [XFORM 203-603] Evaluating the output(s) of a call to function '__hls_fptosi_float_i32' (new_fixedpoint2205/Aux_Lib_hw.hpp:107:34) in function 'Collision_detectedhw' and propagating its result(s) since all actual argument(s) to the function are constants.
INFO: [HLS 200-472] Inferring partial write operation for 'X_near' (new_fixedpoint2205/main.cpp:151:24)
INFO: [HLS 200-472] Inferring partial write operation for 'RRT_Star.Position.x' (new_fixedpoint2205/RRT_Star_hw.hpp:14:5)
INFO: [HLS 200-472] Inferring partial write operation for 'RRT_Star.Position.y' (new_fixedpoint2205/RRT_Star_hw.hpp:15:5)
INFO: [HLS 200-472] Inferring partial write operation for 'RRT_Star.Location_List' (new_fixedpoint2205/RRT_Star_hw.hpp:87:17)
INFO: [HLS 200-472] Inferring partial write operation for 'RRT_Star.Position.x' (new_fixedpoint2205/main.cpp:348:25)
INFO: [HLS 200-472] Inferring partial write operation for 'RRT_Star.Position.y' (new_fixedpoint2205/main.cpp:349:25)
INFO: [HLS 200-472] Inferring partial write operation for 'RRT_Star.Location_List' (new_fixedpoint2205/main.cpp:350:28)
INFO: [HLS 200-472] Inferring partial write operation for 'Bool' (new_fixedpoint2205/main.cpp:122:10)
INFO: [HLS 200-111] Finished Architecture Synthesis: CPU user time: 0.48 seconds. CPU system time: 0.01 seconds. Elapsed time: 0.49 seconds; current allocated memory: 707.121 MB.
INFO: [HLS 200-10] Starting hardware synthesis ...
INFO: [HLS 200-10] Synthesizing 'rrt' ...
WARNING: [SYN 201-103] Legalizing function name 'FloatToFixed<16ul>' to 'FloatToFixed_16ul_s'.
WARNING: [SYN 201-103] Legalizing function name '__hls_fptosi_float_i32' to 'p_hls_fptosi_float_i32'.
INFO: [HLS 200-10] ----------------------------------------------------------------
INFO: [HLS 200-42] -- Implementing module 'FloatToFixed_16ul_s' 
INFO: [HLS 200-10] ----------------------------------------------------------------
INFO: [SCHED 204-11] Starting scheduling ...
INFO: [SCHED 204-61] Pipelining function 'FloatToFixed<16ul>'.
INFO: [HLS 200-1470] Pipelining result : Target II = NA, Final II = 1, Depth = 22, function 'FloatToFixed<16ul>'
INFO: [SCHED 204-11] Finished scheduling.
INFO: [HLS 200-111] Finished Scheduling: CPU user time: 0.16 seconds. CPU system time: 0.05 seconds. Elapsed time: 0.21 seconds; current allocated memory: 707.832 MB.
INFO: [BIND 205-100] Starting micro-architecture generation ...
INFO: [BIND 205-101] Performing variable lifetime analysis.
INFO: [BIND 205-101] Exploring resource sharing.
INFO: [BIND 205-101] Binding ...
INFO: [BIND 205-100] Finished micro-architecture generation.
INFO: [HLS 200-111] Finished Binding: CPU user time: 0.1 seconds. CPU system time: 0 seconds. Elapsed time: 0.1 seconds; current allocated memory: 707.832 MB.
INFO: [HLS 200-10] ----------------------------------------------------------------
INFO: [HLS 200-42] -- Implementing module 'rrt_Pipeline_1' 
INFO: [HLS 200-10] ----------------------------------------------------------------
INFO: [SCHED 204-11] Starting scheduling ...
INFO: [SCHED 204-61] Pipelining loop 'Loop 1'.
INFO: [HLS 200-1470] Pipelining result : Target II = NA, Final II = 1, Depth = 1, loop 'Loop 1'
INFO: [SCHED 204-11] Finished scheduling.
INFO: [HLS 200-111] Finished Scheduling: CPU user time: 0.08 seconds. CPU system time: 0 seconds. Elapsed time: 0.09 seconds; current allocated memory: 707.898 MB.
INFO: [BIND 205-100] Starting micro-architecture generation ...
INFO: [BIND 205-101] Performing variable lifetime analysis.
INFO: [BIND 205-101] Exploring resource sharing.
INFO: [BIND 205-101] Binding ...
INFO: [BIND 205-100] Finished micro-architecture generation.
INFO: [HLS 200-111] Finished Binding: CPU user time: 0.01 seconds. CPU system time: 0 seconds. Elapsed time: 0.01 seconds; current allocated memory: 707.898 MB.
INFO: [HLS 200-10] ----------------------------------------------------------------
INFO: [HLS 200-42] -- Implementing module 'rrt_Pipeline_VITIS_LOOP_342_1' 
INFO: [HLS 200-10] ----------------------------------------------------------------
INFO: [SCHED 204-11] Starting scheduling ...
INFO: [SCHED 204-61] Pipelining loop 'VITIS_LOOP_342_1'.
INFO: [HLS 200-1470] Pipelining result : Target II = NA, Final II = 1, Depth = 52, loop 'VITIS_LOOP_342_1'
WARNING: [HLS 200-871] Estimated clock period (6.312ns) exceeds the target (target clock period: 6.75ns, clock uncertainty: 1.8225ns, effective delay budget: 4.9275ns).
WARNING: [HLS 200-1016] The critical path in module 'rrt_Pipeline_VITIS_LOOP_342_1' consists of the following:	'sitofp' operation ('conv_i_i_i', new_fixedpoint2205/Aux_Lib_hw.hpp:27) [70]  (6.31 ns)

INFO: [SCHED 204-11] Finished scheduling.
INFO: [HLS 200-111] Finished Scheduling: CPU user time: 0.12 seconds. CPU system time: 0.01 seconds. Elapsed time: 0.13 seconds; current allocated memory: 708.328 MB.
INFO: [BIND 205-100] Starting micro-architecture generation ...
INFO: [BIND 205-101] Performing variable lifetime analysis.
INFO: [BIND 205-101] Exploring resource sharing.
INFO: [BIND 205-101] Binding ...
INFO: [BIND 205-100] Finished micro-architecture generation.
INFO: [HLS 200-111] Finished Binding: CPU user time: 0.21 seconds. CPU system time: 0 seconds. Elapsed time: 0.22 seconds; current allocated memory: 708.328 MB.
INFO: [HLS 200-10] ----------------------------------------------------------------
INFO: [HLS 200-42] -- Implementing module 'rrt_Pipeline_VITIS_LOOP_47_1' 
INFO: [HLS 200-10] ----------------------------------------------------------------
INFO: [SCHED 204-11] Starting scheduling ...
INFO: [SCHED 204-61] Pipelining loop 'VITIS_LOOP_47_1'.
WARNING: [HLS 200-880] The II Violation in module 'rrt_Pipeline_VITIS_LOOP_47_1' (loop 'VITIS_LOOP_47_1'): Unable to enforce a carried dependence constraint (II = 1, distance = 1, offset = 0) between 'store' operation ('q_1_write_ln47', new_fixedpoint2205/fixedpt.h:47->new_fixedpoint2205/main.cpp:370) of variable 'q', new_fixedpoint2205/fixedpt.h:50->new_fixedpoint2205/main.cpp:370 on local variable 'q' and 'load' operation ('q_1_load', new_fixedpoint2205/fixedpt.h:49->new_fixedpoint2205/main.cpp:370) on local variable 'q'.
INFO: [HLS 200-1470] Pipelining result : Target II = NA, Final II = 2, Depth = 4, loop 'VITIS_LOOP_47_1'
INFO: [SCHED 204-11] Finished scheduling.
INFO: [HLS 200-111] Finished Scheduling: CPU user time: 0.19 seconds. CPU system time: 0 seconds. Elapsed time: 0.2 seconds; current allocated memory: 708.328 MB.
INFO: [BIND 205-100] Starting micro-architecture generation ...
INFO: [BIND 205-101] Performing variable lifetime analysis.
INFO: [BIND 205-101] Exploring resource sharing.
INFO: [BIND 205-101] Binding ...
INFO: [BIND 205-100] Finished micro-architecture generation.
INFO: [HLS 200-111] Finished Binding: CPU user time: 0.03 seconds. CPU system time: 0 seconds. Elapsed time: 0.03 seconds; current allocated memory: 708.328 MB.
INFO: [HLS 200-10] ----------------------------------------------------------------
INFO: [HLS 200-42] -- Implementing module 'p_hls_fptosi_float_i32' 
INFO: [HLS 200-10] ----------------------------------------------------------------
INFO: [SCHED 204-11] Starting scheduling ...
INFO: [SCHED 204-61] Pipelining function '__hls_fptosi_float_i32'.
INFO: [HLS 200-1470] Pipelining result : Target II = NA, Final II = 1, Depth = 3, function '__hls_fptosi_float_i32'
INFO: [SCHED 204-11] Finished scheduling.
INFO: [HLS 200-111] Finished Scheduling: CPU user time: 0.05 seconds. CPU system time: 0 seconds. Elapsed time: 0.05 seconds; current allocated memory: 708.344 MB.
INFO: [BIND 205-100] Starting micro-architecture generation ...
INFO: [BIND 205-101] Performing variable lifetime analysis.
INFO: [BIND 205-101] Exploring resource sharing.
INFO: [BIND 205-101] Binding ...
INFO: [BIND 205-100] Finished micro-architecture generation.
INFO: [HLS 200-111] Finished Binding: CPU user time: 0.02 seconds. CPU system time: 0.01 seconds. Elapsed time: 0.02 seconds; current allocated memory: 708.344 MB.
INFO: [HLS 200-10] ----------------------------------------------------------------
INFO: [HLS 200-42] -- Implementing module 'Collision_detectedhw' 
INFO: [HLS 200-10] ----------------------------------------------------------------
INFO: [SCHED 204-11] Starting scheduling ...
INFO: [SCHED 204-61] Pipelining function 'Collision_detectedhw'.
INFO: [HLS 200-1470] Pipelining result : Target II = NA, Final II = 1, Depth = 40, function 'Collision_detectedhw'
WARNING: [HLS 200-871] Estimated clock period (6.312ns) exceeds the target (target clock period: 6.75ns, clock uncertainty: 1.8225ns, effective delay budget: 4.9275ns).
WARNING: [HLS 200-1016] The critical path in module 'Collision_detectedhw' consists of the following:	wire read operation ('x') on port 'p_read' [6]  (0 ns)
	'sitofp' operation ('conv_i') [7]  (6.31 ns)

INFO: [SCHED 204-11] Finished scheduling.
INFO: [HLS 200-111] Finished Scheduling: CPU user time: 0.22 seconds. CPU system time: 0 seconds. Elapsed time: 0.23 seconds; current allocated memory: 710.879 MB.
INFO: [BIND 205-100] Starting micro-architecture generation ...
INFO: [BIND 205-101] Performing variable lifetime analysis.
INFO: [BIND 205-101] Exploring resource sharing.
INFO: [BIND 205-101] Binding ...
INFO: [BIND 205-100] Finished micro-architecture generation.
INFO: [HLS 200-111] Finished Binding: CPU user time: 0.31 seconds. CPU system time: 0 seconds. Elapsed time: 0.32 seconds; current allocated memory: 710.879 MB.
INFO: [HLS 200-10] ----------------------------------------------------------------
INFO: [HLS 200-42] -- Implementing module 'rrt_Pipeline_VITIS_LOOP_112_1' 
INFO: [HLS 200-10] ----------------------------------------------------------------
INFO: [SCHED 204-11] Starting scheduling ...
INFO: [SCHED 204-61] Pipelining loop 'VITIS_LOOP_112_1'.
INFO: [HLS 200-1470] Pipelining result : Target II = NA, Final II = 1, Depth = 75, loop 'VITIS_LOOP_112_1'
WARNING: [HLS 200-871] Estimated clock period (6.312ns) exceeds the target (target clock period: 6.75ns, clock uncertainty: 1.8225ns, effective delay budget: 4.9275ns).
WARNING: [HLS 200-1016] The critical path in module 'rrt_Pipeline_VITIS_LOOP_112_1' consists of the following:	'alloca' operation ('i') [7]  (0 ns)
	'load' operation ('i', new_fixedpoint2205/main.cpp:112->new_fixedpoint2205/main.cpp:380) on local variable 'i' [16]  (0 ns)
	'sitofp' operation ('d', new_fixedpoint2205/main.cpp:114->new_fixedpoint2205/main.cpp:380) [26]  (6.31 ns)

INFO: [SCHED 204-11] Finished scheduling.
INFO: [HLS 200-111] Finished Scheduling: CPU user time: 0.54 seconds. CPU system time: 0.01 seconds. Elapsed time: 0.54 seconds; current allocated memory: 711.621 MB.
INFO: [BIND 205-100] Starting micro-architecture generation ...
INFO: [BIND 205-101] Performing variable lifetime analysis.
INFO: [BIND 205-101] Exploring resource sharing.
INFO: [BIND 205-101] Binding ...
INFO: [BIND 205-100] Finished micro-architecture generation.
INFO: [HLS 200-111] Finished Binding: CPU user time: 0.32 seconds. CPU system time: 0 seconds. Elapsed time: 0.34 seconds; current allocated memory: 711.621 MB.
INFO: [HLS 200-10] ----------------------------------------------------------------
INFO: [HLS 200-42] -- Implementing module 'rrt_Pipeline_VITIS_LOOP_420_3' 
INFO: [HLS 200-10] ----------------------------------------------------------------
INFO: [SCHED 204-11] Starting scheduling ...
INFO: [SCHED 204-61] Pipelining loop 'VITIS_LOOP_420_3'.
INFO: [HLS 200-1470] Pipelining result : Target II = NA, Final II = 1, Depth = 2, loop 'VITIS_LOOP_420_3'
INFO: [SCHED 204-11] Finished scheduling.
INFO: [HLS 200-111] Finished Scheduling: CPU user time: 0.39 seconds. CPU system time: 0 seconds. Elapsed time: 0.39 seconds; current allocated memory: 712.398 MB.
INFO: [BIND 205-100] Starting micro-architecture generation ...
INFO: [BIND 205-101] Performing variable lifetime analysis.
INFO: [BIND 205-101] Exploring resource sharing.
INFO: [BIND 205-101] Binding ...
INFO: [BIND 205-100] Finished micro-architecture generation.
INFO: [HLS 200-111] Finished Binding: CPU user time: 0.01 seconds. CPU system time: 0 seconds. Elapsed time: 0.01 seconds; current allocated memory: 712.398 MB.
INFO: [HLS 200-10] ----------------------------------------------------------------
INFO: [HLS 200-42] -- Implementing module 'Nearhw' 
INFO: [HLS 200-10] ----------------------------------------------------------------
INFO: [SCHED 204-11] Starting scheduling ...
INFO: [SCHED 204-61] Pipelining loop 'VITIS_LOOP_141_1'.
INFO: [HLS 200-1470] Pipelining result : Target II = NA, Final II = 1, Depth = 30, loop 'VITIS_LOOP_141_1'
WARNING: [HLS 200-871] Estimated clock period (6.312ns) exceeds the target (target clock period: 6.75ns, clock uncertainty: 1.8225ns, effective delay budget: 4.9275ns).
WARNING: [HLS 200-1016] The critical path in module 'Nearhw' consists of the following:	wire read operation ('p_read_2') on port 'p_read' [15]  (0 ns)
	'sitofp' operation ('conv_i_i') [16]  (6.31 ns)

INFO: [SCHED 204-11] Finished scheduling.
INFO: [HLS 200-111] Finished Scheduling: CPU user time: 0.1 seconds. CPU system time: 0 seconds. Elapsed time: 0.09 seconds; current allocated memory: 712.828 MB.
INFO: [BIND 205-100] Starting micro-architecture generation ...
INFO: [BIND 205-101] Performing variable lifetime analysis.
INFO: [BIND 205-101] Exploring resource sharing.
INFO: [BIND 205-101] Binding ...
INFO: [BIND 205-100] Finished micro-architecture generation.
INFO: [HLS 200-111] Finished Binding: CPU user time: 0.17 seconds. CPU system time: 0 seconds. Elapsed time: 0.17 seconds; current allocated memory: 712.828 MB.
INFO: [HLS 200-10] ----------------------------------------------------------------
INFO: [HLS 200-42] -- Implementing module 'rrt_Pipeline_VITIS_LOOP_47_12' 
INFO: [HLS 200-10] ----------------------------------------------------------------
INFO: [SCHED 204-11] Starting scheduling ...
INFO: [SCHED 204-61] Pipelining loop 'VITIS_LOOP_47_1'.
WARNING: [HLS 200-880] The II Violation in module 'rrt_Pipeline_VITIS_LOOP_47_12' (loop 'VITIS_LOOP_47_1'): Unable to enforce a carried dependence constraint (II = 1, distance = 1, offset = 0) between 'store' operation ('q_write_ln47', new_fixedpoint2205/fixedpt.h:47) of variable 'q', new_fixedpoint2205/fixedpt.h:50 on local variable 'q' and 'load' operation ('q_load', new_fixedpoint2205/fixedpt.h:49) on local variable 'q'.
INFO: [HLS 200-1470] Pipelining result : Target II = NA, Final II = 2, Depth = 4, loop 'VITIS_LOOP_47_1'
INFO: [SCHED 204-11] Finished scheduling.
INFO: [HLS 200-111] Finished Scheduling: CPU user time: 0.14 seconds. CPU system time: 0.01 seconds. Elapsed time: 0.14 seconds; current allocated memory: 713.746 MB.
INFO: [BIND 205-100] Starting micro-architecture generation ...
INFO: [BIND 205-101] Performing variable lifetime analysis.
INFO: [BIND 205-101] Exploring resource sharing.
INFO: [BIND 205-101] Binding ...
INFO: [BIND 205-100] Finished micro-architecture generation.
INFO: [HLS 200-111] Finished Binding: CPU user time: 0.03 seconds. CPU system time: 0 seconds. Elapsed time: 0.03 seconds; current allocated memory: 713.746 MB.
INFO: [HLS 200-10] ----------------------------------------------------------------
INFO: [HLS 200-42] -- Implementing module 'rrt_Pipeline_VITIS_LOOP_396_2' 
INFO: [HLS 200-10] ----------------------------------------------------------------
INFO: [SCHED 204-11] Starting scheduling ...
INFO: [SCHED 204-61] Pipelining loop 'VITIS_LOOP_396_2'.
INFO: [HLS 200-1470] Pipelining result : Target II = NA, Final II = 1, Depth = 2, loop 'VITIS_LOOP_396_2'
INFO: [SCHED 204-11] Finished scheduling.
INFO: [HLS 200-111] Finished Scheduling: CPU user time: 0.05 seconds. CPU system time: 0 seconds. Elapsed time: 0.05 seconds; current allocated memory: 714.078 MB.
INFO: [BIND 205-100] Starting micro-architecture generation ...
INFO: [BIND 205-101] Performing variable lifetime analysis.
INFO: [BIND 205-101] Exploring resource sharing.
INFO: [BIND 205-101] Binding ...
INFO: [BIND 205-100] Finished micro-architecture generation.
INFO: [HLS 200-111] Finished Binding: CPU user time: 0.02 seconds. CPU system time: 0 seconds. Elapsed time: 0.02 seconds; current allocated memory: 714.078 MB.
INFO: [HLS 200-10] ----------------------------------------------------------------
INFO: [HLS 200-42] -- Implementing module 'rrt' 
INFO: [HLS 200-10] ----------------------------------------------------------------
INFO: [SCHED 204-11] Starting scheduling ...
WARNING: [HLS 200-871] Estimated clock period (6.312ns) exceeds the target (target clock period: 6.75ns, clock uncertainty: 1.8225ns, effective delay budget: 4.9275ns).
WARNING: [HLS 200-1016] The critical path in module 'rrt' consists of the following:	'sitofp' operation ('conv_i_i', new_fixedpoint2205/main.cpp:321) [86]  (6.31 ns)

INFO: [SCHED 204-11] Finished scheduling.
INFO: [HLS 200-111] Finished Scheduling: CPU user time: 0.26 seconds. CPU system time: 0 seconds. Elapsed time: 0.27 seconds; current allocated memory: 715.988 MB.
INFO: [BIND 205-100] Starting micro-architecture generation ...
INFO: [BIND 205-101] Performing variable lifetime analysis.
INFO: [BIND 205-101] Exploring resource sharing.
INFO: [BIND 205-101] Binding ...
INFO: [BIND 205-100] Finished micro-architecture generation.
INFO: [HLS 200-111] Finished Binding: CPU user time: 0.75 seconds. CPU system time: 0.01 seconds. Elapsed time: 0.75 seconds; current allocated memory: 716.145 MB.
INFO: [HLS 200-10] ----------------------------------------------------------------
INFO: [HLS 200-10] -- Generating RTL for module 'FloatToFixed_16ul_s' 
INFO: [HLS 200-10] ----------------------------------------------------------------
INFO: [RTGEN 206-100] Generating core module 'dadd_64ns_64ns_64_12_full_dsp_0': 1 instance(s).
INFO: [RTGEN 206-100] Generating core module 'fcmp_32ns_32ns_1_3_no_dsp_0': 1 instance(s).
INFO: [RTGEN 206-100] Generating core module 'fmul_32ns_32ns_32_5_max_dsp_0': 1 instance(s).
INFO: [RTGEN 206-100] Generating core module 'fpext_32ns_64_2_no_dsp_0': 1 instance(s).
INFO: [RTGEN 206-100] Finished creating RTL model for 'FloatToFixed_16ul_s'.
INFO: [HLS 200-111] Finished Creating RTL model: CPU user time: 0.88 seconds. CPU system time: 0 seconds. Elapsed time: 0.89 seconds; current allocated memory: 716.941 MB.
INFO: [HLS 200-10] ----------------------------------------------------------------
INFO: [HLS 200-10] -- Generating RTL for module 'rrt_Pipeline_1' 
INFO: [HLS 200-10] ----------------------------------------------------------------
INFO: [RTGEN 206-100] Finished creating RTL model for 'rrt_Pipeline_1'.
INFO: [HLS 200-111] Finished Creating RTL model: CPU user time: 0.14 seconds. CPU system time: 0 seconds. Elapsed time: 0.14 seconds; current allocated memory: 718.070 MB.
INFO: [HLS 200-10] ----------------------------------------------------------------
INFO: [HLS 200-10] -- Generating RTL for module 'rrt_Pipeline_VITIS_LOOP_342_1' 
INFO: [HLS 200-10] ----------------------------------------------------------------
INFO: [HLS 200-1030] Apply Unified Pipeline Control on module 'rrt_Pipeline_VITIS_LOOP_342_1' pipeline 'VITIS_LOOP_342_1' pipeline type 'loop pipeline'
INFO: [RTGEN 206-100] Generating core module 'fsub_32ns_32ns_32_9_full_dsp_1': 2 instance(s).
INFO: [RTGEN 206-100] Generating core module 'hptosp_16ns_32_2_no_dsp_1': 2 instance(s).
INFO: [RTGEN 206-100] Generating core module 'mul_32s_32s_48_5_1': 2 instance(s).
INFO: [RTGEN 206-100] Generating core module 'sitofp_32ns_32_7_no_dsp_1': 2 instance(s).
INFO: [RTGEN 206-100] Finished creating RTL model for 'rrt_Pipeline_VITIS_LOOP_342_1'.
INFO: [HLS 200-111] Finished Creating RTL model: CPU user time: 0.08 seconds. CPU system time: 0 seconds. Elapsed time: 0.09 seconds; current allocated memory: 721.578 MB.
INFO: [HLS 200-10] ----------------------------------------------------------------
INFO: [HLS 200-10] -- Generating RTL for module 'rrt_Pipeline_VITIS_LOOP_47_1' 
INFO: [HLS 200-10] ----------------------------------------------------------------
INFO: [HLS 200-1030] Apply Unified Pipeline Control on module 'rrt_Pipeline_VITIS_LOOP_47_1' pipeline 'VITIS_LOOP_47_1' pipeline type 'loop pipeline'
INFO: [RTGEN 206-100] Finished creating RTL model for 'rrt_Pipeline_VITIS_LOOP_47_1'.
INFO: [HLS 200-111] Finished Creating RTL model: CPU user time: 0.33 seconds. CPU system time: 0.01 seconds. Elapsed time: 0.33 seconds; current allocated memory: 724.520 MB.
INFO: [HLS 200-10] ----------------------------------------------------------------
INFO: [HLS 200-10] -- Generating RTL for module 'p_hls_fptosi_float_i32' 
INFO: [HLS 200-10] ----------------------------------------------------------------
INFO: [RTGEN 206-100] Finished creating RTL model for 'p_hls_fptosi_float_i32'.
INFO: [HLS 200-111] Finished Creating RTL model: CPU user time: 0.08 seconds. CPU system time: 0 seconds. Elapsed time: 0.08 seconds; current allocated memory: 725.645 MB.
INFO: [HLS 200-10] ----------------------------------------------------------------
INFO: [HLS 200-10] -- Generating RTL for module 'Collision_detectedhw' 
INFO: [HLS 200-10] ----------------------------------------------------------------
WARNING: [RTGEN 206-101] RTL name 'sitofp_32ns_32_7_no_dsp_1' is changed to 'sitofp_32ns_32_7_no_dsp_1_x' due to conflict.
WARNING: [RTGEN 206-101] RTL name 'mul_32s_32s_48_5_1' is changed to 'mul_32s_32s_48_5_1_x' due to conflict.
INFO: [RTGEN 206-104] Estimated max fanout for 'Collision_detectedhw' is 10950 from HDL expression: (1'b0 == ap_block_pp0_stage0_11001)
INFO: [RTGEN 206-100] Generating core module 'fadd_32ns_32ns_32_9_full_dsp_1': 4 instance(s).
INFO: [RTGEN 206-100] Generating core module 'mul_24s_32s_48_5_1': 4 instance(s).
INFO: [RTGEN 206-100] Generating core module 'mul_32s_32s_48_5_1_x': 14 instance(s).
INFO: [RTGEN 206-100] Generating core module 'mul_48s_50ns_97_3_1': 8 instance(s).
INFO: [RTGEN 206-100] Generating core module 'sitofp_32ns_32_7_no_dsp_1_x': 2 instance(s).
INFO: [RTGEN 206-100] Finished creating RTL model for 'Collision_detectedhw'.
INFO: [HLS 200-111] Finished Creating RTL model: CPU user time: 0.14 seconds. CPU system time: 0.01 seconds. Elapsed time: 0.15 seconds; current allocated memory: 730.297 MB.
INFO: [HLS 200-10] ----------------------------------------------------------------
INFO: [HLS 200-10] -- Generating RTL for module 'rrt_Pipeline_VITIS_LOOP_112_1' 
INFO: [HLS 200-10] ----------------------------------------------------------------
INFO: [HLS 200-1030] Apply Unified Pipeline Control on module 'rrt_Pipeline_VITIS_LOOP_112_1' pipeline 'VITIS_LOOP_112_1' pipeline type 'loop pipeline'
INFO: [RTGEN 206-100] Generating core module 'dadd_64ns_64ns_64_12_full_dsp_0': 1 instance(s).
INFO: [RTGEN 206-100] Generating core module 'fcmp_32ns_32ns_1_3_no_dsp_0': 1 instance(s).
INFO: [RTGEN 206-100] Generating core module 'fmul_32ns_32ns_32_5_max_dsp_0': 1 instance(s).
INFO: [RTGEN 206-100] Generating core module 'fpext_32ns_64_2_no_dsp_0': 1 instance(s).
INFO: [RTGEN 206-100] Generating core module 'mul_32s_48s_48_3_1': 2 instance(s).
INFO: [RTGEN 206-100] Generating core module 'sitofp_32ns_32_7_no_dsp_1': 1 instance(s).
INFO: [RTGEN 206-100] Finished creating RTL model for 'rrt_Pipeline_VITIS_LOOP_112_1'.
INFO: [HLS 200-111] Finished Creating RTL model: CPU user time: 1.02 seconds. CPU system time: 0.01 seconds. Elapsed time: 1.04 seconds; current allocated memory: 739.895 MB.
INFO: [HLS 200-10] ----------------------------------------------------------------
INFO: [HLS 200-10] -- Generating RTL for module 'rrt_Pipeline_VITIS_LOOP_420_3' 
INFO: [HLS 200-10] ----------------------------------------------------------------
INFO: [HLS 200-1030] Apply Unified Pipeline Control on module 'rrt_Pipeline_VITIS_LOOP_420_3' pipeline 'VITIS_LOOP_420_3' pipeline type 'loop pipeline'
INFO: [RTGEN 206-100] Finished creating RTL model for 'rrt_Pipeline_VITIS_LOOP_420_3'.
INFO: [HLS 200-111] Finished Creating RTL model: CPU user time: 0.51 seconds. CPU system time: 0 seconds. Elapsed time: 0.52 seconds; current allocated memory: 741.965 MB.
INFO: [HLS 200-10] ----------------------------------------------------------------
INFO: [HLS 200-10] -- Generating RTL for module 'Nearhw' 
INFO: [HLS 200-10] ----------------------------------------------------------------
INFO: [RTGEN 206-100] Generating core module 'fsub_32ns_32ns_32_9_full_dsp_1': 2 instance(s).
INFO: [RTGEN 206-100] Generating core module 'mul_32s_32s_48_5_1': 2 instance(s).
INFO: [RTGEN 206-100] Generating core module 'sitofp_32ns_32_7_no_dsp_1': 2 instance(s).
INFO: [RTGEN 206-100] Finished creating RTL model for 'Nearhw'.
INFO: [HLS 200-111] Finished Creating RTL model: CPU user time: 0.06 seconds. CPU system time: 0 seconds. Elapsed time: 0.06 seconds; current allocated memory: 743.777 MB.
INFO: [HLS 200-10] ----------------------------------------------------------------
INFO: [HLS 200-10] -- Generating RTL for module 'rrt_Pipeline_VITIS_LOOP_47_12' 
INFO: [HLS 200-10] ----------------------------------------------------------------
INFO: [HLS 200-1030] Apply Unified Pipeline Control on module 'rrt_Pipeline_VITIS_LOOP_47_12' pipeline 'VITIS_LOOP_47_1' pipeline type 'loop pipeline'
INFO: [RTGEN 206-100] Finished creating RTL model for 'rrt_Pipeline_VITIS_LOOP_47_12'.
INFO: [HLS 200-111] Finished Creating RTL model: CPU user time: 0.23 seconds. CPU system time: 0 seconds. Elapsed time: 0.23 seconds; current allocated memory: 746.168 MB.
INFO: [HLS 200-10] ----------------------------------------------------------------
INFO: [HLS 200-10] -- Generating RTL for module 'rrt_Pipeline_VITIS_LOOP_396_2' 
INFO: [HLS 200-10] ----------------------------------------------------------------
INFO: [HLS 200-1030] Apply Unified Pipeline Control on module 'rrt_Pipeline_VITIS_LOOP_396_2' pipeline 'VITIS_LOOP_396_2' pipeline type 'loop pipeline'
INFO: [RTGEN 206-100] Finished creating RTL model for 'rrt_Pipeline_VITIS_LOOP_396_2'.
INFO: [HLS 200-111] Finished Creating RTL model: CPU user time: 0.08 seconds. CPU system time: 0 seconds. Elapsed time: 0.08 seconds; current allocated memory: 747.273 MB.
INFO: [HLS 200-10] ----------------------------------------------------------------
INFO: [HLS 200-10] -- Generating RTL for module 'rrt' 
INFO: [HLS 200-10] ----------------------------------------------------------------
WARNING: [RTGEN 206-101] Design contains AXI ports. Reset is fixed to synchronous and active low.
INFO: [RTGEN 206-500] Setting interface mode on port 'rrt/dataInStream_V_data_V' to 'axis' (register, both mode).
INFO: [RTGEN 206-500] Setting interface mode on port 'rrt/dataInStream_V_keep_V' to 'axis' (register, both mode).
INFO: [RTGEN 206-500] Setting interface mode on port 'rrt/dataInStream_V_strb_V' to 'axis' (register, both mode).
INFO: [RTGEN 206-500] Setting interface mode on port 'rrt/dataInStream_V_user_V' to 'axis' (register, both mode).
INFO: [RTGEN 206-500] Setting interface mode on port 'rrt/dataInStream_V_last_V' to 'axis' (register, both mode).
